0.000000 0.100000 100.000000 116.835463
-0.006475 0.004184 100.000000 16.872079
0.000287 0.065128 100.000000 73.204141
0.008232 0.001912 100.000000 6.297512
0.005733 0.086630 100.000000 106.702384
-0.006061 0.076124 100.000000 79.979916
0.001875 0.039256 100.000000 42.510904
0.001333 0.089042 100.000000 104.555146
0.003031 0.065896 100.000000 77.337439
-0.004986 0.081492 100.000000 87.881113
0.008961 0.061646 100.000000 79.075770
0.003142 0.089140 100.000000 106.797009
-0.004135 0.048347 100.000000 47.400026
0.008785 0.057056 100.000000 73.075196
-0.001525 0.088811 100.000000 100.969576
-0.000114 0.035504 100.000000 35.669890
0.003561 0.099916 100.000000 120.899755
0.006004 0.028972 100.000000 34.412529
0.004561 0.067775 100.000000 81.508234
-0.005399 0.018951 100.000000 13.235059
0.001071 0.013086 100.000000 10.348498
0.007735 0.001946 100.000000 5.956461
0.002444 0.039206 100.000000 43.089663
-0.006134 0.006613 100.000000 14.334206
0.006580 0.092528 100.000000 115.165971
-0.001123 0.079027 100.000000 89.100115
-0.001387 0.072232 100.000000 80.247750
0.008095 0.025013 100.000000 32.013264
0.002781 0.061920 100.000000 72.034038
-0.004879 0.025300 100.000000 19.360736
-0.001830 0.048207 100.000000 49.636483
-0.006982 0.015234 100.000000 12.020615
-0.000182 0.023225 100.000000 20.639719
-0.007030 0.071497 100.000000 73.165710
-0.008068 0.090455 100.000000 95.762983
0.001634 0.087962 100.000000 103.543176
-0.003430 0.042326 100.000000 40.684587
0.005017 0.090660 100.000000 110.938166
-0.002416 0.009657 100.000000 8.655615
0.002448 0.030263 100.000000 31.932404
0.008352 0.073920 100.000000 93.813898
-0.002018 0.053445 100.000000 55.973986
-0.001335 0.089549 100.000000 102.116684
0.004370 0.050439 100.000000 59.430168
-0.005489 0.049947 100.000000 48.010493
0.003992 0.042465 100.000000 48.957102
-0.002569 0.006123 100.000000 10.145499
0.005145 0.038758 100.000000 45.654533
-0.006811 0.027153 100.000000 20.203352
0.007948 0.090855 100.000000 114.703212
-0.001056 0.068463 100.000000 75.878810
0.009706 0.029872 100.000000 40.078346
0.001637 0.031650 100.000000 32.766759
-0.002829 0.041622 100.000000 40.423685
-0.004270 0.026052 100.000000 20.578962
-0.008404 0.008333 100.000000 16.061032
0.006738 0.061429 100.000000 76.102583
0.007069 0.021336 100.000000 26.195770
-0.001593 0.044147 100.000000 44.833524
0.008965 0.027750 100.000000 36.502398
-0.003675 0.002506 100.000000 14.575637
0.001956 0.012443 100.000000 10.288644
0.002782 0.068263 100.000000 80.031829
-0.007326 0.035161 100.000000 28.626727
-0.000391 0.051533 100.000000 55.362167
0.006837 0.033650 100.000000 41.267097
0.008756 0.037020 100.000000 47.838998
0.009892 0.065800 100.000000 85.456439
0.008931 0.095252 100.000000 121.448057
-0.009883 0.052708 100.000000 47.206430
-0.002664 0.088881 100.000000 99.764380
-0.002075 0.010656 100.000000 8.494720
-0.005004 0.048572 100.000000 46.801019
-0.005193 0.056435 100.000000 56.337368
-0.008732 0.059113 100.000000 56.087965
0.002714 0.008553 100.000000 7.221158
-0.004892 0.017532 100.000000 12.261852
0.001834 0.072231 100.000000 83.930701
0.003420 0.060740 100.000000 71.293067
0.009498 0.012075 100.000000 17.957526
-0.008061 0.059553 100.000000 57.289089
-0.003461 0.082609 100.000000 90.974368
0.002103 0.067435 100.000000 78.196138
-0.001313 0.081756 100.000000 92.320927
0.004130 0.015540 100.000000 15.746566
-0.002841 0.035443 100.000000 32.838402
-0.002739 0.095711 100.000000 108.283141
0.007066 0.004992 100.000000 7.383096
0.003945 0.007441 100.000000 6.981017
-0.001724 0.074325 100.000000 82.501199
-0.006883 0.051865 100.000000 48.994346
-0.005956 0.014753 100.000000 11.320328
0.004926 0.007956 100.000000 8.137337
0.007620 0.033232 100.000000 41.695381
-0.009302 0.087799 100.000000 91.116366
0.003358 0.013156 100.000000 12.212956
0.003670 0.070978 100.000000 84.497130
-0.008840 0.048685 100.000000 43.298754
-0.001063 0.055648 100.000000 59.777977
-0.000774 0.078759 100.000000 89.159770
0.009843 0.099838 100.000000 128.347280
-0.001739 0.014230 100.000000 10.211858
0.009135 0.099226 100.000000 126.713850
0.003647 0.089602 100.000000 107.975695
0.004991 0.077005 100.000000 93.665595
-0.007613 0.019067 100.000000 13.494684
-0.004698 0.077602 100.000000 83.314993
0.000370 0.073826 100.000000 84.253667
0.001591 0.062392 100.000000 71.251041
-0.003435 0.088018 100.000000 97.808983
0.008166 0.067187 100.000000 85.093644
-0.002435 0.010488 100.000000 8.670790
0.004459 0.045744 100.000000 53.625252
-0.009594 0.051083 100.000000 45.509273
0.000632 0.036593 100.000000 37.818606
0.000300 0.090791 100.000000 105.563415
0.001872 0.047674 100.000000 53.060597
0.005826 0.066799 100.000000 81.782859
0.001506 0.037320 100.000000 39.682011
-0.009481 0.085899 100.000000 88.552181
-0.008624 0.094955 100.000000 100.799997
0.000985 0.001746 100.000000 9.209119
0.001756 0.012012 100.000000 9.726111
-0.001633 0.057074 100.000000 60.936611
-0.000641 0.061814 100.000000 67.987084
-0.004519 0.065918 100.000000 68.871154
-0.009614 0.068124 100.000000 66.320552
0.001128 0.058025 100.000000 65.223722
0.008677 0.043714 100.000000 56.149647
-0.000018 0.049501 100.000000 53.229478
0.006407 0.050265 100.000000 61.633905
0.002902 0.038121 100.000000 42.250423
0.008271 0.072143 100.000000 91.474182
0.006907 0.042031 100.000000 51.872728
0.003571 0.016776 100.000000 16.630522
-0.003346 0.095026 100.000000 106.732666
0.001627 0.010743 100.000000 8.494081
-0.007591 0.049079 100.000000 44.916646
-0.005102 0.091695 100.000000 100.571487
-0.007836 0.037448 100.000000 30.863842
0.003992 0.056328 100.000000 66.404258
0.009544 0.010680 100.000000 16.378495
-0.002318 0.019372 100.000000 14.672904
0.009924 0.004315 100.000000 9.944345
0.006476 0.056263 100.000000 69.274598
0.008143 0.068727 100.000000 87.009453
0.008049 0.075703 100.000000 95.697578
-0.006387 0.089964 100.000000 96.977485
-0.004318 0.029339 100.000000 24.262462
-0.009397 0.071220 100.000000 70.370560
-0.008241 0.015910 100.000000 12.953709
-0.004779 0.017777 100.000000 12.434293
-0.006927 0.067289 100.000000 68.031337
0.005139 0.096398 100.000000 118.329804
0.000405 0.074923 100.000000 85.674942
0.004391 0.039197 100.000000 45.318442
0.002146 0.019513 100.000000 18.446909
0.008433 0.039866 100.000000 51.014215
-0.005426 0.015549 100.000000 11.301549
0.008665 0.015095 100.000000 20.517980
0.006934 0.060061 100.000000 74.614915
0.004201 0.092712 100.000000 112.559753
0.005812 0.028364 100.000000 33.424152
0.000301 0.079413 100.000000 91.216074
-0.008590 0.013052 100.000000 13.696363
-0.008478 0.078096 100.000000 79.872448
-0.000985 0.059952 100.000000 65.263712
-0.006842 0.081072 100.000000 85.332678
0.001074 0.081733 100.000000 95.032466
0.006547 0.005708 100.000000 7.512662
-0.003736 0.004373 100.000000 12.960184
0.003671 0.018730 100.000000 19.082875
-0.009038 0.070974 100.000000 70.432248
-0.002083 0.072983 100.000000 80.410828
-0.000828 0.046301 100.000000 48.338706
0.003783 0.074605 100.000000 89.206549
0.005648 0.065250 100.000000 79.614855
0.000813 0.044676 100.000000 48.108820
0.005270 0.077233 100.000000 94.285242
0.007184 0.092234 100.000000 115.522716
0.002558 0.048804 100.000000 55.264750
0.000515 0.087868 100.000000 102.123915
-0.002320 0.059039 100.000000 62.645026
-0.007647 0.033699 100.000000 26.740023
-0.005786 0.005008 100.000000 15.184517
-0.002430 0.007905 100.000000 9.070565
-0.005626 0.085620 100.000000 92.359712
0.005053 0.086694 100.000000 105.972031
-0.009418 0.068994 100.000000 67.591921
-0.006304 0.077300 100.000000 81.191044
-0.003525 0.011179 100.000000 9.409382
-0.007420 0.079984 100.000000 83.350806
0.007512 0.099329 100.000000 124.877711
-0.008672 0.099770 100.000000 106.785469
0.007842 0.069949 100.000000 88.185215
-0.004062 0.027575 100.000000 22.441357
0.002269 0.030940 100.000000 32.577196
0.008450 0.042635 100.000000 54.513693
-0.004058 0.061910 100.000000 64.356029
0.000248 0.008244 100.000000 7.043377
0.007087 0.027987 100.000000 34.484775
-0.000583 0.045116 100.000000 47.124895
-0.000642 0.063676 100.000000 70.326042
-0.002369 0.042233 100.000000 41.648393
-0.008954 0.065298 100.000000 63.487671
0.002864 0.059655 100.000000 69.276432
0.003286 0.005065 100.000000 5.680366
-0.008985 0.083610 100.000000 86.219400
0.001796 0.037846 100.000000 40.660059
-0.003208 0.089087 100.000000 99.410272
-0.001994 0.072313 100.000000 79.668405
0.004474 0.059837 100.000000 71.394647
0.003344 0.094331 100.000000 113.590585
0.002755 0.094856 100.000000 113.559372
0.005161 0.016380 100.000000 17.879956
-0.008808 0.084882 100.000000 87.995425
-0.001508 0.008598 100.000000 8.077162
0.006867 0.045119 100.000000 55.709534
0.008628 0.082879 100.000000 105.456810
-0.002977 0.051679 100.000000 52.742248
0.003183 0.029544 100.000000 31.857046
0.006271 0.067970 100.000000 83.793053
-0.003707 0.030020 100.000000 25.553766
0.001556 0.075217 100.000000 87.373594
0.003629 0.087215 100.000000 104.941044
0.001030 0.085548 100.000000 99.794349
0.001028 0.064134 100.000000 72.799004
-0.007356 0.026640 100.000000 19.426782
0.007131 0.037616 100.000000 46.597948
-0.006191 0.012782 100.000000 11.415932
-0.007081 0.098543 100.000000 106.987735
0.001766 0.054848 100.000000 61.955919
0.001410 0.039462 100.000000 42.250613
0.003685 0.086372 100.000000 103.942849
-0.001050 0.086676 100.000000 98.821095
-0.008707 0.085716 100.000000 89.145681
-0.009086 0.094351 100.000000 99.544785
-0.009766 0.049896 100.000000 43.931629
0.008912 0.085276 100.000000 108.829555
-0.001653 0.050068 100.000000 52.150292
-0.005650 0.062340 100.000000 63.204019
-0.000279 0.075151 100.000000 85.179672
0.000530 0.067014 100.000000 75.854693
-0.009621 0.045059 100.000000 38.311861
0.006193 0.045804 100.000000 55.760104
-0.004008 0.034803 100.000000 30.970655
0.003029 0.078338 100.000000 93.029716
0.000578 0.041159 100.000000 43.452146
0.004905 0.025990 100.000000 29.402033
0.001190 0.027656 100.000000 27.356155
-0.003201 0.014920 100.000000 10.562125
-0.005861 0.042648 100.000000 38.727664
-0.001287 0.066159 100.000000 72.723126
0.007773 0.092919 100.000000 117.098060
0.006763 0.077771 100.000000 96.752993
-0.006460 0.083682 100.000000 89.017294
0.006286 0.079551 100.000000 98.427030
-0.001866 0.034965 100.000000 33.208990
-0.006434 0.031275 100.000000 24.877766
0.005354 0.052658 100.000000 63.389040
0.007555 0.053663 100.000000 67.301421
-0.000795 0.015022 100.000000 11.197484
0.000897 0.058616 100.000000 65.704147
-0.004752 0.001968 100.000000 16.589094
-0.004554 0.038043 100.000000 34.370392
0.003406 0.068436 100.000000 80.979280
-0.001770 0.076905 100.000000 85.696073
-0.004938 0.075388 100.000000 80.275965
0.004526 0.060044 100.000000 71.715690
0.005083 0.021633 100.000000 24.210385
0.005001 0.046538 100.000000 55.264436
0.007076 0.041662 100.000000 51.613532
-0.008566 0.078221 100.000000 79.935988
0.003847 0.023477 100.000000 25.081900
0.007042 0.034898 100.000000 43.079718
0.006842 0.048105 100.000000 59.438436
0.008990 0.053239 100.000000 68.519543
-0.001133 0.057014 100.000000 61.413073
-0.002869 0.079253 100.000000 87.416542
0.008215 0.012286 100.000000 16.589617
0.009875 0.073244 100.000000 94.821685
0.003999 0.016708 100.000000 17.000522
0.005816 0.073095 100.000000 89.714568
-0.002239 0.028226 100.000000 24.712061
-0.006603 0.064812 100.000000 65.286203
-0.005116 0.085524 100.000000 92.799752
-0.001740 0.095502 100.000000 109.157754
-0.002113 0.078575 100.000000 87.410754
0.003280 0.091323 100.000000 109.715893
0.007825 0.036160 100.000000 45.616505
-0.007736 0.014966 100.000000 12.553856
0.009525 0.004492 100.000000 9.628002
0.007676 0.032020 100.000000 40.245227
-0.006252 0.046977 100.000000 43.622580
-0.001900 0.021871 100.000000 17.639006
-0.006931 0.095102 100.000000 102.830473
-0.002107 0.058551 100.000000 62.267348
-0.002930 0.036024 100.000000 33.459317
0.009422 0.092608 100.000000 118.705986
-0.007391 0.057711 100.000000 55.684388
0.003232 0.036231 100.000000 40.260433
-0.007461 0.090831 100.000000 96.892008
-0.002599 0.034045 100.000000 31.370548
0.008079 0.042849 100.000000 54.327004
0.001101 0.095980 100.000000 113.041714
0.001197 0.020186 100.000000 18.325700
-0.006350 0.085972 100.000000 92.007220
-0.001209 0.016233 100.000000 12.143822
-0.007965 0.034517 100.000000 27.434277
-0.007568 0.094961 100.000000 101.956139
-0.000180 0.009031 100.000000 7.360236
-0.003364 0.094085 100.000000 105.527348
0.006656 0.015281 100.000000 18.283693
-0.002127 0.009368 100.000000 8.463113
0.003797 0.019474 100.000000 20.120333
-0.005844 0.057380 100.000000 56.839006
-0.001051 0.067591 100.000000 74.789441
-0.009483 0.078757 100.000000 79.645938
0.001513 0.082215 100.000000 96.149776
0.002180 0.069400 100.000000 80.764035
-0.007002 0.042799 100.000000 37.870404
-0.008761 0.008174 100.000000 16.656943
0.009069 0.028837 100.000000 37.987793
0.008116 0.088319 100.000000 111.704363
0.009026 0.091603 100.000000 116.955303
-0.002056 0.015922 100.000000 11.503198
-0.002967 0.093866 100.000000 105.700088
0.004283 0.067209 100.000000 80.464738
-0.007206 0.099836 100.000000 108.475399
-0.005615 0.013520 100.000000 10.947599
-0.001733 0.036271 100.000000 34.944417
0.006655 0.025409 100.000000 30.749321
0.007556 0.040448 100.000000 50.672195
-0.008779 0.025919 100.000000 18.272025
-0.002597 0.050992 100.000000 52.290395
0.009712 0.069864 100.000000 90.358114
0.006320 0.071649 100.000000 88.494878
0.009967 0.027154 100.000000 37.019463
-0.006933 0.059203 100.000000 57.987934
-0.009839 0.091754 100.000000 95.488036
-0.008554 0.091477 100.000000 96.518021
-0.008361 0.023021 100.000000 16.012161
-0.002221 0.067538 100.000000 73.413637
0.009099 0.072940 100.000000 93.488833
-0.007210 0.068894 100.000000 69.733633
-0.006145 0.040186 100.000000 35.501789
-0.000965 0.095961 100.000000 110.625879
-0.004753 0.038375 100.000000 34.587133
0.009841 0.080023 100.000000 103.333837
0.002388 0.008910 100.000000 7.354781
0.005872 0.027472 100.000000 32.383912
-0.006661 0.079334 100.000000 83.352158
0.001214 0.038726 100.000000 41.113571
0.004051 0.067620 100.000000 80.708669
0.006842 0.056617 100.000000 70.162318
-0.009527 0.061166 100.000000 57.835438
-0.006526 0.055120 100.000000 53.352405
0.006844 0.062637 100.000000 77.753601
0.008371 0.086567 100.000000 109.801090
0.000598 0.088473 100.000000 102.982941
-0.009836 0.015252 100.000000 14.386959
0.002000 0.006718 100.000000 6.212722
0.003488 0.052693 100.000000 61.234122
0.004842 0.085042 100.000000 103.635367
0.001460 0.036114 100.000000 38.126562
-0.004040 0.045744 100.000000 44.282811
-0.006606 0.077531 100.000000 81.154863
0.000071 0.024625 100.000000 22.547317
0.006900 0.052885 100.000000 65.527539
-0.002139 0.092646 100.000000 105.102471
-0.000321 0.035043 100.000000 34.881306
-0.003421 0.090983 100.000000 101.556546
-0.006628 0.063540 100.000000 63.678919
-0.003388 0.075006 100.000000 81.499675
0.005282 0.092052 100.000000 113.011006
0.003842 0.073120 100.000000 87.401768
0.004414 0.093747 100.000000 114.119581
-0.000036 0.007371 100.000000 7.165468
0.000459 0.056889 100.000000 63.036178
-0.008454 0.007683 100.000000 16.619519
-0.000237 0.010634 100.000000 7.995498
-0.000068 0.022666 100.000000 20.082400
-0.006959 0.030966 100.000000 24.175692
-0.005859 0.052440 100.000000 50.713653
0.008391 0.071554 100.000000 90.877307
0.007420 0.084339 100.000000 105.837671
-0.003292 0.041007 100.000000 39.201421
0.008592 0.021009 100.000000 27.667604
0.008264 0.009628 100.000000 13.551578
0.003967 0.085077 100.000000 102.640646
0.000349 0.096130 100.000000 112.356837
-0.009375 0.094963 100.000000 99.999264
0.005910 0.069340 100.000000 85.088320
0.008250 0.019046 100.000000 24.821658
0.003499 0.097065 100.000000 117.225353
0.004230 0.099525 100.000000 121.198042
-0.002084 0.035493 100.000000 33.638602
0.004793 0.098303 100.000000 120.323870
0.009705 0.073782 100.000000 95.291464
-0.009915 0.030813 100.000000 22.413063
-0.003728 0.033272 100.000000 29.389850
0.005566 0.026245 100.000000 30.493172
0.007185 0.001134 100.000000 5.510088
0.005744 0.063838 100.000000 77.949547
0.008449 0.097249 100.000000 123.384075
0.007837 0.026063 100.000000 33.001366
0.006446 0.044208 100.000000 54.056148
-0.003211 0.023539 100.000000 18.542924
-0.003044 0.059649 100.000000 62.621947
0.004319 0.095008 100.000000 115.599127
0.001517 0.090567 100.000000 106.693056
0.000396 0.099286 100.000000 116.392817
0.004165 0.046313 100.000000 53.996465
0.003166 0.031559 100.000000 34.347689
0.007190 0.032228 100.000000 39.911847
-0.001172 0.067057 100.000000 73.982005
-0.001517 0.053184 100.000000 56.193122
-0.005372 0.033436 100.000000 28.168939
0.003363 0.024677 100.000000 26.024027
0.001233 0.039939 100.000000 42.649586
0.001973 0.080536 100.000000 94.568289
0.003169 0.024011 100.000000 24.989552
0.000110 0.088284 100.000000 102.180588
0.008742 0.052286 100.000000 67.014428
0.003739 0.033571 100.000000 37.512977
0.001463 0.078287 100.000000 91.137554
0.007108 0.096764 100.000000 121.152425
0.004059 0.083192 100.000000 100.371343
0.001926 0.094119 100.000000 111.655459
0.002289 0.011572 100.000000 9.647572
0.005163 0.037203 100.000000 43.723042
-0.008135 0.066141 100.000000 65.359750
0.007070 0.073537 100.000000 91.779638
0.000315 0.083487 100.000000 96.366973
0.001672 0.040332 100.000000 43.629433
-0.004930 0.055661 100.000000 55.649201
0.005007 0.035881 100.000000 41.881164
0.004072 0.037125 100.000000 42.346938
0.005459 0.097359 100.000000 119.925888
0.004145 0.038736 100.000000 44.452449
-0.003340 0.068048 100.000000 72.819674
0.001754 0.023421 100.000000 22.763054
-0.002866 0.093773 100.000000 105.697212
0.007690 0.008465 100.000000 11.551877
-0.003924 0.033098 100.000000 29.007040
-0.007213 0.083989 100.000000 88.585883
0.007570 0.022998 100.000000 28.864741
0.001274 0.053058 100.000000 59.145511
0.006178 0.080744 100.000000 99.802935
0.007802 0.063549 100.000000 80.062663
0.005204 0.083618 100.000000 102.268669
0.007981 0.033548 100.000000 42.531900
0.001079 0.047564 100.000000 52.026031
-0.009371 0.040859 100.000000 33.617075
0.006351 0.087407 100.000000 108.425240
-0.006741 0.072013 100.000000 74.115014
0.004006 0.012180 100.000000 11.733159
0.009016 0.072649 100.000000 93.019389
0.003131 0.039871 100.000000 44.704742
-0.009899 0.090725 100.000000 94.139012
-0.001048 0.048872 100.000000 51.311268
-0.006799 0.004377 100.000000 17.146087
-0.004926 0.024078 100.000000 18.050016
0.008365 0.021149 100.000000 27.556704
0.002403 0.078187 100.000000 92.105759
0.006941 0.047299 100.000000 58.543267
-0.007010 0.086113 100.000000 91.467064
-0.001145 0.021727 100.000000 18.062471
0.003799 0.016613 100.000000 16.675222
0.003149 0.055243 100.000000 64.050841
0.005529 0.076756 100.000000 93.993424
0.009835 0.021517 100.000000 29.861655
-0.009022 0.002647 100.000000 21.945591
0.003766 0.061057 100.000000 72.098415
0.005206 0.020746 100.000000 23.259351
-0.005583 0.065604 100.000000 67.342535
0.001912 0.061322 100.000000 70.274010
0.004650 0.004042 100.000000 5.441064
0.000061 0.084682 100.000000 97.582438
0.000774 0.086449 100.000000 100.633827
-0.001300 0.030725 100.000000 28.593751
-0.002771 0.049148 100.000000 49.808473
0.007999 0.052120 100.000000 65.898017
0.001529 0.097943 100.000000 116.018118
0.006013 0.046044 100.000000 55.846627
-0.009843 0.015810 100.000000 14.298131
-0.003823 0.058913 100.000000 60.864320
0.006480 0.097271 100.000000 121.037087
0.004822 0.048867 100.000000 57.983015
-0.006242 0.033752 100.000000 27.838783
-0.005003 0.092503 100.000000 101.697571
-0.003972 0.062985 100.000000 65.792291
-0.008655 0.095702 100.000000 101.703093
-0.001948 0.046440 100.000000 47.310041
-0.005881 0.059796 100.000000 59.800567
0.004884 0.090476 100.000000 110.546500
-0.008802 0.051252 100.000000 46.429980
-0.006420 0.033978 100.000000 27.960074
0.001364 0.009946 100.000000 7.768007
0.006128 0.011723 100.000000 13.444541
-0.000137 0.071124 100.000000 80.269781
0.005207 0.021036 100.000000 23.618307
0.000506 0.096376 100.000000 112.848796
0.003855 0.066860 100.000000 79.519324
0.008286 0.070717 100.000000 89.693044
0.003176 0.032788 100.000000 35.892214
0.001278 0.088847 100.000000 104.245785
0.002085 0.084895 100.000000 100.199457
0.004165 0.049307 100.000000 57.763669
0.008407 0.096796 100.000000 122.760787
-0.008328 0.092876 100.000000 98.514273
-0.000006 0.045317 100.000000 48.005874
0.001148 0.033514 100.000000 34.551041
0.007695 0.018787 100.000000 23.817820
0.003860 0.009836 100.000000 9.096289
-0.007035 0.096939 100.000000 105.024523
-0.002796 0.013337 100.000000 9.640385
-0.001916 0.075300 100.000000 83.513080
0.005678 0.005698 100.000000 6.767428
0.002537 0.033055 100.000000 35.506417
0.007871 0.091869 100.000000 115.890375
0.002519 0.014169 100.000000 12.586889
0.001966 0.039494 100.000000 42.911062
-0.007931 0.031682 100.000000 24.335900
0.004590 0.006837 100.000000 6.900366
-0.009653 0.033392 100.000000 25.154602
-0.008896 0.088230 100.000000 92.087697
0.007268 0.003618 100.000000 6.514822
0.000442 0.029805 100.000000 29.218749
-0.008199 0.020106 100.000000 14.156451
0.001011 0.086641 100.000000 101.151242
-0.007765 0.019680 100.000000 13.840630
-0.004826 0.011261 100.000000 10.434900
0.009945 0.010971 100.000000 17.234960
0.004570 0.073640 100.000000 88.918808
0.008945 0.058524 100.000000 75.122404
0.004336 0.058462 100.000000 69.497562
-0.007368 0.041251 100.000000 35.702949
-0.002455 0.052148 100.000000 53.884298
-0.002780 0.003728 100.000000 12.248483
-0.009058 0.071225 100.000000 70.721955
0.007305 0.022844 100.000000 28.349837
-0.000592 0.038943 100.000000 39.429583
0.000603 0.026547 100.000000 25.396644
-0.007317 0.045507 100.000000 40.844543
0.007614 0.057998 100.000000 72.835313
-0.002422 0.078326 100.000000 86.749821
-0.001529 0.082168 100.000000 92.594968
0.002487 0.016483 100.000000 15.201122
-0.001135 0.071826 100.000000 80.021669
-0.009823 0.078192 100.000000 78.590865
0.004374 0.049394 100.000000 58.119216
0.003845 0.002799 100.000000 5.761487
-0.002124 0.079085 100.000000 88.040795
-0.004318 0.071840 100.000000 76.503670
-0.004107 0.096951 100.000000 108.297397
-0.003593 0.076602 100.000000 83.276709
0.005143 0.067929 100.000000 82.393131
-0.003230 0.038192 100.000000 35.812292
0.009019 0.099221 100.000000 126.566128
0.003568 0.075612 100.000000 90.223348
0.004425 0.096377 100.000000 117.452997
0.007384 0.097417 100.000000 122.309929
0.001398 0.072610 100.000000 83.904662
-0.008145 0.007900 100.000000 16.036154
-0.000659 0.096592 100.000000 111.774107
-0.001650 0.011585 100.000000 8.622311
-0.008728 0.084809 100.000000 87.988837
-0.009603 0.060727 100.000000 57.223760
0.003938 0.020512 100.000000 21.542128
0.001789 0.005895 100.000000 6.214903
0.009275 0.069085 100.000000 88.840802
0.002219 0.059519 100.000000 68.358181
0.004105 0.036902 100.000000 42.107093
-0.008844 0.074255 100.000000 74.706526
-0.004791 0.065462 100.000000 68.009926
0.002114 0.030661 100.000000 32.059719
-0.001421 0.038170 100.000000 37.603244
-0.005914 0.069908 100.000000 72.364462
-0.004477 0.092862 100.000000 102.736228
-0.004834 0.094643 100.000000 104.576973
-0.000353 0.014978 100.000000 11.376954
-0.008453 0.080340 100.000000 82.698975
-0.001116 0.098654 100.000000 113.848556
-0.001746 0.047187 100.000000 48.455926
-0.009005 0.091245 100.000000 95.743125
0.004917 0.054466 100.000000 65.148029
0.004917 0.062379 100.000000 75.123634
-0.007174 0.062097 100.000000 61.326390
-0.003298 0.077125 100.000000 84.261455
0.001305 0.024325 100.000000 23.403242
0.006212 0.089090 100.000000 110.383162
0.006583 0.060055 100.000000 74.183926
0.002571 0.025314 100.000000 25.943959
0.004271 0.025678 100.000000 28.284197
0.000832 0.070095 100.000000 80.082419
-0.006736 0.052675 100.000000 50.132796
0.006459 0.031317 100.000000 37.888683
0.006653 0.052944 100.000000 65.304649
-0.002388 0.043287 100.000000 42.932759
0.008084 0.066792 100.000000 84.496011
-0.002429 0.027334 100.000000 23.490574
0.002762 0.037891 100.000000 41.803448
0.009333 0.080701 100.000000 103.568280
0.004435 0.041526 100.000000 48.294751
0.009558 0.055158 100.000000 71.634441
-0.006036 0.002175 100.000000 18.181662
-0.001959 0.002980 100.000000 11.826727
-0.006238 0.055517 100.000000 54.131985
-0.005775 0.051478 100.000000 49.611568
0.001043 0.040130 100.000000 42.679236
-0.008678 0.058633 100.000000 55.550667
-0.007285 0.079538 100.000000 82.938468
-0.005794 0.019177 100.000000 13.370809
0.006677 0.036327 100.000000 44.430253
-0.002562 0.016728 100.000000 12.033885
-0.007289 0.090220 100.000000 96.312481
0.003580 0.013201 100.000000 12.473759
-0.002573 0.002294 100.000000 13.279798
0.003095 0.059307 100.000000 69.107239
0.002773 0.072558 100.000000 85.437616
-0.004126 0.024671 100.000000 19.161514
-0.000140 0.096105 100.000000 111.758587
0.004735 0.079911 100.000000 97.030459
0.001086 0.011614 100.000000 8.992014
0.008790 0.034213 100.000000 44.362902
-0.001055 0.068384 100.000000 75.780588
0.000925 0.018694 100.000000 16.331570
0.008057 0.024321 100.000000 31.105499
-0.008063 0.064708 100.000000 63.657133
0.002475 0.070744 100.000000 82.801777
-0.004870 0.017612 100.000000 12.316549
-0.005109 0.078922 100.000000 84.520771
0.004188 0.070877 100.000000 84.979236
0.005474 0.075135 100.000000 91.881844
0.005668 0.033645 100.000000 39.859272
-0.007369 0.086838 100.000000 91.986504
0.001135 0.035903 100.000000 37.506974
-0.002063 0.065598 100.000000 71.153695
0.003154 0.059868 100.000000 69.882818
0.009365 0.056868 100.000000 73.551291
0.000925 0.090154 100.000000 105.484429
0.000474 0.099999 100.000000 117.384594
0.006731 0.096518 100.000000 120.387853
0.008769 0.055514 100.000000 71.113767
0.003780 0.026379 100.000000 28.597398
0.000405 0.059336 100.000000 66.050992
0.001477 0.087483 100.000000 102.755147
0.008852 0.051340 100.000000 65.959314
-0.007606 0.099608 100.000000 107.749056
0.000144 0.074375 100.000000 84.685829
0.004325 0.023877 100.000000 26.114948
0.004951 0.007604 100.000000 7.828208
-0.005542 0.044429 100.000000 41.193238
0.006236 0.076660 100.000000 94.717826
0.003013 0.062321 100.000000 72.810378
-0.001896 0.056083 100.000000 59.407536
-0.004611 0.034227 100.000000 29.745107
0.007196 0.026358 100.000000 32.584720
0.008634 0.075358 100.000000 95.972637
0.003318 0.016486 100.000000 16.025719
0.009523 0.013218 100.000000 19.349311
-0.006495 0.027453 100.000000 20.685097
0.006798 0.042562 100.000000 52.410612
0.009204 0.091757 100.000000 117.366554
0.003722 0.003774 100.000000 5.572364
0.008811 0.077856 100.000000 99.340761
0.004501 0.098436 100.000000 120.144815
0.000461 0.005932 100.000000 7.090451
-0.003625 0.084709 100.000000 93.432030
-0.007797 0.066699 100.000000 66.397528
0.001419 0.035265 100.000000 37.023744
-0.008040 0.018284 100.000000 13.310106
-0.005504 0.054843 100.000000 54.043419
0.005173 0.032290 100.000000 37.576081
0.009323 0.079300 100.000000 101.786852
0.006762 0.014288 100.000000 17.214473
0.007828 0.082607 100.000000 104.143902
-0.005339 0.057963 100.000000 58.083345
-0.001526 0.083818 100.000000 94.676195
0.005109 0.051826 100.000000 62.049255
0.001493 0.005562 100.000000 6.423457
0.000723 0.005776 100.000000 6.926757
0.007270 0.087080 100.000000 109.117297
0.002379 0.030650 100.000000 32.336374
0.000538 0.061911 100.000000 69.440861
0.003745 0.050087 100.000000 58.253571
-0.003567 0.006731 100.000000 10.958973
0.009163 0.077713 100.000000 99.589364
-0.002049 0.079408 100.000000 88.532289
-0.006321 0.052589 100.000000 50.436197
-0.007896 0.089289 100.000000 94.486855
0.001562 0.089986 100.000000 106.012952
0.008875 0.002354 100.000000 7.126770
0.007137 0.080619 100.000000 100.798701
0.004240 0.056532 100.000000 66.952095
0.001176 0.070834 100.000000 81.408858
0.000990 0.074378 100.000000 85.662117
-0.005082 0.065972 100.000000 68.334618
-0.008582 0.084005 100.000000 87.140543
0.002948 0.084628 100.000000 100.873680
-0.001699 0.089839 100.000000 102.066893
0.009941 0.016549 100.000000 23.905822
0.005156 0.050611 100.000000 60.575755
-0.002873 0.090049 100.000000 100.998795
0.004311 0.013635 100.000000 13.698352
0.009056 0.070573 100.000000 90.449510
-0.006603 0.050928 100.000000 48.117293
-0.008260 0.041234 100.000000 34.934167
-0.001948 0.076802 100.000000 85.365763
0.002915 0.074662 100.000000 88.257025
-0.001834 0.092155 100.000000 104.831278
-0.006109 0.099795 100.000000 109.637620
-0.006564 0.024965 100.000000 18.136479
-0.001119 0.001275 100.000000 12.320475
0.003127 0.032321 100.000000 35.253852
-0.005282 0.065939 100.000000 68.081208
0.001843 0.086353 100.000000 101.755653
-0.006271 0.049419 100.000000 46.590957
0.009453 0.027794 100.000000 37.168252
0.005796 0.034951 100.000000 41.648413
0.004865 0.022469 100.000000 24.992406
0.005900 0.062732 100.000000 76.740285
-0.008546 0.020624 100.000000 14.502972
0.001258 0.032681 100.000000 33.635002
-0.001746 0.045614 100.000000 46.497172
-0.009439 0.004244 100.000000 20.989497
0.003722 0.003234 100.000000 5.685547
-0.004826 0.012822 100.000000 10.366444
-0.009082 0.064899 100.000000 62.867787
0.008170 0.026712 100.000000 34.221659
-0.007000 0.038219 100.000000 32.431949
0.002584 0.036905 100.000000 40.368451
0.000755 0.017163 100.000000 14.443081
-0.009975 0.091271 100.000000 94.739669
-0.009524 0.075522 100.000000 75.579427
-0.002140 0.008459 100.000000 8.621124
-0.002458 0.080515 100.000000 89.464771
-0.006849 0.062133 100.000000 61.702915
-0.002457 0.005553 100.000000 10.392028
0.009273 0.048109 100.000000 62.411737
0.002843 0.088614 100.000000 105.781730
-0.009488 0.002958 100.000000 22.304558
-0.003548 0.012518 100.000000 9.589639
-0.000932 0.099918 100.000000 115.654640
-0.008315 0.092121 100.000000 97.582857
-0.001984 0.055097 100.000000 58.077517
0.007717 0.043487 100.000000 54.687305
0.006994 0.080351 100.000000 100.288380
-0.005347 0.094995 100.000000 104.448225
-0.004078 0.053023 100.000000 53.256727
0.005134 0.071602 100.000000 87.017309
-0.009896 0.028150 100.000000 19.936443
-0.007477 0.017140 100.000000 12.691067
0.009360 0.049625 100.000000 64.425482
0.007765 0.091195 100.000000 114.911107
-0.006192 0.009532 100.000000 12.487022
-0.000027 0.002755 100.000000 9.563741
0.008127 0.085140 100.000000 107.703007
-0.006329 0.006113 100.000000 14.993516
0.008883 0.016202 100.000000 22.135522
0.006602 0.025429 100.000000 30.709553
-0.005114 0.085337 100.000000 92.567500
0.003360 0.077364 100.000000 92.188513
-0.008674 0.092390 100.000000 97.531744
-0.009219 0.064171 100.000000 61.834653
-0.001044 0.013281 100.000000 9.636285
0.007659 0.014757 100.000000 18.862232
0.001463 0.064654 100.000000 73.951973
-0.003670 0.034271 100.000000 30.639866
-0.004095 0.026534 100.000000 21.239919
0.005809 0.015209 100.000000 17.207459
-0.003782 0.021516 100.000000 16.047403
0.008039 0.027050 100.000000 34.480768
-0.001144 0.099184 100.000000 114.485225
0.000453 0.003155 100.000000 8.668449
0.008223 0.029575 100.000000 37.858451
-0.007474 0.081734 100.000000 85.483303
-0.008050 0.047424 100.000000 42.490805
-0.004046 0.072213 100.000000 77.270181
0.004861 0.022017 100.000000 24.428108
0.008684 0.076152 100.000000 97.034616
-0.003017 0.046192 100.000000 45.882132
-0.006334 0.067520 100.000000 68.939908
0.009020 0.011256 100.000000 16.383299
-0.006578 0.084186 100.000000 89.520339
-0.004499 0.017549 100.000000 12.291680
0.000098 0.004008 100.000000 8.449768
0.002802 0.094262 100.000000 112.864005
0.008474 0.029689 100.000000 38.311503
0.000289 0.041095 100.000000 43.055500
0.006562 0.056538 100.000000 69.724222
0.001669 0.003696 100.000000 7.010023
0.003302 0.059649 100.000000 69.780109
0.004618 0.045533 100.000000 53.548088
-0.004136 0.084533 100.000000 92.640995
-0.006585 0.064632 100.000000 65.080656
0.003151 0.045257 100.000000 51.490226
-0.000539 0.044707 100.000000 46.662747
-0.007691 0.044514 100.000000 39.314331
-0.005057 0.077143 100.000000 82.346387
0.002856 0.032075 100.000000 34.641462
-0.000619 0.005611 100.000000 8.249192
0.005177 0.005110 100.000000 6.037271
0.005896 0.050772 100.000000 61.660549
0.004440 0.079999 100.000000 96.791538
0.000590 0.072305 100.000000 82.589564
-0.003153 0.018296 100.000000 13.222530
-0.003443 0.020251 100.000000 14.956066
-0.005593 0.065514 100.000000 67.220664
-0.002335 0.053750 100.000000 56.013218
-0.005120 0.055565 100.000000 55.331977
-0.003842 0.009620 100.000000 9.891953
-0.000804 0.047345 100.000000 49.668708
0.009056 0.074550 100.000000 95.467964
-0.000303 0.078422 100.000000 89.273330
0.005936 0.063707 100.000000 78.012381
0.000782 0.029980 100.000000 29.788239
0.008744 0.025929 100.000000 33.957640
-0.007568 0.082222 100.000000 85.992608
0.007564 0.018227 100.000000 22.970214
0.003300 0.071696 100.000000 84.967685
0.008497 0.068688 100.000000 87.389512
-0.006423 0.077460 100.000000 81.262615
-0.001921 0.003866 100.000000 11.012099
-0.000335 0.067155 100.000000 75.048588
-0.009052 0.071280 100.000000 70.796447
-0.005500 0.042421 100.000000 38.790133
-0.009805 0.009280 100.000000 17.239612
0.003116 0.080597 100.000000 95.981793
0.008395 0.006665 100.000000 10.449671
0.005111 0.025019 100.000000 28.434729
0.004348 0.029355 100.000000 32.948326
0.006483 0.044222 100.000000 54.117835
0.003535 0.033710 100.000000 37.453138
-0.008015 0.016945 100.000000 12.929192
0.009751 0.002562 100.000000 8.202344
-0.005695 0.046350 100.000000 43.392201
0.009898 0.035916 100.000000 47.877046
0.003724 0.056454 100.000000 66.247011
-0.003918 0.010565 100.000000 9.755276
0.008190 0.063337 100.000000 80.267412
0.006984 0.069515 100.000000 86.599862
0.001823 0.063087 100.000000 72.393900
-0.003395 0.056868 100.000000 58.768753
0.001953 0.045167 100.000000 50.004717
-0.008547 0.004773 100.000000 19.232627
-0.000931 0.043757 100.000000 45.055213
0.005727 0.030454 100.000000 35.934533
-0.004602 0.052006 100.000000 51.453243
-0.005773 0.056216 100.000000 55.469537
0.007227 0.084107 100.000000 105.311887
0.008365 0.099035 100.000000 125.538188
-0.005692 0.053929 100.000000 52.721256
0.002619 0.056485 100.000000 64.999179
0.000234 0.089500 100.000000 103.857399
-0.002416 0.038848 100.000000 37.424146
-0.003829 0.072884 100.000000 78.348841
0.001226 0.074481 100.000000 86.063671
0.003729 0.093630 100.000000 113.159730
0.003229 0.039266 100.000000 44.059266
-0.004533 0.094076 100.000000 104.200319
-0.005253 0.012270 100.000000 10.679185
-0.005922 0.059008 100.000000 58.777995
0.006527 0.060875 100.000000 75.150315
0.005729 0.057038 100.000000 69.355689
-0.001185 0.005777 100.000000 8.765066
-0.008813 0.060662 100.000000 57.912934
0.002842 0.002885 100.000000 6.423550
-0.009460 0.007821 100.000000 17.878787
0.009575 0.009451 100.000000 14.997163
0.004284 0.075013 100.000000 90.313681
-0.008047 0.017789 100.000000 13.154098
-0.003893 0.095948 100.000000 107.275795
-0.008773 0.027575 100.000000 19.761576
0.002370 0.054353 100.000000 62.027883
0.001095 0.062958 100.000000 71.394967
0.000606 0.050580 100.000000 55.277693
0.009946 0.097774 100.000000 125.867563
-0.009231 0.095405 100.000000 100.708820
0.009604 0.003715 100.000000 9.003033
0.008668 0.004546 100.000000 8.674011
-0.009507 0.066560 100.000000 64.495230
0.009142 0.064152 100.000000 82.456586
-0.008069 0.090718 100.000000 96.090977
-0.006096 0.007908 100.000000 13.344136
0.004152 0.075972 100.000000 91.367733
0.008118 0.082381 100.000000 104.210809
0.008657 0.063297 100.000000 80.786435
0.009358 0.010092 100.000000 15.456997
0.002232 0.050366 100.000000 56.854369
0.004735 0.070275 100.000000 84.868225
0.002377 0.064738 100.000000 75.115454
0.004156 0.031626 100.000000 35.561441
-0.004963 0.059088 100.000000 59.875636
0.000116 0.077164 100.000000 88.167041
-0.007454 0.062402 100.000000 61.419560
-0.007692 0.092823 100.000000 99.139817
0.003009 0.080411 100.000000 95.621464
-0.002496 0.009208 100.000000 8.772026
0.000044 0.025418 100.000000 23.474197
-0.002150 0.043843 100.000000 43.870233
-0.002370 0.064987 100.000000 70.047196
0.008894 0.055661 100.000000 71.452646
0.004367 0.010871 100.000000 10.633091
0.005332 0.057287 100.000000 69.196909
0.003788 0.099241 100.000000 120.316142
-0.005987 0.047208 100.000000 44.159876
0.003042 0.091478 100.000000 109.631826
-0.004056 0.077693 100.000000 84.135581
-0.009070 0.047335 100.000000 41.477288
-0.007610 0.054679 100.000000 51.738668
0.009211 0.082501 100.000000 105.689774
-0.005950 0.032664 100.000000 26.812466
0.000518 0.094878 100.000000 110.972851
-0.000574 0.018791 100.000000 15.212335
-0.004121 0.061680 100.000000 64.001822
0.001395 0.079746 100.000000 92.898670
-0.000183 0.056699 100.000000 62.074932
0.007324 0.042024 100.000000 52.370775
0.001926 0.025310 100.000000 25.249765
0.009687 0.027548 100.000000 37.157000
-0.008789 0.064468 100.000000 62.628644
0.006759 0.075395 100.000000 93.749574
0.006344 0.052198 100.000000 63.993280
0.006488 0.099173 100.000000 123.449543
0.002851 0.096238 100.000000 115.416308
-0.002884 0.068790 100.000000 74.251776
0.000368 0.069121 100.000000 78.322680
0.003268 0.016417 100.000000 15.893519
-0.004385 0.032118 100.000000 27.445553
0.006119 0.085750 100.000000 106.054074
0.005820 0.057444 100.000000 69.977010
-0.002650 0.064206 100.000000 68.759219
-0.003819 0.035852 100.000000 32.407701
0.005521 0.072930 100.000000 89.153491
-0.002991 0.080707 100.000000 89.106954
0.001882 0.027622 100.000000 28.046946
0.000503 0.098416 100.000000 115.419841
-0.008034 0.030459 100.000000 22.974274
-0.005396 0.067891 100.000000 70.397465
0.009240 0.010338 100.000000 15.591133
-0.004594 0.026323 100.000000 20.655163
-0.007910 0.097580 100.000000 104.868824
-0.006655 0.061805 100.000000 61.495941
0.006037 0.087292 100.000000 107.903335
0.002716 0.075607 100.000000 89.217094
0.008160 0.048245 100.000000 61.214379
0.003067 0.027013 100.000000 28.585920
-0.007440 0.002723 100.000000 19.621604
0.000911 0.020837 100.000000 18.827032
0.004793 0.023045 100.000000 25.620698
0.001323 0.099352 100.000000 117.556084
0.009232 0.036128 100.000000 47.311252
0.003219 0.086844 100.000000 103.989757
0.001020 0.026292 100.000000 25.508546
0.004379 0.027929 100.000000 31.206963
0.004874 0.008412 100.000000 8.534279
-0.004378 0.015219 100.000000 10.861974
0.009303 0.061646 100.000000 79.496219
0.004202 0.006823 100.000000 6.657615
0.000386 0.083456 100.000000 96.411092
-0.001255 0.002456 100.000000 11.380158
-0.006980 0.020348 100.000000 14.159500
0.004549 0.089397 100.000000 108.785094
0.008093 0.005463 100.000000 8.886261
0.001809 0.051351 100.000000 57.607768
0.008613 0.039937 100.000000 51.324445
-0.004658 0.034317 100.000000 29.811891
-0.006109 0.097846 100.000000 107.187311
-0.002915 0.089574 100.000000 100.352558
0.008779 0.010224 100.000000 14.877531
0.009480 0.099917 100.000000 128.005434
0.007823 0.023324 100.000000 29.578452
0.006790 0.036088 100.000000 44.267197
0.007085 0.061512 100.000000 76.626950
-0.009524 0.081649 100.000000 83.205330
0.001876 0.040821 100.000000 44.471832
-0.002353 0.092724 100.000000 104.956813
0.003736 0.064986 100.000000 77.016371
0.006787 0.092275 100.000000 115.095484
0.000302 0.021818 100.000000 19.419899
-0.006263 0.016736 100.000000 12.054908
-0.001563 0.079644 100.000000 89.377677
-0.006165 0.057002 100.000000 56.042725
-0.003387 0.005964 100.000000 11.256393
0.003453 0.040551 100.000000 45.928356
-0.002011 0.018199 100.000000 13.655910
0.005553 0.091776 100.000000 112.986093
0.006049 0.006928 100.000000 8.166514
-0.001524 0.067563 100.000000 74.223167
-0.003774 0.034918 100.000000 31.323591
-0.005624 0.019952 100.000000 13.968465
-0.002909 0.021768 100.000000 16.825272
0.006048 0.007813 100.000000 9.041648
0.003243 0.061865 100.000000 72.503820
0.009729 0.049962 100.000000 65.306076
-0.006039 0.088579 100.000000 95.620588
-0.009268 0.023435 100.000000 16.290885
0.004126 0.081907 100.000000 98.828004
-0.001049 0.064564 100.000000 70.984965
-0.008289 0.059832 100.000000 57.406974
0.004658 0.057131 100.000000 68.199695
-0.005848 0.092015 100.000000 100.146551
-0.001862 0.015931 100.000000 11.578253
0.004644 0.094139 100.000000 114.887043
0.009635 0.063840 100.000000 82.669727
-0.005703 0.096129 100.000000 105.478459
0.005909 0.050974 100.000000 61.930095
0.008815 0.032059 100.000000 41.697751
0.006645 0.026320 100.000000 31.870684
0.000059 0.085113 100.000000 98.122286
0.001731 0.031334 100.000000 32.477338
0.005585 0.045512 100.000000 54.666030
0.004791 0.053728 100.000000 64.069164
0.000139 0.005608 100.000000 7.495890
-0.003996 0.040697 100.000000 38.127644
-0.003990 0.077271 100.000000 83.679429
-0.001383 0.091468 100.000000 104.480145
0.000537 0.053706 100.000000 59.125536
0.007116 0.043791 100.000000 54.340301
0.001442 0.032421 100.000000 33.512375
-0.003456 0.059181 100.000000 61.593003
-0.003648 0.098287 100.000000 110.498654
-0.005891 0.041259 100.000000 37.021575
0.002342 0.086594 100.000000 102.644191
-0.007765 0.084170 100.000000 88.218090
0.001312 0.044817 100.000000 48.843969
0.004408 0.065148 100.000000 78.013024
-0.004273 0.037287 100.000000 33.717667
-0.003745 0.072194 100.000000 77.576481
-0.000095 0.040391 100.000000 41.760939
-0.003473 0.021796 100.000000 16.508509
0.000709 0.034207 100.000000 34.938236
0.000287 0.004364 100.000000 8.006551
-0.006602 0.038249 100.000000 32.799762
0.004240 0.040139 100.000000 46.325189
0.002276 0.036996 100.000000 40.134417
0.007774 0.098490 100.000000 124.134749
0.004528 0.034000 100.000000 38.961929
-0.003398 0.096474 100.000000 108.496962
-0.003004 0.010037 100.000000 9.072241
-0.007542 0.017190 100.000000 12.737103
0.001098 0.007856 100.000000 6.691336
0.007816 0.099367 100.000000 125.293233
-0.000284 0.097482 100.000000 113.329726
0.000686 0.038309 100.000000 40.015088
0.008050 0.072668 100.000000 91.868887
0.008498 0.015990 100.000000 21.394848
0.007097 0.070816 100.000000 88.377753
-0.001217 0.047261 100.000000 49.115253
0.001126 0.009539 100.000000 7.446462
0.001687 0.021074 100.000000 19.859624
0.009757 0.071636 100.000000 92.649018
0.004405 0.051281 100.000000 60.531659
-0.008652 0.062856 100.000000 60.775293
-0.006278 0.071752 100.000000 74.280883
-0.001610 0.033655 100.000000 31.860636
0.006855 0.068683 100.000000 85.393905
-0.002576 0.099342 100.000000 113.044442
-0.005521 0.055042 100.000000 54.272341
0.002674 0.061679 100.000000 71.605981
-0.002554 0.062694 100.000000 66.969171
0.001820 0.065784 100.000000 75.788373
-0.004402 0.095045 100.000000 105.567219
0.006977 0.021216 100.000000 25.935032
-0.008935 0.070812 100.000000 70.335432
0.006743 0.084525 100.000000 105.256516
0.008123 0.063905 100.000000 80.902004
-0.006120 0.030708 100.000000 24.464328
-0.001799 0.079923 100.000000 89.462630
0.001986 0.080172 100.000000 94.124239
0.007092 0.016474 100.000000 20.252781
0.009872 0.050210 100.000000 65.794564
-0.004851 0.085188 100.000000 92.670896
-0.002512 0.055903 100.000000 58.512977
0.006124 0.062590 100.000000 76.829646
-0.009245 0.036877 100.000000 29.187719
0.004566 0.030563 100.000000 34.708087
0.008149 0.032230 100.000000 41.087821
0.006710 0.052049 100.000000 64.245862
-0.001173 0.077409 100.000000 87.006076
0.005824 0.046083 100.000000 55.669987
0.003877 0.083141 100.000000 100.091283
0.007815 0.072625 100.000000 91.528773
0.002256 0.006311 100.000000 6.075867
0.001607 0.018840 100.000000 17.126092
0.003461 0.099435 100.000000 120.173078
-0.009868 0.018385 100.000000 14.321650
-0.003023 0.031052 100.000000 27.372921
0.008287 0.059821 100.000000 75.953218
0.009044 0.095830 100.000000 122.315293
-0.007418 0.038885 100.000000 32.868488
0.003446 0.034440 100.000000 38.264396
-0.008119 0.096194 100.000000 102.901915
0.005684 0.037865 100.000000 45.171616
-0.001226 0.083022 100.000000 94.015394
0.004579 0.062739 100.000000 75.177372
-0.004078 0.040208 100.000000 37.450622
-0.004936 0.075916 100.000000 80.940717
-0.002187 0.083853 100.000000 93.971964
0.005203 0.010120 100.000000 10.633750
-0.005511 0.061182 100.000000 61.908923
-0.009951 0.017850 100.000000 14.320376
0.001260 0.075282 100.000000 87.113774
0.004211 0.081759 100.000000 98.740253
-0.006103 0.071313 100.000000 73.918595
0.007265 0.074279 100.000000 92.951304
-0.001193 0.035950 100.000000 35.098736
-0.004076 0.017044 100.000000 11.964285
0.005102 0.010671 100.000000 11.138400
0.005859 0.076638 100.000000 94.238024
0.008011 0.071267 100.000000 90.053175
-0.009043 0.084346 100.000000 87.076192
-0.000912 0.041985 100.000000 42.868921
0.007348 0.008987 100.000000 11.728137
0.008145 0.043935 100.000000 55.774975
-0.009131 0.057306 100.000000 53.489649
0.009179 0.048697 100.000000 63.035037
-0.002175 0.007253 100.000000 9.078831
0.001175 0.074411 100.000000 85.915903
0.005003 0.065996 100.000000 79.788186
-0.004568 0.064520 100.000000 67.071244
0.004288 0.096499 100.000000 117.445531
0.004109 0.073991 100.000000 88.815885
-0.001159 0.093269 100.000000 107.008124
-0.005302 0.095835 100.000000 105.555521
0.009208 0.033327 100.000000 43.772611
-0.008608 0.016325 100.000000 13.243733
0.002600 0.080826 100.000000 95.666774
0.007267 0.038877 100.000000 48.346402
-0.003942 0.090884 100.000000 100.845923
-0.003607 0.004036 100.000000 13.079614
-0.001297 0.064916 100.000000 71.151021
0.008962 0.051616 100.000000 66.440564
0.007565 0.054286 100.000000 68.097553
-0.006588 0.008384 100.000000 13.655462
0.001693 0.060935 100.000000 69.534917
-0.007971 0.014332 100.000000 12.794154
-0.001797 0.013383 100.000000 9.607476
-0.005576 0.009704 100.000000 11.689251
0.002931 0.018342 100.000000 17.838995
-0.007163 0.042181 100.000000 36.988882
-0.006053 0.004333 100.000000 16.149074
0.008280 0.020954 100.000000 27.210076
0.002476 0.002931 100.000000 6.712551
0.005680 0.004725 100.000000 6.085973
-0.002580 0.020916 100.000000 16.126432
-0.009288 0.030568 100.000000 22.446074
0.005149 0.011739 100.000000 12.389829
-0.007857 0.067515 100.000000 67.348736
-0.006801 0.006267 100.000000 15.507485
-0.007625 0.024446 100.000000 17.286266
-0.002814 0.009550 100.000000 8.980590
0.000347 0.046341 100.000000 49.677092
-0.001297 0.079436 100.000000 89.417664
0.006694 0.080141 100.000000 99.661844
0.000461 0.007287 100.000000 6.868115
-0.005064 0.064721 100.000000 66.792318
0.006612 0.094135 100.000000 117.234542
-0.003767 0.058430 100.000000 60.320544
0.005071 0.058885 100.000000 70.900855
-0.008640 0.090644 100.000000 95.382909
0.003969 0.084505 100.000000 101.921212
-0.002036 0.024943 100.000000 21.031534
0.005081 0.031031 100.000000 35.894343
-0.003043 0.004452 100.000000 11.979494
-0.008535 0.034746 100.000000 27.299085
0.008048 0.037404 100.000000 47.448952
-0.006832 0.061699 100.000000 61.182443
0.002923 0.080271 100.000000 95.344034
0.001730 0.022297 100.000000 21.375595
0.000893 0.011920 100.000000 9.170624
0.008822 0.007665 100.000000 12.041371
-0.000103 0.029353 100.000000 28.108409
-0.001187 0.035456 100.000000 34.497001
0.000544 0.039733 100.000000 41.634085
0.001403 0.060286 100.000000 68.384163
0.007909 0.001236 100.000000 5.824281
-0.009001 0.038181 100.000000 30.828656
-0.006798 0.098940 100.000000 107.799448
-0.009077 0.059991 100.000000 56.830754
0.005818 0.084808 100.000000 104.504560
0.008639 0.043960 100.000000 56.411993
-0.005017 0.056055 100.000000 56.048307
0.002268 0.014640 100.000000 12.893825
0.003054 0.004659 100.000000 5.733661
-0.007753 0.098998 100.000000 106.821367
0.009539 0.032362 100.000000 42.978858
-0.003660 0.050019 100.000000 49.961354
0.007726 0.012678 100.000000 16.453151
0.001963 0.085048 100.000000 100.249298
0.003424 0.073975 100.000000 87.988471
0.006736 0.024609 100.000000 29.851667
-0.008631 0.013481 100.000000 13.607784
0.006082 0.054036 100.000000 65.994145
0.004333 0.063494 100.000000 75.837755
-0.001909 0.043673 100.000000 43.912409
0.000826 0.050739 100.000000 55.725095
-0.008688 0.044565 100.000000 38.508149
0.007003 0.084280 100.000000 105.260121
-0.005705 0.005980 100.000000 14.262012
-0.002080 0.086805 100.000000 97.810890
0.007892 0.058166 100.000000 73.385010
0.007176 0.058708 100.000000 73.200714
-0.009767 0.097341 100.000000 102.556556
0.001054 0.063246 100.000000 71.710293
-0.004075 0.069947 100.000000 74.395513
0.007844 0.032470 100.000000 41.013553
0.000133 0.005500 100.000000 7.549162
0.009918 0.082385 100.000000 106.407404
0.001459 0.084346 100.000000 98.776316
-0.001681 0.017714 100.000000 13.351894
0.001569 0.073525 100.000000 85.255148
-0.001563 0.069034 100.000000 76.027342
0.008265 0.031333 100.000000 40.109172
0.001515 0.034223 100.000000 35.831168
-0.005089 0.017882 100.000000 12.495326
-0.009480 0.088985 100.000000 92.409585
-0.008137 0.024708 100.000000 17.385535
0.008293 0.082223 100.000000 104.222660
0.009866 0.057304 100.000000 74.717930
0.001937 0.062671 100.000000 72.002426
0.005997 0.070053 100.000000 86.092486
-0.009661 0.016528 100.000000 14.072104
-0.007262 0.062645 100.000000 61.915028
-0.004704 0.021335 100.000000 15.436170
-0.005524 0.013608 100.000000 10.893661
-0.001364 0.019755 100.000000 15.693703
0.008652 0.030023 100.000000 38.949668
-0.006673 0.078809 100.000000 82.682502
-0.000630 0.073936 100.000000 83.249476
-0.005079 0.024929 100.000000 18.849171
-0.001046 0.030801 100.000000 28.934466
-0.004803 0.096916 100.000000 107.471694
-0.002734 0.004889 100.000000 11.229188
-0.004452 0.005498 100.000000 12.981489
0.002426 0.003863 100.000000 6.284309
-0.009291 0.047591 100.000000 41.590541
0.001554 0.013404 100.000000 10.989067
0.007639 0.023833 100.000000 29.985242
-0.004841 0.048632 100.000000 47.037871
-0.002933 0.048577 100.000000 48.929190
-0.008373 0.061456 100.000000 59.325779
-0.001774 0.013887 100.000000 9.954496
0.006060 0.043615 100.000000 52.847598
0.003397 0.096977 100.000000 116.993397
0.005669 0.081992 100.000000 100.770651
0.006085 0.009591 100.000000 10.976660
0.000220 0.023855 100.000000 21.766103
-0.008315 0.018247 100.000000 13.419053
-0.009205 0.008071 100.000000 17.335539
-0.000980 0.054252 100.000000 58.118954
-0.000457 0.041727 100.000000 43.035175
-0.007269 0.085406 100.000000 90.300478
-0.000960 0.012321 100.000000 8.974248
0.008204 0.009748 100.000000 13.616212
-0.007117 0.098179 100.000000 106.491006
0.005474 0.086774 100.000000 106.575433
0.002250 0.028452 100.000000 29.470295
0.000304 0.056809 100.000000 62.760067
0.000854 0.001964 100.000000 9.174683
0.002475 0.037018 100.000000 40.385934
0.003593 0.018754 100.000000 19.029075
-0.007568 0.049984 100.000000 46.038281
0.007079 0.094829 100.000000 118.672286
-0.006994 0.034154 100.000000 27.725402
-0.000580 0.025881 100.000000 23.434897
0.009514 0.061139 100.000000 79.116353
0.004039 0.028176 100.000000 31.123787
0.002136 0.086349 100.000000 102.094447
0.001421 0.028540 100.000000 28.687371
-0.000813 0.024248 100.000000 21.276409
0.004073 0.092599 100.000000 112.263794
-0.000321 0.005710 100.000000 7.893372
0.003614 0.091790 100.000000 110.700159
-0.006923 0.093133 100.000000 100.368417
-0.004704 0.081313 100.000000 87.966883
0.001279 0.053999 100.000000 60.333546
0.000770 0.070428 100.000000 80.429929
0.001264 0.002673 100.000000 8.117117
-0.008318 0.012952 100.000000 13.440181
-0.009089 0.063622 100.000000 61.286527
-0.004652 0.027646 100.000000 22.083678
0.003495 0.076853 100.000000 91.703570
-0.002964 0.064624 100.000000 68.938733
-0.004402 0.025236 100.000000 19.594620
0.000700 0.063837 100.000000 72.049412
0.003939 0.071373 100.000000 85.312470
-0.007510 0.025711 100.000000 18.471940
-0.007313 0.013622 100.000000 12.298046
0.004977 0.074344 100.000000 90.290296
-0.001563 0.042245 100.000000 42.503443
-0.007928 0.096715 100.000000 103.763742
-0.003812 0.071226 100.000000 76.286681
-0.009545 0.068490 100.000000 66.841029
0.000775 0.063813 100.000000 72.104164
0.000727 0.025710 100.000000 24.502450
-0.009977 0.096013 100.000000 100.667966
-0.008411 0.014826 100.000000 13.127753
-0.007496 0.008365 100.000000 14.840119
-0.004738 0.065622 100.000000 68.265082
0.002933 0.043786 100.000000 49.391019
0.003338 0.066024 100.000000 77.858451
-0.009687 0.012230 100.000000 15.284820
-0.000821 0.017158 100.000000 13.291165
-0.009497 0.091437 100.000000 95.456465
-0.006104 0.029140 100.000000 22.736403
-0.004771 0.015108 100.000000 10.911919
-0.007726 0.083397 100.000000 87.293029
-0.003046 0.052836 100.000000 54.111203
-0.007029 0.099437 100.000000 108.169413
-0.000828 0.074848 100.000000 84.173374
-0.008651 0.027332 100.000000 19.577299
-0.004243 0.092583 100.000000 102.647437
0.007458 0.075548 100.000000 94.785691
0.007102 0.076914 100.000000 96.079739
0.003686 0.067538 100.000000 80.175536
-0.009905 0.057438 100.000000 52.917184
-0.003989 0.062176 100.000000 64.762466
0.003158 0.042002 100.000000 47.409528
0.004992 0.089756 100.000000 109.767058
0.008922 0.089479 100.000000 114.146390
0.006646 0.033192 100.000000 40.462152
-0.005582 0.003739 100.000000 16.041779
0.008331 0.022783 100.000000 29.535922
-0.009614 0.076944 100.000000 77.255295
0.007021 0.063507 100.000000 79.065745
0.004966 0.092171 100.000000 112.785555
0.008230 0.099878 100.000000 126.440133
-0.003252 0.092933 100.000000 104.202798
-0.004913 0.078131 100.000000 83.743437
-0.001398 0.060118 100.000000 65.013442
-0.002407 0.096856 100.000000 110.103953
-0.004883 0.085427 100.000000 92.935729
0.009223 0.037641 100.000000 49.197479
-0.001069 0.034785 100.000000 33.791658
0.003085 0.080870 100.000000 96.291006
-0.001930 0.083549 100.000000 93.879957
-0.007231 0.021247 100.000000 14.781625
-0.004817 0.088076 100.000000 96.338295
0.002595 0.028700 100.000000 30.154535
-0.000313 0.069112 100.000000 77.537150
-0.004305 0.085504 100.000000 93.674493
-0.007720 0.088420 100.000000 93.589009
-0.007446 0.066605 100.000000 66.641737
0.001051 0.080023 100.000000 92.849733
0.001011 0.094255 100.000000 110.759344
0.004672 0.052697 100.000000 62.629153
-0.001729 0.061122 100.000000 65.906000
0.004184 0.041408 100.000000 47.852737
0.008641 0.018772 100.000000 24.973789
-0.006513 0.026341 100.000000 19.527556
-0.009570 0.048211 100.000000 42.089293
0.007434 0.077633 100.000000 97.388043
0.004821 0.090263 100.000000 110.203293
-0.009779 0.085462 100.000000 87.693283
0.008115 0.035057 100.000000 44.588596
0.005614 0.010318 100.000000 11.278424
0.007397 0.066864 100.000000 83.754738
0.003185 0.099707 100.000000 120.190620
-0.006084 0.048049 100.000000 45.094881
-0.000387 0.030555 100.000000 29.291598
-0.000020 0.090757 100.000000 105.150864
0.007147 0.030359 100.000000 37.521039
-0.006359 0.010464 100.000000 12.233447
0.003782 0.064341 100.000000 76.256478
-0.006161 0.043654 100.000000 39.667662
-0.005192 0.008186 100.000000 12.039160
0.008401 0.049629 100.000000 63.252507
0.003560 0.086448 100.000000 103.890912
-0.003979 0.064003 100.000000 67.057941
0.008190 0.032025 100.000000 40.882190
0.009808 0.037929 100.000000 50.285576
-0.004666 0.018127 100.000000 12.699276
0.002095 0.038818 100.000000 42.210003
-0.005614 0.078234 100.000000 83.107367
0.006881 0.078180 100.000000 97.411527
0.003355 0.056888 100.000000 66.362493
-0.009881 0.070889 100.000000 69.470291
0.007576 0.013415 100.000000 17.148376
0.004498 0.075150 100.000000 90.739142
-0.006015 0.042005 100.000000 37.808039
-0.002352 0.098988 100.000000 112.853468
-0.007048 0.067745 100.000000 68.472071
-0.007421 0.061718 100.000000 60.605508
0.007445 0.060177 100.000000 75.378239
-0.002209 0.001995 100.000000 13.075403
0.008586 0.062343 100.000000 79.496791
-0.008776 0.085711 100.000000 89.066174
-0.005431 0.024854 100.000000 18.574135
0.003631 0.041840 100.000000 47.751663
-0.004808 0.026463 100.000000 20.664103
0.006607 0.072918 100.000000 90.440484
-0.002608 0.025614 100.000000 21.338142
0.003302 0.022163 100.000000 22.865414
0.006024 0.051365 100.000000 62.559494
-0.003177 0.004173 100.000000 12.388580
0.004127 0.058140 100.000000 68.845179
0.000074 0.041356 100.000000 43.146272
-0.008079 0.023520 100.000000 16.420788
-0.005361 0.051007 100.000000 49.445759
0.002277 0.024934 100.000000 25.161239
-0.005645 0.044118 100.000000 40.715653
-0.009538 0.002383 100.000000 22.947497
0.007291 0.065606 100.000000 82.039338
-0.009116 0.023155 100.000000 16.097822
-0.004521 0.040367 100.000000 37.219372
-0.006233 0.037321 100.000000 32.015154
-0.008219 0.071273 100.000000 71.644703
-0.009486 0.096273 100.000000 101.521661
-0.003660 0.091424 100.000000 101.842331
-0.009947 0.016362 100.000000 14.328685
0.008878 0.086596 100.000000 110.453215
-0.001756 0.071025 100.000000 78.315182
-0.009809 0.048501 100.000000 42.229288
-0.006252 0.071298 100.000000 73.741852
-0.002476 0.066526 100.000000 71.861246
-0.006378 0.051896 100.000000 49.527454
0.000470 0.031871 100.000000 31.792788
0.008339 0.047328 100.000000 60.280146
0.009622 0.006499 100.000000 11.781813
0.002208 0.057930 100.000000 66.343008
0.007603 0.052143 100.000000 65.444313
-0.001679 0.029368 100.000000 26.589458
-0.009678 0.075355 100.000000 75.214509
-0.008365 0.031438 100.000000 23.818614
-0.002990 0.093685 100.000000 105.446297
0.009228 0.037877 100.000000 49.499155
-0.000464 0.063986 100.000000 70.916380
0.009115 0.037995 100.000000 49.506675
-0.000510 0.031633 100.000000 30.488317
0.000362 0.035508 100.000000 36.180702
-0.001958 0.069456 100.000000 76.116245
0.002084 0.047025 100.000000 52.486321
0.001159 0.080970 100.000000 94.169954
-0.002510 0.063880 100.000000 68.504618
0.008867 0.050162 100.000000 64.493225
-0.009051 0.074018 100.000000 74.198144
-0.008853 0.068957 100.000000 68.119075
0.009653 0.015977 100.000000 22.840291
0.000593 0.010051 100.000000 7.693051
0.002182 0.043608 100.000000 48.309997
-0.000488 0.075241 100.000000 85.054940
0.004459 0.085459 100.000000 103.706787
-0.002315 0.033026 100.000000 30.407190
-0.009599 0.094315 100.000000 98.948976
0.008500 0.032672 100.000000 42.073886
0.006825 0.084816 100.000000 105.722517
-0.004404 0.022198 100.000000 16.413242
0.006394 0.098870 100.000000 122.953393
-0.007537 0.020211 100.000000 14.105215
-0.001174 0.072693 100.000000 81.067920
-0.007143 0.013569 100.000000 12.153409
0.005744 0.061123 100.000000 74.525341
-0.009719 0.033785 100.000000 25.531527
0.005636 0.044239 100.000000 53.125079
0.001786 0.059619 100.000000 67.984025
0.001950 0.097333 100.000000 115.740479
-0.006322 0.080312 100.000000 84.943638
0.003620 0.025454 100.000000 27.270267
-0.001297 0.057939 100.000000 62.391903
-0.000994 0.029249 100.000000 27.099396
0.004676 0.096957 100.000000 118.484783
-0.001138 0.044344 100.000000 45.564284
-0.001842 0.054586 100.000000 57.592769
-0.006161 0.070148 100.000000 72.401200
-0.008686 0.028932 100.000000 21.094289
0.007987 0.066924 100.000000 84.544733
0.003926 0.048022 100.000000 55.866806
0.006394 0.076045 100.000000 94.131742
-0.004340 0.057675 100.000000 58.771062
0.000514 0.047222 100.000000 50.965766
-0.009137 0.029379 100.000000 21.339756
0.005808 0.089485 100.000000 110.396990
0.006615 0.013569 100.000000 16.179992
0.006286 0.086100 100.000000 106.695447
-0.006718 0.072207 100.000000 74.381540
0.003784 0.026196 100.000000 28.374142
-0.001785 0.015147 100.000000 10.929764
0.002847 0.094572 100.000000 113.308145
-0.000308 0.050619 100.000000 54.308929
0.003041 0.090207 100.000000 108.025265
-0.000683 0.086884 100.000000 99.503720
-0.004034 0.092948 100.000000 103.340918
0.004707 0.031715 100.000000 36.311722
-0.002759 0.036459 100.000000 34.156465
0.007121 0.078416 100.000000 97.999434
0.005511 0.040497 100.000000 48.271723
-0.002876 0.050071 100.000000 50.847066
0.003463 0.049168 100.000000 56.768450
-0.003666 0.044796 100.000000 43.490319
-0.006610 0.004239 100.000000 17.008756
0.007248 0.059522 100.000000 74.313935
-0.008244 0.040955 100.000000 34.619376
-0.009529 0.072656 100.000000 72.016074
0.005839 0.050532 100.000000 61.289824
0.009168 0.049659 100.000000 64.231024
0.004402 0.043118 100.000000 50.256397
-0.004963 0.069373 100.000000 72.714986
0.000768 0.067763 100.000000 77.070853
-0.005017 0.057681 100.000000 58.068515
0.001593 0.040377 100.000000 43.598002
0.008014 0.078479 100.000000 99.158234
-0.000226 0.069259 100.000000 77.820813
-0.005298 0.048584 100.000000 46.523066
-0.003946 0.009168 100.000000 10.144897
0.002437 0.048843 100.000000 55.174231
-0.007392 0.002137 100.000000 20.134742
0.009644 0.081045 100.000000 104.380842
0.009752 0.064807 100.000000 84.031483
-0.003931 0.002152 100.000000 15.268869
0.003065 0.021662 100.000000 21.997137
0.005448 0.089049 100.000000 109.417543
0.008023 0.037965 100.000000 48.122963
-0.000734 0.027637 100.000000 25.400583
-0.006731 0.030022 100.000000 23.291145
0.008833 0.047291 100.000000 60.840356
0.005906 0.035659 100.000000 42.667559
-0.009372 0.015101 100.000000 13.968989
0.006876 0.077613 100.000000 96.689525
-0.003214 0.087179 100.000000 97.001206
-0.001957 0.012351 100.000000 9.025136
-0.008135 0.051957 100.000000 47.906795
0.005824 0.086741 100.000000 106.951901
-0.009845 0.046875 100.000000 40.268512
-0.008045 0.015999 100.000000 12.817324
-0.004457 0.067611 100.000000 71.055156
-0.003450 0.058400 100.000000 60.623734
0.004961 0.088348 100.000000 107.951792
0.007226 0.025866 100.000000 32.010021
-0.000284 0.065290 100.000000 72.759863
-0.001954 0.049207 100.000000 50.750832
0.008137 0.031763 100.000000 40.489074
0.002173 0.054628 100.000000 62.147490
-0.002328 0.030516 100.000000 27.364382
0.006374 0.072573 100.000000 89.725148
0.006898 0.014667 100.000000 17.831275
-0.006354 0.097897 100.000000 106.979652
-0.009916 0.080090 100.000000 80.855527
0.007521 0.036089 100.000000 45.154227
0.008122 0.091837 100.000000 116.153498
-0.006931 0.091398 100.000000 98.181024
0.002880 0.079001 100.000000 93.691252
-0.009883 0.072912 100.000000 71.974630
-0.003077 0.006155 100.000000 10.738995
-0.006858 0.054066 100.000000 51.722762
0.006591 0.022378 100.000000 26.908075
-0.003666 0.089410 100.000000 99.300865
-0.007693 0.078930 100.000000 81.742889
0.008740 0.033537 100.000000 43.454855
0.005155 0.024026 100.000000 27.253085
-0.008921 0.061473 100.000000 58.804978
-0.001822 0.055445 100.000000 58.689389
0.009062 0.048137 100.000000 62.185711
-0.002356 0.074892 100.000000 82.505018
-0.002221 0.047745 100.000000 48.645675
0.005999 0.075007 100.000000 92.347474
-0.009496 0.042079 100.000000 34.930872
0.009049 0.067611 100.000000 86.705631
-0.001319 0.008145 100.000000 7.996671
-0.009046 0.003762 100.000000 20.889643
0.007779 0.072638 100.000000 91.502194
0.007142 0.036236 100.000000 44.879348
0.009700 0.053137 100.000000 69.264710
-0.007258 0.061033 100.000000 59.923759
0.004179 0.014590 100.000000 14.676666
-0.007932 0.058140 100.000000 55.676283
0.000082 0.051557 100.000000 55.918188
0.007975 0.099464 100.000000 125.607374
-0.009972 0.033563 100.000000 25.161478
-0.006914 0.090145 100.000000 96.626753
0.007995 0.090986 100.000000 114.925129
0.004644 0.007183 100.000000 7.219885
0.004734 0.052429 100.000000 62.364803
0.008623 0.082933 100.000000 105.519171
0.000320 0.081521 100.000000 93.895324
0.007856 0.097659 100.000000 123.184276
0.002666 0.079760 100.000000 94.397772
0.006609 0.021387 100.000000 25.702742
-0.009800 0.037385 100.000000 29.378747
0.009375 0.047213 100.000000 61.408650
-0.001843 0.073161 100.000000 80.903395
0.001390 0.086736 100.000000 101.711814
-0.006360 0.005247 100.000000 15.763277
0.008717 0.044038 100.000000 56.605563
0.000773 0.051296 100.000000 56.365898
0.003942 0.024997 100.000000 27.066990
0.007272 0.037585 100.000000 46.729571
0.008813 0.015768 100.000000 21.519731
-0.006738 0.098078 100.000000 106.782014
0.004373 0.035574 100.000000 40.753873
0.002130 0.009198 100.000000 7.471331
0.006135 0.009322 100.000000 10.734688
0.007119 0.060007 100.000000 74.769077
-0.000358 0.030585 100.000000 29.357384
0.002449 0.041556 100.000000 46.039052
-0.008827 0.064654 100.000000 62.819663
-0.003439 0.088165 100.000000 97.989769
0.006710 0.060545 100.000000 74.954635
0.005064 0.098433 100.000000 120.809996
0.007798 0.025566 100.000000 32.335239
0.001627 0.067718 100.000000 78.002994
0.002847 0.021649 100.000000 21.748541
0.000408 0.016238 100.000000 13.156775
0.009618 0.071807 100.000000 92.694052
0.005125 0.020911 100.000000 23.368703
-0.006615 0.033531 100.000000 27.298592
0.005189 0.046161 100.000000 55.012637
0.006790 0.033459 100.000000 40.969492
-0.001700 0.009590 100.000000 8.171124
-0.002695 0.060661 100.000000 64.266979
-0.001073 0.073548 100.000000 82.258499
-0.003690 0.040055 100.000000 37.640971
-0.003218 0.004987 100.000000 11.774384
0.008804 0.062933 100.000000 80.506349
-0.006453 0.076388 100.000000 79.889084
-0.002312 0.028516 100.000000 24.989766
-0.004116 0.048685 100.000000 47.837656
-0.003416 0.062210 100.000000 65.422426
-0.001519 0.007278 100.000000 8.407904
0.005424 0.051398 100.000000 61.885524
-0.009937 0.005444 100.000000 20.579293
-0.002466 0.002496 100.000000 12.944837
0.009232 0.043667 100.000000 56.774616
0.000473 0.090783 100.000000 105.752920
-0.005665 0.008989 100.000000 12.150884
-0.006163 0.002597 100.000000 17.944102
-0.008052 0.063261 100.000000 61.876024
0.006859 0.062265 100.000000 77.303978
0.007729 0.090635 100.000000 114.160616
-0.008065 0.024812 100.000000 17.491259
0.000044 0.012524 100.000000 9.342126
-0.003188 0.065250 100.000000 69.478346
0.000520 0.034063 100.000000 34.557118
-0.009482 0.063927 100.000000 61.274456
-0.008966 0.025643 100.000000 17.997335
0.002149 0.033371 100.000000 35.468689
0.001243 0.007638 100.000000 6.600163
0.007032 0.076064 100.000000 94.922169
-0.002370 0.064941 100.000000 69.989837
-0.006321 0.097171 100.000000 106.103274
0.003160 0.066978 100.000000 78.851442
0.006961 0.079499 100.000000 99.172982
0.002728 0.091471 100.000000 109.252984
-0.008924 0.084173 100.000000 86.985548
-0.009869 0.088810 100.000000 91.777310
-0.004851 0.062424 100.000000 64.151161
0.005884 0.087151 100.000000 107.541230
0.003306 0.092148 100.000000 110.788974
-0.009663 0.019965 100.000000 14.589430
0.003658 0.057451 100.000000 67.427026
0.002603 0.003417 100.000000 6.344812
-0.002350 0.075624 100.000000 83.432587
0.004255 0.007828 100.000000 7.499348
-0.006010 0.009562 100.000000 12.257367
0.000423 0.008711 100.000000 7.096578
-0.008684 0.098570 100.000000 105.267726
-0.005390 0.092068 100.000000 100.720073
-0.002877 0.079899 100.000000 88.219165
0.000111 0.007514 100.000000 7.063714
0.007350 0.012335 100.000000 15.590763
-0.002616 0.008678 100.000000 8.995598
0.000719 0.072795 100.000000 83.354039
-0.001104 0.087339 100.000000 99.595454
0.002150 0.046694 100.000000 52.146374
-0.003356 0.066280 100.000000 70.586257
-0.001122 0.095950 100.000000 110.431941
-0.000864 0.061370 100.000000 67.179612
0.006885 0.022065 100.000000 26.874738
-0.005646 0.020365 100.000000 14.295427
0.002013 0.018544 100.000000 17.165389
-0.000278 0.014876 100.000000 11.317778
0.002628 0.003380 100.000000 6.343036
0.009944 0.088816 100.000000 114.555375
-0.005142 0.072992 100.000000 77.051943
0.007215 0.063981 100.000000 79.897604
-0.006338 0.005205 100.000000 15.770137
0.006558 0.016627 100.000000 19.798884
-0.009859 0.017333 100.000000 14.225425
0.006565 0.042043 100.000000 51.475726
0.004158 0.004897 100.000000 5.612893
0.000967 0.039374 100.000000 41.650703
0.003176 0.044005 100.000000 49.945479
0.006730 0.078774 100.000000 97.979273
-0.000356 0.072154 100.000000 81.317176
0.001608 0.055733 100.000000 62.888280
0.006897 0.015029 100.000000 18.266152
0.002653 0.088874 100.000000 105.885730
-0.008190 0.033963 100.000000 26.663737
-0.008843 0.029959 100.000000 22.043290
-0.002911 0.041521 100.000000 40.215994
-0.007207 0.079966 100.000000 83.556222
0.006467 0.091440 100.000000 113.656375
0.005375 0.074208 100.000000 90.593408
-0.003333 0.071150 100.000000 76.718613
-0.007364 0.042895 100.000000 37.665457
-0.001767 0.074901 100.000000 83.178316
-0.009404 0.063621 100.000000 60.972871
0.009339 0.066836 100.000000 86.082768
0.004841 0.064981 100.000000 78.315588
0.009006 0.002828 100.000000 7.597632
-0.004317 0.031412 100.000000 26.673844
-0.009495 0.071204 100.000000 70.252073
-0.001286 0.083738 100.000000 94.849089
-0.006084 0.007025 100.000000 13.955009
0.005913 0.047210 100.000000 57.194976
0.009903 0.022303 100.000000 30.918784
-0.000431 0.041586 100.000000 42.887983
-0.005310 0.045467 100.000000 42.685403
-0.008299 0.019093 100.000000 13.716441
0.000440 0.041874 100.000000 44.193395
-0.008029 0.034603 100.000000 27.485868
0.004741 0.025143 100.000000 28.159332
0.003895 0.093979 100.000000 113.796572
0.005429 0.003419 100.000000 5.414120
0.003554 0.049578 100.000000 57.390848
0.008022 0.081249 100.000000 102.664640
0.004249 0.045149 100.000000 52.631747
-0.008178 0.053853 100.000000 50.180103
0.006111 0.054092 100.000000 66.099596
-0.003753 0.082660 100.000000 90.712811
-0.006001 0.089263 100.000000 96.521128
-0.007362 0.088792 100.000000 94.443343
-0.004132 0.050280 100.000000 49.797617
-0.006181 0.043926 100.000000 39.979235
0.000488 0.048390 100.000000 52.399599
-0.005345 0.086846 100.000000 94.208359
0.007376 0.074455 100.000000 93.307262
-0.003203 0.014521 100.000000 10.321766
-0.002887 0.057381 100.000000 59.955358
0.003377 0.048723 100.000000 56.109486
0.006672 0.062549 100.000000 77.436071
0.009250 0.052366 100.000000 67.740213
-0.002799 0.073979 100.000000 80.863385
-0.001853 0.008935 100.000000 8.299089
-0.006296 0.080535 100.000000 85.250856
-0.000597 0.023025 100.000000 20.030685
-0.006498 0.051627 100.000000 49.077787
0.005079 0.067703 100.000000 82.032327
-0.008485 0.091793 100.000000 96.988604
0.005548 0.068098 100.000000 83.089049
-0.008071 0.092664 100.000000 98.528103
0.003251 0.024035 100.000000 25.109521
0.002603 0.053683 100.000000 61.452337
0.005743 0.093527 100.000000 115.425224
-0.008438 0.054708 100.000000 50.975474
0.007713 0.003690 100.000000 6.957683
0.002187 0.002312 100.000000 7.401814
0.006347 0.009750 100.000000 11.439805
-0.000798 0.004027 100.000000 9.483660
0.006099 0.012244 100.000000 14.018619
0.007862 0.044628 100.000000 56.300213
0.003186 0.065695 100.000000 77.264434
-0.008814 0.063098 100.000000 60.912490
-0.005618 0.068651 100.000000 71.110305
0.008395 0.082266 100.000000 104.399875
-0.003713 0.096227 100.000000 107.830129
-0.000332 0.071869 100.000000 80.985837
-0.004866 0.069228 100.000000 72.639034
0.009246 0.058316 100.000000 75.229402
-0.002524 0.040434 100.000000 39.268173
0.002263 0.086370 100.000000 102.268526
-0.007250 0.091754 100.000000 98.279081
-0.009019 0.064488 100.000000 62.423838
-0.005981 0.041341 100.000000 37.038801
0.003371 0.002999 100.000000 5.974041
-0.002529 0.053970 100.000000 56.079640
0.003341 0.045746 100.000000 52.323877
-0.003158 0.029456 100.000000 25.359865
0.009552 0.038991 100.000000 51.299311
0.002834 0.075948 100.000000 89.784449
0.003837 0.095812 100.000000 116.042920
-0.009497 0.076139 100.000000 76.374264
-0.007745 0.061663 100.000000 60.210088
0.003465 0.019431 100.000000 19.710697
0.009670 0.098356 100.000000 126.265828
0.006854 0.050041 100.000000 61.890337
0.001441 0.013800 100.000000 11.319638
-0.007965 0.017449 100.000000 13.018336
-0.000486 0.072226 100.000000 81.259596
0.007745 0.075413 100.000000 94.961850
0.007598 0.059846 100.000000 75.146403
-0.007561 0.092449 100.000000 98.812396
-0.009123 0.091809 100.000000 96.322507
-0.000668 0.085248 100.000000 97.458127
0.002376 0.086450 100.000000 102.501582
0.003638 0.092363 100.000000 111.451928
-0.001149 0.052683 100.000000 55.967802
-0.007840 0.003160 100.000000 19.760768
0.003859 0.013320 100.000000 12.879264
0.001287 0.021966 100.000000 20.534575
-0.003042 0.018611 100.000000 13.558830
0.005452 0.023904 100.000000 27.449213
-0.002436 0.043019 100.000000 42.552274
-0.000186 0.034480 100.000000 34.327711
0.006029 0.001287 100.000000 5.425922
0.003597 0.054760 100.000000 63.965629
0.004951 0.011515 100.000000 11.928929
-0.008117 0.097895 100.000000 105.037796
0.002380 0.064409 100.000000 74.704089
0.004753 0.006305 100.000000 6.595969
0.002709 0.096570 100.000000 115.668474
0.003290 0.087190 100.000000 104.509756
-0.002916 0.014686 100.000000 10.412930
-0.001658 0.057625 100.000000 61.600016
-0.008744 0.045289 100.000000 39.320905
0.006578 0.022998 100.000000 27.660432
0.000560 0.032572 100.000000 32.754747
0.009636 0.098509 100.000000 126.417396
0.007464 0.052583 100.000000 65.829444
-0.008087 0.018308 100.000000 13.338389
-0.004609 0.033183 100.000000 28.510725
0.002680 0.037970 100.000000 41.808865
-0.003269 0.065358 100.000000 69.525347
0.007443 0.085231 100.000000 106.990768
0.004166 0.059457 100.000000 70.552099
-0.006506 0.012068 100.000000 11.839353
0.009246 0.098004 100.000000 125.304719
-0.006878 0.081280 100.000000 85.555222
0.008911 0.053500 100.000000 68.750784
0.006236 0.065482 100.000000 80.611408
0.009100 0.050641 100.000000 65.383678
-0.000805 0.033022 100.000000 31.893389
-0.003095 0.062672 100.000000 66.349940
0.007570 0.005642 100.000000 8.483834
-0.007655 0.096696 100.000000 104.038735
-0.009082 0.082118 100.000000 84.254693
-0.005914 0.083408 100.000000 89.268029
-0.006189 0.059909 100.000000 59.621653
0.005564 0.088341 100.000000 108.660735
0.002545 0.084812 100.000000 100.632226
0.002323 0.086337 100.000000 102.297902
0.000665 0.013533 100.000000 10.542814
0.004472 0.021466 100.000000 23.306606
-0.001316 0.043283 100.000000 44.052968
-0.005160 0.065046 100.000000 67.095850
0.007581 0.026174 100.000000 32.826725
0.006009 0.089384 100.000000 110.510011
0.003256 0.010698 100.000000 9.484612
-0.000185 0.084903 100.000000 97.577391
-0.009647 0.029319 100.000000 21.084509
0.004263 0.096962 100.000000 117.999638
-0.006530 0.067899 100.000000 69.205520
-0.004957 0.023793 100.000000 17.740668
0.001266 0.019680 100.000000 17.793675
-0.003673 0.062022 100.000000 64.909452
0.000385 0.015022 100.000000 11.859796
-0.000127 0.093093 100.000000 107.973283
-0.003265 0.007134 100.000000 10.352945
-0.002475 0.072697 100.000000 79.613501
0.007147 0.087063 100.000000 108.948367
0.005502 0.008039 100.000000 8.736286
0.009980 0.021797 100.000000 30.393309
0.004400 0.039717 100.000000 45.982902
0.009094 0.038624 100.000000 50.270539
-0.001607 0.009984 100.000000 8.154566
-0.006697 0.007135 100.000000 14.682527
-0.000781 0.023390 100.000000 20.295098
-0.009637 0.038724 100.000000 30.987492
-0.002357 0.065094 100.000000 70.195955
-0.007683 0.088520 100.000000 93.753912
-0.008686 0.064123 100.000000 62.305696
-0.005717 0.050898 100.000000 48.955312
-0.007467 0.023782 100.000000 16.752014
0.004540 0.048268 100.000000 56.897318
0.002792 0.054057 100.000000 62.142422
-0.003153 0.075027 100.000000 81.786683
-0.001693 0.090269 100.000000 102.615786
-0.009579 0.007711 100.000000 18.129797
-0.004324 0.007023 100.000000 11.700316
-0.000836 0.022288 100.000000 18.964314
-0.008567 0.051959 100.000000 47.505262
-0.005620 0.098480 100.000000 108.527839
0.008118 0.020493 100.000000 26.439137
-0.005590 0.089956 100.000000 97.844594
0.006599 0.077823 100.000000 96.621289
-0.009447 0.076525 100.000000 76.906475
0.004773 0.022783 100.000000 25.273670
-0.008219 0.004156 100.000000 19.343101
0.006114 0.013015 100.000000 14.940738
0.005399 0.029234 100.000000 34.021732
-0.006537 0.005072 100.000000 16.159711
-0.005460 0.091259 100.000000 99.625426
-0.009503 0.081964 100.000000 83.619836
0.009865 0.070677 100.000000 91.571771
0.006595 0.065980 100.000000 81.671672
0.000783 0.046444 100.000000 50.290611
0.009229 0.007745 100.000000 12.636891
-0.008369 0.086108 100.000000 89.996815
0.002282 0.085824 100.000000 101.601671
-0.001143 0.082486 100.000000 93.434939
0.004591 0.093100 100.000000 113.513006
0.002909 0.089123 100.000000 106.501061
-0.001820 0.098884 100.000000 113.330187
-0.000691 0.069483 100.000000 77.575055
-0.005070 0.008623 100.000000 11.643494
-0.006222 0.002315 100.000000 18.303611
-0.004942 0.056530 100.000000 56.715612
-0.006738 0.029350 100.000000 22.558081
0.008001 0.085068 100.000000 107.460084
-0.008657 0.030579 100.000000 22.763756
0.000843 0.012605 100.000000 9.761103
-0.007992 0.070954 100.000000 71.483980
0.008670 0.072776 100.000000 92.758774
-0.005598 0.023347 100.000000 16.985360
0.005820 0.039516 100.000000 47.406731
0.004292 0.069002 100.000000 82.738450
0.002073 0.065443 100.000000 75.651150
-0.004412 0.016958 100.000000 11.883572
-0.008005 0.056993 100.000000 54.193930
0.004704 0.042019 100.000000 49.230584
0.004994 0.028409 100.000000 32.517656
-0.007315 0.025631 100.000000 18.469815
-0.000052 0.095057 100.000000 110.538246
0.006673 0.024718 100.000000 29.911453
0.002156 0.005735 100.000000 6.054834
0.007414 0.064857 100.000000 81.242113
0.005944 0.016693 100.000000 19.156348
-0.006062 0.089707 100.000000 97.011331
0.002098 0.094505 100.000000 112.344184
-0.008824 0.056789 100.000000 53.150892
-0.006941 0.036931 100.000000 30.970771
0.006932 0.082049 100.000000 102.357829
0.000676 0.058079 100.000000 64.777755
-0.006852 0.061253 100.000000 60.609118
0.009893 0.076307 100.000000 98.707723
0.004610 0.071866 100.000000 86.727927
0.005206 0.038502 100.000000 45.404624
0.003447 0.086113 100.000000 103.334992
-0.000386 0.004573 100.000000 8.613838
0.002403 0.016068 100.000000 14.641478
-0.009085 0.028820 100.000000 20.821694
0.007916 0.058443 100.000000 73.763236
0.008000 0.053776 100.000000 67.985076
0.003010 0.066996 100.000000 78.699728
-0.009214 0.025433 100.000000 17.781692
0.009915 0.071853 100.000000 93.117391
0.002484 0.098126 100.000000 117.368472
0.005562 0.073005 100.000000 89.298161
-0.007560 0.019970 100.000000 13.965530
-0.000984 0.053652 100.000000 57.363105
0.002039 0.094135 100.000000 111.808324
-0.002545 0.016177 100.000000 11.570712
0.000846 0.056394 100.000000 62.851797
-0.009087 0.042051 100.000000 35.221549
-0.005780 0.014330 100.000000 11.144346
-0.008766 0.007212 100.000000 17.417654
0.003446 0.098420 100.000000 118.874076
0.006982 0.012108 100.000000 14.883274
0.004311 0.036519 100.000000 41.865444
0.008427 0.051088 100.000000 65.121731
-0.001970 0.078683 100.000000 87.707941
-0.009068 0.087045 100.000000 90.421986
0.003441 0.078717 100.000000 93.991552
0.006008 0.048314 100.000000 58.698407
-0.002583 0.048743 100.000000 49.504015
-0.004363 0.098745 100.000000 110.268224
0.007340 0.064274 100.000000 80.417389
0.006199 0.019218 100.000000 22.541954
0.006837 0.076698 100.000000 95.487720
-0.008641 0.009029 100.000000 15.876446
-0.009320 0.040725 100.000000 33.501503
-0.009442 0.067541 100.000000 65.770873
-0.000616 0.081354 100.000000 92.609441
-0.000920 0.067198 100.000000 74.442193
-0.004752 0.076837 100.000000 82.295373
0.003188 0.080400 100.000000 95.818456
-0.000588 0.018654 100.000000 15.051767
-0.007068 0.061310 100.000000 60.458829
0.003807 0.074669 100.000000 89.315403
0.003015 0.080963 100.000000 96.324845
-0.008987 0.062743 100.000000 60.304468
-0.009275 0.045631 100.000000 39.275134
0.007419 0.014297 100.000000 18.013739
-0.003613 0.068616 100.000000 73.232942
0.009154 0.005341 100.000000 10.007465
-0.009945 0.026130 100.000000 18.236720
-0.003441 0.045963 100.000000 45.160879
-0.004407 0.037937 100.000000 34.380227
0.005824 0.068501 100.000000 83.927138
-0.000466 0.076091 100.000000 86.149936
-0.009700 0.028519 100.000000 20.324490
0.005178 0.020357 100.000000 22.749294
-0.006536 0.027048 100.000000 20.241537
-0.007148 0.086130 100.000000 91.338364
-0.004390 0.050100 100.000000 49.309533
0.002475 0.011796 100.000000 10.004925
0.004601 0.095969 100.000000 117.147562
0.003677 0.032968 100.000000 36.687268
-0.008489 0.050933 100.000000 46.332190
-0.008656 0.020700 100.000000 14.566822
-0.001737 0.011711 100.000000 8.693933
-0.001709 0.020063 100.000000 15.787857
-0.004480 0.093852 100.000000 103.978888
-0.004471 0.093685 100.000000 103.778415
0.009439 0.094902 100.000000 121.623895
0.000880 0.081576 100.000000 94.610018
-0.006169 0.096890 100.000000 105.917644
0.009695 0.077903 100.000000 100.478579
0.001365 0.019214 100.000000 17.337389
-0.007402 0.090454 100.000000 96.482952
-0.001852 0.014588 100.000000 10.462794
0.004624 0.090401 100.000000 110.142579
-0.001476 0.003742 100.000000 10.547220
0.001089 0.073627 100.000000 84.828648
0.003071 0.088191 100.000000 105.514770
-0.006484 0.077795 100.000000 81.616826
-0.003841 0.051008 100.000000 51.000385
0.003645 0.088321 100.000000 106.356345
-0.005835 0.004731 100.000000 15.493242
-0.001825 0.072009 100.000000 79.474925
-0.009310 0.093091 100.000000 97.726687
-0.008104 0.044531 100.000000 38.971178
-0.008358 0.010577 100.000000 14.539557
0.006509 0.053185 100.000000 65.435370
-0.003125 0.029662 100.000000 25.631335
0.007426 0.025206 100.000000 31.431603
-0.002604 0.012338 100.000000 9.166773
0.006601 0.055319 100.000000 68.234705
0.001995 0.088077 100.000000 104.109703
0.008216 0.007419 100.000000 11.037225
0.005654 0.073423 100.000000 89.934696
-0.009564 0.012472 100.000000 15.024163
0.001605 0.028002 100.000000 28.219400
-0.009595 0.036041 100.000000 28.032457
0.007583 0.008818 100.000000 11.816343
-0.006439 0.050065 100.000000 47.219553
0.002957 0.012438 100.000000 11.063747
0.004605 0.007391 100.000000 7.368857
0.008641 0.084813 100.000000 107.914188
0.003768 0.056555 100.000000 66.426257
0.000071 0.010045 100.000000 7.682022
0.001338 0.054771 100.000000 61.369886
0.000297 0.031872 100.000000 31.613379
-0.007801 0.006769 100.000000 16.457935
-0.000946 0.091006 100.000000 104.399446
-0.007646 0.089073 100.000000 94.486868
0.009067 0.064523 100.000000 82.833354
-0.006278 0.087988 100.000000 94.616955
0.005877 0.004899 100.000000 6.324656
0.007125 0.082291 100.000000 102.895967
0.003219 0.081515 100.000000 97.262674
0.006681 0.021005 100.000000 25.317647
-0.007533 0.089997 100.000000 95.767096
0.004848 0.050698 100.000000 60.319588
-0.009009 0.094352 100.000000 99.629106
-0.007051 0.088644 100.000000 94.595350
-0.006714 0.068237 100.000000 69.435048
0.004646 0.013253 100.000000 13.604772
-0.006813 0.085075 100.000000 90.378899
-0.005942 0.007197 100.000000 13.643371
0.009730 0.043012 100.000000 56.569413
-0.004362 0.007309 100.000000 11.562302
-0.009035 0.057699 100.000000 54.061764
0.004290 0.086020 100.000000 104.214605
0.002250 0.010203 100.000000 8.340870
-0.001887 0.079366 100.000000 88.661319
0.009123 0.074556 100.000000 95.556699
-0.000439 0.032875 100.000000 32.085759
-0.002420 0.071398 100.000000 78.041858
-0.004004 0.087165 100.000000 96.098270
-0.009198 0.022876 100.000000 15.918229
0.007468 0.016147 100.000000 20.311250
-0.001153 0.067318 100.000000 74.330993
0.003206 0.002846 100.000000 6.159171
-0.002666 0.023508 100.000000 18.898652
-0.009017 0.069829 100.000000 69.032781
-0.009995 0.051432 100.000000 45.571448
0.004117 0.019390 100.000000 20.368336
0.009006 0.089346 100.000000 114.081897
-0.003162 0.026845 100.000000 22.309505
0.002606 0.036809 100.000000 40.272439
-0.005557 0.099407 100.000000 109.764949
-0.002718 0.028230 100.000000 24.295526
0.006556 0.063549 100.000000 78.556952
0.004336 0.020247 100.000000 21.658711
0.001127 0.020452 100.000000 18.573729
-0.004118 0.090470 100.000000 100.127947
-0.008501 0.074263 100.000000 75.073124
0.005208 0.013999 100.000000 15.085888
0.007539 0.051954 100.000000 65.128236
-0.003289 0.034801 100.000000 31.633006
-0.002018 0.048199 100.000000 49.425625
0.005818 0.069389 100.000000 85.040280
-0.006031 0.014110 100.000000 11.275586
0.003058 0.095577 100.000000 114.825291
-0.007868 0.090384 100.000000 95.890564
0.001320 0.036559 100.000000 38.526466
0.005780 0.091589 100.000000 113.021754
-0.008566 0.028268 100.000000 20.498588
-0.004052 0.055959 100.000000 56.938020
-0.003545 0.057833 100.000000 59.812968
-0.002069 0.049917 100.000000 51.512740
-0.001124 0.035526 100.000000 34.647449
-0.002539 0.002416 100.000000 13.117237
-0.000965 0.056319 100.000000 60.727419
-0.002110 0.034900 100.000000 32.887500
-0.008492 0.082977 100.000000 85.949943
-0.009789 0.014483 100.000000 14.525249
-0.009238 0.043113 100.000000 36.340761
-0.000514 0.067772 100.000000 75.621875
0.003217 0.070406 100.000000 83.242401
0.007793 0.042114 100.000000 53.054084
0.005823 0.055040 100.000000 66.948981
-0.006773 0.091367 100.000000 98.314928
-0.003514 0.071464 100.000000 76.913828
-0.000202 0.081251 100.000000 92.954036
0.009923 0.043342 100.000000 57.223439
-0.004543 0.068702 100.000000 72.328189
0.001047 0.037518 100.000000 39.422921
0.001712 0.031997 100.000000 33.279620
-0.003278 0.064324 100.000000 68.219310
-0.003696 0.069453 100.000000 74.191734
-0.007494 0.067097 100.000000 67.202655
-0.008634 0.001615 100.000000 22.431913
-0.003055 0.052731 100.000000 53.971194
-0.004335 0.076691 100.000000 82.570596
0.008008 0.088046 100.000000 111.228228
0.001304 0.060265 100.000000 68.243699
-0.005738 0.068700 100.000000 71.043237
-0.005756 0.073923 100.000000 77.554903
0.009566 0.038459 100.000000 50.649292
-0.004561 0.067666 100.000000 71.012861
0.005124 0.023854 100.000000 27.004268
0.008070 0.091524 100.000000 115.695245
-0.008640 0.017897 100.000000 13.488512
0.001867 0.002843 100.000000 7.352369
0.006812 0.099421 100.000000 124.151688
0.004963 0.032292 100.000000 37.332681
-0.003579 0.063864 100.000000 67.316276
-0.004547 0.054634 100.000000 54.770503
-0.004254 0.096687 100.000000 107.800838
0.001305 0.006316 100.000000 6.440599
-0.000444 0.036174 100.000000 36.152554
-0.001517 0.049274 100.000000 51.304845
-0.002796 0.078970 100.000000 87.141814
0.007218 0.036928 100.000000 45.840318
-0.000508 0.095955 100.000000 111.145464
-0.002631 0.040049 100.000000 38.685469
-0.004732 0.070047 100.000000 73.808218
-0.009779 0.099956 100.000000 105.818997
-0.000967 0.070020 100.000000 77.937851
-0.004199 0.004768 100.000000 13.243077
0.004408 0.068507 100.000000 82.249994
0.000053 0.091645 100.000000 106.354510
0.001222 0.027246 100.000000 26.885979
0.003666 0.034294 100.000000 38.333144
-0.005902 0.096038 100.000000 105.144025
-0.001417 0.081876 100.000000 92.355198
-0.006313 0.027607 100.000000 20.952182
-0.009200 0.014112 100.000000 14.018883
0.009247 0.082965 100.000000 106.319039
0.009709 0.047573 100.000000 62.276070
0.002996 0.078859 100.000000 93.647394
0.007722 0.055161 100.000000 69.391318
0.005446 0.010687 100.000000 11.514010
0.001721 0.076149 100.000000 88.740569
0.007232 0.052554 100.000000 65.512001
-0.005678 0.031695 100.000000 25.910400
-0.009614 0.073006 100.000000 72.364305
-0.005111 0.089064 100.000000 97.254629
-0.001406 0.086640 100.000000 98.369409
0.008840 0.087228 100.000000 111.204499
0.003361 0.007434 100.000000 6.689002
-0.005793 0.044367 100.000000 40.878341
-0.005266 0.080230 100.000000 85.988914
0.002992 0.023052 100.000000 23.620143
0.005795 0.040647 100.000000 48.798904
0.006626 0.047367 100.000000 58.248361
0.003749 0.026746 100.000000 29.017590
0.005771 0.004811 100.000000 6.196315
0.009896 0.076985 100.000000 99.566925
0.005190 0.074950 100.000000 91.309339
-0.002218 0.036127 100.000000 34.282263
-0.000441 0.012782 100.000000 9.399496
-0.005365 0.064304 100.000000 65.952211
-0.009547 0.035587 100.000000 27.565994
0.003988 0.018938 100.000000 19.678263
-0.004136 0.022745 100.000000 17.112306
0.000722 0.010856 100.000000 8.250860
-0.005051 0.066256 100.000000 68.723512
-0.001482 0.085474 100.000000 96.813078
0.009024 0.001794 100.000000 6.914733
0.004857 0.023116 100.000000 25.782606
0.003058 0.009570 100.000000 8.251954
0.007276 0.065203 100.000000 81.512589
0.003401 0.033966 100.000000 37.619270
0.000312 0.080815 100.000000 92.994968
0.009083 0.040290 100.000000 52.347887
-0.006748 0.050647 100.000000 47.631971
-0.001682 0.004164 100.000000 10.466458
-0.007275 0.099234 100.000000 107.642848
0.009727 0.085424 100.000000 110.009759
-0.000721 0.051624 100.000000 55.112540
-0.003415 0.038727 100.000000 36.285714
0.007722 0.089283 100.000000 112.444684
0.001299 0.020863 100.000000 19.226812
-0.008416 0.030249 100.000000 22.549704
0.002104 0.032542 100.000000 34.385849
0.004788 0.084602 100.000000 103.015340
0.009195 0.077757 100.000000 99.683766
0.006442 0.077469 100.000000 95.985830
0.009017 0.026938 100.000000 35.555541
-0.001824 0.062252 100.000000 67.219518
0.003770 0.031376 100.000000 34.805519
0.007513 0.011185 100.000000 14.435986
-0.009597 0.074525 100.000000 74.266558
-0.007152 0.057078 100.000000 55.142175
-0.005876 0.044788 100.000000 41.312282
0.005369 0.066739 100.000000 81.161808
-0.001599 0.088032 100.000000 99.903603
-0.005440 0.021382 100.000000 15.215064
-0.004309 0.008686 100.000000 10.737509
0.007331 0.052170 100.000000 65.148763
0.009010 0.065374 100.000000 83.836286
0.002554 0.046985 100.000000 52.973504
0.005276 0.088202 100.000000 108.141674
-0.008795 0.058012 100.000000 54.675727
0.004260 0.074512 100.000000 89.652244
0.008209 0.010293 100.000000 14.248607
0.003160 0.076545 100.000000 90.920400
-0.008467 0.001737 100.000000 22.069835
-0.009035 0.052846 100.000000 48.146527
0.005236 0.074958 100.000000 91.373838
0.002561 0.084060 100.000000 99.701837
0.006906 0.011306 100.000000 13.855487
0.000951 0.063400 100.000000 71.786590
0.001235 0.007431 100.000000 6.554931
0.005097 0.054872 100.000000 65.873270
0.004802 0.098681 100.000000 120.811463
0.009962 0.014982 100.000000 22.033586
0.003039 0.044299 100.000000 50.157001
0.004852 0.054236 100.000000 64.780817
0.004321 0.067226 100.000000 80.531836
-0.007750 0.083957 100.000000 87.967860
-0.002655 0.063090 100.000000 67.354876
0.007038 0.069255 100.000000 86.336351
-0.001041 0.093671 100.000000 107.650665
0.000836 0.088797 100.000000 103.667668
-0.009516 0.044969 100.000000 38.292469
0.001422 0.051858 100.000000 57.804960
-0.008662 0.014447 100.000000 13.412360
0.007653 0.082524 100.000000 103.827428
-0.007344 0.088818 100.000000 94.495231
0.003917 0.009124 100.000000 8.441068
-0.004961 0.064024 100.000000 66.032211
-0.000227 0.065202 100.000000 72.713278
-0.002122 0.042258 100.000000 41.934934
-0.005027 0.071513 100.000000 75.324217
0.007210 0.008807 100.000000 11.367932
-0.003311 0.079858 100.000000 87.681776
-0.000398 0.020523 100.000000 17.299896
-0.001681 0.094439 100.000000 107.885143
0.007340 0.008877 100.000000 11.597427
-0.005389 0.063284 100.000000 64.654884
0.006733 0.077594 100.000000 96.494409
-0.005698 0.056828 100.000000 56.305378
0.006496 0.049094 100.000000 60.266143
0.006106 0.063869 100.000000 78.421308
-0.007101 0.022530 100.000000 15.782707
-0.009318 0.028288 100.000000 20.236727
0.003409 0.037508 100.000000 42.062477
0.007651 0.090217 100.000000 113.537499
-0.008313 0.062284 100.000000 60.406803
0.009355 0.086016 100.000000 110.302114
0.008691 0.063574 100.000000 81.177144
-0.008108 0.023166 100.000000 16.141223
0.009884 0.040944 100.000000 54.163950
-0.005237 0.066921 100.000000 69.356110
-0.003443 0.093959 100.000000 105.278585
-0.001353 0.043285 100.000000 44.016912
0.003340 0.041778 100.000000 47.338361
0.005185 0.087501 100.000000 107.149172
-0.007461 0.081635 100.000000 85.373394
-0.004409 0.081172 100.000000 88.115667
0.002883 0.054573 100.000000 62.898251
0.008949 0.063755 100.000000 81.720775
0.005868 0.031101 100.000000 36.911660
-0.005056 0.046109 100.000000 43.719381
-0.009880 0.026457 100.000000 18.505932
0.005999 0.085731 100.000000 105.886644
0.002794 0.075073 100.000000 88.634397
-0.007422 0.070713 100.000000 71.777955
-0.009037 0.022454 100.000000 15.636814
-0.005715 0.017776 100.000000 12.454618
0.009467 0.077811 100.000000 100.084138
-0.008018 0.074980 100.000000 76.471050
-0.000049 0.049423 100.000000 53.098494
0.004350 0.098517 100.000000 120.067484
-0.004809 0.099336 100.000000 110.511415
-0.004664 0.001054 100.000000 17.386771
-0.007496 0.054102 100.000000 51.142410
-0.008595 0.079261 100.000000 81.202870
-0.005548 0.022282 100.000000 15.996048
-0.009067 0.075007 100.000000 75.411448
-0.008425 0.066297 100.000000 65.257685
-0.003695 0.067760 100.000000 72.070657
0.003860 0.063256 100.000000 74.980903
-0.009579 0.018624 100.000000 14.183205
0.009871 0.076418 100.000000 98.821288
0.000906 0.024916 100.000000 23.717872
-0.007764 0.014678 100.000000 12.585935
-0.009429 0.087577 100.000000 90.704337
-0.008894 0.082542 100.000000 84.982234
-0.005998 0.005499 100.000000 15.053476
0.005562 0.078529 100.000000 96.270366
0.007098 0.090294 100.000000 112.967255
-0.006648 0.063318 100.000000 63.381525
0.001240 0.032861 100.000000 33.839289
0.009987 0.085881 100.000000 110.903136
0.009359 0.055038 100.000000 71.239580
0.009300 0.037295 100.000000 48.857912
0.003511 0.027002 100.000000 29.067679
-0.004112 0.068984 100.000000 73.149678
0.001053 0.036068 100.000000 37.622531
-0.002651 0.037601 100.000000 35.658509
0.004364 0.018153 100.000000 19.137864
-0.009937 0.083141 100.000000 84.633134
0.007535 0.040836 100.000000 51.132991
0.006697 0.053327 100.000000 65.840710
-0.000804 0.046760 100.000000 48.936969
0.000205 0.051026 100.000000 55.388861
0.004907 0.001991 100.000000 5.534138
-0.004727 0.007699 100.000000 11.766101
-0.003653 0.074720 100.000000 80.847766
-0.003813 0.033099 100.000000 29.107709
-0.001143 0.061452 100.000000 66.970231
0.004834 0.075945 100.000000 92.141193
-0.005767 0.033192 100.000000 27.564868
-0.007900 0.082327 100.000000 85.768402
0.002922 0.016140 100.000000 15.222134
-0.005925 0.076498 100.000000 80.595660
-0.008535 0.096641 100.000000 103.009771
0.003785 0.019259 100.000000 19.847285
0.007245 0.092366 100.000000 115.761614
0.008193 0.088228 100.000000 111.682667
-0.001319 0.039565 100.000000 39.435272
-0.009269 0.058353 100.000000 54.637451
0.002209 0.096818 100.000000 115.395239
0.007421 0.007153 100.000000 9.829960
0.002562 0.067844 100.000000 79.245767
0.007375 0.099915 100.000000 125.452936
0.001245 0.061689 100.000000 69.968653
-0.009259 0.050493 100.000000 45.098806
-0.002467 0.029645 100.000000 26.195417
-0.008642 0.088381 100.000000 92.547855
0.000419 0.080464 100.000000 92.676575
-0.000509 0.049737 100.000000 52.983304
-0.009399 0.082430 100.000000 84.310272
-0.005579 0.033744 100.000000 28.358094
0.006091 0.071231 100.000000 87.690993
0.008219 0.025512 100.000000 32.787468
-0.001825 0.054924 100.000000 58.034286
0.002526 0.083453 100.000000 98.894384
0.007188 0.092290 100.000000 115.596975
-0.009359 0.076532 100.000000 77.005713
0.007169 0.005096 100.000000 7.572570
-0.002692 0.007802 100.000000 9.380856
0.004806 0.046404 100.000000 54.864788
-0.008905 0.029262 100.000000 21.323589
0.008816 0.070771 100.000000 90.406342
0.007095 0.056882 100.000000 70.801136
-0.009210 0.050411 100.000000 45.043810
-0.001112 0.079860 100.000000 90.161861
0.007941 0.014458 100.000000 18.848230
0.006014 0.045243 100.000000 54.840654
-0.007857 0.057245 100.000000 54.649309
0.002531 0.050961 100.000000 57.945525
0.004226 0.041302 100.000000 47.769103
-0.008894 0.051488 100.000000 46.630997
-0.006689 0.039029 100.000000 33.648439
-0.008383 0.047752 100.000000 42.585295
0.009414 0.036020 100.000000 47.402029
-0.004605 0.043523 100.000000 40.991551
-0.008586 0.056298 100.000000 52.778480
0.005823 0.076864 100.000000 94.480967
-0.003645 0.080547 100.000000 88.177788
0.001625 0.070231 100.000000 81.166577
-0.007355 0.096373 100.000000 103.962062
-0.004850 0.085037 100.000000 92.482223
0.004047 0.017867 100.000000 18.444690
-0.000546 0.001073 100.000000 11.764214
-0.001744 0.022824 100.000000 18.833437
0.008623 0.057973 100.000000 74.033149
-0.006846 0.074606 100.000000 77.242195
0.008749 0.041845 100.000000 53.887626
-0.008359 0.030728 100.000000 23.076372
0.007649 0.035799 100.000000 44.948258
0.006261 0.023928 100.000000 28.436117
-0.000206 0.075164 100.000000 85.280054
0.004038 0.052063 100.000000 61.084106
0.006150 0.046516 100.000000 56.605000
-0.006147 0.069421 100.000000 71.508936
0.003600 0.054614 100.000000 63.783639
0.006850 0.022233 100.000000 27.040197
0.002317 0.082396 100.000000 97.316447
-0.002401 0.081443 100.000000 90.696144
0.001904 0.015443 100.000000 13.478250
-0.009814 0.090630 100.000000 94.109655
-0.004580 0.069161 100.000000 72.863701
0.001693 0.094157 100.000000 111.430677
-0.008612 0.027259 100.000000 19.522820
0.006971 0.032452 100.000000 39.926702
-0.000757 0.019630 100.000000 16.003442
0.004950 0.063123 100.000000 76.101540
-0.000924 0.062736 100.000000 68.828385
0.006501 0.040565 100.000000 49.541021
0.007602 0.052737 100.000000 66.190691
-0.006076 0.013018 100.000000 11.297566
-0.005224 0.058671 100.000000 59.084381
0.004648 0.031876 100.000000 36.444322
0.005588 0.054222 100.000000 65.639154
-0.001585 0.092490 100.000000 105.538080
0.009233 0.022830 100.000000 30.723088
-0.008886 0.037808 100.000000 30.489169
0.006841 0.064321 100.000000 79.874702
0.005891 0.087824 100.000000 108.400016
0.009400 0.005981 100.000000 10.960578
0.003246 0.031534 100.000000 34.406555
0.002202 0.069262 100.000000 80.615008
0.004625 0.045577 100.000000 53.611064
0.003154 0.066960 100.000000 78.822829
0.008673 0.062364 100.000000 79.628938
0.001418 0.032588 100.000000 33.693716
0.003143 0.060337 100.000000 70.460562
-0.000294 0.056919 100.000000 62.227043
-0.006349 0.074771 100.000000 77.977833
0.008141 0.009134 100.000000 12.841340
0.009175 0.092436 100.000000 118.188810
0.008395 0.090483 100.000000 114.774829
-0.001918 0.091282 100.000000 103.635600
0.008534 0.025272 100.000000 32.879130
0.000757 0.064793 100.000000 73.318223
-0.009970 0.020466 100.000000 14.896519
0.004533 0.082314 100.000000 99.824183
0.000863 0.008998 100.000000 7.143267
0.006186 0.093150 100.000000 115.478934
-0.009014 0.085314 100.000000 88.317288
0.006958 0.091474 100.000000 114.290554
0.001946 0.087767 100.000000 103.661441
-0.004301 0.022912 100.000000 17.192181
0.007531 0.089904 100.000000 112.997096
0.008974 0.067040 100.000000 85.893443
-0.001158 0.047820 100.000000 49.877514
-0.000617 0.062358 100.000000 68.696979
0.001285 0.053881 100.000000 60.191443
-0.001324 0.064701 100.000000 70.849679
-0.002701 0.038364 100.000000 36.543719
-0.006743 0.013740 100.000000 11.798043
0.005309 0.008703 100.000000 9.228957
0.005421 0.004126 100.000000 5.644904
0.003280 0.014395 100.000000 13.546877
-0.009835 0.029113 100.000000 20.826447
0.003590 0.009055 100.000000 8.136099
-0.000668 0.020331 100.000000 16.860231
0.004060 0.043575 100.000000 50.430867
0.005678 0.029521 100.000000 34.711572
-0.009616 0.092142 100.000000 96.212202
-0.009817 0.091300 100.000000 94.944255
0.009281 0.061769 100.000000 79.623961
0.003035 0.071827 100.000000 84.821294
-0.007882 0.084981 100.000000 89.107717
-0.005506 0.075296 100.000000 79.543272
-0.009880 0.012096 100.000000 15.584216
0.004941 0.071411 100.000000 86.546828
0.001190 0.090839 100.000000 106.656665
0.004408 0.073489 100.000000 88.536297
-0.004188 0.046325 100.000000 44.849741
0.003629 0.095886 100.000000 115.890008
0.001817 0.083485 100.000000 98.107458
-0.003899 0.083751 100.000000 91.922122
0.000090 0.073794 100.000000 83.890812
-0.009368 0.038218 100.000000 30.606441
-0.003227 0.089185 100.000000 99.511441
0.008691 0.032528 100.000000 42.131385
-0.000304 0.083474 100.000000 95.639285
-0.001093 0.022905 100.000000 19.461331
0.006693 0.067022 100.000000 83.103994
-0.000421 0.095145 100.000000 110.222959
0.004762 0.010239 100.000000 10.326787
0.001210 0.040265 100.000000 43.031440
0.007433 0.067626 100.000000 84.758731
0.009054 0.030708 100.000000 40.305690
-0.001174 0.089709 100.000000 102.502799
0.009515 0.073373 100.000000 94.544462
0.003228 0.024896 100.000000 26.146205
0.005914 0.052977 100.000000 64.459396
-0.009826 0.015298 100.000000 14.368677
-0.003706 0.007409 100.000000 10.712623
-0.009603 0.063765 100.000000 60.955064
-0.000868 0.092631 100.000000 106.537096
0.009133 0.003948 100.000000 8.662815
0.000054 0.015817 100.000000 12.464135
-0.001209 0.012119 100.000000 8.840649
0.002722 0.008355 100.000000 7.080288
0.003788 0.095552 100.000000 115.656312
0.006354 0.028146 100.000000 33.799675
0.001204 0.087757 100.000000 102.783571
0.002271 0.075074 100.000000 88.023908
-0.004146 0.066196 100.000000 69.621288
-0.007761 0.031227 100.000000 23.949975
-0.000004 0.076860 100.000000 87.646559
0.001402 0.073818 100.000000 85.431168
-0.008128 0.093555 100.000000 99.582333
0.006251 0.036083 100.000000 43.612096
0.009825 0.054928 100.000000 71.673727
-0.006838 0.009775 100.000000 13.129645
0.005045 0.012472 100.000000 13.122310
0.002627 0.048280 100.000000 54.685897
0.002684 0.026405 100.000000 27.412210
0.008295 0.032717 100.000000 41.877520
-0.000530 0.084154 100.000000 96.236640
0.006239 0.053423 100.000000 65.410880
0.005316 0.089337 100.000000 109.623621
0.005954 0.067490 100.000000 82.807153
0.007996 0.056720 100.000000 71.688978
-0.000974 0.038216 100.000000 38.125387
-0.009242 0.016507 100.000000 13.732557
0.000665 0.031809 100.000000 31.921247
-0.003892 0.067277 100.000000 71.249671
0.002297 0.080985 100.000000 95.512233
0.006647 0.029541 100.000000 35.893158
-0.004777 0.082043 100.000000 88.801557
-0.001965 0.056070 100.000000 59.316457
-0.007264 0.008681 100.000000 14.323923
0.008862 0.084862 100.000000 108.245545
-0.008878 0.068971 100.000000 68.110505
-0.004195 0.059832 100.000000 61.615120
0.005627 0.091825 100.000000 113.136431
-0.006797 0.042809 100.000000 38.065676
0.005378 0.072987 100.000000 89.054747
0.009708 0.079434 100.000000 102.426598
0.000116 0.032528 100.000000 32.233659
-0.000476 0.067098 100.000000 74.817418
-0.003961 0.054532 100.000000 55.255460
0.008435 0.069075 100.000000 87.802637
0.008361 0.091608 100.000000 116.153762
-0.005415 0.067321 100.000000 69.665418
-0.005155 0.012511 100.000000 10.592070
-0.007328 0.078414 100.000000 81.487156
-0.002825 0.075118 100.000000 82.266344
0.007231 0.046425 100.000000 57.794411
0.005044 0.047723 100.000000 56.807079
-0.008064 0.054310 100.000000 50.846379
-0.004454 0.076896 100.000000 82.696422
0.002196 0.063418 100.000000 73.241525
0.000423 0.037586 100.000000 38.828819
-0.008309 0.013781 100.000000 13.205766
0.004899 0.056095 100.000000 67.179820
-0.003837 0.001859 100.000000 15.427854
0.005139 0.041090 100.000000 48.577054
-0.008647 0.009556 100.000000 15.527796
-0.000817 0.066648 100.000000 73.866088
0.008696 0.008915 100.000000 13.276520
0.005638 0.060025 100.000000 73.013381
-0.000084 0.022048 100.000000 19.341294
-0.003162 0.011811 100.000000 9.251100
-0.001948 0.035812 100.000000 34.165446
-0.009327 0.071419 100.000000 70.688922
0.007980 0.047368 100.000000 59.891471
0.006314 0.025120 100.000000 29.980277
0.007411 0.011257 100.000000 14.397517
-0.003591 0.097611 100.000000 109.712066
-0.000171 0.059175 100.000000 65.199190
-0.003958 0.043425 100.000000 41.509179
-0.002150 0.072026 100.000000 79.132701
0.008740 0.004398 100.000000 8.619666
0.007692 0.043335 100.000000 54.466399
-0.007204 0.030757 100.000000 23.788875
0.005837 0.030306 100.000000 35.879999
-0.005824 0.050193 100.000000 47.981155
-0.000964 0.001025 100.000000 12.362212
-0.006439 0.053216 100.000000 51.091827
0.002240 0.017075 100.000000 15.657552
-0.008794 0.083062 100.000000 85.736905
-0.001219 0.018528 100.000000 14.472481
0.002624 0.026705 100.000000 27.716960
0.007991 0.079637 100.000000 100.592174
-0.009335 0.008841 100.000000 16.930419
-0.007607 0.074291 100.000000 76.042426
-0.001987 0.062659 100.000000 67.549751
0.005225 0.026800 100.000000 30.782236
0.009301 0.080703 100.000000 103.531562
-0.008841 0.001956 100.000000 22.381087
-0.004573 0.024702 100.000000 18.910566
0.006264 0.006998 100.000000 8.442262
-0.003107 0.069360 100.000000 74.722545
-0.001938 0.009722 100.000000 8.323745
0.003870 0.060241 100.000000 71.190900
-0.006770 0.054854 100.000000 52.780885
0.003420 0.044862 100.000000 51.304564
-0.002580 0.049708 100.000000 50.708172
0.009596 0.059652 100.000000 77.342996
-0.006073 0.074163 100.000000 77.512947
0.002610 0.085131 100.000000 101.111595
0.005456 0.071056 100.000000 86.712536
-0.003864 0.018229 100.000000 12.933722
0.007434 0.076104 100.000000 95.458475
-0.005660 0.010142 100.000000 11.593426
-0.008113 0.070636 100.000000 70.962326
0.007986 0.052973 100.000000 66.956474
-0.002388 0.084389 100.000000 94.419340
0.004415 0.002554 100.000000 5.560030
0.007015 0.050738 100.000000 62.962877
0.009700 0.099549 100.000000 127.808559
-0.002357 0.012959 100.000000 9.384255
-0.003790 0.043328 100.000000 41.557530
0.009552 0.060076 100.000000 77.823124
-0.006410 0.005423 100.000000 15.679662
0.008758 0.016100 100.000000 21.854378
0.001230 0.098428 100.000000 116.280983
-0.008835 0.031279 100.000000 23.394004
-0.000580 0.043392 100.000000 44.978430
0.007225 0.005292 100.000000 7.800988
0.003071 0.035337 100.000000 38.958464
-0.003932 0.012631 100.000000 9.806802
0.001850 0.006569 100.000000 6.224176
-0.000930 0.076763 100.000000 86.467549
-0.009339 0.057730 100.000000 53.808567
0.006965 0.034065 100.000000 41.941641
-0.001304 0.056865 100.000000 61.037475
-0.007189 0.051268 100.000000 47.967820
0.009325 0.041763 100.000000 54.497508
-0.003719 0.099649 100.000000 112.132927
-0.003325 0.091999 100.000000 102.943276
0.003610 0.052024 100.000000 60.535910
-0.003869 0.013097 100.000000 9.882887
0.003084 0.079570 100.000000 94.648922
0.004106 0.096957 100.000000 117.807703
-0.001595 0.095333 100.000000 109.111296
0.005471 0.090787 100.000000 111.639079
0.008266 0.068395 100.000000 86.739762
0.001086 0.096097 100.000000 113.170577
-0.003681 0.056297 100.000000 57.752358
0.004394 0.022871 100.000000 24.949914
0.008160 0.070672 100.000000 89.482917
-0.009707 0.026622 100.000000 18.669707
0.005121 0.096544 100.000000 118.493025
-0.003616 0.090773 100.000000 101.072321
-0.000422 0.046257 100.000000 48.725632
-0.004960 0.046647 100.000000 44.476061
-0.000631 0.065031 100.000000 72.042587
-0.002986 0.032100 100.000000 28.659691
0.004461 0.067765 100.000000 81.377337
0.000859 0.024565 100.000000 23.244338
-0.000155 0.021433 100.000000 18.558485
0.008345 0.008183 100.000000 12.025794
-0.001010 0.091410 100.000000 104.834848
0.003272 0.098275 100.000000 118.485535
-0.005927 0.093493 100.000000 101.917573
-0.002020 0.025863 100.000000 22.117568
0.009466 0.089837 100.000000 115.260377
0.001756 0.078521 100.000000 91.773209
0.002886 0.077074 100.000000 91.266837
0.007839 0.009486 100.000000 12.873279
0.003169 0.093451 100.000000 112.272602
-0.006297 0.074442 100.000000 77.622672
-0.008416 0.019156 100.000000 13.784025
-0.005057 0.056598 100.000000 56.680772
0.005736 0.068633 100.000000 83.988524
0.008043 0.019860 100.000000 25.566384
0.006741 0.061041 100.000000 75.617831
-0.009640 0.028646 100.000000 20.460083
-0.001896 0.085832 100.000000 96.792992
0.003700 0.084471 100.000000 101.560450
0.002566 0.059013 100.000000 68.121678
0.005950 0.099741 100.000000 123.522353
-0.008095 0.001224 100.000000 22.062681
0.009890 0.047998 100.000000 63.034600
0.005575 0.025403 100.000000 29.454875
0.007076 0.013455 100.000000 16.591802
-0.001674 0.092782 100.000000 105.804970
0.002752 0.011295 100.000000 9.702643
0.004301 0.071775 100.000000 86.246950
-0.002929 0.043552 100.000000 42.704835
0.009401 0.035202 100.000000 46.361377
-0.000431 0.021547 100.000000 18.450455
-0.007177 0.047838 100.000000 43.796214
0.001160 0.069401 100.000000 79.585825
-0.002768 0.065441 100.000000 70.178271
0.008830 0.002701 100.000000 7.323086
0.006799 0.035267 100.000000 43.248957
0.000194 0.085295 100.000000 98.508987
0.001968 0.029978 100.000000 31.052889
0.000238 0.088418 100.000000 102.498811
0.005904 0.015672 100.000000 17.874897
0.008097 0.059282 100.000000 75.041450
-0.001966 0.024956 100.000000 21.105486
0.009921 0.028307 100.000000 38.396057
0.006529 0.025246 100.000000 30.395022
-0.005201 0.048933 100.000000 47.048537
0.000767 0.035534 100.000000 36.648958
0.006066 0.041942 100.000000 50.750171
0.001376 0.041762 100.000000 45.088240
-0.008513 0.091562 100.000000 96.668781
-0.001361 0.067943 100.000000 74.882931
0.004988 0.033495 100.000000 38.868768
0.003185 0.025549 100.000000 26.904691
0.001207 0.069616 100.000000 79.909170
0.004424 0.088289 100.000000 107.237358
0.005369 0.025861 100.000000 29.782698
0.002358 0.089894 100.000000 106.827525
-0.003886 0.093981 100.000000 104.807902
-0.005664 0.006022 100.000000 14.172001
0.002860 0.052261 100.000000 59.960861
-0.000240 0.046949 100.000000 49.790304
0.004786 0.056816 100.000000 67.955084
0.005476 0.030544 100.000000 35.750177
0.002155 0.041146 100.000000 45.192817
0.001288 0.012506 100.000000 9.916732
-0.002383 0.095183 100.000000 108.022319
-0.005671 0.094494 100.000000 103.458062
-0.006448 0.009758 100.000000 12.672543
0.006257 0.055254 100.000000 67.740094
0.003026 0.004661 100.000000 5.744320
0.000270 0.023007 100.000000 20.800156
-0.009221 0.035314 100.000000 27.474968
-0.002655 0.068930 100.000000 74.681163
-0.004956 0.068989 100.000000 72.241846
-0.004120 0.040871 100.000000 38.220042
0.006744 0.046749 100.000000 57.611351
0.002551 0.030813 100.000000 32.731068
-0.002971 0.096919 100.000000 109.541676
0.008162 0.013043 100.000000 17.422786
-0.000947 0.076618 100.000000 86.266512
-0.000337 0.034656 100.000000 34.387530
0.004342 0.088697 100.000000 107.655189
-0.009162 0.023611 100.000000 16.411371
0.003892 0.076781 100.000000 92.079654
-0.008125 0.097683 100.000000 104.764595
0.004217 0.085312 100.000000 103.233469
-0.001046 0.047135 100.000000 49.143537
-0.005841 0.088579 100.000000 95.838781
-0.006665 0.031236 100.000000 24.673277
-0.006880 0.079506 100.000000 83.332019
0.005368 0.028369 100.000000 32.905368
-0.004073 0.008713 100.000000 10.463578
-0.002116 0.070870 100.000000 77.718278
0.003933 0.026281 100.000000 28.647909
0.007355 0.098148 100.000000 123.197111
0.002776 0.027325 100.000000 28.650942
-0.006348 0.063617 100.000000 64.063877
-0.004663 0.035331 100.000000 31.015031
-0.003305 0.047993 100.000000 47.816220
0.007108 0.068451 100.000000 85.407320
-0.009018 0.050554 100.000000 45.389308
0.002063 0.056461 100.000000 64.327143
-0.001843 0.001240 100.000000 13.320362
0.003673 0.052126 100.000000 60.737419
0.000909 0.072782 100.000000 83.557479
-0.003191 0.060105 100.000000 63.033080
-0.006367 0.024575 100.000000 17.843356
-0.004417 0.026393 100.000000 20.853534
0.008928 0.077965 100.000000 99.620190
-0.005974 0.058406 100.000000 57.978506
0.003103 0.098061 100.000000 118.015069
0.005251 0.034939 100.000000 40.986856
0.003517 0.080213 100.000000 95.969811
0.006526 0.023647 100.000000 28.402618
0.003620 0.028986 100.000000 31.655465
-0.007681 0.038601 100.000000 32.323018
-0.001275 0.017947 100.000000 13.826301
0.009375 0.045121 100.000000 58.779039
-0.002253 0.035663 100.000000 33.679958
0.003456 0.092797 100.000000 111.785542
-0.005777 0.007878 100.000000 12.958547
0.003599 0.002360 100.000000 6.117329
0.006051 0.044158 100.000000 53.518812
0.005846 0.047225 100.000000 57.134299
0.001069 0.008583 100.000000 6.948075
-0.004404 0.071982 100.000000 76.588096
-0.002286 0.015033 100.000000 10.718130
-0.003771 0.055904 100.000000 57.166483
-0.009861 0.044050 100.000000 36.935156
0.001173 0.028683 100.000000 28.601540
0.003503 0.038896 100.000000 43.910750
0.001096 0.052141 100.000000 57.790722
-0.007819 0.045920 100.000000 40.887346
0.007723 0.028951 100.000000 36.464414
-0.005573 0.020350 100.000000 14.297025
0.008627 0.011887 100.000000 16.630601
-0.005974 0.018252 100.000000 12.764812
0.006816 0.049529 100.000000 61.199775
0.003562 0.022137 100.000000 23.117915
-0.003301 0.076234 100.000000 83.139478
-0.003176 0.037810 100.000000 35.398287
-0.006873 0.067431 100.000000 68.264120
0.007637 0.043739 100.000000 54.908131
0.005424 0.057965 100.000000 70.160692
0.005718 0.080199 100.000000 98.565447
-0.001269 0.022527 100.000000 18.878099
0.002814 0.014276 100.000000 12.973073
0.008042 0.094450 100.000000 119.356627
0.004781 0.026819 100.000000 30.289282
-0.005088 0.045296 100.000000 42.691805
-0.008080 0.071909 100.000000 72.580720
-0.008958 0.061377 100.000000 58.650717
-0.007428 0.035951 100.000000 29.454343
0.001694 0.043982 100.000000 48.226454
0.008018 0.069651 100.000000 88.023558
0.005798 0.091425 100.000000 112.836118
-0.005052 0.073905 100.000000 78.293322
0.009783 0.023788 100.000000 32.604534
0.002840 0.022578 100.000000 22.875145
-0.005283 0.061994 100.000000 63.158567
0.006478 0.036741 100.000000 44.710354
0.002733 0.037638 100.000000 41.453902
0.009207 0.069084 100.000000 88.756450
-0.001416 0.062972 100.000000 68.575247
0.005433 0.022120 100.000000 25.218182
0.000775 0.041871 100.000000 44.558021
0.002985 0.002790 100.000000 6.358740
0.008934 0.006652 100.000000 11.088322
0.001864 0.093091 100.000000 110.284893
-0.009317 0.076118 100.000000 76.534289
0.002593 0.064450 100.000000 75.004197
0.006277 0.016395 100.000000 19.184946
0.003078 0.073293 100.000000 86.720735
0.009312 0.051012 100.000000 66.111691
-0.000766 0.060282 100.000000 65.922495
-0.006266 0.055022 100.000000 53.491516
-0.006697 0.064723 100.000000 65.078012
-0.006784 0.039462 100.000000 34.079968
0.000891 0.057481 100.000000 64.270571
0.003410 0.026127 100.000000 27.870505
0.006666 0.053375 100.000000 65.863370
0.000690 0.060605 100.000000 67.970949
0.009347 0.090018 100.000000 115.344107
-0.002979 0.086746 100.000000 96.719560
0.006815 0.056076 100.000000 69.447497
-0.006107 0.012845 100.000000 11.337877
0.006505 0.038112 100.000000 46.465186
-0.000516 0.086841 100.000000 99.640521
0.009635 0.098613 100.000000 126.547213
0.000429 0.081519 100.000000 94.016831
-0.000971 0.030443 100.000000 28.572713
0.000759 0.060134 100.000000 67.457029
-0.009592 0.066290 100.000000 64.076415
-0.008600 0.083013 100.000000 85.880982
-0.008284 0.027236 100.000000 19.620636
0.009174 0.080283 100.000000 102.846262
0.005434 0.028281 100.000000 32.874148
-0.002530 0.019770 100.000000 14.958845
-0.000405 0.032543 100.000000 31.712398
0.009266 0.014918 100.000000 21.064371
0.006561 0.075804 100.000000 94.027110
-0.004145 0.020279 100.000000 14.668371
0.007947 0.058573 100.000000 73.965548
-0.008421 0.019064 100.000000 13.749766
0.003658 0.081114 100.000000 97.274108
0.005884 0.021885 100.000000 25.456077
0.001151 0.047055 100.000000 51.468643
0.004526 0.081343 100.000000 98.590071
0.004559 0.080073 100.000000 97.025741
-0.009156 0.023902 100.000000 16.617745
-0.009164 0.067055 100.000000 65.450177
-0.008745 0.064183 100.000000 62.320284
-0.001999 0.070216 100.000000 77.026083
0.002163 0.058397 100.000000 66.880706
-0.005411 0.014480 100.000000 10.968900
-0.001843 0.042999 100.000000 43.144099
-0.008670 0.066542 100.000000 65.312350
0.006993 0.048508 100.000000 60.127856
-0.004148 0.009109 100.000000 10.377762
0.003860 0.085898 100.000000 103.551085
0.009441 0.028078 100.000000 37.507386
-0.009539 0.055505 100.000000 50.907825
-0.007650 0.099470 100.000000 107.526775
0.009879 0.048259 100.000000 63.349230
-0.009127 0.074734 100.000000 75.009338
0.001437 0.019691 100.000000 17.968083
-0.007628 0.040730 100.000000 34.865146
0.006481 0.002120 100.000000 5.417573
-0.006028 0.029668 100.000000 23.369775
0.007302 0.039282 100.000000 48.897441
-0.007776 0.067694 100.000000 67.653895
-0.000344 0.011922 100.000000 8.782707
-0.007261 0.041180 100.000000 35.710134
-0.004975 0.063370 100.000000 65.199846
-0.003150 0.015335 100.000000 10.833606
0.003551 0.094474 100.000000 114.015776
0.008496 0.048965 100.000000 62.532758
0.007689 0.084046 100.000000 105.791732
-0.000703 0.044453 100.000000 46.167126
0.007543 0.015606 100.000000 19.745530
0.000921 0.022769 100.000000 21.139215
0.002346 0.037929 100.000000 41.380078
-0.004680 0.086214 100.000000 94.150479
0.002454 0.093870 100.000000 111.960875
-0.001974 0.095016 100.000000 108.277930
0.005964 0.040326 100.000000 48.596601
-0.005035 0.018913 100.000000 13.248255
-0.009505 0.004578 100.000000 20.767423
-0.001684 0.016068 100.000000 11.771211
-0.007456 0.020282 100.000000 14.140415
-0.000392 0.075463 100.000000 85.443071
-0.001827 0.024893 100.000000 21.149022
-0.005124 0.061562 100.000000 62.788148
-0.000460 0.059981 100.000000 65.886934
-0.007962 0.028906 100.000000 21.405563
-0.000389 0.077529 100.000000 88.049896
-0.006933 0.032406 100.000000 25.793062
0.005472 0.031357 100.000000 36.762944
0.003149 0.016741 100.000000 16.156804
-0.002430 0.019253 100.000000 14.488480
0.007054 0.021384 100.000000 26.236594
0.002023 0.031425 100.000000 32.908020
-0.007514 0.075181 100.000000 77.250871
0.000326 0.043091 100.000000 45.588855
0.005412 0.026517 100.000000 30.649679
-0.009588 0.094777 100.000000 99.537959
-0.004934 0.005533 100.000000 13.592297
0.001703 0.032947 100.000000 34.449949
0.002949 0.058964 100.000000 68.504027
-0.003297 0.019365 100.000000 14.163107
0.005467 0.005288 100.000000 6.319592
-0.009483 0.023473 100.000000 16.324912
-0.005542 0.062876 100.000000 63.985166
-0.000731 0.022360 100.000000 19.136495
-0.006140 0.074438 100.000000 77.785935
-0.002289 0.059867 100.000000 63.716032
0.003612 0.003421 100.000000 5.689177
-0.009435 0.067686 100.000000 65.958043
-0.006067 0.038032 100.000000 33.000139
0.005175 0.097132 100.000000 119.299077
-0.008433 0.084947 100.000000 88.475667
-0.000927 0.063074 100.000000 69.250515
-0.005602 0.092664 100.000000 101.235197
0.002899 0.027993 100.000000 29.613427
0.000363 0.057366 100.000000 63.526850
-0.008782 0.028368 100.000000 20.507571
-0.005446 0.010592 100.000000 11.198106
-0.000625 0.096847 100.000000 112.134355
0.004593 0.033316 100.000000 38.181419
-0.007094 0.030812 100.000000 23.919926
-0.006571 0.021308 100.000000 14.891721
0.004377 0.079473 100.000000 96.052601
-0.005842 0.005520 100.000000 14.824302
-0.003683 0.042073 100.000000 40.121131
0.007237 0.015369 100.000000 19.086665
-0.003128 0.010266 100.000000 9.147976
0.009974 0.050817 100.000000 66.685139
-0.003684 0.029022 100.000000 24.407075
-0.004769 0.077256 100.000000 82.802343
0.004750 0.089508 100.000000 109.164498
0.005561 0.006142 100.000000 7.034469
0.008740 0.047998 100.000000 61.615521
0.005580 0.085182 100.000000 104.691345
-0.004000 0.018677 100.000000 13.278175
-0.008737 0.059476 100.000000 56.529387
-0.004317 0.086561 100.000000 94.989663
-0.000192 0.043486 100.000000 45.515890
0.005523 0.061330 100.000000 74.521384
-0.008924 0.055995 100.000000 52.084802
-0.003008 0.074958 100.000000 81.860785
0.002628 0.074512 100.000000 87.732437
0.009551 0.004010 100.000000 9.208052
0.009472 0.069108 100.000000 89.112026
0.001114 0.058664 100.000000 66.011638
-0.000884 0.079076 100.000000 89.433790
0.004570 0.074124 100.000000 89.529955
-0.006832 0.083603 100.000000 88.514069
-0.002537 0.056434 100.000000 59.150097
0.009621 0.081137 100.000000 104.469760
0.003354 0.008614 100.000000 7.593330
0.000881 0.071919 100.000000 82.435878
0.003647 0.007205 100.000000 6.654190
-0.000544 0.063783 100.000000 70.571606
0.000661 0.085311 100.000000 99.068163
-0.003170 0.089391 100.000000 99.835159
0.008211 0.038452 100.000000 48.964763
-0.007728 0.068928 100.000000 69.237418
0.008034 0.063902 100.000000 80.790207
0.005081 0.030495 100.000000 35.224116
-0.003526 0.016443 100.000000 11.584871
0.003747 0.066928 100.000000 79.478469
-0.002347 0.081471 100.000000 90.791971
-0.002319 0.054460 100.000000 56.917610
0.006773 0.042310 100.000000 52.063350
-0.006993 0.019523 100.000000 13.631867
0.002415 0.012371 100.000000 10.553397
-0.002229 0.063563 100.000000 68.416688
-0.006645 0.096314 100.000000 104.667510
-0.006283 0.045327 100.000000 41.583495
-0.004391 0.082121 100.000000 89.327222
0.004162 0.006085 100.000000 6.151011
-0.004785 0.036905 100.000000 32.789122
0.000760 0.050897 100.000000 55.850144
0.008724 0.005681 100.000000 9.831952
0.002102 0.097861 100.000000 116.586576
0.008909 0.048311 100.000000 62.216201
0.005877 0.065157 100.000000 79.772524
0.006262 0.076066 100.000000 93.999355
0.005980 0.019500 100.000000 22.630048
0.004558 0.095640 100.000000 116.680816
0.005802 0.014764 100.000000 16.664576
0.003566 0.023331 100.000000 24.589985
-0.008007 0.078205 100.000000 80.504658
0.007792 0.070654 100.000000 89.014332
-0.009845 0.031597 100.000000 23.218327
-0.001287 0.013450 100.000000 9.714778
0.002277 0.057276 100.000000 65.599534
0.007806 0.095452 100.000000 120.336057
0.007872 0.052061 100.000000 65.668782
0.001736 0.036364 100.000000 38.742540
0.002675 0.067795 100.000000 79.316942
0.004189 0.033711 100.000000 38.206233
-0.004431 0.059131 100.000000 60.489693
0.006316 0.035838 100.000000 43.383130
-0.002233 0.031660 100.000000 28.831133
-0.009313 0.028870 100.000000 20.783122
-0.000038 0.042511 100.000000 44.465701
-0.005987 0.061889 100.000000 62.291923
-0.009398 0.013233 100.000000 14.514194
0.005998 0.065181 100.000000 79.946646
0.007703 0.087072 100.000000 109.630127
-0.005037 0.085200 100.000000 92.481625
0.000431 0.042640 100.000000 45.139588
-0.007922 0.045670 100.000000 40.496477
0.001965 0.093993 100.000000 111.542409
-0.005389 0.012705 100.000000 10.765924
-0.006816 0.057696 100.000000 56.241600
-0.008071 0.032646 100.000000 25.294662
-0.000796 0.049712 100.000000 52.637134
0.005538 0.058878 100.000000 71.448377
0.006856 0.079834 100.000000 99.469281
-0.001183 0.062774 100.000000 68.587044
-0.005601 0.040619 100.000000 36.514421
0.009329 0.071368 100.000000 91.785824
-0.006504 0.079874 100.000000 84.197370
-0.005869 0.023496 100.000000 17.013945
-0.007832 0.014700 100.000000 12.640974
0.005858 0.058177 100.000000 70.947197
0.007624 0.066079 100.000000 83.038578
-0.005004 0.013838 100.000000 10.615610
0.000657 0.053367 100.000000 58.834670
-0.005267 0.017286 100.000000 12.120521
0.008287 0.012206 100.000000 16.583578
-0.001420 0.098853 100.000000 113.749838
-0.005123 0.070782 100.000000 74.306349
0.005089 0.026536 100.000000 30.295012
-0.007165 0.048542 100.000000 44.664094
-0.006660 0.063934 100.000000 64.135396
-0.005501 0.068729 100.000000 71.332047
-0.007310 0.020038 100.000000 13.976939
-0.007992 0.058597 100.000000 56.180764
-0.006622 0.033802 100.000000 27.602519
0.003356 0.065729 100.000000 77.506603
0.006598 0.013029 100.000000 15.518832
-0.006398 0.027513 100.000000 20.804181
-0.007573 0.056421 100.000000 53.914805
0.002542 0.092659 100.000000 110.534820
0.004875 0.095983 100.000000 117.490974
-0.008470 0.092472 100.000000 97.855429
0.009581 0.056842 100.000000 73.783659
-0.007315 0.019065 100.000000 13.424292
0.006924 0.095106 100.000000 118.836341
-0.005351 0.057431 100.000000 57.410396
-0.007047 0.039783 100.000000 34.236877
-0.006578 0.029440 100.000000 22.755819
-0.005808 0.036829 100.000000 31.796166
0.003251 0.030273 100.000000 32.841221
0.002817 0.091149 100.000000 108.951303
-0.002412 0.025121 100.000000 20.927946
0.008370 0.030572 100.000000 39.287050
-0.001490 0.005211 100.000000 9.464836
0.006437 0.059260 100.000000 73.005288
0.002771 0.019848 100.000000 19.484280
0.006003 0.045569 100.000000 55.237846
-0.001575 0.054190 100.000000 57.387375
0.007424 0.032689 100.000000 40.775233
0.006123 0.083473 100.000000 103.183492
-0.004672 0.048342 100.000000 46.850412
-0.006733 0.018125 100.000000 12.816344
-0.005534 0.023790 100.000000 17.448118
-0.009682 0.018098 100.000000 14.159784
0.005378 0.071177 100.000000 86.770552
0.004263 0.070124 100.000000 84.118975
-0.008018 0.077646 100.000000 79.795591
0.009751 0.077372 100.000000 99.877454
-0.000521 0.070728 100.000000 79.333825
-0.000417 0.082850 100.000000 94.723414
0.001228 0.078238 100.000000 90.803520
-0.000624 0.078570 100.000000 89.092314
0.007252 0.031819 100.000000 39.476032
-0.006987 0.013177 100.000000 12.068944
-0.005694 0.050642 100.000000 48.661725
0.001210 0.061331 100.000000 69.478392
-0.004949 0.082783 100.000000 89.543141
-0.006177 0.071141 100.000000 73.625535
0.004452 0.099220 100.000000 121.077142
0.002571 0.012981 100.000000 11.326937
-0.009469 0.028657 100.000000 20.527075
-0.005851 0.064540 100.000000 65.733502
0.009796 0.071569 100.000000 92.612591
-0.003335 0.094589 100.000000 106.193861
-0.003483 0.032890 100.000000 29.153348
0.006604 0.095221 100.000000 118.595720
0.002398 0.071856 100.000000 84.114747
-0.007189 0.058544 100.000000 56.915047
-0.007879 0.055027 100.000000 51.904108
-0.009225 0.068400 100.000000 67.052581
-0.002790 0.067145 100.000000 72.290925
-0.005596 0.011756 100.000000 11.041604
-0.008543 0.021463 100.000000 14.975594
0.009478 0.056266 100.000000 72.932010
-0.003252 0.097428 100.000000 109.864448
-0.003899 0.005512 100.000000 12.245755
-0.008810 0.018810 100.000000 13.824813
0.001238 0.087532 100.000000 102.539297
-0.002999 0.045673 100.000000 45.257766
-0.007707 0.007501 100.000000 15.752933
0.001619 0.077353 100.000000 90.139840
-0.005859 0.093834 100.000000 102.420494
-0.006113 0.017969 100.000000 12.616148
0.005913 0.040472 100.000000 48.718769
-0.009780 0.071853 100.000000 70.766492
0.001965 0.093397 100.000000 110.789252
0.008929 0.030911 100.000000 40.404515
0.009972 0.034849 100.000000 46.633022
-0.000042 0.010435 100.000000 7.885560
0.004687 0.043947 100.000000 51.634771
-0.008732 0.029515 100.000000 21.650290
0.007844 0.095346 100.000000 120.247629
0.006407 0.046394 100.000000 56.758984
-0.002984 0.061901 100.000000 65.505305
-0.009224 0.048593 100.000000 42.847755
0.004125 0.033918 100.000000 38.392079
-0.002169 0.071807 100.000000 78.835499
0.003446 0.059398 100.000000 69.631703
-0.008845 0.076694 100.000000 77.741108
-0.002728 0.034448 100.000000 31.736835
-0.003339 0.019081 100.000000 13.875468
0.002807 0.044575 100.000000 50.237500
0.003779 0.038764 100.000000 44.064211
-0.006521 0.098168 100.000000 107.135761
0.009858 0.089073 100.000000 114.775534
0.008662 0.049008 100.000000 62.789765
-0.006185 0.081133 100.000000 86.120693
-0.008845 0.081281 100.000000 83.460366
-0.006023 0.028420 100.000000 22.002700
-0.009991 0.070048 100.000000 68.320019
-0.008046 0.099141 100.000000 106.680289
-0.005061 0.050052 100.000000 48.568913
-0.000188 0.070032 100.000000 78.837189
-0.000855 0.004509 100.000000 9.199009
0.002691 0.004096 100.000000 6.018852
0.000912 0.068808 100.000000 78.552276
0.002774 0.002484 100.000000 6.718099
0.009435 0.021931 100.000000 29.865855
-0.002366 0.003787 100.000000 11.653316
-0.005756 0.015403 100.000000 11.383043
-0.006155 0.002940 100.000000 17.598488
-0.003104 0.083119 100.000000 92.015516
-0.005865 0.005463 100.000000 14.902990
0.002183 0.002529 100.000000 7.250675
0.001659 0.003551 100.000000 7.103103
-0.007728 0.086927 100.000000 91.709847
0.003565 0.015234 100.000000 14.802314
0.001039 0.074794 100.000000 86.243003
0.007849 0.002754 100.000000 6.448557
0.006243 0.066447 100.000000 81.836935
0.004358 0.074127 100.000000 89.281929
0.001153 0.076318 100.000000 88.296274
0.002022 0.043671 100.000000 48.207265
-0.005345 0.088931 100.000000 96.827821
0.006740 0.008514 100.000000 10.514447
0.001347 0.081508 100.000000 95.065659
0.001497 0.017490 100.000000 15.451349
-0.000124 0.047399 100.000000 50.481240
-0.008156 0.062954 100.000000 61.392031
0.004239 0.065013 100.000000 77.643281
-0.002128 0.060639 100.000000 64.861712
0.006611 0.015172 100.000000 18.098532
0.008021 0.057915 100.000000 73.225689
-0.003147 0.068046 100.000000 73.029061
-0.004391 0.045305 100.000000 43.389898
0.001171 0.071179 100.000000 81.837600
-0.009178 0.040068 100.000000 32.853096
-0.000534 0.014071 100.000000 10.447372
-0.009993 0.060327 100.000000 56.359050
0.004749 0.049875 100.000000 59.166675
-0.002857 0.033521 100.000000 30.491398
-0.008691 0.037135 100.000000 29.867539
0.001574 0.042987 100.000000 46.844459
-0.009760 0.081072 100.000000 82.240582
0.003043 0.069547 100.000000 81.955650
-0.008042 0.033162 100.000000 25.877918
-0.008844 0.076200 100.000000 77.127609
0.001037 0.097634 100.000000 115.054006
-0.004476 0.008735 100.000000 10.901043
-0.005291 0.050944 100.000000 49.438025
0.006672 0.041522 100.000000 50.949949
-0.004200 0.090260 100.000000 99.772525
0.000256 0.050487 100.000000 54.770371
-0.004141 0.038953 100.000000 35.861228
-0.006910 0.006695 100.000000 15.309141
0.005487 0.074567 100.000000 91.179782
-0.004929 0.077608 100.000000 83.069657
0.000720 0.083360 100.000000 96.675744
-0.008562 0.027247 100.000000 19.529392
0.007280 0.054839 100.000000 68.450214
-0.007364 0.019961 100.000000 13.935740
-0.009507 0.058870 100.000000 55.042554
-0.001109 0.026252 100.000000 23.385810
0.009880 0.019950 100.000000 27.988641
-0.009494 0.016044 100.000000 13.960126
0.009506 0.074307 100.000000 95.710008
-0.008421 0.056828 100.000000 53.585905
0.004507 0.030522 100.000000 34.588434
0.006794 0.049026 100.000000 60.539460
-0.003256 0.034760 100.000000 31.613966
-0.003355 0.030642 100.000000 26.590181
-0.005808 0.010457 100.000000 11.629064
-0.000227 0.071901 100.000000 81.145199
0.003392 0.038656 100.000000 43.481905
0.004753 0.002761 100.000000 5.399212
0.009632 0.082834 100.000000 106.624771
0.005975 0.099333 100.000000 123.036945
0.006698 0.095660 100.000000 119.264205
-0.004202 0.047551 100.000000 46.348207
0.005550 0.031577 100.000000 37.129797
-0.009632 0.039284 100.000000 31.623285
-0.002096 0.078754 100.000000 87.655378
-0.007338 0.015618 100.000000 12.298925
0.003234 0.078007 100.000000 92.852615
-0.002815 0.059804 100.000000 63.063296
0.009423 0.035246 100.000000 46.443712
0.006349 0.001602 100.000000 5.369818
-0.006713 0.001264 100.000000 20.056739
0.006936 0.007906 100.000000 10.080178
-0.000749 0.078517 100.000000 88.883186
0.007617 0.065529 100.000000 82.336013
0.007192 0.014989 100.000000 18.572456
0.006255 0.013088 100.000000 15.189584
-0.007521 0.053005 100.000000 49.772991
0.005054 0.069852 100.000000 84.713076
0.005400 0.006222 100.000000 6.975636
0.002204 0.028472 100.000000 29.444319
0.007600 0.053049 100.000000 66.582786
-0.005438 0.067479 100.000000 69.837981
0.009430 0.002931 100.000000 8.136845
0.008017 0.024672 100.000000 31.492509
0.005608 0.055884 100.000000 67.758000
0.001732 0.027188 100.000000 27.352592
0.007967 0.017273 100.000000 22.296550
0.002120 0.096371 100.000000 114.725777
0.008569 0.034913 100.000000 44.966151
-0.004469 0.023332 100.000000 17.532868
-0.004516 0.086313 100.000000 94.457143
-0.001561 0.035988 100.000000 34.770745
0.008275 0.041855 100.000000 53.318133
0.006257 0.088331 100.000000 109.479076
0.009989 0.082990 100.000000 107.258331
-0.004248 0.006510 100.000000 11.954682
-0.001868 0.068446 100.000000 74.947692
-0.007959 0.085123 100.000000 89.202143
-0.004161 0.039654 100.000000 36.694991
-0.006421 0.032023 100.000000 25.728391
0.004412 0.074191 100.000000 89.426904
0.000576 0.067167 100.000000 76.100352
0.009741 0.098318 100.000000 126.303491
-0.001936 0.060191 100.000000 64.510840
0.005595 0.018493 100.000000 20.945460
0.006342 0.021247 100.000000 25.211357
-0.003868 0.086834 100.000000 95.833456
0.006848 0.024853 100.000000 30.290333
0.000421 0.036810 100.000000 37.860973
-0.003438 0.010395 100.000000 9.380247
0.009418 0.019542 100.000000 26.899087
0.005336 0.080841 100.000000 98.919413
-0.002568 0.027792 100.000000 23.909570
-0.000508 0.040149 100.000000 41.016333
-0.005446 0.017384 100.000000 12.195877
0.000580 0.060836 100.000000 68.136258
-0.004866 0.056838 100.000000 57.178424
0.000831 0.069730 100.000000 79.620454
-0.008009 0.091826 100.000000 97.543537
-0.005264 0.057615 100.000000 57.729235
-0.001764 0.029500 100.000000 26.668669
-0.002501 0.006898 100.000000 9.609620
-0.005725 0.044623 100.000000 41.255448
0.006518 0.012403 100.000000 14.686754
0.008756 0.019340 100.000000 25.814765
0.001307 0.025978 100.000000 25.421815
-0.000643 0.027653 100.000000 25.507535
0.005903 0.006767 100.000000 7.877472
-0.009366 0.070528 100.000000 69.544112
0.001475 0.035366 100.000000 37.210649
-0.005859 0.051813 100.000000 49.939764
-0.002521 0.067564 100.000000 73.113873
-0.002712 0.030735 100.000000 27.274217
0.009570 0.030499 100.000000 40.689466
-0.009016 0.097230 100.000000 103.228054
0.006239 0.045596 100.000000 55.553881
0.009421 0.076966 100.000000 98.961659
0.000281 0.066042 100.000000 74.347028
0.009482 0.032493 100.000000 43.071264
0.001199 0.013239 100.000000 10.579847
0.005406 0.002846 100.000000 5.326828
-0.002219 0.090028 100.000000 101.713136
-0.008841 0.060402 100.000000 57.565773
0.001670 0.085828 100.000000 100.891945
-0.008695 0.003315 100.000000 20.822633
-0.009583 0.038154 100.000000 30.384107
0.002477 0.071708 100.000000 84.018564
0.007346 0.010866 100.000000 13.865846
0.008172 0.081959 100.000000 103.742090
-0.006665 0.026846 100.000000 19.964988
0.007258 0.053790 100.000000 67.101050
-0.008865 0.062111 100.000000 59.645309
0.003472 0.052788 100.000000 61.336257
0.008935 0.081420 100.000000 103.989236
0.004534 0.033926 100.000000 38.876848
0.007091 0.073433 100.000000 91.673425
0.005064 0.035876 100.000000 41.942496
0.008026 0.090108 100.000000 113.853681
0.002979 0.091457 100.000000 109.530123
0.002133 0.099915 100.000000 119.216018
0.002024 0.054427 100.000000 61.723134
-0.006081 0.012775 100.000000 11.322674
-0.009506 0.049227 100.000000 43.358858
-0.003939 0.095056 100.000000 106.101224
0.004755 0.064221 100.000000 77.255380
0.008628 0.066975 100.000000 85.388644
-0.001870 0.095750 100.000000 109.321469
-0.001869 0.071093 100.000000 78.273310
-0.000854 0.004828 100.000000 8.978102
0.008749 0.006455 100.000000 10.655800
-0.008572 0.098617 100.000000 105.447837
-0.007180 0.048140 100.000000 44.160596
0.008487 0.050550 100.000000 64.516114
0.008505 0.062921 100.000000 80.126313
-0.007615 0.027665 100.000000 20.323376
0.007056 0.006222 100.000000 8.493764
-0.000125 0.078659 100.000000 89.776157
-0.009871 0.056805 100.000000 52.179192
0.006964 0.087384 100.000000 109.132639
-0.005402 0.058985 100.000000 59.288960
-0.009078 0.062081 100.000000 59.398346
0.001410 0.075772 100.000000 87.904517
0.006161 0.004857 100.000000 6.499504
0.004199 0.040966 100.000000 47.315889
0.008601 0.046592 100.000000 59.674882
-0.009919 0.013980 100.000000 14.819624
0.001804 0.017657 100.000000 15.925518
0.006713 0.055383 100.000000 68.450601
0.000712 0.081663 100.000000 94.526251
-0.009441 0.003181 100.000000 22.016753
-0.005231 0.037950 100.000000 33.640035
0.007748 0.089560 100.000000 112.825895
0.001236 0.007779 100.000000 6.640037
0.008493 0.053014 100.000000 67.626313
-0.005281 0.001015 100.000000 18.289954
0.002037 0.034962 100.000000 37.328269
0.004451 0.086180 100.000000 104.607879
0.007396 0.033137 100.000000 41.301482
0.006831 0.054314 100.000000 67.245364
-0.008955 0.085069 100.000000 88.072022
-0.007697 0.042050 100.000000 36.369563
0.008728 0.040048 100.000000 51.606490
-0.006796 0.024777 100.000000 17.862040
0.001986 0.024652 100.000000 24.506998
-0.002343 0.050632 100.000000 52.112601
0.009195 0.053263 100.000000 68.801364
0.000360 0.082315 100.000000 94.941417
0.002885 0.089241 100.000000 106.622122
-0.000959 0.040329 100.000000 40.760338
0.004764 0.071246 100.000000 86.127119
-0.001417 0.045718 100.000000 46.977004
0.004208 0.044084 100.000000 51.243308
-0.005714 0.048894 100.000000 46.491470
0.005880 0.040285 100.000000 48.445019
-0.001886 0.074762 100.000000 82.868875
-0.003272 0.089605 100.000000 99.989604
-0.004355 0.088840 100.000000 97.813169
-0.002088 0.021169 100.000000 16.728377
-0.008657 0.023847 100.000000 16.607206
0.002206 0.066595 100.000000 77.257901
0.007788 0.049716 100.000000 62.613497
-0.002057 0.095479 100.000000 108.767724
0.001292 0.082106 100.000000 95.756196
-0.005111 0.014810 100.000000 10.922657
0.000115 0.043471 100.000000 45.832130
-0.005868 0.013156 100.000000 11.125111
0.004289 0.054875 100.000000 64.921346
-0.005796 0.007632 100.000000 13.147751
0.008860 0.087992 100.000000 112.193722
-0.002368 0.066222 100.000000 71.599428
0.001431 0.090564 100.000000 106.589404
-0.009735 0.086846 100.000000 89.467571
0.008636 0.062496 100.000000 79.750178
0.009254 0.027743 100.000000 36.855368
-0.007362 0.019905 100.000000 13.901491
-0.002440 0.034959 100.000000 32.637212
-0.006606 0.090052 100.000000 96.847428
-0.006916 0.082244 100.000000 86.721494
0.002622 0.005222 100.000000 5.874906
0.005470 0.017505 100.000000 19.594879
0.008755 0.077604 100.000000 98.954791
0.009323 0.030946 100.000000 40.939453
0.008743 0.004140 100.000000 8.391791
-0.009681 0.069068 100.000000 67.418716
0.004384 0.069683 100.000000 83.705121
-0.008105 0.072815 100.000000 73.682655
0.007825 0.051509 100.000000 64.916049
0.004904 0.092763 100.000000 113.459249
-0.002465 0.062527 100.000000 66.856512
-0.005073 0.022793 100.000000 16.680830
0.006371 0.065045 100.000000 80.222732
0.004732 0.001343 100.000000 5.899524
-0.004553 0.054763 100.000000 54.924937
-0.005329 0.060683 100.000000 61.477620
-0.006307 0.016041 100.000000 11.822560
-0.000711 0.001590 100.000000 11.480079
-0.005833 0.055698 100.000000 54.766188
0.008845 0.040025 100.000000 51.720697
-0.007130 0.063104 100.000000 62.620164
-0.003956 0.007564 100.000000 10.918226
-0.002307 0.095443 100.000000 108.437348
-0.001209 0.050968 100.000000 53.756502
0.008816 0.013390 100.000000 18.656249
-0.001859 0.090531 100.000000 102.755581
-0.001374 0.010035 100.000000 8.051018
0.006742 0.080015 100.000000 99.559904
-0.007693 0.054696 100.000000 51.678333
0.006592 0.026839 100.000000 32.454122
0.001151 0.087298 100.000000 102.143384
0.003349 0.020442 100.000000 20.814536
0.001143 0.020430 100.000000 18.563472
0.001268 0.068484 100.000000 78.553028
0.001927 0.064682 100.000000 74.522722
-0.008459 0.035909 100.000000 28.649353
-0.002660 0.021618 100.000000 16.825931
-0.005020 0.033040 100.000000 27.995801
-0.003444 0.096438 100.000000 108.399177
-0.005121 0.065322 100.000000 67.481374
0.005709 0.047140 100.000000 56.864029
-0.007248 0.034435 100.000000 27.856642
-0.005326 0.015260 100.000000 11.159413
0.006935 0.042780 100.000000 52.849348
0.007381 0.086547 100.000000 108.578010
-0.006773 0.070712 100.000000 72.458263
0.008430 0.054528 100.000000 69.456240
-0.004933 0.083602 100.000000 90.588494
-0.005977 0.036577 100.000000 31.353154
0.005522 0.068277 100.000000 83.283351
-0.001124 0.036045 100.000000 35.287262
0.000068 0.027717 100.000000 26.283673
0.004947 0.051770 100.000000 61.787077
-0.008057 0.086369 100.000000 90.657513
0.008295 0.095707 100.000000 121.250348
-0.004904 0.009176 100.000000 11.175744
-0.009059 0.018045 100.000000 13.759624
0.002752 0.049882 100.000000 56.843792
0.001199 0.037745 100.000000 39.872695
-0.009051 0.031074 100.000000 23.070804
0.001509 0.026884 100.000000 26.742381
-0.004019 0.053187 100.000000 53.523542
0.004335 0.064714 100.000000 77.379275
0.000644 0.043282 100.000000 46.177120
-0.007563 0.015579 100.000000 12.446602
-0.008589 0.060282 100.000000 57.665965
-0.005499 0.022025 100.000000 15.776465
-0.002263 0.049309 100.000000 50.547653
-0.004940 0.051240 100.000000 50.159070
-0.007795 0.068963 100.000000 69.211163
0.008044 0.019186 100.000000 24.737922
-0.002460 0.019679 100.000000 14.906243
-0.008086 0.004958 100.000000 18.415891
0.009656 0.096022 100.000000 123.301708
0.003083 0.059898 100.000000 69.837973
0.009217 0.015863 100.000000 22.147090
-0.004132 0.099278 100.000000 111.199740
-0.002004 0.044969 100.000000 45.421913
0.000763 0.035157 100.000000 36.174595
0.004033 0.084440 100.000000 101.914962
-0.003314 0.035494 100.000000 32.447495
0.008677 0.083170 100.000000 105.883955
0.006402 0.022868 100.000000 27.288922
0.001154 0.034208 100.000000 35.419079
0.002633 0.099624 100.000000 119.435537
-0.006799 0.079193 100.000000 83.027749
0.003925 0.028700 100.000000 31.646834
0.000607 0.047778 100.000000 51.766181
-0.000680 0.042887 100.000000 44.241264
-0.007570 0.027557 100.000000 20.236736
0.000297 0.099296 100.000000 116.290861
-0.001621 0.012779 100.000000 9.233097
0.002505 0.051803 100.000000 58.974473
0.003100 0.063700 100.000000 74.649954
0.000013 0.059997 100.000000 66.438975
0.004236 0.063865 100.000000 76.192632
-0.000020 0.087889 100.000000 101.532972
0.008089 0.005519 100.000000 8.937225
-0.004814 0.079337 100.000000 85.364503
-0.007956 0.048583 100.000000 43.976482
-0.009304 0.067880 100.000000 66.328410
-0.009854 0.035441 100.000000 27.219150
-0.009187 0.026492 100.000000 18.668754
0.003841 0.094866 100.000000 114.851900
-0.002981 0.005096 100.000000 11.385075
-0.001783 0.090956 100.000000 103.377683
0.000808 0.084154 100.000000 97.778874
0.006682 0.078365 100.000000 97.406305
-0.007423 0.087345 100.000000 92.563114
0.000579 0.033286 100.000000 33.657324
-0.009279 0.075248 100.000000 75.491341
0.007203 0.056124 100.000000 69.976584
-0.003024 0.011392 100.000000 9.109892
-0.006696 0.015877 100.000000 11.965338
0.002036 0.072380 100.000000 84.353523
0.009352 0.059786 100.000000 77.211596
0.007973 0.045730 100.000000 57.821651
0.004929 0.039153 100.000000 45.894924
-0.005887 0.069463 100.000000 71.838187
0.005782 0.029316 100.000000 34.578145
-0.005925 0.044338 100.000000 40.718313
-0.003315 0.006540 100.000000 10.775442
-0.000036 0.061857 100.000000 68.722745
0.000466 0.024958 100.000000 23.331147
-0.004563 0.033192 100.000000 28.560946
-0.007279 0.037512 100.000000 31.377043
0.002424 0.070369 100.000000 82.269488
0.002517 0.093642 100.000000 111.746405
0.002103 0.066802 100.000000 77.399210
-0.008010 0.024935 100.000000 17.611866
-0.001040 0.041471 100.000000 42.093742
0.003745 0.095991 100.000000 116.160503
-0.001811 0.065430 100.000000 71.222985
-0.007123 0.011160 100.000000 12.795004
0.007070 0.099736 100.000000 124.860072
-0.005941 0.012480 100.000000 11.236009
0.008410 0.085733 100.000000 108.795627
0.008409 0.027903 100.000000 36.001486
-0.005939 0.040769 100.000000 36.387278
-0.000510 0.072343 100.000000 81.380221
0.005975 0.041053 100.000000 49.523309
0.003880 0.008864 100.000000 8.166978
-0.008287 0.025886 100.000000 18.374901
0.007729 0.066327 100.000000 83.479393
-0.000135 0.039645 100.000000 40.790243
0.004605 0.015120 100.000000 15.756077
-0.006940 0.076763 100.000000 79.838069
-0.006358 0.045265 100.000000 41.438322
0.006808 0.041437 100.000000 51.007226
0.008426 0.021204 100.000000 27.700605
-0.009776 0.013728 100.000000 14.751271
0.006154 0.077088 100.000000 95.159886
-0.003118 0.025000 100.000000 20.237988
-0.001864 0.028312 100.000000 25.152639
0.005009 0.060022 100.000000 72.260253
-0.009915 0.072156 100.000000 71.005695
-0.009232 0.067367 100.000000 65.766796
0.007814 0.019021 100.000000 24.250951
-0.003951 0.026248 100.000000 21.024741
-0.003407 0.021953 100.000000 16.711381
-0.005986 0.026696 100.000000 20.181465
-0.001399 0.073573 100.000000 81.921541
0.001111 0.010487 100.000000 8.088812
0.002241 0.009677 100.000000 7.891014
-0.007693 0.027544 100.000000 20.166859
-0.002982 0.058785 100.000000 61.608506
-0.008380 0.011831 100.000000 13.936625
0.003614 0.061577 100.000000 72.575613
-0.007982 0.061619 100.000000 59.917051
-0.007596 0.062217 100.000000 61.046683
0.003768 0.013338 100.000000 12.810666
0.001332 0.089757 100.000000 105.456422
-0.008337 0.012919 100.000000 13.470900
-0.000370 0.029610 100.000000 28.152612
0.009505 0.001298 100.000000 7.079729
0.003355 0.014981 100.000000 14.297255
-0.000012 0.024732 100.000000 22.595814
0.009449 0.061594 100.000000 79.609429
0.009030 0.028579 100.000000 37.617752
-0.009505 0.005866 100.000000 19.590460
-0.006737 0.072662 100.000000 74.928899
0.007248 0.019482 100.000000 24.124857
0.002190 0.098747 100.000000 117.808587
-0.002786 0.091215 100.000000 102.565378
0.002762 0.038194 100.000000 42.181806
-0.004672 0.049623 100.000000 48.431903
0.001906 0.019669 100.000000 18.395131
-0.002560 0.089550 100.000000 100.724015
0.009109 0.093809 100.000000 119.840762
0.008645 0.058995 100.000000 75.349582
0.005210 0.063089 100.000000 76.367103
0.003887 0.036632 100.000000 41.515724
-0.007295 0.015208 100.000000 12.230805
-0.008633 0.012311 100.000000 14.019454
-0.005915 0.061671 100.000000 62.095330
-0.008967 0.088565 100.000000 92.430219
0.004081 0.036831 100.000000 41.989500
0.007482 0.003493 100.000000 6.610882
-0.006721 0.014955 100.000000 11.818053
-0.007133 0.015688 100.000000 12.178214
0.002571 0.037604 100.000000 41.227874
-0.006682 0.066429 100.000000 67.215795
0.003000 0.045733 100.000000 51.914083
-0.004124 0.074624 100.000000 80.208019
0.009502 0.031276 100.000000 41.574937
0.008628 0.063829 100.000000 81.421512
-0.002739 0.020746 100.000000 15.849345
-0.004260 0.067629 100.000000 71.292148
-0.000340 0.004715 100.000000 8.469833
0.004934 0.012058 100.000000 12.528663
-0.005635 0.096792 100.000000 106.387311
-0.003790 0.075929 100.000000 82.214727
0.001232 0.045180 100.000000 49.208138
-0.003151 0.076137 100.000000 83.184135
0.007292 0.060578 100.000000 75.699531
-0.000534 0.006909 100.000000 7.632169
-0.006069 0.054387 100.000000 52.906556
-0.001314 0.013485 100.000000 9.735434
0.000347 0.050016 100.000000 54.281864
-0.003622 0.063204 100.000000 66.443690
-0.005754 0.071726 100.000000 74.808115
-0.009070 0.020415 100.000000 14.539979
-0.007957 0.055104 100.000000 51.922149
-0.008420 0.089220 100.000000 93.836370
0.008070 0.085025 100.000000 107.489116
0.004581 0.016170 100.000000 16.984075
-0.001280 0.017536 100.000000 13.400232
-0.005781 0.039007 100.000000 34.415190
-0.001382 0.038405 100.000000 37.934400
-0.007660 0.082137 100.000000 85.787864
-0.001837 0.041039 100.000000 40.720603
-0.004071 0.053504 100.000000 53.862240
-0.001200 0.045814 100.000000 47.329435
0.008108 0.027217 100.000000 34.773788
0.005029 0.061911 100.000000 74.666405
0.004214 0.045698 100.000000 53.280865
-0.002808 0.071788 100.000000 78.101205
0.001921 0.056207 100.000000 63.843341
-0.004076 0.099191 100.000000 111.153582
0.003534 0.092706 100.000000 111.761474
0.003878 0.054840 100.000000 64.395165
-0.003614 0.044790 100.000000 43.535268
-0.008773 0.047110 100.000000 41.468756
0.008985 0.086170 100.000000 110.045370
-0.009163 0.075590 100.000000 76.037140
0.008586 0.059377 100.000000 75.757770
0.000691 0.040451 100.000000 42.691964
0.000315 0.080989 100.000000 93.217178
0.000115 0.033247 100.000000 33.120194
0.001309 0.091146 100.000000 107.182559
0.006519 0.068369 100.000000 84.593704
-0.009125 0.032015 100.000000 24.002973
-0.003539 0.056700 100.000000 58.405579
-0.007823 0.035541 100.000000 28.689921
0.007450 0.032377 100.000000 40.416370
0.006685 0.044645 100.000000 54.893998
0.000755 0.080699 100.000000 93.360150
-0.002297 0.010962 100.000000 8.659135
-0.007028 0.046889 100.000000 42.782584
-0.001758 0.079826 100.000000 89.385728
-0.008797 0.073012 100.000000 73.209598
-0.003420 0.035048 100.000000 31.807712
-0.006592 0.093182 100.000000 100.792994
0.001272 0.048852 100.000000 53.859636
0.004692 0.070947 100.000000 85.665116
0.003438 0.070500 100.000000 83.621061
0.007731 0.037215 100.000000 46.825119
-0.006409 0.094976 100.000000 103.247967
-0.008491 0.002551 100.000000 21.284473
-0.003125 0.022920 100.000000 17.925417
-0.002780 0.072537 100.000000 79.073095
0.003100 0.051172 100.000000 58.869414
0.003323 0.022134 100.000000 22.852603
0.005957 0.032833 100.000000 39.185203
-0.007041 0.022113 100.000000 15.457374
-0.003183 0.050704 100.000000 51.311694
-0.005803 0.094673 100.000000 103.537276
0.003177 0.060593 100.000000 70.824150
-0.009233 0.026183 100.000000 18.395886
-0.004303 0.053817 100.000000 54.009118
0.001374 0.081174 100.000000 94.675080
0.008398 0.062124 100.000000 78.991583
0.008459 0.087926 100.000000 111.623299
-0.006337 0.024383 100.000000 17.670460
0.002580 0.086102 100.000000 102.302329
0.002368 0.049299 100.000000 55.668476
0.001563 0.089571 100.000000 105.491013
0.000977 0.072643 100.000000 83.459222
0.001646 0.005157 100.000000 6.413491
0.002819 0.042957 100.000000 48.219322
0.008953 0.003126 100.000000 7.771366
-0.009916 0.078074 100.000000 78.348808
0.004925 0.003474 100.000000 5.365499
0.009142 0.019806 100.000000 26.874717
0.002812 0.055456 100.000000 63.927655
0.008338 0.093856 100.000000 118.963646
0.007393 0.024511 100.000000 30.526198
-0.003116 0.071409 100.000000 77.283777
-0.005299 0.048748 100.000000 46.723230
-0.008413 0.056083 100.000000 52.681359
-0.004126 0.063263 100.000000 65.974701
-0.004826 0.090709 100.000000 99.638194
0.002824 0.040641 100.000000 45.318686
0.003848 0.035898 100.000000 40.550631
0.000244 0.041606 100.000000 43.643716
0.001314 0.054026 100.000000 60.406998
-0.006873 0.073434 100.000000 75.748813
0.008102 0.011508 100.000000 15.532293
0.008675 0.092396 100.000000 117.530325
-0.008745 0.026209 100.000000 18.532667
0.002030 0.072944 100.000000 85.057762
0.004131 0.013345 100.000000 13.180092
0.006415 0.043815 100.000000 53.524174
0.001384 0.043380 100.000000 47.123987
0.006660 0.084330 100.000000 104.909629
0.004677 0.004693 100.000000 5.636235
0.007578 0.087498 100.000000 110.016942
0.001136 0.016354 100.000000 13.850954
0.003525 0.069217 100.000000 82.104283
-0.009637 0.015400 100.000000 14.169012
0.004002 0.066380 100.000000 79.087345
-0.002582 0.099197 100.000000 112.855847
0.004747 0.045899 100.000000 54.159390
-0.003008 0.064788 100.000000 69.095680
-0.008672 0.067042 100.000000 65.929038
0.004719 0.092837 100.000000 113.331634
0.008307 0.018852 100.000000 24.654585
0.005548 0.014646 100.000000 16.235165
0.003537 0.094097 100.000000 113.522427
0.007384 0.049262 100.000000 61.550426
-0.002703 0.010599 100.000000 8.843555
0.000568 0.006260 100.000000 6.918682
0.008694 0.010468 100.000000 15.052169
-0.004070 0.016444 100.000000 11.546440
0.009308 0.081085 100.000000 104.021368
0.005458 0.028332 100.000000 32.965634
-0.009886 0.050799 100.000000 44.907398
-0.006145 0.044963 100.000000 41.271179
0.000276 0.003140 100.000000 8.887469
-0.004019 0.042610 100.000000 40.448588
-0.008112 0.087657 100.000000 92.210488
-0.000015 0.062532 100.000000 69.594433
-0.007800 0.094180 100.000000 100.722994
0.007766 0.052834 100.000000 66.512995
0.004646 0.003526 100.000000 5.377213
0.006679 0.098023 100.000000 122.224889
-0.003817 0.070567 100.000000 75.455186
-0.006542 0.082799 100.000000 87.820703
0.006285 0.018488 100.000000 21.747857
0.008272 0.009676 100.000000 13.617430
0.009228 0.092063 100.000000 117.781571
0.001884 0.093624 100.000000 110.981613
0.000988 0.019038 100.000000 16.786799
-0.003738 0.034948 100.000000 31.392804
-0.003188 0.021102 100.000000 15.952942
0.002687 0.070133 100.000000 82.278877
0.002001 0.010030 100.000000 8.069221
0.009525 0.069680 100.000000 89.896935
0.001495 0.070010 100.000000 80.738648
0.003913 0.050715 100.000000 59.240936
-0.009477 0.019192 100.000000 14.263793
-0.000056 0.046082 100.000000 48.907377
-0.002067 0.055516 100.000000 58.511153
-0.009539 0.003581 100.000000 21.766941
-0.005116 0.086099 100.000000 93.521943
-0.009720 0.061758 100.000000 58.375243
0.004255 0.010590 100.000000 10.225406
-0.007366 0.082126 100.000000 86.089671
0.002178 0.039916 100.000000 43.677004
0.003106 0.070262 100.000000 82.930601
-0.002336 0.061545 100.000000 65.767914
0.000726 0.098205 100.000000 115.413218
-0.005501 0.046268 100.000000 43.480174
-0.007658 0.070817 100.000000 71.660578
0.005008 0.072786 100.000000 88.361201
0.009600 0.060598 100.000000 78.539019
0.004748 0.021752 100.000000 23.972064
0.009045 0.017165 100.000000 23.513638
-0.003233 0.025192 100.000000 20.367405
0.008900 0.081579 100.000000 104.147588
0.003558 0.065103 100.000000 76.954767
0.001774 0.051148 100.000000 57.313128
-0.000925 0.084213 100.000000 95.858788
0.006233 0.031604 100.000000 37.977280
0.002823 0.050169 100.000000 57.285454
-0.005304 0.008159 100.000000 12.191725
-0.001409 0.058485 100.000000 62.952191
-0.009306 0.002140 100.000000 22.860088
0.001486 0.030689 100.000000 31.412738
-0.003835 0.082204 100.000000 90.048291
0.006176 0.037519 100.000000 45.324893
0.006274 0.072168 100.000000 89.092945
0.008840 0.008962 100.000000 13.509100
0.005016 0.082082 100.000000 100.105465
-0.007069 0.082387 100.000000 86.734254
0.006069 0.076366 100.000000 94.147057
0.004966 0.087513 100.000000 106.903053
-0.007873 0.030658 100.000000 23.275484
0.008656 0.093267 100.000000 118.606608
0.007434 0.094740 100.000000 118.989130
-0.008092 0.067049 100.000000 66.529533
-0.009881 0.036022 100.000000 27.830945
0.000492 0.009824 100.000000 7.559911
-0.007727 0.095917 100.000000 102.982368
0.007780 0.039726 100.000000 50.037053
-0.002545 0.071476 100.000000 78.000840
0.000960 0.090907 100.000000 106.473981
-0.004782 0.028417 100.000000 22.855610
-0.000501 0.072696 100.000000 81.835556
0.004679 0.039300 100.000000 45.785330
-0.007529 0.070287 100.000000 71.135622
0.004538 0.001470 100.000000 5.951220
0.005588 0.002548 100.000000 5.320963
0.005421 0.034500 100.000000 40.638175
-0.005832 0.038139 100.000000 33.332425
-0.009786 0.082696 100.000000 84.236366
-0.003650 0.033116 100.000000 29.274192
-0.003575 0.097323 100.000000 109.366303
0.000678 0.048370 100.000000 52.587912
0.008891 0.079368 100.000000 101.345355
-0.003698 0.072641 100.000000 78.187925
-0.003677 0.031717 100.000000 27.582522
0.004967 0.028143 100.000000 32.154206
-0.009977 0.001059 100.000000 24.927960
0.009395 0.091154 100.000000 116.837671
-0.006076 0.019305 100.000000 13.451354
0.003359 0.032653 100.000000 35.931843
0.003564 0.072083 100.000000 85.766458
0.002664 0.031161 100.000000 33.289535
-0.001841 0.042033 100.000000 41.947923
0.009890 0.034647 100.000000 46.276591
-0.007609 0.065903 100.000000 65.602181
-0.002105 0.048596 100.000000 49.828594
-0.003768 0.026172 100.000000 21.074165
-0.001184 0.047364 100.000000 49.280129
-0.008259 0.021503 100.000000 14.971733
0.005413 0.024263 100.000000 27.847901
-0.005532 0.010364 100.000000 11.368126
0.003694 0.096174 100.000000 116.331142
-0.000280 0.046007 100.000000 48.568727
0.004652 0.057689 100.000000 68.895661
0.007885 0.041135 100.000000 51.935984
0.003197 0.087064 100.000000 104.240150
0.006065 0.061107 100.000000 74.888716
-0.006437 0.035704 100.000000 29.948431
0.003642 0.064771 100.000000 76.634595
-0.003694 0.030010 100.000000 25.553132
0.007734 0.098532 100.000000 124.139740
0.005453 0.096130 100.000000 118.365524
0.008724 0.068890 100.000000 87.921436
-0.000399 0.030873 100.000000 29.669175
0.000398 0.036728 100.000000 37.734739
-0.001756 0.052093 100.000000 54.568467
-0.009695 0.002918 100.000000 22.640073
0.000602 0.008465 100.000000 6.980196
-0.003451 0.018199 100.000000 13.029585
0.006012 0.058987 100.000000 72.151012
-0.005255 0.082385 100.000000 88.706180
-0.000053 0.066408 100.000000 74.428502
-0.005077 0.077622 100.000000 82.924643
0.008317 0.071389 100.000000 90.578820
0.005653 0.014720 100.000000 16.442040
-0.006144 0.043991 100.000000 40.091386
-0.001767 0.069881 100.000000 76.864910
0.005929 0.007499 100.000000 8.607704
-0.002545 0.086741 100.000000 97.204066
-0.007890 0.084576 100.000000 88.592821
0.001716 0.085848 100.000000 100.970896
-0.001823 0.060126 100.000000 64.553744
0.004532 0.088581 100.000000 107.735400
-0.001140 0.046322 100.000000 48.027937
-0.004635 0.068716 100.000000 72.246574
0.008382 0.032360 100.000000 41.538187
0.008486 0.033031 100.000000 42.506369
0.007561 0.043599 100.000000 54.638842
0.008729 0.014254 100.000000 19.584092
-0.007730 0.034880 100.000000 28.009352
0.005621 0.016151 100.000000 18.126179
-0.008306 0.037706 100.000000 30.801287
-0.000881 0.081281 100.000000 92.215240
-0.006556 0.086600 100.000000 92.570997
-0.007162 0.016756 100.000000 12.429606
0.007884 0.056387 100.000000 71.132837
0.007437 0.025320 100.000000 31.586890
0.005383 0.033592 100.000000 39.455584
-0.008027 0.035158 100.000000 28.110124
0.007474 0.018320 100.000000 22.972458
-0.004103 0.093760 100.000000 104.286262
0.003809 0.077416 100.000000 92.784241
0.008156 0.035277 100.000000 44.914454
-0.006560 0.082178 100.000000 87.023216
-0.002184 0.029460 100.000000 26.231731
0.002186 0.072220 100.000000 84.326371
0.006729 0.062355 100.000000 77.260446
-0.008701 0.068948 100.000000 68.262118
-0.003491 0.068550 100.000000 73.284028
0.007614 0.022705 100.000000 28.555305
0.006209 0.091830 100.000000 113.839363
-0.009733 0.054503 100.000000 49.512574
-0.007890 0.031281 100.000000 23.930501
0.004737 0.050876 100.000000 60.412879
-0.004743 0.047632 100.000000 45.903751
0.003822 0.095295 100.000000 115.372133
-0.003702 0.079625 100.000000 86.954571
0.008656 0.070750 100.000000 90.185135
-0.004959 0.030760 100.000000 25.393849
-0.004721 0.091929 100.000000 101.289777
0.006661 0.019826 100.000000 23.839797
-0.009259 0.006572 100.000000 18.631184
-0.009932 0.001484 100.000000 24.425047
-0.007404 0.071017 100.000000 72.175441
0.003453 0.007267 100.000000 6.613550
0.008613 0.063954 100.000000 81.561406
0.000879 0.083636 100.000000 97.207350
0.009454 0.017266 100.000000 24.156164
-0.001357 0.014529 100.000000 10.544501
0.004172 0.025143 100.000000 27.507821
0.002994 0.041893 100.000000 47.084018
-0.005192 0.066174 100.000000 68.470922
-0.000576 0.050968 100.000000 54.450981
0.009423 0.023641 100.000000 31.967366
0.002889 0.055407 100.000000 63.954989
0.000053 0.022284 100.000000 19.742008
-0.004478 0.044114 100.000000 41.841087
-0.001464 0.028862 100.000000 26.182634
-0.008987 0.056211 100.000000 52.288755
-0.009177 0.094292 100.000000 99.373529
0.009834 0.037999 100.000000 50.406950
-0.004511 0.005933 100.000000 12.717933
-0.001015 0.089689 100.000000 102.660363
0.002139 0.094835 100.000000 112.808567
-0.007430 0.058949 100.000000 57.172537
0.006044 0.064168 100.000000 78.724201
0.007777 0.022916 100.000000 29.016700
0.001466 0.018933 100.000000 17.102308
-0.000638 0.045918 100.000000 48.066500
0.001564 0.053811 100.000000 60.421485
0.003263 0.023776 100.000000 24.803278
0.002122 0.050886 100.000000 57.381842
-0.008205 0.021333 100.000000 14.860280
0.007717 0.020218 100.000000 25.605688
0.002768 0.022591 100.000000 22.813936
0.000211 0.042237 100.000000 44.395298
0.004655 0.073133 100.000000 88.379816
0.005408 0.076516 100.000000 93.545574
-0.005143 0.033012 100.000000 27.860209
0.000662 0.044829 100.000000 48.132425
0.004659 0.098495 100.000000 120.406923
-0.000765 0.062767 100.000000 69.045427
-0.009877 0.073347 100.000000 72.519612
-0.006811 0.050146 100.000000 46.958179
-0.001300 0.029941 100.000000 27.642420
-0.005096 0.081562 100.000000 87.846730
0.004920 0.036236 100.000000 42.224317
0.009795 0.037637 100.000000 49.903829
0.005791 0.001696 100.000000 5.376543
-0.008027 0.005504 100.000000 17.844133
0.003189 0.065157 100.000000 76.591098
0.006740 0.087057 100.000000 108.450281
0.003690 0.028752 100.000000 31.443874
-0.002053 0.032105 100.000000 29.540743
0.002110 0.043418 100.000000 47.989811
-0.004252 0.058593 100.000000 60.009075
-0.000690 0.063934 100.000000 70.596626
-0.006987 0.039661 100.000000 34.143903
-0.001201 0.060653 100.000000 65.903778
-0.007213 0.066252 100.000000 66.443533
0.004309 0.090612 100.000000 110.035256
-0.007102 0.042406 100.000000 37.311316
-0.002096 0.086154 100.000000 96.971578
-0.003620 0.018670 100.000000 13.390727
0.005409 0.070792 100.000000 86.322096
-0.001611 0.087136 100.000000 98.761079
-0.007416 0.063033 100.000000 62.239356
-0.007308 0.045641 100.000000 41.014624
0.001814 0.072451 100.000000 84.184556
-0.009791 0.063209 100.000000 60.087751
-0.008012 0.026702 100.000000 19.218233
-0.002029 0.027856 100.000000 24.458945
-0.005941 0.014103 100.000000 11.215186
-0.000157 0.085055 100.000000 97.801658
0.005850 0.042492 100.000000 51.182680
0.008451 0.096058 100.000000 121.881408
0.003921 0.084814 100.000000 102.255949
0.009607 0.084301 100.000000 108.445935
0.007426 0.095232 100.000000 119.599662
0.000284 0.026097 100.000000 24.529925
0.002167 0.072065 100.000000 84.109482
0.002419 0.064968 100.000000 75.455177
0.005295 0.077799 100.000000 95.029468
0.008837 0.067464 100.000000 86.261170
-0.001069 0.017509 100.000000 13.500935
0.005124 0.008415 100.000000 8.761572
0.007630 0.072551 100.000000 91.211649
-0.009890 0.025820 100.000000 18.000828
0.002252 0.061152 100.000000 70.451068
0.005645 0.034063 100.000000 40.355967
-0.008850 0.065715 100.000000 64.107987
-0.001392 0.082131 100.000000 92.704161
-0.002224 0.027256 100.000000 23.577060
-0.000375 0.064747 100.000000 71.974275
-0.006576 0.012231 100.000000 11.868500
0.000000 0.100000 120.000000 120.281578
-0.006475 0.004184 120.000000 16.789696
0.000287 0.065128 120.000000 75.437432
0.008232 0.001912 120.000000 6.285254
0.005733 0.086630 120.000000 109.622606
-0.006061 0.076124 120.000000 82.663210
0.001875 0.039256 120.000000 43.824645
0.001333 0.089042 120.000000 107.606890
0.003031 0.065896 120.000000 79.568007
-0.004986 0.081492 120.000000 90.739821
0.008961 0.061646 120.000000 81.096534
0.003142 0.089140 120.000000 109.832333
-0.004135 0.048347 120.000000 49.090873
0.008785 0.057056 120.000000 74.938753
-0.001525 0.088811 120.000000 104.044724
-0.000114 0.035504 120.000000 36.869500
0.003561 0.099916 120.000000 124.303715
0.006004 0.028972 120.000000 35.325732
0.004561 0.067775 120.000000 83.787633
-0.005399 0.018951 120.000000 13.729060
0.001071 0.013086 120.000000 10.677067
0.007735 0.001946 120.000000 5.939436
0.002444 0.039206 120.000000 44.396123
-0.006134 0.006613 120.000000 14.234805
0.006580 0.092528 120.000000 118.281234
-0.001123 0.079027 120.000000 91.831415
-0.001387 0.072232 120.000000 82.745932
0.008095 0.025013 120.000000 32.769566
0.002781 0.061920 120.000000 74.129188
-0.004879 0.025300 120.000000 20.187958
-0.001830 0.048207 120.000000 51.300874
-0.006982 0.015234 120.000000 12.202504
-0.000182 0.023225 120.000000 21.390929
-0.007030 0.071497 120.000000 75.697527
-0.008068 0.090455 120.000000 98.966243
0.001634 0.087962 120.000000 106.554195
-0.003430 0.042326 120.000000 42.155424
0.005017 0.090660 120.000000 114.005699
-0.002416 0.009657 120.000000 8.676947
0.002448 0.030263 120.000000 32.923083
0.008352 0.073920 120.000000 96.266037
-0.002018 0.053445 120.000000 57.823958
-0.001335 0.089549 120.000000 105.215317
0.004370 0.050439 120.000000 61.109434
-0.005489 0.049947 120.000000 49.769886
0.003992 0.042465 120.000000 50.362241
-0.002569 0.006123 120.000000 10.059770
0.005145 0.038758 120.000000 46.918724
-0.006811 0.027153 120.000000 21.093822
0.007948 0.090855 120.000000 117.745851
-0.001056 0.068463 120.000000 78.242413
0.009706 0.029872 120.000000 40.990392
0.001637 0.031650 120.000000 33.813880
-0.002829 0.041622 120.000000 41.864426
-0.004270 0.026052 120.000000 21.442088
-0.008404 0.008333 120.000000 15.957453
0.006738 0.061429 120.000000 78.138859
0.007069 0.021336 120.000000 26.830856
-0.001593 0.044147 120.000000 46.352713
0.008965 0.027750 120.000000 37.346988
-0.003675 0.002506 120.000000 14.518594
0.001956 0.012443 120.000000 10.597275
0.002782 0.068263 120.000000 82.347239
-0.007326 0.035161 120.000000 29.851183
-0.000391 0.051533 120.000000 57.128777
0.006837 0.033650 120.000000 42.336541
0.008756 0.037020 120.000000 49.007832
0.009892 0.065800 120.000000 87.611483
0.008931 0.095252 120.000000 124.632345
-0.009883 0.052708 120.000000 49.097308
-0.002664 0.088881 120.000000 102.854453
-0.002075 0.010656 120.000000 8.585187
-0.005004 0.048572 120.000000 48.507434
-0.005193 0.056435 120.000000 58.323296
-0.008732 0.059113 120.000000 58.200093
0.002714 0.008553 120.000000 7.346673
-0.004892 0.017532 120.000000 12.686386
0.001834 0.072231 120.000000 86.394032
0.003420 0.060740 120.000000 73.340437
0.009498 0.012075 120.000000 18.253357
-0.008061 0.059553 120.000000 59.411092
-0.003461 0.082609 120.000000 93.855451
0.002103 0.067435 120.000000 80.490080
-0.001313 0.081756 120.000000 95.149009
0.004130 0.015540 120.000000 16.188511
-0.002841 0.035443 120.000000 34.057195
-0.002739 0.095711 120.000000 111.610881
0.007066 0.004992 120.000000 7.426946
0.003945 0.007441 120.000000 7.076734
-0.001724 0.074325 120.000000 85.075722
-0.006883 0.051865 120.000000 50.833498
-0.005956 0.014753 120.000000 11.514914
0.004926 0.007956 120.000000 8.272468
0.007620 0.033232 120.000000 42.742964
-0.009302 0.087799 120.000000 94.240180
0.003358 0.013156 120.000000 12.561258
0.003670 0.070978 120.000000 86.897199
-0.008840 0.048685 120.000000 45.037037
-0.001063 0.055648 120.000000 61.695245
-0.000774 0.078759 120.000000 91.877987
0.009843 0.099838 120.000000 131.680449
-0.001739 0.014230 120.000000 10.540654
0.009135 0.099226 120.000000 130.033447
0.003647 0.089602 120.000000 111.021516
0.004991 0.077005 120.000000 96.260377
-0.007613 0.019067 120.000000 13.908858
-0.004698 0.077602 120.000000 86.035347
0.000370 0.073826 120.000000 86.788233
0.001591 0.062392 120.000000 73.375265
-0.003435 0.088018 120.000000 100.877555
0.008166 0.067187 120.000000 87.314565
-0.002435 0.010488 120.000000 8.737610
0.004459 0.045744 120.000000 55.140063
-0.009594 0.051083 120.000000 47.339332
0.000632 0.036593 120.000000 39.050209
0.000300 0.090791 120.000000 108.687127
0.001872 0.047674 120.000000 54.669231
0.005826 0.066799 120.000000 84.014957
0.001506 0.037320 120.000000 40.931168
-0.009481 0.085899 120.000000 91.611637
-0.008624 0.094955 120.000000 104.165646
0.000985 0.001746 120.000000 9.163374
0.001756 0.012012 120.000000 10.011640
-0.001633 0.057074 120.000000 62.909527
-0.000641 0.061814 120.000000 70.114934
-0.004519 0.065918 120.000000 71.182569
-0.009614 0.068124 120.000000 68.759006
0.001128 0.058025 120.000000 67.200944
0.008677 0.043714 120.000000 57.551682
-0.000018 0.049501 120.000000 54.921214
0.006407 0.050265 120.000000 63.286145
0.002902 0.038121 120.000000 43.514304
0.008271 0.072143 120.000000 93.865667
0.006907 0.042031 120.000000 53.233630
0.003571 0.016776 120.000000 17.121616
-0.003346 0.095026 120.000000 110.043345
0.001627 0.010743 120.000000 8.712599
-0.007591 0.049079 120.000000 46.661294
-0.005102 0.091695 120.000000 103.785855
-0.007836 0.037448 120.000000 32.177726
0.003992 0.056328 120.000000 68.292270
0.009544 0.010680 120.000000 16.626406
-0.002318 0.019372 120.000000 15.258172
0.009924 0.004315 120.000000 9.992484
0.006476 0.056263 120.000000 71.134399
0.008143 0.068727 120.000000 89.283967
0.008049 0.075703 120.000000 98.214654
-0.006387 0.089964 120.000000 100.145689
-0.004318 0.029339 120.000000 25.258280
-0.009397 0.071220 120.000000 72.915866
-0.008241 0.015910 120.000000 13.125773
-0.004779 0.017777 120.000000 12.878026
-0.006927 0.067289 120.000000 70.414924
0.005139 0.096398 120.000000 121.594694
0.000405 0.074923 120.000000 88.247193
0.004391 0.039197 120.000000 46.605399
0.002146 0.019513 120.000000 19.047790
0.008433 0.039866 120.000000 52.284997
-0.005426 0.015549 120.000000 11.573456
0.008665 0.015095 120.000000 20.922450
0.006934 0.060061 120.000000 76.601723
0.004201 0.092712 120.000000 115.707247
0.005812 0.028364 120.000000 34.317686
0.000301 0.079413 120.000000 93.945274
-0.008590 0.013052 120.000000 13.701249
-0.008478 0.078096 120.000000 82.649431
-0.000985 0.059952 120.000000 67.330315
-0.006842 0.081072 120.000000 88.196474
0.001074 0.081733 120.000000 97.833684
0.006547 0.005708 120.000000 7.575437
-0.003736 0.004373 120.000000 12.875527
0.003671 0.018730 120.000000 19.646996
-0.009038 0.070974 120.000000 72.965513
-0.002083 0.072983 120.000000 82.942610
-0.000828 0.046301 120.000000 49.926394
0.003783 0.074605 120.000000 91.731178
0.005648 0.065250 120.000000 81.795114
0.000813 0.044676 120.000000 49.623264
0.005270 0.077233 120.000000 96.884936
0.007184 0.092234 120.000000 118.621302
0.002558 0.048804 120.000000 56.905750
0.000515 0.087868 120.000000 105.143964
-0.002320 0.059039 120.000000 64.693650
-0.007647 0.033699 120.000000 27.905398
-0.005786 0.005008 120.000000 15.093032
-0.002430 0.007905 120.000000 9.019139
-0.005626 0.085620 120.000000 95.368770
0.005053 0.086694 120.000000 108.901817
-0.009418 0.068994 120.000000 70.059193
-0.006304 0.077300 120.000000 83.917862
-0.003525 0.011179 120.000000 9.476932
-0.007420 0.079984 120.000000 86.182758
0.007512 0.099329 120.000000 128.218300
-0.008672 0.099770 120.000000 110.318903
0.007842 0.069949 120.000000 90.505198
-0.004062 0.027575 120.000000 23.367297
0.002269 0.030940 120.000000 33.593537
0.008450 0.042635 120.000000 55.880480
-0.004058 0.061910 120.000000 66.522710
0.000248 0.008244 120.000000 7.075544
0.007087 0.027987 120.000000 35.353793
-0.000583 0.045116 120.000000 48.668548
-0.000642 0.063676 120.000000 72.518723
-0.002369 0.042233 120.000000 43.106913
-0.008954 0.065298 120.000000 65.820515
0.002864 0.059655 120.000000 71.291972
0.003286 0.005065 120.000000 5.651408
-0.008985 0.083610 120.000000 89.193965
0.001796 0.037846 120.000000 41.925000
-0.003208 0.089087 120.000000 102.513454
-0.001994 0.072313 120.000000 82.175940
0.004474 0.059837 120.000000 73.399486
0.003344 0.094331 120.000000 116.803517
0.002755 0.094856 120.000000 116.796945
0.005161 0.016380 120.000000 18.349085
-0.008808 0.084882 120.000000 91.012472
-0.001508 0.008598 120.000000 8.073345
0.006867 0.045119 120.000000 57.178240
0.008628 0.082879 120.000000 108.216162
-0.002977 0.051679 120.000000 54.539771
0.003183 0.029544 120.000000 32.815699
0.006271 0.067970 120.000000 86.061022
-0.003707 0.030020 120.000000 26.575160
0.001556 0.075217 120.000000 89.943569
0.003629 0.087215 120.000000 107.904379
0.001030 0.085548 120.000000 102.728330
0.001028 0.064134 120.000000 74.989808
-0.007356 0.026640 120.000000 20.285360
0.007131 0.037616 120.000000 47.802940
-0.006191 0.012782 120.000000 11.479621
-0.007081 0.098543 120.000000 110.461325
0.001766 0.054848 120.000000 63.815807
0.001410 0.039462 120.000000 43.576136
0.003685 0.086372 120.000000 106.876371
-0.001050 0.086676 120.000000 101.816997
-0.008707 0.085716 120.000000 92.190741
-0.009086 0.094351 120.000000 102.894358
-0.009766 0.049896 120.000000 45.719239
0.008912 0.085276 120.000000 111.668873
-0.001653 0.050068 120.000000 53.878308
-0.005650 0.062340 120.000000 65.401651
-0.000279 0.075151 120.000000 87.767280
0.000530 0.067014 120.000000 78.150925
-0.009621 0.045059 120.000000 39.919455
0.006193 0.045804 120.000000 57.259431
-0.004008 0.034803 120.000000 32.172993
0.003029 0.078338 120.000000 95.691940
0.000578 0.041159 120.000000 44.845399
0.004905 0.025990 120.000000 30.219576
0.001190 0.027656 120.000000 28.263659
-0.003201 0.014920 120.000000 10.884098
-0.005861 0.042648 120.000000 40.228066
-0.001287 0.066159 120.000000 75.009062
0.007773 0.092919 120.000000 120.214004
0.006763 0.077771 120.000000 99.355324
-0.006460 0.083682 120.000000 91.967912
0.006286 0.079551 120.000000 101.096125
-0.001866 0.034965 120.000000 34.403528
-0.006434 0.031275 120.000000 25.948224
0.005354 0.052658 120.000000 65.135271
0.007555 0.053663 120.000000 69.059884
-0.000795 0.015022 120.000000 11.592992
0.000897 0.058616 120.000000 67.704379
-0.004752 0.001968 120.000000 16.543521
-0.004554 0.038043 120.000000 35.694880
0.003406 0.068436 120.000000 83.293978
-0.001770 0.076905 120.000000 88.360740
-0.004938 0.075388 120.000000 82.921841
0.004526 0.060044 120.000000 73.727166
0.005083 0.021633 120.000000 24.871000
0.005001 0.046538 120.000000 56.801386
0.007076 0.041662 120.000000 52.959936
-0.008566 0.078221 120.000000 82.718233
0.003847 0.023477 120.000000 25.818208
0.007042 0.034898 120.000000 44.190813
0.006842 0.048105 120.000000 61.011198
0.008990 0.053239 120.000000 70.248755
-0.001133 0.057014 120.000000 63.378748
-0.002869 0.079253 120.000000 90.174658
0.008215 0.012286 120.000000 16.896919
0.009875 0.073244 120.000000 97.234525
0.003999 0.016708 120.000000 17.487330
0.005816 0.073095 120.000000 92.165018
-0.002239 0.028226 120.000000 25.660740
-0.006603 0.064812 120.000000 67.579829
-0.005116 0.085524 120.000000 95.799979
-0.001740 0.095502 120.000000 112.467242
-0.002113 0.078575 120.000000 90.137109
0.003280 0.091323 120.000000 112.825327
0.007825 0.036160 120.000000 46.764199
-0.007736 0.014966 120.000000 12.687424
0.009525 0.004492 120.000000 9.678462
0.007676 0.032020 120.000000 41.250001
-0.006252 0.046977 120.000000 45.282003
-0.001900 0.021871 120.000000 18.336872
-0.006931 0.095102 120.000000 106.182972
-0.002107 0.058551 120.000000 64.296757
-0.002930 0.036024 120.000000 34.699805
0.009422 0.092608 120.000000 121.793574
-0.007391 0.057711 120.000000 57.735374
0.003232 0.036231 120.000000 41.454752
-0.007461 0.090831 120.000000 100.101852
-0.002599 0.034045 120.000000 32.536820
0.008079 0.042849 120.000000 55.704828
0.001101 0.095980 120.000000 116.336414
0.001197 0.020186 120.000000 18.955760
-0.006350 0.085972 120.000000 95.036272
-0.001209 0.016233 120.000000 12.593494
-0.007965 0.034517 120.000000 28.631912
-0.007568 0.094961 120.000000 105.310631
-0.000180 0.009031 120.000000 7.422502
-0.003364 0.094085 120.000000 108.805591
0.006656 0.015281 120.000000 18.705016
-0.002127 0.009368 120.000000 8.478681
0.003797 0.019474 120.000000 20.711252
-0.005844 0.057380 120.000000 58.864297
-0.001051 0.067591 120.000000 77.122672
-0.009483 0.078757 120.000000 82.456096
0.001513 0.082215 120.000000 98.962901
0.002180 0.069400 120.000000 83.125389
-0.007002 0.042799 120.000000 39.383026
-0.008761 0.008174 120.000000 16.550836
0.009069 0.028837 120.000000 38.869343
0.008116 0.088319 120.000000 114.657447
0.009026 0.091603 120.000000 120.012302
-0.002056 0.015922 120.000000 11.919662
-0.002967 0.093866 120.000000 108.966391
0.004283 0.067209 120.000000 82.727476
-0.007206 0.099836 120.000000 111.995252
-0.005615 0.013520 120.000000 11.076594
-0.001733 0.036271 120.000000 36.184902
0.006655 0.025409 120.000000 31.531485
0.007556 0.040448 120.000000 51.971681
-0.008779 0.025919 120.000000 19.063515
-0.002597 0.050992 120.000000 54.060080
0.009712 0.069864 120.000000 92.655660
0.006320 0.071649 120.000000 90.889862
0.009967 0.027154 120.000000 37.835030
-0.006933 0.059203 120.000000 60.087526
-0.009839 0.091754 120.000000 98.755188
-0.008554 0.091477 120.000000 99.761994
-0.008361 0.023021 120.000000 16.650446
-0.002221 0.067538 120.000000 75.757478
0.009099 0.072940 120.000000 95.899238
-0.007210 0.068894 120.000000 72.176204
-0.006145 0.040186 120.000000 36.913795
-0.000965 0.095961 120.000000 113.942701
-0.004753 0.038375 120.000000 35.924941
0.009841 0.080023 120.000000 105.981596
0.002388 0.008910 120.000000 7.491613
0.005872 0.027472 120.000000 33.245507
-0.006661 0.079334 120.000000 86.153548
0.001214 0.038726 120.000000 42.415064
0.004051 0.067620 120.000000 82.988133
0.006842 0.056617 120.000000 72.030611
-0.009527 0.061166 120.000000 60.027064
-0.006526 0.055120 120.000000 55.304131
0.006844 0.062637 120.000000 79.830654
0.008371 0.086567 120.000000 112.690825
0.000598 0.088473 120.000000 106.023029
-0.009836 0.015252 120.000000 14.460360
0.002000 0.006718 120.000000 6.219821
0.003488 0.052693 120.000000 63.000967
0.004842 0.085042 120.000000 106.510216
0.001460 0.036114 120.000000 39.333592
-0.004040 0.045744 120.000000 45.880525
-0.006606 0.077531 120.000000 83.892878
0.000071 0.024625 120.000000 23.350505
0.006900 0.052885 120.000000 67.265714
-0.002139 0.092646 120.000000 108.317334
-0.000321 0.035043 120.000000 36.066245
-0.003421 0.090983 120.000000 104.727815
-0.006628 0.063540 120.000000 65.928182
-0.003388 0.075006 120.000000 84.115747
0.005282 0.092052 120.000000 116.123869
0.003842 0.073120 120.000000 89.874285
0.004414 0.093747 120.000000 117.300592
-0.000036 0.007371 120.000000 7.146169
0.000459 0.056889 120.000000 64.980874
-0.008454 0.007683 120.000000 16.513260
-0.000237 0.010634 120.000000 8.154136
-0.000068 0.022666 120.000000 20.811779
-0.006959 0.030966 120.000000 25.231280
-0.005859 0.052440 120.000000 52.564664
0.008391 0.071554 120.000000 93.247140
0.007420 0.084339 120.000000 108.660442
-0.003292 0.041007 120.000000 40.624029
0.008592 0.021009 120.000000 28.279902
0.008264 0.009628 120.000000 13.764690
0.003967 0.085077 120.000000 105.526216
0.000349 0.096130 120.000000 115.665029
-0.009375 0.094963 120.000000 103.373167
0.005910 0.069340 120.000000 87.407620
0.008250 0.019046 120.000000 25.367508
0.003499 0.097065 120.000000 120.531256
0.004230 0.099525 120.000000 124.581126
-0.002084 0.035493 120.000000 34.853795
0.004793 0.098303 120.000000 123.658502
0.009705 0.073782 120.000000 97.724683
-0.009915 0.030813 120.000000 23.430185
-0.003728 0.033272 120.000000 30.534033
0.005566 0.026245 120.000000 31.314105
0.007185 0.001134 120.000000 5.488912
0.005744 0.063838 120.000000 80.079833
0.008449 0.097249 120.000000 126.642588
0.007837 0.026063 120.000000 33.796546
0.006446 0.044208 120.000000 55.497397
-0.003211 0.023539 120.000000 19.305333
-0.003044 0.059649 120.000000 64.699302
0.004319 0.095008 120.000000 118.824843
0.001517 0.090567 120.000000 109.795628
0.000396 0.099286 120.000000 119.809809
0.004165 0.046313 120.000000 55.534115
0.003166 0.031559 120.000000 35.377903
0.007190 0.032228 120.000000 40.928330
-0.001172 0.067057 120.000000 76.297970
-0.001517 0.053184 120.000000 58.028931
-0.005372 0.033436 120.000000 29.324923
0.003363 0.024677 120.000000 26.807284
0.001233 0.039939 120.000000 43.993588
0.001973 0.080536 120.000000 97.318194
0.003169 0.024011 120.000000 25.750276
0.000110 0.088284 120.000000 105.219486
0.008742 0.052286 120.000000 68.713116
0.003739 0.033571 120.000000 38.608910
0.001463 0.078287 120.000000 93.815030
0.007108 0.096764 120.000000 124.408624
0.004059 0.083192 120.000000 103.190614
0.001926 0.094119 120.000000 114.876610
0.002289 0.011572 120.000000 9.918808
0.005163 0.037203 120.000000 44.932687
-0.008135 0.066141 120.000000 67.714711
0.007070 0.073537 120.000000 94.232074
0.000315 0.083487 120.000000 99.237312
0.001672 0.040332 120.000000 44.982967
-0.004930 0.055661 120.000000 57.605432
0.005007 0.035881 120.000000 43.046067
0.004072 0.037125 120.000000 43.564467
0.005459 0.097359 120.000000 123.220569
0.004145 0.038736 120.000000 45.725705
-0.003340 0.068048 120.000000 75.193098
0.001754 0.023421 120.000000 23.512079
-0.002866 0.093773 120.000000 108.959169
0.007690 0.008465 120.000000 11.723205
-0.003924 0.033098 120.000000 30.145588
-0.007213 0.083989 120.000000 91.555152
0.007570 0.022998 120.000000 29.554578
0.001274 0.053058 120.000000 60.948185
0.006178 0.080744 120.000000 102.514503
0.007802 0.063549 120.000000 82.161337
0.005204 0.083618 120.000000 105.090292
0.007981 0.033548 120.000000 43.587145
0.001079 0.047564 120.000000 53.638889
-0.009371 0.040859 120.000000 35.064084
0.006351 0.087407 120.000000 111.365700
-0.006741 0.072013 120.000000 76.661931
0.004006 0.012180 120.000000 12.042548
0.009016 0.072649 120.000000 95.420574
0.003131 0.039871 120.000000 46.027748
-0.009899 0.090725 120.000000 97.370969
-0.001048 0.048872 120.000000 52.991349
-0.006799 0.004377 120.000000 17.061261
-0.004926 0.024078 120.000000 18.822098
0.008365 0.021149 120.000000 28.175552
0.002403 0.078187 120.000000 94.769535
0.006941 0.047299 120.000000 60.087032
-0.007010 0.086113 120.000000 94.508067
-0.001145 0.021727 120.000000 18.756055
0.003799 0.016613 120.000000 17.159245
0.003149 0.055243 120.000000 65.909991
0.005529 0.076756 120.000000 96.573826
0.009835 0.021517 120.000000 30.482675
-0.009022 0.002647 120.000000 21.889144
0.003766 0.061057 120.000000 74.153114
0.005206 0.020746 120.000000 23.887193
-0.005583 0.065604 120.000000 69.653765
0.001912 0.061322 120.000000 72.357627
0.004650 0.004042 120.000000 5.410250
0.000061 0.084682 120.000000 100.497007
0.000774 0.086449 120.000000 103.601831
-0.001300 0.030725 120.000000 29.630375
-0.002771 0.049148 120.000000 51.515004
0.007999 0.052120 120.000000 67.598453
0.001529 0.097943 120.000000 119.376104
0.006013 0.046044 120.000000 57.356112
-0.009843 0.015810 120.000000 14.401627
-0.003823 0.058913 120.000000 62.923833
0.006480 0.097271 120.000000 124.317624
0.004822 0.048867 120.000000 59.602873
-0.006242 0.033752 120.000000 29.008050
-0.005003 0.092503 120.000000 104.938909
-0.003972 0.062985 120.000000 67.995674
-0.008655 0.095702 120.000000 105.095043
-0.001948 0.046440 120.000000 48.913401
-0.005881 0.059796 120.000000 61.911205
0.004884 0.090476 120.000000 113.609093
-0.008802 0.051252 120.000000 48.261264
-0.006420 0.033978 120.000000 29.138218
0.001364 0.009946 120.000000 7.936070
0.006128 0.011723 120.000000 13.736346
-0.000137 0.071124 120.000000 82.715978
0.005207 0.021036 120.000000 24.256587
0.000506 0.096376 120.000000 116.163757
0.003855 0.066860 120.000000 81.774538
0.008286 0.070717 120.000000 92.034966
0.003176 0.032788 120.000000 36.965788
0.001278 0.088847 120.000000 107.291384
0.002085 0.084895 120.000000 103.099256
0.004165 0.049307 120.000000 59.405619
0.008407 0.096796 120.000000 126.004106
-0.008328 0.092876 120.000000 101.804468
-0.000006 0.045317 120.000000 49.550917
0.001148 0.033514 120.000000 35.668790
0.007695 0.018787 120.000000 24.358273
0.003860 0.009836 120.000000 9.303999
-0.007035 0.096939 120.000000 108.441945
-0.002796 0.013337 120.000000 9.875559
-0.001916 0.075300 120.000000 86.123566
0.005678 0.005698 120.000000 6.817248
0.002537 0.033055 120.000000 36.595324
0.007871 0.091869 120.000000 118.968942
0.002519 0.014169 120.000000 12.975395
0.001966 0.039494 120.000000 44.232313
-0.007931 0.031682 120.000000 25.415813
0.004590 0.006837 120.000000 6.980048
-0.009653 0.033392 120.000000 26.294071
-0.008896 0.088230 120.000000 95.222288
0.007268 0.003618 120.000000 6.520146
0.000442 0.029805 120.000000 30.209582
-0.008199 0.020106 120.000000 14.614871
0.001011 0.086641 120.000000 104.123322
-0.007765 0.019680 120.000000 14.289364
-0.004826 0.011261 120.000000 10.462958
0.009945 0.010971 120.000000 17.491875
0.004570 0.073640 120.000000 91.401506
0.008945 0.058524 120.000000 77.035200
0.004336 0.058462 120.000000 71.456080
-0.007368 0.041251 120.000000 37.160064
-0.002455 0.052148 120.000000 55.693193
-0.002780 0.003728 120.000000 12.171179
-0.009058 0.071225 120.000000 73.264192
0.007305 0.022844 120.000000 29.036352
-0.000592 0.038943 120.000000 40.755570
0.000603 0.026547 120.000000 26.267932
-0.007317 0.045507 120.000000 42.458016
0.007614 0.057998 120.000000 74.743522
-0.002422 0.078326 120.000000 89.470887
-0.001529 0.082168 120.000000 95.439691
0.002487 0.016483 120.000000 15.683693
-0.001135 0.071826 120.000000 82.503033
-0.009823 0.078192 120.000000 81.384650
0.004374 0.049394 120.000000 59.762034
0.003845 0.002799 120.000000 5.703939
-0.002124 0.079085 120.000000 90.784984
-0.004318 0.071840 120.000000 79.019451
-0.004107 0.096951 120.000000 111.683196
-0.003593 0.076602 120.000000 85.950487
0.005143 0.067929 120.000000 84.671657
-0.003230 0.038192 120.000000 37.133309
0.009019 0.099221 120.000000 129.886756
0.003568 0.075612 120.000000 92.785216
0.004425 0.096377 120.000000 120.724934
0.007384 0.097417 120.000000 125.585747
0.001398 0.072610 120.000000 86.385874
-0.008145 0.007900 120.000000 15.931743
-0.000659 0.096592 120.000000 115.109424
-0.001650 0.011585 120.000000 8.788663
-0.008728 0.084809 120.000000 91.002511
-0.009603 0.060727 120.000000 59.400419
0.003938 0.020512 120.000000 22.170289
0.001789 0.005895 120.000000 6.181143
0.009275 0.069085 120.000000 91.115915
0.002219 0.059519 120.000000 70.375861
0.004105 0.036902 120.000000 43.316511
-0.008844 0.074255 120.000000 77.352863
-0.004791 0.065462 120.000000 70.308194
0.002114 0.030661 120.000000 33.067460
-0.001421 0.038170 120.000000 38.909046
-0.005914 0.069908 120.000000 74.829434
-0.004477 0.092862 120.000000 105.984278
-0.004834 0.094643 120.000000 107.890695
-0.000353 0.014978 120.000000 11.777833
-0.008453 0.080340 120.000000 85.554029
-0.001116 0.098654 120.000000 117.260360
-0.001746 0.047187 120.000000 50.083651
-0.009005 0.091245 120.000000 98.983811
0.004917 0.054466 120.000000 66.961620
0.004917 0.062379 120.000000 77.212024
-0.007174 0.062097 120.000000 63.530143
-0.003298 0.077125 120.000000 86.950249
0.001305 0.024325 120.000000 24.188374
0.006212 0.089090 120.000000 113.383385
0.006583 0.060055 120.000000 76.174171
0.002571 0.025314 120.000000 26.756298
0.004271 0.025678 120.000000 29.095966
0.000832 0.070095 120.000000 82.482446
-0.006736 0.052675 120.000000 51.999610
0.006459 0.031317 120.000000 38.880035
0.006653 0.052944 120.000000 67.047395
-0.002388 0.043287 120.000000 44.428811
0.008084 0.066792 120.000000 86.704118
-0.002429 0.027334 120.000000 24.405832
0.002762 0.037891 120.000000 43.060640
0.009333 0.080701 120.000000 106.244832
0.004435 0.041526 120.000000 49.662659
0.009558 0.055158 120.000000 73.424428
-0.006036 0.002175 120.000000 18.132711
-0.001959 0.002980 120.000000 11.759898
-0.006238 0.055517 120.000000 56.095186
-0.005775 0.051478 120.000000 51.427732
0.001043 0.040130 120.000000 44.031795
-0.008678 0.058633 120.000000 57.645300
-0.007285 0.079538 120.000000 85.753478
-0.005794 0.019177 120.000000 13.864950
0.006677 0.036327 120.000000 45.594667
-0.002562 0.016728 120.000000 12.482195
-0.007289 0.090220 120.000000 99.499261
0.003580 0.013201 120.000000 12.824302
-0.002573 0.002294 120.000000 13.225932
0.003095 0.059307 120.000000 71.108248
0.002773 0.072558 120.000000 87.902166
-0.004126 0.024671 120.000000 19.966928
-0.000140 0.096105 120.000000 115.071299
0.004735 0.079911 120.000000 99.728718
0.001086 0.011614 120.000000 9.245648
0.008790 0.034213 120.000000 45.433860
-0.001055 0.068384 120.000000 78.141425
0.000925 0.018694 120.000000 16.903621
0.008057 0.024321 120.000000 31.837870
-0.008063 0.064708 120.000000 65.961044
0.002475 0.070744 120.000000 85.206583
-0.004870 0.017612 120.000000 12.746923
-0.005109 0.078922 120.000000 87.291445
0.004188 0.070877 120.000000 87.370211
0.005474 0.075135 120.000000 94.406659
0.005668 0.033645 120.000000 40.939561
-0.007369 0.086838 120.000000 95.056549
0.001135 0.035903 120.000000 38.709539
-0.002063 0.065598 120.000000 73.428331
0.003154 0.059868 120.000000 71.902723
0.009365 0.056868 120.000000 75.402454
0.000925 0.090154 120.000000 108.579211
0.000474 0.099999 120.000000 120.825433
0.006731 0.096518 120.000000 123.639616
0.008769 0.055514 120.000000 72.924057
0.003780 0.026379 120.000000 29.438256
0.000405 0.059336 120.000000 68.081508
0.001477 0.087483 120.000000 105.751273
0.008852 0.051340 120.000000 67.624106
-0.007606 0.099608 120.000000 111.265344
0.000144 0.074375 120.000000 87.241890
0.004325 0.023877 120.000000 26.861899
0.004951 0.007604 120.000000 7.948190
-0.005542 0.044429 120.000000 42.755838
0.006236 0.076660 120.000000 97.287321
0.003013 0.062321 120.000000 74.917003
-0.001896 0.056083 120.000000 61.348539
-0.004611 0.034227 120.000000 30.928757
0.007196 0.026358 120.000000 33.395667
0.008634 0.075358 120.000000 98.471625
0.003318 0.016486 120.000000 16.506535
0.009523 0.013218 120.000000 19.684480
-0.006495 0.027453 120.000000 21.592698
0.006798 0.042562 120.000000 53.791091
0.009204 0.091757 120.000000 120.427023
0.003722 0.003774 120.000000 5.519305
0.008811 0.077856 120.000000 101.924349
0.004501 0.098436 120.000000 123.487229
0.000461 0.005932 120.000000 7.032308
-0.003625 0.084709 120.000000 96.387813
-0.007797 0.066699 120.000000 68.768875
0.001419 0.035265 120.000000 38.201119
-0.008040 0.018284 120.000000 13.651254
-0.005504 0.054843 120.000000 55.976161
0.005173 0.032290 120.000000 38.613476
0.009323 0.079300 120.000000 104.415028
0.006762 0.014288 120.000000 17.599266
0.007828 0.082607 120.000000 106.902346
-0.005339 0.057963 120.000000 60.124377
-0.001526 0.083818 120.000000 97.578148
0.005109 0.051826 120.000000 63.769092
0.001493 0.005562 120.000000 6.372934
0.000723 0.005776 120.000000 6.868856
0.007270 0.087080 120.000000 112.036553
0.002379 0.030650 120.000000 33.341406
0.000538 0.061911 120.000000 71.559575
0.003745 0.050087 120.000000 59.927020
-0.003567 0.006731 120.000000 10.871958
0.009163 0.077713 120.000000 102.164289
-0.002049 0.079408 120.000000 91.286894
-0.006321 0.052589 120.000000 52.296442
-0.007896 0.089289 120.000000 97.647732
0.001562 0.089986 120.000000 109.094907
0.008875 0.002354 120.000000 7.125579
0.007137 0.080619 120.000000 103.495682
0.004240 0.056532 120.000000 68.844586
0.001176 0.070834 120.000000 83.830819
0.000990 0.074378 120.000000 88.209112
-0.005082 0.065972 120.000000 70.653646
-0.008582 0.084005 120.000000 90.124707
0.002948 0.084628 120.000000 103.754812
-0.001699 0.089839 120.000000 105.179593
0.009941 0.016549 120.000000 24.354093
0.005156 0.050611 120.000000 62.252862
-0.002873 0.090049 120.000000 104.131686
0.004311 0.013635 120.000000 14.066213
0.009056 0.070573 120.000000 92.778398
-0.006603 0.050928 120.000000 49.920780
-0.008260 0.041234 120.000000 36.393666
-0.001948 0.076802 120.000000 88.028746
0.002915 0.074662 120.000000 90.793009
-0.001834 0.092155 120.000000 108.025777
-0.006109 0.099795 120.000000 113.144045
-0.006564 0.024965 120.000000 18.926978
-0.001119 0.001275 120.000000 12.287566
0.003127 0.032321 120.000000 36.311371
-0.005282 0.065939 120.000000 70.401137
0.001843 0.086353 120.000000 104.708631
-0.006271 0.049419 120.000000 48.337962
0.009453 0.027794 120.000000 38.010277
0.005796 0.034951 120.000000 42.773175
0.004865 0.022469 120.000000 25.684691
0.005900 0.062732 120.000000 78.830545
-0.008546 0.020624 120.000000 14.981072
0.001258 0.032681 120.000000 34.722148
-0.001746 0.045614 120.000000 48.069526
-0.009439 0.004244 120.000000 20.906901
0.003722 0.003234 120.000000 5.627291
-0.004826 0.012822 120.000000 10.483533
-0.009082 0.064899 120.000000 65.187705
0.008170 0.026712 120.000000 35.036766
-0.007000 0.038219 120.000000 33.773972
0.002584 0.036905 120.000000 41.592692
0.000755 0.017163 120.000000 14.952399
-0.009975 0.091271 120.000000 97.991410
-0.009524 0.075522 120.000000 78.276805
-0.002140 0.008459 120.000000 8.595044
-0.002458 0.080515 120.000000 92.262266
-0.006849 0.062133 120.000000 63.904863
-0.002457 0.005553 120.000000 10.304170
0.009273 0.048109 120.000000 63.960359
0.002843 0.088614 120.000000 108.802103
-0.009488 0.002958 120.000000 22.242683
-0.003548 0.012518 120.000000 9.739602
-0.000932 0.099918 120.000000 119.108229
-0.008315 0.092121 120.000000 100.846679
-0.001984 0.055097 120.000000 59.984947
0.007717 0.043487 120.000000 56.090842
0.006994 0.080351 120.000000 102.977609
-0.005347 0.094995 120.000000 107.779782
-0.004078 0.053023 120.000000 55.112043
0.005134 0.071602 120.000000 89.423315
-0.009896 0.028150 120.000000 20.819337
-0.007477 0.017140 120.000000 12.979279
0.009360 0.049625 120.000000 66.025762
0.007765 0.091195 120.000000 117.967482
-0.006192 0.009532 120.000000 12.420479
-0.000027 0.002755 120.000000 9.499300
0.008127 0.085140 120.000000 110.545935
-0.006329 0.006113 120.000000 14.894500
0.008883 0.016202 120.000000 22.577639
0.006602 0.025429 120.000000 31.492866
-0.005114 0.085337 120.000000 95.561205
0.003360 0.077364 120.000000 94.813359
-0.008674 0.092390 120.000000 100.808737
-0.009219 0.064171 120.000000 64.130111
-0.001044 0.013281 120.000000 9.929834
0.007659 0.014757 120.000000 19.259776
0.001463 0.064654 120.000000 76.156184
-0.003670 0.034271 120.000000 31.820768
-0.004095 0.026534 120.000000 22.123572
0.005809 0.015209 120.000000 17.630255
-0.003782 0.021516 120.000000 16.714779
0.008039 0.027050 120.000000 35.308777
-0.001144 0.099184 120.000000 117.915735
0.000453 0.003155 120.000000 8.598113
0.008223 0.029575 120.000000 38.773038
-0.007474 0.081734 120.000000 88.376809
-0.008050 0.047424 120.000000 44.178485
-0.004046 0.072213 120.000000 79.796103
0.004861 0.022017 120.000000 25.104180
0.008684 0.076152 120.000000 99.560542
-0.003017 0.046192 120.000000 47.486693
-0.006334 0.067520 120.000000 71.325694
0.009020 0.011256 120.000000 16.652202
-0.006578 0.084186 120.000000 92.489720
-0.004499 0.017549 120.000000 12.731145
0.000098 0.004008 120.000000 8.371559
0.002802 0.094262 120.000000 116.080497
0.008474 0.029689 120.000000 39.227868
0.000289 0.041095 120.000000 44.449270
0.006562 0.056538 120.000000 71.592676
0.001669 0.003696 120.000000 6.937893
0.003302 0.059649 120.000000 71.790816
0.004618 0.045533 120.000000 55.053941
-0.004136 0.084533 120.000000 95.596194
-0.006585 0.064632 120.000000 67.367792
0.003151 0.045257 120.000000 53.001399
-0.000539 0.044707 120.000000 48.191613
-0.007691 0.044514 120.000000 40.893590
-0.005057 0.077143 120.000000 85.054600
0.002856 0.032075 120.000000 35.692768
-0.000619 0.005611 120.000000 8.172502
0.005177 0.005110 120.000000 6.054169
0.005896 0.050772 120.000000 63.335639
0.004440 0.079999 120.000000 99.496044
0.000590 0.072305 120.000000 85.068937
-0.003153 0.018296 120.000000 13.741280
-0.003443 0.020251 120.000000 15.567930
-0.005593 0.065514 120.000000 69.528856
-0.002335 0.053750 120.000000 57.877049
-0.005120 0.055565 120.000000 57.286595
-0.003842 0.009620 120.000000 9.872059
-0.000804 0.047345 120.000000 51.292818
0.009056 0.074550 120.000000 97.934550
-0.000303 0.078422 120.000000 91.974725
0.005936 0.063707 120.000000 80.136072
0.000782 0.029980 120.000000 30.782766
0.008744 0.025929 120.000000 34.740617
-0.007568 0.082222 120.000000 88.904080
0.007564 0.018227 120.000000 23.491718
0.003300 0.071696 120.000000 87.396639
0.008497 0.068688 120.000000 89.658964
-0.006423 0.077460 120.000000 83.996234
-0.001921 0.003866 120.000000 10.933109
-0.000335 0.067155 120.000000 77.359015
-0.009052 0.071280 120.000000 73.340561
-0.005500 0.042421 120.000000 40.279959
-0.009805 0.009280 120.000000 17.134678
0.003116 0.080597 120.000000 98.721359
0.008395 0.006665 120.000000 10.560433
0.005111 0.025019 120.000000 29.216057
0.004348 0.029355 120.000000 33.889928
0.006483 0.044222 120.000000 55.559194
0.003535 0.033710 120.000000 38.555866
-0.008015 0.016945 120.000000 13.179584
0.009751 0.002562 120.000000 8.211382
-0.005695 0.046350 120.000000 45.024949
0.009898 0.035916 120.000000 48.997045
0.003724 0.056454 120.000000 68.142218
-0.003918 0.010565 120.000000 9.776269
0.008190 0.063337 120.000000 82.354729
0.006984 0.069515 120.000000 88.913837
0.001823 0.063087 120.000000 74.539808
-0.003395 0.056868 120.000000 60.752377
0.001953 0.045167 120.000000 51.524886
-0.008547 0.004773 120.000000 19.142957
-0.000931 0.043757 120.000000 46.554404
0.005727 0.030454 120.000000 36.902315
-0.004602 0.052006 120.000000 53.277639
-0.005773 0.056216 120.000000 57.453166
0.007227 0.084107 120.000000 108.128682
0.008365 0.099035 120.000000 128.859426
-0.005692 0.053929 120.000000 54.623450
0.002619 0.056485 120.000000 66.907083
0.000234 0.089500 120.000000 106.937089
-0.002416 0.038848 120.000000 38.762433
-0.003829 0.072884 120.000000 80.895807
0.001226 0.074481 120.000000 88.611675
0.003729 0.093630 120.000000 116.344183
0.003229 0.039266 120.000000 45.360094
-0.004533 0.094076 120.000000 107.491075
-0.005253 0.012270 120.000000 10.747136
-0.005922 0.059008 120.000000 60.861304
0.006527 0.060875 120.000000 77.169576
0.005729 0.057038 120.000000 71.250159
-0.001185 0.005777 120.000000 8.685676
-0.008813 0.060662 120.000000 60.080698
0.002842 0.002885 120.000000 6.360008
-0.009460 0.007821 120.000000 17.769185
0.009575 0.009451 120.000000 15.203350
0.004284 0.075013 120.000000 92.847064
-0.008047 0.017789 120.000000 13.460815
-0.003893 0.095948 120.000000 110.624458
-0.008773 0.027575 120.000000 20.640146
0.002370 0.054353 120.000000 63.864200
0.001095 0.062958 120.000000 73.544185
0.000606 0.050580 120.000000 57.000783
0.009946 0.097774 120.000000 129.128245
-0.009231 0.095405 120.000000 104.096593
0.009604 0.003715 120.000000 9.034377
0.008668 0.004546 120.000000 8.720008
-0.009507 0.066560 120.000000 66.877569
0.009142 0.064152 120.000000 84.562276
-0.008069 0.090718 120.000000 99.303387
-0.006096 0.007908 120.000000 13.251167
0.004152 0.075972 120.000000 93.935784
0.008118 0.082381 120.000000 106.958354
0.008657 0.063297 120.000000 82.867510
0.009358 0.010092 120.000000 15.685178
0.002232 0.050366 120.000000 58.553220
0.004735 0.070275 120.000000 87.232465
0.002377 0.064738 120.000000 77.312827
0.004156 0.031626 120.000000 36.584931
-0.004963 0.059088 120.000000 61.952551
0.000116 0.077164 120.000000 90.820201
-0.007454 0.062402 120.000000 63.636652
-0.007692 0.092823 120.000000 102.421387
0.003009 0.080411 120.000000 98.355753
-0.002496 0.009208 120.000000 8.769042
0.000044 0.025418 120.000000 24.307132
-0.002150 0.043843 120.000000 45.383837
-0.002370 0.064987 120.000000 72.303790
0.008894 0.055661 120.000000 73.266780
0.004367 0.010871 120.000000 10.889278
0.005332 0.057287 120.000000 71.104161
0.003788 0.099241 120.000000 123.694235
-0.005987 0.047208 120.000000 45.825596
0.003042 0.091478 120.000000 112.749252
-0.004056 0.077693 120.000000 86.852265
-0.009070 0.047335 120.000000 43.167270
-0.007610 0.054679 120.000000 53.683945
0.009211 0.082501 120.000000 108.429884
-0.005950 0.032664 120.000000 27.939093
0.000518 0.094878 120.000000 114.235798
-0.000574 0.018791 120.000000 15.785608
-0.004121 0.061680 120.000000 66.161123
0.001395 0.079746 120.000000 95.627475
-0.000183 0.056699 120.000000 64.019741
0.007324 0.042024 120.000000 53.727341
0.001926 0.025310 120.000000 26.066734
0.009687 0.027548 120.000000 37.988539
-0.008789 0.064468 120.000000 64.930748
0.006759 0.075395 120.000000 96.269645
0.006344 0.052198 120.000000 65.713319
0.006488 0.099173 120.000000 126.795822
0.002851 0.096238 120.000000 118.700695
-0.002884 0.068790 120.000000 76.646225
0.000368 0.069121 120.000000 80.693848
0.003268 0.016417 120.000000 16.371827
-0.004385 0.032118 120.000000 28.548814
0.006119 0.085750 120.000000 108.939646
0.005820 0.057444 120.000000 71.884618
-0.002650 0.064206 120.000000 70.991519
-0.003819 0.035852 120.000000 33.647616
0.005521 0.072930 120.000000 91.601371
-0.002991 0.080707 120.000000 91.916866
0.001882 0.027622 120.000000 28.947869
0.000503 0.098416 120.000000 118.805530
-0.008034 0.030459 120.000000 24.000155
-0.005396 0.067891 120.000000 72.786745
0.009240 0.010338 120.000000 15.827892
-0.004594 0.026323 120.000000 21.528145
-0.007910 0.097580 120.000000 108.317989
-0.006655 0.061805 120.000000 63.684545
0.006037 0.087292 120.000000 110.843202
0.002716 0.075607 120.000000 91.788017
0.008160 0.048245 120.000000 62.778746
0.003067 0.027013 120.000000 29.455364
-0.007440 0.002723 120.000000 19.562972
0.000911 0.020837 120.000000 19.483063
0.004793 0.023045 120.000000 26.334182
0.001323 0.099352 120.000000 120.965135
0.009232 0.036128 120.000000 48.444704
0.003219 0.086844 120.000000 106.944700
0.001020 0.026292 120.000000 26.367681
0.004379 0.027929 120.000000 32.097818
0.004874 0.008412 120.000000 8.688774
-0.004378 0.015219 120.000000 11.156834
0.009303 0.061646 120.000000 81.513484
0.004202 0.006823 120.000000 6.728862
0.000386 0.083456 120.000000 99.279598
-0.001255 0.002456 120.000000 11.321977
-0.006980 0.020348 120.000000 14.683301
0.004549 0.089397 120.000000 111.813974
0.008093 0.005463 120.000000 8.955606
0.001809 0.051351 120.000000 59.345352
0.008613 0.039937 120.000000 52.595971
-0.004658 0.034317 120.000000 30.999109
-0.006109 0.097846 120.000000 110.626128
-0.002915 0.089574 120.000000 103.469400
0.008779 0.010224 120.000000 15.111058
0.009480 0.099917 120.000000 131.345223
0.007823 0.023324 120.000000 30.277739
0.006790 0.036088 120.000000 45.422204
0.007085 0.061512 120.000000 78.662494
-0.009524 0.081649 120.000000 86.116957
0.001876 0.040821 120.000000 45.840549
-0.002353 0.092724 120.000000 108.176730
0.003736 0.064986 120.000000 79.207832
0.006787 0.092275 120.000000 118.199759
0.000302 0.021818 120.000000 20.115535
-0.006263 0.016736 120.000000 12.370466
-0.001563 0.079644 120.000000 92.135187
-0.006165 0.057002 120.000000 58.057682
-0.003387 0.005964 120.000000 11.165793
0.003453 0.040551 120.000000 47.271964
-0.002011 0.018199 120.000000 14.189643
0.005553 0.091776 120.000000 116.086446
0.006049 0.006928 120.000000 8.270841
-0.001524 0.067563 120.000000 76.560487
-0.003774 0.034918 120.000000 32.528932
-0.005624 0.019952 120.000000 14.514487
-0.002909 0.021768 120.000000 17.513181
0.006048 0.007813 120.000000 9.181362
0.003243 0.061865 120.000000 74.592158
0.009729 0.049962 120.000000 66.914411
-0.006039 0.088579 120.000000 98.736892
-0.009268 0.023435 120.000000 16.921705
0.004126 0.081907 120.000000 101.602028
-0.001049 0.064564 120.000000 73.212861
-0.008289 0.059832 120.000000 59.540844
0.004658 0.057131 120.000000 70.108603
-0.005848 0.092015 120.000000 103.380137
-0.001862 0.015931 120.000000 11.999657
0.004644 0.094139 120.000000 118.079109
0.009635 0.063840 120.000000 84.759564
-0.005703 0.096129 120.000000 108.853250
0.005909 0.050974 120.000000 63.612056
0.008815 0.032059 120.000000 42.693593
0.006645 0.026320 120.000000 32.685004
0.000059 0.085113 120.000000 101.051802
0.001731 0.031334 120.000000 33.512401
0.005585 0.045512 120.000000 56.161345
0.004791 0.053728 120.000000 65.858429
0.000139 0.005608 120.000000 7.426622
-0.003996 0.040697 120.000000 39.544582
-0.003990 0.077271 120.000000 86.380733
-0.001383 0.091468 120.000000 107.645855
0.000537 0.053706 120.000000 60.958489
0.007116 0.043791 120.000000 55.760371
0.001442 0.032421 120.000000 34.588663
-0.003456 0.059181 120.000000 63.658191
-0.003648 0.098287 120.000000 113.925732
-0.005891 0.041259 120.000000 38.471557
0.002342 0.086594 120.000000 105.600054
-0.007765 0.084170 120.000000 91.199463
0.001312 0.044817 120.000000 50.358357
0.004408 0.065148 120.000000 80.202927
-0.004273 0.037287 120.000000 35.012818
-0.003745 0.072194 120.000000 80.098551
-0.000095 0.040391 120.000000 43.133542
-0.003473 0.021796 120.000000 17.192491
0.000709 0.034207 120.000000 36.084497
0.000287 0.004364 120.000000 7.928058
-0.006602 0.038249 120.000000 34.141693
0.004240 0.040139 120.000000 47.646600
0.002276 0.036996 120.000000 41.364797
0.007774 0.098490 120.000000 127.443501
0.004528 0.034000 120.000000 40.065463
-0.003398 0.096474 120.000000 111.858414
-0.003004 0.010037 120.000000 9.094690
-0.007542 0.017190 120.000000 13.025790
0.001098 0.007856 120.000000 6.729924
0.007816 0.099367 120.000000 128.631844
-0.000284 0.097482 120.000000 116.691745
0.000686 0.038309 120.000000 41.306866
0.008050 0.072668 120.000000 94.280855
0.008498 0.015990 120.000000 21.831669
0.007097 0.070816 120.000000 90.735607
-0.001217 0.047261 120.000000 50.740442
0.001126 0.009539 120.000000 7.583888
0.001687 0.021074 120.000000 20.521621
0.009757 0.071636 120.000000 95.007437
0.004405 0.051281 120.000000 62.239832
-0.008652 0.062856 120.000000 63.019284
-0.006278 0.071752 120.000000 76.813971
-0.001610 0.033655 120.000000 33.005972
0.006855 0.068683 120.000000 87.680425
-0.002576 0.099342 120.000000 116.496234
-0.005521 0.055042 120.000000 56.212284
0.002674 0.061679 120.000000 73.693904
-0.002554 0.062694 120.000000 69.147744
0.001820 0.065784 120.000000 78.028044
-0.004402 0.095045 120.000000 108.890176
0.006977 0.021216 120.000000 26.566569
-0.008935 0.070812 120.000000 72.862023
0.006743 0.084525 120.000000 108.092979
0.008123 0.063905 120.000000 83.009674
-0.006120 0.030708 120.000000 25.512600
-0.001799 0.079923 120.000000 92.232397
0.001986 0.080172 120.000000 96.861380
0.007092 0.016474 120.000000 20.714742
0.009872 0.050210 120.000000 67.410073
-0.004851 0.085188 120.000000 95.656585
-0.002512 0.055903 120.000000 60.453966
0.006124 0.062590 120.000000 78.912641
-0.009245 0.036877 120.000000 30.477119
0.004566 0.030563 120.000000 35.690362
0.008149 0.032230 120.000000 42.095618
0.006710 0.052049 120.000000 65.956947
-0.001173 0.077409 120.000000 89.681760
0.005824 0.046083 120.000000 57.182757
0.003877 0.083141 120.000000 102.910754
0.007815 0.072625 120.000000 93.941730
0.002256 0.006311 120.000000 6.071040
0.001607 0.018840 120.000000 17.702868
0.003461 0.099435 120.000000 123.561452
-0.009868 0.018385 120.000000 14.585350
-0.003023 0.031052 120.000000 28.431077
0.008287 0.059821 120.000000 77.917700
0.009044 0.095830 120.000000 125.518369
-0.007418 0.038885 120.000000 34.236848
0.003446 0.034440 120.000000 39.393684
-0.008119 0.096194 120.000000 106.305168
0.005684 0.037865 120.000000 46.399308
-0.001226 0.083022 120.000000 96.886475
0.004579 0.062739 120.000000 77.281845
-0.004078 0.040208 120.000000 38.850540
-0.004936 0.075916 120.000000 83.604953
-0.002187 0.083853 120.000000 96.882358
0.005203 0.010120 120.000000 10.862170
-0.005511 0.061182 120.000000 64.064620
-0.009951 0.017850 120.000000 14.544733
0.001260 0.075282 120.000000 89.689206
0.004211 0.081759 120.000000 101.508206
-0.006103 0.071313 120.000000 76.434564
0.007265 0.074279 120.000000 95.427364
-0.001193 0.035950 120.000000 36.323354
-0.004076 0.017044 120.000000 12.387295
0.005102 0.010671 120.000000 11.388813
0.005859 0.076638 120.000000 96.810791
0.008011 0.071267 120.000000 92.417031
-0.009043 0.084346 120.000000 90.077000
-0.000912 0.041985 120.000000 44.305421
0.007348 0.008987 120.000000 11.917811
0.008145 0.043935 120.000000 57.189889
-0.009131 0.057306 120.000000 55.540687
0.009179 0.048697 120.000000 64.604952
-0.002175 0.007253 120.000000 9.013966
0.001175 0.074411 120.000000 88.462022
0.005003 0.065996 120.000000 82.001182
-0.004568 0.064520 120.000000 69.334343
0.004288 0.096499 120.000000 120.723213
0.004109 0.073991 120.000000 91.315689
-0.001159 0.093269 120.000000 110.233781
-0.005302 0.095835 120.000000 108.915741
0.009208 0.033327 120.000000 44.808997
-0.008608 0.016325 120.000000 13.426895
0.002600 0.080826 120.000000 98.419897
0.007267 0.038877 120.000000 49.594012
-0.003942 0.090884 120.000000 104.019456
-0.003607 0.004036 120.000000 12.998647
-0.001297 0.064916 120.000000 73.393817
0.008962 0.051616 120.000000 68.113808
0.007565 0.054286 120.000000 69.877520
-0.006588 0.008384 120.000000 13.564071
0.001693 0.060935 120.000000 71.607421
-0.007971 0.014332 120.000000 12.881595
-0.001797 0.013383 120.000000 9.883090
-0.005576 0.009704 120.000000 11.636905
0.002931 0.018342 120.000000 18.392148
-0.007163 0.042181 120.000000 38.479561
-0.006053 0.004333 120.000000 16.064719
0.008280 0.020954 120.000000 27.822735
0.002476 0.002931 120.000000 6.647393
0.005680 0.004725 120.000000 6.098634
-0.002580 0.020916 120.000000 16.779271
-0.009288 0.030568 120.000000 23.461506
0.005149 0.011739 120.000000 12.682799
-0.007857 0.067515 120.000000 69.749313
-0.006801 0.006267 120.000000 15.407010
-0.007625 0.024446 120.000000 18.027761
-0.002814 0.009550 120.000000 8.984665
0.000347 0.046341 120.000000 51.254534
-0.001297 0.079436 120.000000 92.165045
0.006694 0.080141 120.000000 102.346994
0.000461 0.007287 120.000000 6.858333
-0.005064 0.064721 120.000000 69.067474
0.006612 0.094135 120.000000 120.405096
-0.003767 0.058430 120.000000 62.362576
0.005071 0.058885 120.000000 72.866359
-0.008640 0.090644 120.000000 98.598822
0.003969 0.084505 120.000000 104.786937
-0.002036 0.024943 120.000000 21.853303
0.005081 0.031031 120.000000 36.888365
-0.003043 0.004452 120.000000 11.894412
-0.008535 0.034746 120.000000 28.504025
0.008048 0.037404 120.000000 48.637803
-0.006832 0.061699 120.000000 63.368955
0.002923 0.080271 120.000000 98.074398
0.001730 0.022297 120.000000 22.083144
0.000893 0.011920 120.000000 9.436585
0.008822 0.007665 120.000000 12.187053
-0.000103 0.029353 120.000000 29.086901
-0.001187 0.035456 120.000000 35.703900
0.000544 0.039733 120.000000 42.977429
0.001403 0.060286 120.000000 70.437175
0.007909 0.001236 120.000000 5.807520
-0.009001 0.038181 120.000000 32.170909
-0.006798 0.098940 120.000000 111.283743
-0.009077 0.059991 120.000000 58.976948
0.005818 0.084808 120.000000 107.360770
0.008639 0.043960 120.000000 57.822933
-0.005017 0.056055 120.000000 58.019213
0.002268 0.014640 120.000000 13.301435
0.003054 0.004659 120.000000 5.687516
-0.007753 0.098998 120.000000 110.318086
0.009539 0.032362 120.000000 43.978796
-0.003660 0.050019 120.000000 51.706961
0.007726 0.012678 120.000000 16.776044
0.001963 0.085048 120.000000 103.155738
0.003424 0.073975 120.000000 90.495135
0.006736 0.024609 120.000000 30.604967
-0.008631 0.013481 120.000000 13.630547
0.006082 0.054036 120.000000 67.780687
0.004333 0.063494 120.000000 77.971036
-0.001909 0.043673 120.000000 45.417796
0.000826 0.050739 120.000000 57.451491
-0.008688 0.044565 120.000000 40.093934
0.007003 0.084280 120.000000 108.085287
-0.005705 0.005980 120.000000 14.164680
-0.002080 0.086805 120.000000 100.822533
0.007892 0.058166 120.000000 75.296167
0.007176 0.058708 120.000000 75.138090
-0.009767 0.097341 120.000000 106.017319
0.001054 0.063246 120.000000 73.869929
-0.004075 0.069947 120.000000 76.842798
0.007844 0.032470 120.000000 42.032475
0.000133 0.005500 120.000000 7.478086
0.009918 0.082385 120.000000 109.136075
0.001459 0.084346 120.000000 101.663911
-0.001681 0.017714 120.000000 13.866940
0.001569 0.073525 120.000000 87.766269
-0.001563 0.069034 120.000000 78.416222
0.008265 0.031333 120.000000 41.084666
0.001515 0.034223 120.000000 36.970786
-0.005089 0.017882 120.000000 12.934592
-0.009480 0.088985 120.000000 95.576584
-0.008137 0.024708 120.000000 18.127951
0.008293 0.082223 120.000000 106.962855
0.009866 0.057304 120.000000 76.579146
0.001937 0.062671 120.000000 74.132677
0.005997 0.070053 120.000000 88.435590
-0.009661 0.016528 120.000000 14.224641
-0.007262 0.062645 120.000000 64.138861
-0.004704 0.021335 120.000000 16.080008
-0.005524 0.013608 120.000000 11.031939
-0.001364 0.019755 120.000000 16.304285
0.008652 0.030023 120.000000 39.876092
-0.006673 0.078809 120.000000 85.465738
-0.000630 0.073936 120.000000 85.798697
-0.005079 0.024929 120.000000 19.658144
-0.001046 0.030801 120.000000 29.972193
-0.004803 0.096916 120.000000 110.863925
-0.002734 0.004889 120.000000 11.141541
-0.004452 0.005498 120.000000 12.888268
0.002426 0.003863 120.000000 6.217227
-0.009291 0.047591 120.000000 43.291025
0.001554 0.013404 120.000000 11.338366
0.007639 0.023833 120.000000 30.703862
-0.004841 0.048632 120.000000 48.745006
-0.002933 0.048577 120.000000 50.617165
-0.008373 0.061456 120.000000 61.517814
-0.001774 0.013887 120.000000 10.261777
0.006060 0.043615 120.000000 54.272068
0.003397 0.096977 120.000000 120.297376
0.005669 0.081992 120.000000 103.530920
0.006085 0.009591 120.000000 11.186699
0.000220 0.023855 120.000000 22.539650
-0.008315 0.018247 120.000000 13.744975
-0.009205 0.008071 120.000000 17.227223
-0.000980 0.054252 120.000000 59.986622
-0.000457 0.041727 120.000000 44.458318
-0.007269 0.085406 120.000000 93.319648
-0.000960 0.012321 120.000000 9.212660
0.008204 0.009748 120.000000 13.833603
-0.007117 0.098179 120.000000 109.952346
0.005474 0.086774 120.000000 109.503428
0.002250 0.028452 120.000000 30.398042
0.000304 0.056809 120.000000 64.703619
0.000854 0.001964 120.000000 9.124341
0.002475 0.037018 120.000000 41.615193
0.003593 0.018754 120.000000 19.594505
-0.007568 0.049984 120.000000 47.815346
0.007079 0.094829 120.000000 121.861826
-0.006994 0.034154 120.000000 28.910311
-0.000580 0.025881 120.000000 24.288262
0.009514 0.061139 120.000000 81.113925
0.004039 0.028176 120.000000 32.026366
0.002136 0.086349 120.000000 105.044083
0.001421 0.028540 120.000000 29.625012
-0.000813 0.024248 120.000000 22.068774
0.004073 0.092599 120.000000 115.408753
-0.000321 0.005710 120.000000 7.820797
0.003614 0.091790 120.000000 113.822108
-0.006923 0.093133 120.000000 103.652476
-0.004704 0.081313 120.000000 90.816344
0.001279 0.053999 120.000000 62.168968
0.000770 0.070428 120.000000 82.842161
0.001264 0.002673 120.000000 8.053574
-0.008318 0.012952 120.000000 13.447803
-0.009089 0.063622 120.000000 63.561449
-0.004652 0.027646 120.000000 23.011279
0.003495 0.076853 120.000000 94.309239
-0.002964 0.064624 120.000000 71.188889
-0.004402 0.025236 120.000000 20.422541
0.000700 0.063837 120.000000 74.233396
0.003939 0.071373 120.000000 87.723349
-0.007510 0.025711 120.000000 19.281888
-0.007313 0.013622 120.000000 12.369133
0.004977 0.074344 120.000000 92.793018
-0.001563 0.042245 120.000000 43.955162
-0.007928 0.096715 120.000000 107.183057
-0.003812 0.071226 120.000000 78.775743
-0.009545 0.068490 120.000000 69.291710
0.000775 0.063813 120.000000 74.286495
0.000727 0.025710 120.000000 25.342208
-0.009977 0.096013 120.000000 104.084774
-0.008411 0.014826 120.000000 13.227253
-0.007496 0.008365 120.000000 14.742056
-0.004738 0.065622 120.000000 70.568378
0.002933 0.043786 120.000000 50.852998
0.003338 0.066024 120.000000 80.090182
-0.009687 0.012230 120.000000 15.236314
-0.000821 0.017158 120.000000 13.790281
-0.009497 0.091437 120.000000 98.708977
-0.006104 0.029140 120.000000 23.719973
-0.004771 0.015108 120.000000 11.182593
-0.007726 0.083397 120.000000 90.247077
-0.003046 0.052836 120.000000 55.950040
-0.007029 0.099437 120.000000 111.673481
-0.000828 0.074848 120.000000 86.756403
-0.008651 0.027332 120.000000 20.446031
-0.004243 0.092583 120.000000 105.883237
0.007458 0.075548 120.000000 97.303654
0.007102 0.076914 120.000000 98.648774
0.003686 0.067538 120.000000 82.456083
-0.009905 0.057438 120.000000 54.978783
-0.003989 0.062176 120.000000 66.937740
0.003158 0.042002 120.000000 48.806853
0.004992 0.089756 120.000000 112.803565
0.008922 0.089479 120.000000 117.131018
0.006646 0.033192 120.000000 41.517391
-0.005582 0.003739 120.000000 15.965311
0.008331 0.022783 120.000000 30.212276
-0.009614 0.076944 120.000000 80.003344
0.007021 0.063507 120.000000 81.171132
0.004966 0.092171 120.000000 115.905970
0.008230 0.099878 120.000000 129.791985
-0.003252 0.092933 120.000000 107.439858
-0.004913 0.078131 120.000000 86.484507
-0.001398 0.060118 120.000000 67.090162
-0.002407 0.096856 120.000000 113.467728
-0.004883 0.085427 120.000000 95.930071
0.009223 0.037641 120.000000 50.383513
-0.001069 0.034785 120.000000 34.973558
0.003085 0.080870 120.000000 99.040399
-0.001930 0.083549 120.000000 96.776993
-0.007231 0.021247 120.000000 15.351827
-0.004817 0.088076 120.000000 99.423903
0.002595 0.028700 120.000000 31.088221
-0.000313 0.069112 120.000000 79.915359
-0.004305 0.085504 120.000000 96.665265
-0.007720 0.088420 120.000000 96.717807
-0.007446 0.066605 120.000000 69.006398
0.001051 0.080023 120.000000 95.591902
0.001011 0.094255 120.000000 113.995283
0.004672 0.052697 120.000000 64.383800
-0.001729 0.061122 120.000000 68.021156
0.004184 0.041408 120.000000 49.219032
0.008641 0.018772 120.000000 25.507409
-0.006513 0.026341 120.000000 20.384345
-0.009570 0.048211 120.000000 43.813964
0.007434 0.077633 120.000000 99.978447
0.004821 0.090263 120.000000 113.259219
-0.009779 0.085462 120.000000 90.740564
0.008115 0.035057 120.000000 45.695154
0.005614 0.010318 120.000000 11.515899
0.007397 0.066864 120.000000 85.972534
0.003185 0.099707 120.000000 123.591447
-0.006084 0.048049 120.000000 46.791473
-0.000387 0.030555 120.000000 30.315765
-0.000020 0.090757 120.000000 108.276927
0.007147 0.030359 120.000000 38.472590
-0.006359 0.010464 120.000000 12.190520
0.003782 0.064341 120.000000 78.425024
-0.006161 0.043654 120.000000 41.206522
-0.005192 0.008186 120.000000 11.957317
0.008401 0.049629 120.000000 64.862489
0.003560 0.086448 120.000000 106.828419
-0.003979 0.064003 120.000000 69.296953
0.008190 0.032025 120.000000 41.882458
0.009808 0.037929 120.000000 51.476158
-0.004666 0.018127 120.000000 13.168006
0.002095 0.038818 120.000000 43.506213
-0.005614 0.078234 120.000000 85.859441
0.006881 0.078180 120.000000 100.026779
0.003355 0.056888 120.000000 68.276678
-0.009881 0.070889 120.000000 72.008507
0.007576 0.013415 120.000000 17.498255
0.004498 0.075150 120.000000 93.274935
-0.006015 0.042005 120.000000 39.286028
-0.002352 0.098988 120.000000 116.290523
-0.007048 0.067745 120.000000 70.872815
-0.007421 0.061718 120.000000 62.798183
0.007445 0.060177 120.000000 77.363762
-0.002209 0.001995 120.000000 13.027289
0.008586 0.062343 120.000000 81.545568
-0.008776 0.085711 120.000000 92.111785
-0.005431 0.024854 120.000000 19.375860
0.003631 0.041840 120.000000 49.138593
-0.004808 0.026463 120.000000 21.541859
0.006607 0.072918 120.000000 92.876377
-0.002608 0.025614 120.000000 22.186687
0.003302 0.022163 120.000000 23.558109
0.006024 0.051365 120.000000 64.253872
-0.003177 0.004173 120.000000 12.306103
0.004127 0.058140 120.000000 70.794726
0.000074 0.041356 120.000000 44.551286
-0.008079 0.023520 120.000000 17.097887
-0.005361 0.051007 120.000000 51.241642
0.002277 0.024934 120.000000 25.962016
-0.005645 0.044118 120.000000 42.267793
-0.009538 0.002383 120.000000 22.896260
0.007291 0.065606 120.000000 84.214641
-0.009116 0.023155 120.000000 16.716936
-0.004521 0.040367 120.000000 38.628151
-0.006233 0.037321 120.000000 33.320920
-0.008219 0.071273 120.000000 74.180497
-0.009486 0.096273 120.000000 104.942318
-0.003660 0.091424 120.000000 105.031513
-0.009947 0.016362 120.000000 14.460063
0.008878 0.086596 120.000000 113.338556
-0.001756 0.071025 120.000000 80.775376
-0.009809 0.048501 120.000000 43.965790
-0.006252 0.071298 120.000000 76.258831
-0.002476 0.066526 120.000000 74.172554
-0.006378 0.051896 120.000000 51.363579
0.000470 0.031871 120.000000 32.857716
0.008339 0.047328 120.000000 61.810905
0.009622 0.006499 120.000000 11.891580
0.002208 0.057930 120.000000 68.305536
0.007603 0.052143 120.000000 67.149554
-0.001679 0.029368 120.000000 27.578363
-0.009678 0.075355 120.000000 77.907541
-0.008365 0.031438 120.000000 24.884457
-0.002990 0.093685 120.000000 108.706567
0.009228 0.037877 120.000000 50.693328
-0.000464 0.063986 120.000000 73.117941
0.009115 0.037995 120.000000 50.705994
-0.000510 0.031633 120.000000 31.552405
0.000362 0.035508 120.000000 37.376282
-0.001958 0.069456 120.000000 78.524032
0.002084 0.047025 120.000000 54.070110
0.001159 0.080970 120.000000 96.943794
-0.002510 0.063880 120.000000 70.724082
0.008867 0.050162 120.000000 66.117019
-0.009051 0.074018 120.000000 76.838221
-0.008853 0.068957 120.000000 70.579773
0.009653 0.015977 120.000000 23.270324
0.000593 0.010051 120.000000 7.844147
0.002182 0.043608 120.000000 49.773324
-0.000488 0.075241 120.000000 87.647915
0.004459 0.085459 120.000000 106.600241
-0.002315 0.033026 120.000000 31.534451
-0.009599 0.094315 120.000000 102.302740
0.008500 0.032672 120.000000 43.093885
0.006825 0.084816 120.000000 108.568169
-0.004404 0.022198 120.000000 17.104387
0.006394 0.098870 120.000000 126.290188
-0.007537 0.020211 120.000000 14.598560
-0.001174 0.072693 120.000000 83.579821
-0.007143 0.013569 120.000000 12.227494
0.005744 0.061123 120.000000 76.561441
-0.009719 0.033785 120.000000 26.687671
0.005636 0.044239 120.000000 54.575543
0.001786 0.059619 120.000000 70.009759
0.001950 0.097333 120.000000 119.072684
-0.006322 0.080312 120.000000 87.775531
0.003620 0.025454 120.000000 28.079368
-0.001297 0.057939 120.000000 64.391571
-0.000994 0.029249 120.000000 28.079966
0.004676 0.096957 120.000000 121.774081
-0.001138 0.044344 120.000000 47.086118
-0.001842 0.054586 120.000000 59.480902
-0.006161 0.070148 120.000000 74.877086
-0.008686 0.028932 120.000000 22.041365
0.007987 0.066924 120.000000 86.758400
0.003926 0.048022 120.000000 57.466472
0.006394 0.076045 120.000000 96.678249
-0.004340 0.057675 120.000000 60.792301
0.000514 0.047222 120.000000 52.572396
-0.009137 0.029379 120.000000 22.300827
0.005808 0.089485 120.000000 113.415251
0.006615 0.013569 120.000000 16.539132
0.006286 0.086100 120.000000 109.591334
-0.006718 0.072207 120.000000 76.935013
0.003784 0.026196 120.000000 29.208429
-0.001785 0.015147 120.000000 11.309997
0.002847 0.094572 120.000000 116.534864
-0.000308 0.050619 120.000000 56.042725
0.003041 0.090207 120.000000 111.098664
-0.000683 0.086884 120.000000 102.502786
-0.004034 0.092948 120.000000 106.587065
0.004707 0.031715 120.000000 37.333242
-0.002759 0.036459 120.000000 35.411508
0.007121 0.078416 120.000000 100.620305
0.005511 0.040497 120.000000 49.593014
-0.002876 0.050071 120.000000 52.587090
0.003463 0.049168 120.000000 58.412806
-0.003666 0.044796 120.000000 45.051130
-0.006610 0.004239 120.000000 16.925673
0.007248 0.059522 120.000000 76.278763
-0.008244 0.040955 120.000000 36.068277
-0.009529 0.072656 120.000000 74.613024
0.005839 0.050532 120.000000 62.957155
0.009168 0.049659 120.000000 65.834403
0.004402 0.043118 120.000000 51.680216
-0.004963 0.069373 120.000000 75.151531
0.000768 0.067763 120.000000 79.390568
-0.005017 0.057681 120.000000 60.096553
0.001593 0.040377 120.000000 44.953885
0.008014 0.078479 120.000000 101.771808
-0.000226 0.069259 120.000000 80.203195
-0.005298 0.048584 120.000000 48.232393
-0.003946 0.009168 120.000000 10.105715
0.002437 0.048843 120.000000 56.817840
-0.007392 0.002137 120.000000 20.087302
0.009644 0.081045 120.000000 107.066006
0.009752 0.064807 120.000000 86.153583
-0.003931 0.002152 120.000000 15.218934
0.003065 0.021662 120.000000 22.673114
0.005448 0.089049 120.000000 112.424618
0.008023 0.037965 120.000000 49.331579
-0.000734 0.027637 120.000000 26.320181
-0.006731 0.030022 120.000000 24.308337
0.008833 0.047291 120.000000 62.364962
0.005906 0.035659 120.000000 43.816051
-0.009372 0.015101 120.000000 14.049888
0.006876 0.077613 120.000000 99.285175
-0.003214 0.087179 120.000000 100.038231
-0.001957 0.012351 120.000000 9.229143
-0.008135 0.051957 120.000000 49.758843
0.005824 0.086741 120.000000 109.874970
-0.009845 0.046875 120.000000 41.944832
-0.008045 0.015999 120.000000 13.003415
-0.004457 0.067611 120.000000 73.424990
-0.003450 0.058400 120.000000 62.661546
0.004961 0.088348 120.000000 110.939863
0.007226 0.025866 120.000000 32.803451
-0.000284 0.065290 120.000000 75.004887
-0.001954 0.049207 120.000000 52.451557
0.008137 0.031763 120.000000 41.480716
0.002173 0.054628 120.000000 63.995482
-0.002328 0.030516 120.000000 28.399247
0.006374 0.072573 120.000000 92.151576
0.006898 0.014667 120.000000 18.229197
-0.006354 0.097897 120.000000 110.422915
-0.009916 0.080090 120.000000 83.716603
0.007521 0.036089 120.000000 46.302295
0.008122 0.091837 120.000000 119.228259
-0.006931 0.091398 120.000000 101.404888
0.002880 0.079001 120.000000 96.378060
-0.009883 0.072912 120.000000 74.583946
-0.003077 0.006155 120.000000 10.650614
-0.006858 0.054066 120.000000 53.639983
0.006591 0.022378 120.000000 27.583715
-0.003666 0.089410 120.000000 102.420241
-0.007693 0.078930 120.000000 84.540921
0.008740 0.033537 120.000000 44.502779
0.005155 0.024026 120.000000 27.998708
-0.008921 0.061473 120.000000 61.002416
-0.001822 0.055445 120.000000 60.607338
0.009062 0.048137 120.000000 63.737389
-0.002356 0.074892 120.000000 85.106048
-0.002221 0.047745 120.000000 50.297588
0.005999 0.075007 120.000000 94.862230
-0.009496 0.042079 120.000000 36.425054
0.009049 0.067611 120.000000 88.932070
-0.001319 0.008145 120.000000 7.977719
-0.009046 0.003762 120.000000 20.814128
0.007779 0.072638 120.000000 93.915986
0.007142 0.036236 120.000000 46.036158
0.009700 0.053137 120.000000 70.983295
-0.007258 0.061033 120.000000 62.090830
0.004179 0.014590 120.000000 15.081959
-0.007932 0.058140 120.000000 57.747152
0.000082 0.051557 120.000000 57.680789
0.007975 0.099464 120.000000 128.947646
-0.009972 0.033563 120.000000 26.305219
-0.006914 0.090145 120.000000 99.806897
0.007995 0.090986 120.000000 117.971814
0.004644 0.007183 120.000000 7.316374
0.004734 0.052429 120.000000 64.109491
0.008623 0.082933 120.000000 108.280441
0.000320 0.081521 120.000000 96.697429
0.007856 0.097659 120.000000 126.463385
0.002666 0.079760 120.000000 97.113216
0.006609 0.021387 120.000000 26.343092
-0.009800 0.037385 120.000000 30.686815
0.009375 0.047213 120.000000 62.925198
-0.001843 0.073161 120.000000 83.438757
0.001390 0.086736 120.000000 104.683014
-0.006360 0.005247 120.000000 15.669384
0.008717 0.044038 120.000000 58.018466
0.000773 0.051296 120.000000 58.112295
0.003942 0.024997 120.000000 27.857116
0.007272 0.037585 120.000000 47.932137
0.008813 0.015768 120.000000 21.947041
-0.006738 0.098078 120.000000 110.235747
0.004373 0.035574 120.000000 41.914137
0.002130 0.009198 120.000000 7.617535
0.006135 0.009322 120.000000 10.934389
0.007119 0.060007 120.000000 76.752081
-0.000358 0.030585 120.000000 30.382437
0.002449 0.041556 120.000000 47.427853
-0.008827 0.064654 120.000000 65.128652
-0.003439 0.088165 120.000000 101.063476
0.006710 0.060545 120.000000 76.960535
0.005064 0.098433 120.000000 124.146132
0.007798 0.025566 120.000000 33.113370
0.001627 0.067718 120.000000 80.311914
0.002847 0.021649 120.000000 22.425433
0.000408 0.016238 120.000000 13.624769
0.009618 0.071807 120.000000 95.059834
0.005125 0.020911 120.000000 24.003054
-0.006615 0.033531 120.000000 28.459162
0.005189 0.046161 120.000000 56.534542
0.006790 0.033459 120.000000 42.032689
-0.001700 0.009590 120.000000 8.212436
-0.002695 0.060661 120.000000 66.376085
-0.001073 0.073548 120.000000 84.799016
-0.003690 0.040055 120.000000 39.032532
-0.003218 0.004987 120.000000 11.685492
0.008804 0.062933 120.000000 82.573309
-0.006453 0.076388 120.000000 82.585654
-0.002312 0.028516 120.000000 25.949661
-0.004116 0.048685 120.000000 49.540296
-0.003416 0.062210 120.000000 67.593035
-0.001519 0.007278 120.000000 8.353769
0.005424 0.051398 120.000000 63.587240
-0.009937 0.005444 120.000000 20.481769
-0.002466 0.002496 120.000000 12.886978
0.009232 0.043667 120.000000 58.169641
0.000473 0.090783 120.000000 108.874453
-0.005665 0.008989 120.000000 12.078928
-0.006163 0.002597 120.000000 17.887077
-0.008052 0.063261 120.000000 64.128866
0.006859 0.062265 120.000000 79.367996
0.007729 0.090635 120.000000 117.197988
-0.008065 0.024812 120.000000 18.241275
0.000044 0.012524 120.000000 9.621691
-0.003188 0.065250 120.000000 71.752655
0.000520 0.034063 120.000000 35.699902
-0.009482 0.063927 120.000000 63.563594
-0.008966 0.025643 120.000000 18.768582
0.002149 0.033371 120.000000 36.572339
0.001243 0.007638 120.000000 6.631522
0.007032 0.076064 120.000000 97.462512
-0.002370 0.064941 120.000000 72.244839
-0.006321 0.097171 120.000000 109.520960
0.003160 0.066978 120.000000 81.118174
0.006961 0.079499 120.000000 101.833072
0.002728 0.091471 120.000000 112.373598
-0.008924 0.084173 120.000000 89.979081
-0.009869 0.088810 120.000000 94.942230
-0.004851 0.062424 120.000000 66.343824
0.005884 0.087151 120.000000 110.477865
0.003306 0.092148 120.000000 113.926711
-0.009663 0.019965 120.000000 14.971413
0.003658 0.057451 120.000000 69.357593
0.002603 0.003417 120.000000 6.277906
-0.002350 0.075624 120.000000 86.059001
0.004255 0.007828 120.000000 7.619294
-0.006010 0.009562 120.000000 12.194190
0.000423 0.008711 120.000000 7.161186
-0.008684 0.098570 120.000000 108.759619
-0.005390 0.092068 120.000000 103.950508
-0.002877 0.079899 120.000000 90.999794
0.000111 0.007514 120.000000 7.054715
0.007350 0.012335 120.000000 15.902489
-0.002616 0.008678 120.000000 8.967073
0.000719 0.072795 120.000000 85.849016
-0.001104 0.087339 120.000000 102.614933
0.002150 0.046694 120.000000 53.717914
-0.003356 0.066280 120.000000 72.898235
-0.001122 0.095950 120.000000 113.750129
-0.000864 0.061370 120.000000 69.294337
0.006885 0.022065 120.000000 27.537026
-0.005646 0.020365 120.000000 14.864637
0.002013 0.018544 120.000000 17.729609
-0.000278 0.014876 120.000000 11.714719
0.002628 0.003380 120.000000 6.276313
0.009944 0.088816 120.000000 117.506223
-0.005142 0.072992 120.000000 79.616493
0.007215 0.063981 120.000000 82.017386
-0.006338 0.005205 120.000000 15.676609
0.006558 0.016627 120.000000 20.269428
-0.009859 0.017333 120.000000 14.420204
0.006565 0.042043 120.000000 52.840421
0.004158 0.004897 120.000000 5.598392
0.000967 0.039374 120.000000 42.977366
0.003176 0.044005 120.000000 51.412654
0.006730 0.078774 120.000000 100.616704
-0.000356 0.072154 120.000000 83.801505
0.001608 0.055733 120.000000 64.780656
0.006897 0.015029 120.000000 18.677170
0.002653 0.088874 120.000000 108.917178
-0.008190 0.033963 120.000000 27.837918
-0.008843 0.029959 120.000000 23.036653
-0.002911 0.041521 120.000000 41.653825
-0.007207 0.079966 120.000000 86.385330
0.006467 0.091440 120.000000 116.735203
0.005375 0.074208 120.000000 93.087140
-0.003333 0.071150 120.000000 79.199956
-0.007364 0.042895 120.000000 39.183468
-0.001767 0.074901 120.000000 85.773331
-0.009404 0.063621 120.000000 63.250484
0.009339 0.066836 120.000000 88.279348
0.004841 0.064981 120.000000 80.495090
0.009006 0.002828 120.000000 7.605395
-0.004317 0.031412 120.000000 27.750011
-0.009495 0.071204 120.000000 72.797753
-0.001286 0.083738 120.000000 97.745643
-0.006084 0.007025 120.000000 13.856432
0.005913 0.047210 120.000000 58.746045
0.009903 0.022303 120.000000 31.566576
-0.000431 0.041586 120.000000 44.305913
-0.005310 0.045467 120.000000 44.283551
-0.008299 0.019093 120.000000 14.101405
0.000440 0.041874 120.000000 45.613130
-0.008029 0.034603 120.000000 28.686804
0.004741 0.025143 120.000000 28.948129
0.003895 0.093979 120.000000 116.991261
0.005429 0.003419 120.000000 5.383588
0.003554 0.049578 120.000000 59.048537
0.008022 0.081249 120.000000 105.374014
0.004249 0.045149 120.000000 54.127964
-0.008178 0.053853 120.000000 52.100433
0.006111 0.054092 120.000000 67.887807
-0.003753 0.082660 120.000000 93.598812
-0.006001 0.089263 120.000000 99.660777
-0.007362 0.088792 120.000000 97.581266
-0.004132 0.050280 120.000000 51.556784
-0.006181 0.043926 120.000000 41.528114
0.000488 0.048390 120.000000 54.047345
-0.005345 0.086846 120.000000 97.256983
0.007376 0.074455 120.000000 95.788249
-0.003203 0.014521 120.000000 10.618092
-0.002887 0.057381 120.000000 61.951826
0.003377 0.048723 120.000000 57.739232
0.006672 0.062549 120.000000 79.511864
0.009250 0.052366 120.000000 69.436601
-0.002799 0.073979 120.000000 83.437438
-0.001853 0.008935 120.000000 8.301443
-0.006296 0.080535 120.000000 88.090220
-0.000597 0.023025 120.000000 20.775321
-0.006498 0.051627 120.000000 50.905320
0.005079 0.067703 120.000000 84.303721
-0.008485 0.091793 120.000000 100.242844
0.005548 0.068098 120.000000 85.369143
-0.008071 0.092664 120.000000 101.808214
0.003251 0.024035 120.000000 25.870504
0.002603 0.053683 120.000000 63.262892
0.005743 0.093527 120.000000 118.584137
-0.008438 0.054708 120.000000 52.928356
0.007713 0.003690 120.000000 6.970715
0.002187 0.002312 120.000000 7.344229
0.006347 0.009750 120.000000 11.656519
-0.000798 0.004027 120.000000 9.403859
0.006099 0.012244 120.000000 14.330099
0.007862 0.044628 120.000000 57.741978
0.003186 0.065695 120.000000 79.486354
-0.008814 0.063098 120.000000 63.166453
-0.005618 0.068651 120.000000 73.528370
0.008395 0.082266 120.000000 107.140490
-0.003713 0.096227 120.000000 111.186502
-0.000332 0.071869 120.000000 83.460023
-0.004866 0.069228 120.000000 75.069520
0.009246 0.058316 120.000000 77.131924
-0.002524 0.040434 120.000000 40.664013
0.002263 0.086370 120.000000 105.217510
-0.007250 0.091754 120.000000 101.518738
-0.009019 0.064488 120.000000 64.728703
-0.005981 0.041341 120.000000 38.492337
0.003371 0.002999 120.000000 5.912655
-0.002529 0.053970 120.000000 57.953129
0.003341 0.045746 120.000000 53.850148
-0.003158 0.029456 120.000000 26.358287
0.009552 0.038991 120.000000 52.529115
0.002834 0.075948 120.000000 92.365899
0.003837 0.095812 120.000000 119.301737
-0.009497 0.076139 120.000000 79.092974
-0.007745 0.061663 120.000000 62.403831
0.003465 0.019431 120.000000 20.301973
0.009670 0.098356 120.000000 129.549581
0.006854 0.050041 120.000000 63.530223
0.001441 0.013800 120.000000 11.686085
-0.007965 0.017449 120.000000 13.305402
-0.000486 0.072226 120.000000 83.747858
0.007745 0.075413 120.000000 97.472090
0.007598 0.059846 120.000000 77.118846
-0.007561 0.092449 120.000000 102.079541
-0.009123 0.091809 120.000000 99.584054
-0.000668 0.085248 120.000000 100.400314
0.002376 0.086450 120.000000 105.452095
0.003638 0.092363 120.000000 114.593464
-0.001149 0.052683 120.000000 57.782345
-0.007840 0.003160 120.000000 19.694594
0.003859 0.013320 120.000000 13.234854
0.001287 0.021966 120.000000 21.232034
-0.003042 0.018611 120.000000 14.096058
0.005452 0.023904 120.000000 28.188089
-0.002436 0.043019 120.000000 44.039268
-0.000186 0.034480 120.000000 35.491414
0.006029 0.001287 120.000000 5.395793
0.003597 0.054760 120.000000 65.803263
0.004951 0.011515 120.000000 12.212909
-0.008117 0.097895 120.000000 108.500133
0.002380 0.064409 120.000000 76.889973
0.004753 0.006305 120.000000 6.654627
0.002709 0.096570 120.000000 118.965904
0.003290 0.087190 120.000000 107.475934
-0.002916 0.014686 120.000000 10.730526
-0.001658 0.057625 120.000000 63.592439
-0.008744 0.045289 120.000000 40.933817
0.006578 0.022998 120.000000 28.358114
0.000560 0.032572 120.000000 33.844017
0.009636 0.098509 120.000000 129.706820
0.007464 0.052583 120.000000 67.551367
-0.008087 0.018308 120.000000 13.678985
-0.004609 0.033183 120.000000 29.655061
0.002680 0.037970 120.000000 43.069620
-0.003269 0.065358 120.000000 71.804268
0.007443 0.085231 120.000000 109.844165
0.004166 0.059457 120.000000 72.547001
-0.006506 0.012068 120.000000 11.856689
0.009246 0.098004 120.000000 128.580845
-0.006878 0.081280 120.000000 88.426652
0.008911 0.053500 120.000000 70.489856
0.006236 0.065482 120.000000 82.793505
0.009100 0.050641 120.000000 67.021772
-0.000805 0.033022 120.000000 33.009833
-0.003095 0.062672 120.000000 68.533369
0.007570 0.005642 120.000000 8.554897
-0.007655 0.096696 120.000000 107.454426
-0.009082 0.082118 120.000000 87.178188
-0.005914 0.083408 120.000000 92.203275
-0.006189 0.059909 120.000000 61.739162
0.005564 0.088341 120.000000 111.642026
0.002545 0.084812 120.000000 103.524129
0.002323 0.086337 120.000000 105.245078
0.000665 0.013533 120.000000 10.887524
0.004472 0.021466 120.000000 23.965707
-0.001316 0.043283 120.000000 45.539070
-0.005160 0.065046 120.000000 69.383304
0.007581 0.026174 120.000000 33.627973
0.006009 0.089384 120.000000 113.522595
0.003256 0.010698 120.000000 9.725634
-0.000185 0.084903 120.000000 100.502314
-0.009647 0.029319 120.000000 22.033200
0.004263 0.096962 120.000000 121.293597
-0.006530 0.067899 120.000000 71.606516
-0.004957 0.023793 120.000000 18.499275
0.001266 0.019680 120.000000 18.403975
-0.003673 0.062022 120.000000 67.076131
0.000385 0.015022 120.000000 12.272434
-0.000127 0.093093 120.000000 111.181466
-0.003265 0.007134 120.000000 10.273253
-0.002475 0.072697 120.000000 82.139530
0.007147 0.087063 120.000000 111.868357
0.005502 0.008039 120.000000 8.880834
0.009980 0.021797 120.000000 31.023027
0.004400 0.039717 120.000000 47.287962
0.009094 0.038624 120.000000 51.491927
-0.001607 0.009984 120.000000 8.221859
-0.006697 0.007135 120.000000 14.581794
-0.000781 0.023390 120.000000 21.054273
-0.009637 0.038724 120.000000 32.350302
-0.002357 0.065094 120.000000 72.456140
-0.007683 0.088520 120.000000 96.885788
-0.008686 0.064123 120.000000 64.594687
-0.005717 0.050898 120.000000 50.750403
-0.007467 0.023782 120.000000 17.461544
0.004540 0.048268 120.000000 58.499253
0.002792 0.054057 120.000000 63.964029
-0.003153 0.075027 120.000000 84.400993
-0.001693 0.090269 120.000000 105.743336
-0.009579 0.007711 120.000000 18.019805
-0.004324 0.007023 120.000000 11.610933
-0.000836 0.022288 120.000000 19.680426
-0.008567 0.051959 120.000000 49.360471
-0.005620 0.098480 120.000000 111.983283
0.008118 0.020493 120.000000 27.036754
-0.005590 0.089956 120.000000 101.003880
0.006599 0.077823 120.000000 99.227179
-0.009447 0.076525 120.000000 79.638225
0.004773 0.022783 120.000000 25.977925
-0.008219 0.004156 120.000000 19.261479
0.006114 0.013015 120.000000 15.281052
0.005399 0.029234 120.000000 34.949588
-0.006537 0.005072 120.000000 16.067260
-0.005460 0.091259 120.000000 102.828543
-0.009503 0.081964 120.000000 86.542229
0.009865 0.070677 120.000000 93.895865
0.006595 0.065980 120.000000 83.867253
0.000783 0.046444 120.000000 51.867295
0.009229 0.007745 120.000000 12.785943
-0.008369 0.086108 120.000000 93.052000
0.002282 0.085824 120.000000 104.531525
-0.001143 0.082486 120.000000 96.286512
0.004591 0.093100 120.000000 116.669675
0.002909 0.089123 120.000000 109.538346
-0.001820 0.098884 120.000000 116.757752
-0.000691 0.069483 120.000000 79.970219
-0.005070 0.008623 120.000000 11.571196
-0.006222 0.002315 120.000000 18.252003
-0.004942 0.056530 120.000000 58.702489
-0.006738 0.029350 120.000000 23.546624
0.008001 0.085068 120.000000 110.301885
-0.008657 0.030579 120.000000 23.788158
0.000843 0.012605 120.000000 10.061935
-0.007992 0.070954 120.000000 74.006385
0.008670 0.072776 120.000000 95.167965
-0.005598 0.023347 120.000000 17.713206
0.005820 0.039516 120.000000 48.690722
0.004292 0.069002 120.000000 85.063300
0.002073 0.065443 120.000000 77.876237
-0.004412 0.016958 120.000000 12.289638
-0.008005 0.056993 120.000000 56.224716
0.004704 0.042019 120.000000 50.613027
0.004994 0.028409 120.000000 33.420041
-0.007315 0.025631 120.000000 19.279555
-0.000052 0.095057 120.000000 113.813676
0.006673 0.024718 120.000000 30.669125
0.002156 0.005735 120.000000 6.023681
0.007414 0.064857 120.000000 83.390157
0.005944 0.016693 120.000000 19.632773
-0.006062 0.089707 120.000000 100.167091
0.002098 0.094505 120.000000 115.576793
-0.008824 0.056789 120.000000 55.181073
-0.006941 0.036931 120.000000 32.263611
0.006932 0.082049 120.000000 105.106525
0.000676 0.058079 120.000000 66.761637
-0.006852 0.061253 120.000000 62.780148
0.009893 0.076307 120.000000 101.226370
0.004610 0.071866 120.000000 89.148681
0.005206 0.038502 120.000000 46.659269
0.003447 0.086113 120.000000 106.262134
-0.000386 0.004573 120.000000 8.532769
0.002403 0.016068 120.000000 15.107628
-0.009085 0.028820 120.000000 21.756373
0.007916 0.058443 120.000000 75.683754
0.008000 0.053776 120.000000 69.742924
0.003010 0.066996 120.000000 80.968720
-0.009214 0.025433 120.000000 18.533822
0.009915 0.071853 120.000000 95.481693
0.002484 0.098126 120.000000 120.722254
0.005562 0.073005 120.000000 91.748203
-0.007560 0.019970 120.000000 14.442132
-0.000984 0.053652 120.000000 59.209840
0.002039 0.094135 120.000000 115.028796
-0.002545 0.016177 120.000000 11.988961
0.000846 0.056394 120.000000 64.775191
-0.009087 0.042051 120.000000 36.714008
-0.005780 0.014330 120.000000 11.318614
-0.008766 0.007212 120.000000 17.310381
0.003446 0.098420 120.000000 122.227506
0.006982 0.012108 120.000000 15.187708
0.004311 0.036519 120.000000 43.059415
0.008427 0.051088 120.000000 66.782058
-0.001970 0.078683 120.000000 90.436508
-0.009068 0.087045 120.000000 93.517109
0.003441 0.078717 120.000000 96.662433
0.006008 0.048314 120.000000 60.286893
-0.002583 0.048743 120.000000 51.194528
-0.004363 0.098745 120.000000 113.719044
0.007340 0.064274 120.000000 82.545997
0.006199 0.019218 120.000000 23.107922
0.006837 0.076698 120.000000 98.052111
-0.008641 0.009029 120.000000 15.776914
-0.009320 0.040725 120.000000 34.943285
-0.009442 0.067541 120.000000 68.187205
-0.000616 0.081354 120.000000 95.415963
-0.000920 0.067198 120.000000 76.760349
-0.004752 0.076837 120.000000 84.989698
0.003188 0.080400 120.000000 98.550403
-0.000588 0.018654 120.000000 15.619139
-0.007068 0.061310 120.000000 62.633892
0.003807 0.074669 120.000000 91.841995
0.003015 0.080963 120.000000 99.078196
-0.008987 0.062743 120.000000 62.547419
-0.009275 0.045631 120.000000 40.902925
0.007419 0.014297 120.000000 18.395915
-0.003613 0.068616 120.000000 75.629004
0.009154 0.005341 120.000000 10.079869
-0.009945 0.026130 120.000000 19.006240
-0.003441 0.045963 120.000000 46.761142
-0.004407 0.037937 120.000000 35.699972
0.005824 0.068501 120.000000 86.218263
-0.000466 0.076091 120.000000 88.772186
-0.009700 0.028519 120.000000 21.231345
0.005178 0.020357 120.000000 23.363315
-0.006536 0.027048 120.000000 21.130488
-0.007148 0.086130 120.000000 94.381415
-0.004390 0.050100 120.000000 51.064689
0.002475 0.011796 120.000000 10.288761
0.004601 0.095969 120.000000 120.403464
0.003677 0.032968 120.000000 37.762515
-0.008489 0.050933 120.000000 48.149878
-0.008656 0.020700 120.000000 15.045170
-0.001737 0.011711 120.000000 8.865019
-0.001709 0.020063 120.000000 16.409692
-0.004480 0.093852 120.000000 107.261301
-0.004471 0.093685 120.000000 107.054952
0.009439 0.094902 120.000000 124.790645
0.000880 0.081576 120.000000 97.407914
-0.006169 0.096890 120.000000 109.323936
0.009695 0.077903 120.000000 103.054488
0.001365 0.019214 120.000000 17.929304
-0.007402 0.090454 120.000000 99.679076
-0.001852 0.014588 120.000000 10.809249
0.004624 0.090401 120.000000 113.205430
-0.001476 0.003742 120.000000 10.469648
0.001089 0.073627 120.000000 87.348488
0.003071 0.088191 120.000000 108.517995
-0.006484 0.077795 120.000000 84.362757
-0.003841 0.051008 120.000000 52.782520
0.003645 0.088321 120.000000 109.357791
-0.005835 0.004731 120.000000 15.404395
-0.001825 0.072009 120.000000 81.970062
-0.009310 0.093091 120.000000 101.034806
-0.008104 0.044531 120.000000 40.553121
-0.008358 0.010577 120.000000 14.467834
0.006509 0.053185 120.000000 67.187974
-0.003125 0.029662 120.000000 26.637473
0.007426 0.025206 120.000000 32.200175
-0.002604 0.012338 120.000000 9.343964
0.006601 0.055319 120.000000 70.060440
0.001995 0.088077 120.000000 107.120767
0.008216 0.007419 120.000000 11.173000
0.005654 0.073423 120.000000 92.398233
-0.009564 0.012472 120.000000 14.985486
0.001605 0.028002 120.000000 29.136191
-0.009595 0.036041 120.000000 29.285962
0.007583 0.008818 120.000000 12.000208
-0.006439 0.050065 120.000000 48.990954
0.002957 0.012438 120.000000 11.380112
0.004605 0.007391 120.000000 7.474183
0.008641 0.084813 120.000000 110.740335
0.003768 0.056555 120.000000 68.324523
0.000071 0.010045 120.000000 7.815026
0.001338 0.054771 120.000000 63.231584
0.000297 0.031872 120.000000 32.679757
-0.007801 0.006769 120.000000 16.353878
-0.000946 0.091006 120.000000 107.544325
-0.007646 0.089073 120.000000 97.637584
0.009067 0.064523 120.000000 84.952685
-0.006278 0.087988 120.000000 97.715319
0.005877 0.004899 120.000000 6.347270
0.007125 0.082291 120.000000 105.650989
0.003219 0.081515 120.000000 100.032946
0.006681 0.021005 120.000000 25.943884
-0.007533 0.089997 120.000000 98.948717
0.004848 0.050698 120.000000 62.002888
-0.009009 0.094352 120.000000 102.977884
-0.007051 0.088644 120.000000 97.724809
-0.006714 0.068237 120.000000 71.849717
0.004646 0.013253 120.000000 13.957299
-0.006813 0.085075 120.000000 93.381707
-0.005942 0.007197 120.000000 13.546100
0.009730 0.043012 120.000000 57.936929
-0.004362 0.007309 120.000000 11.475574
-0.009035 0.057699 120.000000 56.126080
0.004290 0.086020 120.000000 107.129326
0.002250 0.010203 120.000000 8.543472
-0.001887 0.079366 120.000000 91.412688
0.009123 0.074556 120.000000 98.022790
-0.000439 0.032875 120.000000 33.194058
-0.002420 0.071398 120.000000 80.522124
-0.004004 0.087165 120.000000 99.143428
-0.009198 0.022876 120.000000 16.516512
0.007468 0.016147 120.000000 20.759376
-0.001153 0.067318 120.000000 76.655818
0.003206 0.002846 120.000000 6.097496
-0.002666 0.023508 120.000000 19.661997
-0.009017 0.069829 120.000000 71.525657
-0.009995 0.051432 120.000000 47.416499
0.004117 0.019390 120.000000 20.954225
0.009006 0.089346 120.000000 117.061042
-0.003162 0.026845 120.000000 23.206814
0.002606 0.036809 120.000000 41.493094
-0.005557 0.099407 120.000000 113.251873
-0.002718 0.028230 120.000000 25.245895
0.006556 0.063549 120.000000 80.668639
0.004336 0.020247 120.000000 22.274558
0.001127 0.020452 120.000000 19.214244
-0.004118 0.090470 120.000000 103.289048
-0.008501 0.074263 120.000000 77.716383
0.005208 0.013999 120.000000 15.465843
0.007539 0.051954 120.000000 66.827574
-0.003289 0.034801 120.000000 32.831261
-0.002018 0.048199 120.000000 51.091552
0.005818 0.069389 120.000000 87.362246
-0.006031 0.014110 120.000000 11.424930
0.003058 0.095577 120.000000 118.084507
-0.007868 0.090384 120.000000 99.089233
0.001320 0.036559 120.000000 39.750515
0.005780 0.091589 120.000000 116.113172
-0.008566 0.028268 120.000000 21.415603
-0.004052 0.055959 120.000000 58.896272
-0.003545 0.057833 120.000000 61.831872
-0.002069 0.049917 120.000000 53.239524
-0.001124 0.035526 120.000000 35.856336
-0.002539 0.002416 120.000000 13.060956
-0.000965 0.056319 120.000000 62.667108
-0.002110 0.034900 120.000000 34.081469
-0.008492 0.082977 120.000000 88.897331
-0.009789 0.014483 120.000000 14.561677
-0.009238 0.043113 120.000000 37.873891
-0.000514 0.067772 120.000000 77.955638
0.003217 0.070406 120.000000 85.627493
0.007793 0.042114 120.000000 54.409165
0.005823 0.055040 120.000000 68.773079
-0.006773 0.091367 120.000000 101.535999
-0.003514 0.071464 120.000000 79.408028
-0.000202 0.081251 120.000000 95.752470
0.009923 0.043342 120.000000 58.600542
-0.004543 0.068702 120.000000 74.736964
0.001047 0.037518 120.000000 40.683384
0.001712 0.031997 120.000000 34.338448
-0.003278 0.064324 120.000000 70.462268
-0.003696 0.069453 120.000000 76.617843
-0.007494 0.067097 120.000000 69.585041
-0.008634 0.001615 120.000000 22.395698
-0.003055 0.052731 120.000000 55.806418
-0.004335 0.076691 120.000000 85.255403
0.008008 0.088046 120.000000 114.173012
0.001304 0.060265 120.000000 70.297006
-0.005738 0.068700 120.000000 73.464233
-0.005756 0.073923 120.000000 80.158317
0.009566 0.038459 120.000000 51.860502
-0.004561 0.067666 120.000000 73.385703
0.005124 0.023854 120.000000 27.744024
0.008070 0.091524 120.000000 118.759745
-0.008640 0.017897 120.000000 13.775285
0.001867 0.002843 120.000000 7.286874
0.006812 0.099421 120.000000 127.503041
0.004963 0.032292 120.000000 38.372107
-0.003579 0.063864 120.000000 69.546312
-0.004547 0.054634 120.000000 56.686952
-0.004254 0.096687 120.000000 111.179104
0.001305 0.006316 120.000000 6.411372
-0.000444 0.036174 120.000000 37.378879
-0.001517 0.049274 120.000000 53.003656
-0.002796 0.078970 120.000000 89.889314
0.007218 0.036928 120.000000 47.020522
-0.000508 0.095955 120.000000 114.457058
-0.002631 0.040049 120.000000 40.068460
-0.004732 0.070047 120.000000 76.265881
-0.009779 0.099956 120.000000 109.370778
-0.000967 0.070020 120.000000 80.354620
-0.004199 0.004768 120.000000 13.154606
0.004408 0.068507 120.000000 84.556425
0.000053 0.091645 120.000000 109.510541
0.001222 0.027246 120.000000 27.778381
0.003666 0.034294 120.000000 39.455185
-0.005902 0.096038 120.000000 108.517845
-0.001417 0.081876 120.000000 95.188595
-0.006313 0.027607 120.000000 21.868384
-0.009200 0.014112 120.000000 14.054884
0.009247 0.082965 120.000000 109.074830
0.009709 0.047573 120.000000 63.801848
0.002996 0.078859 120.000000 96.328023
0.007722 0.055161 120.000000 71.200039
0.005446 0.010687 120.000000 11.765781
0.001721 0.076149 120.000000 91.341071
0.007232 0.052554 120.000000 67.235294
-0.005678 0.031695 120.000000 26.998935
-0.009614 0.073006 120.000000 74.974349
-0.005111 0.089064 120.000000 100.377747
-0.001406 0.086640 120.000000 101.367962
0.008840 0.087228 120.000000 114.112107
0.003361 0.007434 120.000000 6.771335
-0.005793 0.044367 120.000000 42.440492
-0.005266 0.080230 120.000000 88.806733
0.002992 0.023052 120.000000 24.347392
0.005795 0.040647 120.000000 50.122612
0.006626 0.047367 120.000000 59.797671
0.003749 0.026746 120.000000 29.871791
0.005771 0.004811 120.000000 6.213799
0.009896 0.076985 120.000000 102.108978
0.005190 0.074950 120.000000 93.830795
-0.002218 0.036127 120.000000 35.521343
-0.000441 0.012782 120.000000 9.681147
-0.005365 0.064304 120.000000 68.215811
-0.009547 0.035587 120.000000 28.800755
0.003988 0.018938 120.000000 20.248293
-0.004136 0.022745 120.000000 17.832354
0.000722 0.010856 120.000000 8.453446
-0.005051 0.066256 120.000000 71.052176
-0.001482 0.085474 120.000000 99.772011
0.009024 0.001794 120.000000 6.908385
0.004857 0.023116 120.000000 26.498137
0.003058 0.009570 120.000000 8.436704
0.007276 0.065203 120.000000 83.674095
0.003401 0.033966 120.000000 38.732273
0.000312 0.080815 120.000000 95.772659
0.009083 0.040290 120.000000 53.627179
-0.006748 0.050647 120.000000 49.426596
-0.001682 0.004164 120.000000 10.384731
-0.007275 0.099234 120.000000 111.142551
0.009727 0.085424 120.000000 112.845564
-0.000721 0.051624 120.000000 56.885694
-0.003415 0.038727 120.000000 37.627408
0.007722 0.089283 120.000000 115.435337
0.001299 0.020863 120.000000 19.882459
-0.008416 0.030249 120.000000 23.562033
0.002104 0.032542 120.000000 35.460519
0.004788 0.084602 120.000000 105.875558
0.009195 0.077757 120.000000 102.259867
0.006442 0.077469 120.000000 98.581141
0.009017 0.026938 120.000000 36.371410
-0.001824 0.062252 120.000000 69.375088
0.003770 0.031376 120.000000 35.823764
0.007513 0.011185 120.000000 14.705646
-0.009597 0.074525 120.000000 76.929713
-0.007152 0.057078 120.000000 57.168670
-0.005876 0.044788 120.000000 42.890216
0.005369 0.066739 120.000000 83.396680
-0.001599 0.088032 120.000000 102.952542
-0.005440 0.021382 120.000000 15.845722
-0.004309 0.008686 120.000000 10.677254
0.007331 0.052170 120.000000 66.857693
0.009010 0.065374 120.000000 85.985668
0.002554 0.046985 120.000000 54.551089
0.005276 0.088202 120.000000 111.121278
-0.008795 0.058012 120.000000 56.749236
0.004260 0.074512 120.000000 92.168487
0.008209 0.010293 120.000000 14.485279
0.003160 0.076545 120.000000 93.519026
-0.008467 0.001737 120.000000 22.031018
-0.009035 0.052846 120.000000 50.036919
0.005236 0.074958 120.000000 93.895050
0.002561 0.084060 120.000000 102.567475
0.006906 0.011306 120.000000 14.130584
0.000951 0.063400 120.000000 73.952710
0.001235 0.007431 120.000000 6.575061
0.005097 0.054872 120.000000 67.699108
0.004802 0.098681 120.000000 124.159044
0.009962 0.014982 120.000000 22.427659
0.003039 0.044299 120.000000 51.635832
0.004852 0.054236 120.000000 66.587100
0.004321 0.067226 120.000000 82.794775
-0.007750 0.083957 120.000000 90.941647
-0.002655 0.063090 120.000000 69.548319
0.007038 0.069255 120.000000 88.640752
-0.001041 0.093671 120.000000 110.888970
0.000836 0.088797 120.000000 106.716375
-0.009516 0.044969 120.000000 39.896367
0.001422 0.051858 120.000000 59.564251
-0.008662 0.014447 120.000000 13.482180
0.007653 0.082524 120.000000 106.584860
-0.007344 0.088818 120.000000 97.633865
0.003917 0.009124 120.000000 8.616781
-0.004961 0.064024 120.000000 68.281951
-0.000227 0.065202 120.000000 74.954617
-0.002122 0.042258 120.000000 43.392143
-0.005027 0.071513 120.000000 77.836050
0.007210 0.008807 120.000000 11.550747
-0.003311 0.079858 120.000000 90.465666
-0.000398 0.020523 120.000000 17.945416
-0.001681 0.094439 120.000000 111.157116
0.007340 0.008877 120.000000 11.783062
-0.005389 0.063284 120.000000 66.883022
0.006733 0.077594 120.000000 99.090944
-0.005698 0.056828 120.000000 58.309885
0.006496 0.049094 120.000000 61.876775
0.006106 0.063869 120.000000 80.548845
-0.007101 0.022530 120.000000 16.432578
-0.009318 0.028288 120.000000 21.140117
0.003409 0.037508 120.000000 43.299912
0.007651 0.090217 120.000000 116.561236
-0.008313 0.062284 120.000000 62.627550
0.009355 0.086016 120.000000 113.162327
0.008691 0.063574 120.000000 83.267491
-0.008108 0.023166 120.000000 16.796686
0.009884 0.040944 120.000000 55.458348
-0.005237 0.066921 120.000000 71.709895
-0.003443 0.093959 120.000000 108.553332
-0.001353 0.043285 120.000000 45.503446
0.003340 0.041778 120.000000 48.726036
0.005185 0.087501 120.000000 110.105495
-0.007461 0.081635 120.000000 88.263313
-0.004409 0.081172 120.000000 90.957060
0.002883 0.054573 120.000000 64.736857
0.008949 0.063755 120.000000 83.814722
0.005868 0.031101 120.000000 37.900897
-0.005056 0.046109 120.000000 45.338487
-0.009880 0.026457 120.000000 19.296251
0.005999 0.085731 120.000000 108.772869
0.002794 0.075073 120.000000 91.185925
-0.007422 0.070713 120.000000 74.286291
-0.009037 0.022454 120.000000 16.214484
-0.005715 0.017776 120.000000 12.863180
0.009467 0.077811 120.000000 102.659286
-0.008018 0.074980 120.000000 79.134550
-0.000049 0.049423 120.000000 54.787843
0.004350 0.098517 120.000000 123.414352
-0.004809 0.099336 120.000000 113.987656
-0.004664 0.001054 120.000000 17.361186
-0.007496 0.054102 120.000000 53.066232
-0.008595 0.079261 120.000000 84.021709
-0.005548 0.022282 120.000000 16.671370
-0.009067 0.075007 120.000000 78.086341
-0.008425 0.066297 120.000000 67.620849
-0.003695 0.067760 120.000000 74.437763
0.003860 0.063256 120.000000 77.110951
-0.009579 0.018624 120.000000 14.476438
0.009871 0.076418 120.000000 101.343993
0.000906 0.024916 120.000000 24.527247
-0.007764 0.014678 120.000000 12.701019
-0.009429 0.087577 120.000000 93.821756
-0.008894 0.082542 120.000000 87.918597
-0.005998 0.005499 120.000000 14.958034
0.005562 0.078529 120.000000 98.911813
0.007098 0.090294 120.000000 115.999604
-0.006648 0.063318 120.000000 65.623176
0.001240 0.032861 120.000000 34.933002
0.009987 0.085881 120.000000 113.752001
0.009359 0.055038 120.000000 73.027436
0.009300 0.037295 120.000000 50.031223
0.003511 0.027002 120.000000 29.933026
-0.004112 0.068984 120.000000 75.563823
0.001053 0.036068 120.000000 38.831681
-0.002651 0.037601 120.000000 36.953937
0.004364 0.018153 120.000000 19.676751
-0.009937 0.083141 120.000000 87.601030
0.007535 0.040836 120.000000 52.446161
0.006697 0.053327 120.000000 67.596312
-0.000804 0.046760 120.000000 50.540521
0.000205 0.051026 120.000000 57.131652
0.004907 0.001991 120.000000 5.488841
-0.004727 0.007699 120.000000 11.681304
-0.003653 0.074720 120.000000 83.456747
-0.003813 0.033099 120.000000 30.245840
-0.001143 0.061452 120.000000 69.090752
0.004834 0.075945 120.000000 94.700939
-0.005767 0.033192 120.000000 28.711997
-0.007900 0.082327 120.000000 88.686984
0.002922 0.016140 120.000000 15.690480
-0.005925 0.076498 120.000000 83.290548
-0.008535 0.096641 120.000000 106.433037
0.003785 0.019259 120.000000 20.430372
0.007245 0.092366 120.000000 118.864090
0.008193 0.088228 120.000000 114.631762
-0.001319 0.039565 120.000000 40.789803
-0.009269 0.058353 120.000000 56.726897
0.002209 0.096818 120.000000 118.706775
0.007421 0.007153 120.000000 9.953096
0.002562 0.067844 120.000000 81.548973
0.007375 0.099915 120.000000 128.815284
0.001245 0.061689 120.000000 72.072136
-0.009259 0.050493 120.000000 46.905422
-0.002467 0.029645 120.000000 27.198457
-0.008642 0.088381 120.000000 95.685047
0.000419 0.080464 120.000000 95.440945
-0.000509 0.049737 120.000000 54.688298
-0.009399 0.082430 120.000000 87.247904
-0.005579 0.033744 120.000000 29.526257
0.006091 0.071231 120.000000 90.073907
0.008219 0.025512 120.000000 33.560220
-0.001825 0.054924 120.000000 59.934081
0.002526 0.083453 120.000000 101.739386
0.007188 0.092290 120.000000 118.697440
-0.009359 0.076532 120.000000 79.736825
0.007169 0.005096 120.000000 7.621146
-0.002692 0.007802 120.000000 9.322142
0.004806 0.046404 120.000000 56.399051
-0.008905 0.029262 120.000000 22.282926
0.008816 0.070771 120.000000 92.744603
0.007095 0.056882 120.000000 72.676020
-0.009210 0.050411 120.000000 46.847150
-0.001112 0.079860 120.000000 92.921967
0.007941 0.014458 120.000000 19.233771
0.006014 0.045243 120.000000 56.322272
-0.007857 0.057245 120.000000 56.687821
0.002531 0.050961 120.000000 59.662013
0.004226 0.041302 120.000000 49.131303
-0.008894 0.051488 120.000000 48.471399
-0.006689 0.039029 120.000000 35.019923
-0.008383 0.047752 120.000000 44.286892
0.009414 0.036020 120.000000 48.530046
-0.004605 0.043523 120.000000 42.514602
-0.008586 0.056298 120.000000 54.789271
0.005823 0.076864 120.000000 97.061956
-0.003645 0.080547 120.000000 90.989239
0.001625 0.070231 120.000000 83.562751
-0.007355 0.096373 120.000000 107.363301
-0.004850 0.085037 120.000000 95.462647
0.004047 0.017867 120.000000 18.974692
-0.000546 0.001073 120.000000 11.735785
-0.001744 0.022824 120.000000 19.570772
0.008623 0.057973 120.000000 75.930142
-0.006846 0.074606 120.000000 79.880700
0.008749 0.041845 120.000000 55.224075
-0.008359 0.030728 120.000000 24.110888
0.007649 0.035799 120.000000 46.085038
0.006261 0.023928 120.000000 29.169269
-0.000206 0.075164 120.000000 87.867307
0.004038 0.052063 120.000000 62.823304
0.006150 0.046516 120.000000 58.129532
-0.006147 0.069421 120.000000 73.959291
0.003600 0.054614 120.000000 65.616146
0.006850 0.022233 120.000000 27.708669
0.002317 0.082396 120.000000 100.127076
-0.002401 0.081443 120.000000 93.525215
0.001904 0.015443 120.000000 13.918545
-0.009814 0.090630 120.000000 97.337411
-0.004580 0.069161 120.000000 75.288887
0.001693 0.094157 120.000000 114.655711
-0.008612 0.027259 120.000000 20.388646
0.006971 0.032452 120.000000 40.953031
-0.000757 0.019630 120.000000 16.611494
0.004950 0.063123 120.000000 78.215398
-0.000924 0.062736 120.000000 70.991338
0.006501 0.040565 120.000000 50.854898
0.007602 0.052737 120.000000 67.916542
-0.006076 0.013018 120.000000 11.378564
-0.005224 0.058671 120.000000 61.149197
0.004648 0.031876 120.000000 37.472077
0.005588 0.054222 120.000000 67.437302
-0.001585 0.092490 120.000000 108.741421
0.009233 0.022830 120.000000 31.394200
-0.008886 0.037808 120.000000 31.816786
0.006841 0.064321 120.000000 82.010162
0.005891 0.087824 120.000000 111.359888
0.009400 0.005981 120.000000 11.053535
0.003246 0.031534 120.000000 35.435158
0.002202 0.069262 120.000000 82.971343
0.004625 0.045577 120.000000 55.118356
0.003154 0.066960 120.000000 81.089029
0.008673 0.062364 120.000000 81.677536
0.001418 0.032588 120.000000 34.776149
0.003143 0.060337 120.000000 72.496858
-0.000294 0.056919 120.000000 64.180671
-0.006349 0.074771 120.000000 80.616968
0.008141 0.009134 120.000000 13.037037
0.009175 0.092436 120.000000 121.273066
0.008395 0.090483 120.000000 117.799844
-0.001918 0.091282 120.000000 106.800734
0.008534 0.025272 120.000000 33.640886
0.000757 0.064793 120.000000 75.534833
-0.009970 0.020466 120.000000 15.298855
0.004533 0.082314 120.000000 102.607898
0.000863 0.008998 120.000000 7.240008
0.006186 0.093150 120.000000 118.619991
-0.009014 0.085314 120.000000 91.351541
0.006958 0.091474 120.000000 117.365268
0.001946 0.087767 120.000000 106.662298
-0.004301 0.022912 120.000000 17.917997
0.007531 0.089904 120.000000 116.011289
0.008974 0.067040 120.000000 88.100877
-0.001158 0.047820 120.000000 51.521750
-0.000617 0.062358 120.000000 70.843505
0.001285 0.053881 120.000000 62.022676
-0.001324 0.064701 120.000000 73.085264
-0.002701 0.038364 120.000000 37.866933
-0.006743 0.013740 120.000000 11.896354
0.005309 0.008703 120.000000 9.399652
0.005421 0.004126 120.000000 5.632375
0.003280 0.014395 120.000000 13.945613
-0.009835 0.029113 120.000000 21.760849
0.003590 0.009055 120.000000 8.304038
-0.000668 0.020331 120.000000 17.497590
0.004060 0.043575 120.000000 51.874071
0.005678 0.029521 120.000000 35.647032
-0.009616 0.092142 120.000000 99.490528
-0.009817 0.091300 120.000000 98.195356
0.009281 0.061769 120.000000 81.645729
0.003035 0.071827 120.000000 87.257642
-0.007882 0.084981 120.000000 92.118545
-0.005506 0.075296 120.000000 82.191900
-0.009880 0.012096 120.000000 15.528552
0.004941 0.071411 120.000000 88.948270
0.001190 0.090839 120.000000 109.772249
0.004408 0.073489 120.000000 91.015496
-0.004188 0.046325 120.000000 46.469339
0.003629 0.095886 120.000000 119.153669
0.001817 0.083485 120.000000 100.961303
-0.003899 0.083751 120.000000 94.847616
0.000090 0.073794 120.000000 86.427286
-0.009368 0.038218 120.000000 31.949542
-0.003227 0.089185 120.000000 102.618210
0.008691 0.032528 120.000000 43.144661
-0.000304 0.083474 120.000000 98.515958
-0.001093 0.022905 120.000000 20.202036
0.006693 0.067022 120.000000 85.334674
-0.000421 0.095145 120.000000 113.505501
0.004762 0.010239 120.000000 10.558343
0.001210 0.040265 120.000000 44.387112
0.007433 0.067626 120.000000 87.002542
0.009054 0.030708 120.000000 41.252419
-0.001174 0.089709 120.000000 105.605234
0.009515 0.073373 120.000000 96.965515
0.003228 0.024896 120.000000 26.938407
0.005914 0.052977 120.000000 66.210907
-0.009826 0.015298 120.000000 14.444790
-0.003706 0.007409 120.000000 10.632937
-0.009603 0.063765 120.000000 63.239497
-0.000868 0.092631 120.000000 109.737446
0.009133 0.003948 120.000000 8.696414
0.000054 0.015817 120.000000 12.910253
-0.001209 0.012119 120.000000 9.057808
0.002722 0.008355 120.000000 7.195418
0.003788 0.095552 120.000000 118.906646
0.006354 0.028146 120.000000 34.680743
0.001204 0.087757 120.000000 105.792226
0.002271 0.075074 120.000000 90.581142
-0.004146 0.066196 120.000000 71.938535
-0.007761 0.031227 120.000000 25.011633
-0.000004 0.076860 120.000000 90.290486
0.001402 0.073818 120.000000 87.954248
-0.008128 0.093555 120.000000 102.894000
0.006251 0.036083 120.000000 44.772087
0.009825 0.054928 120.000000 73.453080
-0.006838 0.009775 120.000000 13.059934
0.005045 0.012472 120.000000 13.444005
0.002627 0.048280 120.000000 56.307922
0.002684 0.026405 120.000000 28.262976
0.008295 0.032717 120.000000 42.900943
-0.000530 0.084154 120.000000 99.139357
0.006239 0.053423 120.000000 67.174535
0.005316 0.089337 120.000000 112.642101
0.005954 0.067490 120.000000 85.061863
0.007996 0.056720 120.000000 73.548958
-0.000974 0.038216 120.000000 39.428961
-0.009242 0.016507 120.000000 13.900761
0.000665 0.031809 120.000000 32.982323
-0.003892 0.067277 120.000000 73.601987
0.002297 0.080985 120.000000 98.274168
0.006647 0.029541 120.000000 36.820555
-0.004777 0.082043 120.000000 91.677165
-0.001965 0.056070 120.000000 61.257725
-0.007264 0.008681 120.000000 14.230765
0.008862 0.084862 120.000000 111.071050
-0.008878 0.068971 120.000000 70.571917
-0.004195 0.059832 120.000000 63.710503
0.005627 0.091825 120.000000 116.237688
-0.006797 0.042809 120.000000 39.577559
0.005378 0.072987 120.000000 91.506122
0.009708 0.079434 120.000000 105.055350
0.000116 0.032528 120.000000 33.325033
-0.000476 0.067098 120.000000 77.127353
-0.003961 0.054532 120.000000 57.162706
0.008435 0.069075 120.000000 90.086145
0.008361 0.091608 120.000000 119.218029
-0.005415 0.067321 120.000000 72.034993
-0.005155 0.012511 120.000000 10.677488
-0.007328 0.078414 120.000000 84.263427
-0.002825 0.075118 120.000000 84.880293
0.007231 0.046425 120.000000 59.304885
0.005044 0.047723 120.000000 58.384862
-0.008064 0.054310 120.000000 52.782136
-0.004454 0.076896 120.000000 85.389608
0.002196 0.063418 120.000000 75.394957
0.000423 0.037586 120.000000 40.097476
-0.008309 0.013781 120.000000 13.252517
0.004899 0.056095 120.000000 69.050201
-0.003837 0.001859 120.000000 15.383922
0.005139 0.041090 120.000000 49.922732
-0.008647 0.009556 120.000000 15.434412
-0.000817 0.066648 120.000000 76.164032
0.008696 0.008915 120.000000 13.464742
0.005638 0.060025 120.000000 75.012470
-0.000084 0.022048 120.000000 20.046854
-0.003162 0.011811 120.000000 9.371251
-0.001948 0.035812 120.000000 35.391139
-0.009327 0.071419 120.000000 73.240553
0.007980 0.047368 120.000000 61.427204
0.006314 0.025120 120.000000 30.755128
0.007411 0.011257 120.000000 14.669991
-0.003591 0.097611 120.000000 113.115088
-0.000171 0.059175 120.000000 67.230183
-0.003958 0.043425 120.000000 43.023582
-0.002150 0.072026 120.000000 81.631918
0.008740 0.004398 120.000000 8.662083
0.007692 0.043335 120.000000 55.864920
-0.007204 0.030757 120.000000 24.834301
0.005837 0.030306 120.000000 36.841596
-0.005824 0.050193 120.000000 49.752105
-0.000964 0.001025 120.000000 12.335280
-0.006439 0.053216 120.000000 52.975339
0.002240 0.017075 120.000000 16.163896
-0.008794 0.083062 120.000000 88.690364
-0.001219 0.018528 120.000000 15.030162
0.002624 0.026705 120.000000 28.579003
0.007991 0.079637 120.000000 103.246069
-0.009335 0.008841 120.000000 16.824987
-0.007607 0.074291 120.000000 78.677685
-0.001987 0.062659 120.000000 69.721210
0.005225 0.026800 120.000000 31.625717
0.009301 0.080703 120.000000 106.208521
-0.008841 0.001956 120.000000 22.337952
-0.004573 0.024702 120.000000 19.714054
0.006264 0.006998 120.000000 8.551457
-0.003107 0.069360 120.000000 77.139216
-0.001938 0.009722 120.000000 8.364262
0.003870 0.060241 120.000000 73.216145
-0.006770 0.054854 120.000000 54.725314
0.003420 0.044862 120.000000 52.799203
-0.002580 0.049708 120.000000 52.432571
0.009596 0.059652 120.000000 79.288234
-0.006073 0.074163 120.000000 80.128010
0.002610 0.085131 120.000000 104.013839
0.005456 0.071056 120.000000 89.096166
-0.003864 0.018229 120.000000 13.431942
0.007434 0.076104 120.000000 97.995940
-0.005660 0.010142 120.000000 11.553344
-0.008113 0.070636 120.000000 73.474775
0.007986 0.052973 120.000000 68.686629
-0.002388 0.084389 120.000000 97.350522
0.004415 0.002554 120.000000 5.507629
0.007015 0.050738 120.000000 64.625350
0.009700 0.099549 120.000000 131.133261
-0.002357 0.012959 120.000000 9.612160
-0.003790 0.043328 120.000000 43.067110
0.009552 0.060076 120.000000 79.783491
-0.006410 0.005423 120.000000 15.584336
0.008758 0.016100 120.000000 22.293629
0.001230 0.098428 120.000000 119.659046
-0.008835 0.031279 120.000000 24.448023
-0.000580 0.043392 120.000000 46.461422
0.007225 0.005292 120.000000 7.856817
0.003071 0.035337 120.000000 40.122869
-0.003932 0.012631 120.000000 9.948149
0.001850 0.006569 120.000000 6.219947
-0.000930 0.076763 120.000000 89.118152
-0.009339 0.057730 120.000000 55.876339
0.006965 0.034065 120.000000 43.024394
-0.001304 0.056865 120.000000 62.999739
-0.007189 0.051268 120.000000 49.788105
0.009325 0.041763 120.000000 55.825615
-0.003719 0.099649 120.000000 115.607992
-0.003325 0.091999 120.000000 106.148750
0.003610 0.052024 120.000000 62.278222
-0.003869 0.013097 120.000000 10.057391
0.003084 0.079570 120.000000 97.353265
0.004106 0.096957 120.000000 121.103227
-0.001595 0.095333 120.000000 112.413339
0.005471 0.090787 120.000000 114.706081
0.008266 0.068395 120.000000 89.001500
0.001086 0.096097 120.000000 116.469479
-0.003681 0.056297 120.000000 59.718824
0.004394 0.022871 120.000000 25.660213
0.008160 0.070672 120.000000 91.824601
-0.009707 0.026622 120.000000 19.474414
0.005121 0.096544 120.000000 121.763167
-0.003616 0.090773 120.000000 104.238434
-0.000422 0.046257 120.000000 50.307796
-0.004960 0.046647 120.000000 46.113611
-0.000631 0.065031 120.000000 74.282277
-0.002986 0.032100 120.000000 29.756692
0.004461 0.067765 120.000000 83.657459
0.000859 0.024565 120.000000 24.041020
-0.000155 0.021433 120.000000 19.240145
0.008345 0.008183 120.000000 12.188336
-0.001010 0.091410 120.000000 107.994431
0.003272 0.098275 120.000000 121.835845
-0.005927 0.093493 120.000000 105.203339
-0.002020 0.025863 120.000000 22.975202
0.009466 0.089837 120.000000 118.251610
0.001756 0.078521 120.000000 94.455628
0.002886 0.077074 120.000000 93.886774
0.007839 0.009486 120.000000 13.081415
0.003169 0.093451 120.000000 115.456961
-0.006297 0.074442 120.000000 80.249798
-0.008416 0.019156 120.000000 14.167987
-0.005057 0.056598 120.000000 58.671156
0.005736 0.068633 120.000000 86.285164
0.008043 0.019860 120.000000 26.142290
0.006741 0.061041 120.000000 77.640621
-0.009640 0.028646 120.000000 21.374822
-0.001896 0.085832 120.000000 99.768869
0.003700 0.084471 120.000000 104.427921
0.002566 0.059013 120.000000 70.118092
0.005950 0.099741 120.000000 126.894139
-0.008095 0.001224 120.000000 22.034614
0.009890 0.047998 120.000000 64.573330
0.005575 0.025403 120.000000 30.245928
0.007076 0.013455 120.000000 16.945041
-0.001674 0.092782 120.000000 109.019438
0.002752 0.011295 120.000000 9.966068
0.004301 0.071775 120.000000 88.667879
-0.002929 0.043552 120.000000 44.215074
0.009401 0.035202 120.000000 47.461140
-0.000431 0.021547 120.000000 19.136889
-0.007177 0.047838 120.000000 45.493240
0.001160 0.069401 120.000000 81.958214
-0.002768 0.065441 120.000000 72.454842
0.008830 0.002701 120.000000 7.326989
0.006799 0.035267 120.000000 44.375231
0.000194 0.085295 120.000000 101.443351
0.001968 0.029978 120.000000 32.037547
0.000238 0.088418 120.000000 105.540965
0.005904 0.015672 120.000000 18.314252
0.008097 0.059282 120.000000 76.989202
-0.001966 0.024956 120.000000 21.927703
0.009921 0.028307 120.000000 39.251981
0.006529 0.025246 120.000000 31.172509
-0.005201 0.048933 120.000000 48.769459
0.000767 0.035534 120.000000 37.841820
0.006066 0.041942 120.000000 52.116299
0.001376 0.041762 120.000000 46.494901
-0.008513 0.091562 120.000000 99.915251
-0.001361 0.067943 120.000000 77.231715
0.004988 0.033495 120.000000 39.950222
0.003185 0.025549 120.000000 27.720693
0.001207 0.069616 120.000000 82.288496
0.004424 0.088289 120.000000 110.229215
0.005369 0.025861 120.000000 30.591717
0.002358 0.089894 120.000000 109.897556
-0.003886 0.093981 120.000000 108.088285
-0.005664 0.006022 120.000000 14.074629
0.002860 0.052261 120.000000 61.719238
-0.000240 0.046949 120.000000 51.394939
0.004786 0.056816 120.000000 69.851710
0.005476 0.030544 120.000000 36.723431
0.002155 0.041146 120.000000 46.570188
0.001288 0.012506 120.000000 10.219870
-0.002383 0.095183 120.000000 111.327833
-0.005671 0.094494 120.000000 106.775753
-0.006448 0.009758 120.000000 12.607887
0.006257 0.055254 120.000000 69.567149
0.003026 0.004661 120.000000 5.697702
0.000270 0.023007 120.000000 21.541397
-0.009221 0.035314 120.000000 28.700158
-0.002655 0.068930 120.000000 77.078045
-0.004956 0.068989 120.000000 74.664912
-0.004120 0.040871 120.000000 39.644160
0.006744 0.046749 120.000000 59.137962
0.002551 0.030813 120.000000 33.740402
-0.002971 0.096919 120.000000 112.913849
0.008162 0.013043 120.000000 17.757109
-0.000947 0.076618 120.000000 88.912276
-0.000337 0.034656 120.000000 35.558800
0.004342 0.088697 120.000000 110.662073
-0.009162 0.023611 120.000000 17.057108
0.003892 0.076781 120.000000 94.678533
-0.008125 0.097683 120.000000 108.219663
0.004217 0.085312 120.000000 106.124471
-0.001046 0.047135 120.000000 50.762633
-0.005841 0.088579 120.000000 98.952981
-0.006665 0.031236 120.000000 25.741368
-0.006880 0.079506 120.000000 86.141693
0.005368 0.028369 120.000000 33.803011
-0.004073 0.008713 120.000000 10.407817
-0.002116 0.070870 120.000000 80.176931
0.003933 0.026281 120.000000 29.483992
0.007355 0.098148 120.000000 126.498542
0.002776 0.027325 120.000000 29.533982
-0.006348 0.063617 120.000000 66.313103
-0.004663 0.035331 120.000000 32.240136
-0.003305 0.047993 120.000000 49.487033
0.007108 0.068451 120.000000 87.683140
-0.009018 0.050554 120.000000 47.196655
0.002063 0.056461 120.000000 66.240062
-0.001843 0.001240 120.000000 13.288827
0.003673 0.052126 120.000000 62.482608
0.000909 0.072782 120.000000 86.049964
-0.003191 0.060105 120.000000 65.127885
-0.006367 0.024575 120.000000 18.618179
-0.004417 0.026393 120.000000 21.730244
0.008928 0.077965 120.000000 102.206317
-0.005974 0.058406 120.000000 60.041129
0.003103 0.098061 120.000000 121.359802
0.005251 0.034939 120.000000 42.116403
0.003517 0.080213 120.000000 98.691731
0.006526 0.023647 120.000000 29.123667
0.003620 0.028986 120.000000 32.590465
-0.007681 0.038601 120.000000 33.681126
-0.001275 0.017947 120.000000 14.357090
0.009375 0.045121 120.000000 60.223099
-0.002253 0.035663 120.000000 34.902553
0.003456 0.092797 120.000000 114.944120
-0.005777 0.007878 120.000000 12.867550
0.003599 0.002360 120.000000 6.061573
0.006051 0.044158 120.000000 54.962269
0.005846 0.047225 120.000000 58.686571
0.001069 0.008583 120.000000 7.027174
-0.004404 0.071982 120.000000 79.109721
-0.002286 0.015033 120.000000 11.077823
-0.003771 0.055904 120.000000 59.120061
-0.009861 0.044050 120.000000 38.505239
0.001173 0.028683 120.000000 29.546265
0.003503 0.038896 120.000000 45.195937
0.001096 0.052141 120.000000 59.563265
-0.007819 0.045920 120.000000 42.518803
0.007723 0.028951 120.000000 37.361617
-0.005573 0.020350 120.000000 14.867436
0.008627 0.011887 120.000000 16.922562
-0.005974 0.018252 120.000000 13.193922
0.006816 0.049529 120.000000 62.822270
0.003562 0.022137 120.000000 23.807832
-0.003301 0.076234 120.000000 85.797335
-0.003176 0.037810 120.000000 36.705141
-0.006873 0.067431 120.000000 70.652156
0.007637 0.043739 120.000000 56.321239
0.005424 0.057965 120.000000 72.090525
0.005718 0.080199 120.000000 101.263087
-0.001269 0.022527 120.000000 19.603837
0.002814 0.014276 120.000000 13.366679
0.008042 0.094450 120.000000 122.522662
0.004781 0.026819 120.000000 31.137281
-0.005088 0.045296 120.000000 44.282121
-0.008080 0.071909 120.000000 75.137423
-0.008958 0.061377 120.000000 60.845074
-0.007428 0.035951 120.000000 30.709783
0.001694 0.043982 120.000000 49.707758
0.008018 0.069651 120.000000 90.331388
0.005798 0.091425 120.000000 115.921667
-0.005052 0.073905 120.000000 80.888768
0.009783 0.023788 120.000000 33.304762
0.002840 0.022578 120.000000 23.586144
-0.005283 0.061994 120.000000 65.340481
0.006478 0.036741 120.000000 45.891118
0.002733 0.037638 120.000000 42.702471
0.009207 0.069084 120.000000 91.032230
-0.001416 0.062972 120.000000 70.751583
0.005433 0.022120 120.000000 25.893619
0.000775 0.041871 120.000000 45.974413
0.002985 0.002790 120.000000 6.296489
0.008934 0.006652 120.000000 11.200762
0.001864 0.093091 120.000000 113.471100
-0.009317 0.076118 120.000000 79.250515
0.002593 0.064450 120.000000 77.189250
0.006277 0.016395 120.000000 19.648695
0.003078 0.073293 120.000000 89.207468
0.009312 0.051012 120.000000 67.760538
-0.000766 0.060282 120.000000 67.998301
-0.006266 0.055022 120.000000 55.437474
-0.006697 0.064723 120.000000 67.369438
-0.006784 0.039462 120.000000 35.467997
0.000891 0.057481 120.000000 66.231367
0.003410 0.026127 120.000000 28.705443
0.006666 0.053375 120.000000 67.620941
0.000690 0.060605 120.000000 70.042606
0.009347 0.090018 120.000000 118.342872
-0.002979 0.086746 120.000000 99.738988
0.006815 0.056076 120.000000 71.297305
-0.006107 0.012845 120.000000 11.407954
0.006505 0.038112 120.000000 47.693529
-0.000516 0.086841 120.000000 102.636265
0.009635 0.098613 120.000000 129.840246
0.000429 0.081519 120.000000 96.817664
-0.000971 0.030443 120.000000 29.596890
0.000759 0.060134 120.000000 69.511566
-0.009592 0.066290 120.000000 66.449986
-0.008600 0.083013 120.000000 88.830725
-0.008284 0.027236 120.000000 20.491899
0.009174 0.080283 120.000000 105.510031
0.005434 0.028281 120.000000 33.768098
-0.002530 0.019770 120.000000 15.560122
-0.000405 0.032543 120.000000 32.808477
0.009266 0.014918 120.000000 21.459651
0.006561 0.075804 120.000000 96.563475
-0.004145 0.020279 120.000000 15.269385
0.007947 0.058573 120.000000 75.890276
-0.008421 0.019064 120.000000 14.127191
0.003658 0.081114 120.000000 100.025719
0.005884 0.021885 120.000000 26.119653
0.001151 0.047055 120.000000 53.062997
0.004526 0.081343 120.000000 101.340226
0.004559 0.080073 120.000000 99.731514
-0.009156 0.023902 120.000000 17.281507
-0.009164 0.067055 120.000000 67.846866
-0.008745 0.064183 120.000000 64.611927
-0.001999 0.070216 120.000000 79.460732
0.002163 0.058397 120.000000 68.859959
-0.005411 0.014480 120.000000 11.169074
-0.001843 0.042999 120.000000 44.625044
-0.008670 0.066542 120.000000 67.686402
0.006993 0.048508 120.000000 61.713075
-0.004148 0.009109 120.000000 10.332703
0.003860 0.085898 120.000000 106.466280
0.009441 0.028078 120.000000 38.359383
-0.009539 0.055505 120.000000 52.897408
-0.007650 0.099470 120.000000 111.038734
0.009879 0.048259 120.000000 64.897096
-0.009127 0.074734 120.000000 77.675226
0.001437 0.019691 120.000000 18.578310
-0.007628 0.040730 120.000000 36.303727
0.006481 0.002120 120.000000 5.387067
-0.006028 0.029668 120.000000 24.375701
0.007302 0.039282 120.000000 50.158827
-0.007776 0.067694 120.000000 70.059958
-0.000344 0.011922 120.000000 9.016677
-0.007261 0.041180 120.000000 37.164149
-0.004975 0.063370 120.000000 67.426835
-0.003150 0.015335 120.000000 11.183470
0.003551 0.094474 120.000000 117.231395
0.008496 0.048965 120.000000 64.118744
0.007689 0.084046 120.000000 108.601461
-0.000703 0.044453 120.000000 47.688625
0.007543 0.015606 120.000000 20.173936
0.000921 0.022769 120.000000 21.868609
0.002346 0.037929 120.000000 42.642600
-0.004680 0.086214 120.000000 97.169965
0.002454 0.093870 120.000000 115.167608
-0.001974 0.095016 120.000000 111.573127
0.005964 0.040326 120.000000 49.907427
-0.005035 0.018913 120.000000 13.751798
-0.009505 0.004578 120.000000 20.680243
-0.001684 0.016068 120.000000 12.203736
-0.007456 0.020282 120.000000 14.641609
-0.000392 0.075463 120.000000 88.042720
-0.001827 0.024893 120.000000 21.968589
-0.005124 0.061562 120.000000 64.953351
-0.000460 0.059981 120.000000 67.949040
-0.007962 0.028906 120.000000 22.362055
-0.000389 0.077529 120.000000 90.721222
-0.006933 0.032406 120.000000 26.908051
0.005472 0.031357 120.000000 37.764803
0.003149 0.016741 120.000000 16.647985
-0.002430 0.019253 120.000000 15.066829
0.007054 0.021384 120.000000 26.873502
0.002023 0.031425 120.000000 33.943748
-0.007514 0.075181 120.000000 79.916273
0.000326 0.043091 120.000000 47.052498
0.005412 0.026517 120.000000 31.481557
-0.009588 0.094777 120.000000 102.907658
-0.004934 0.005533 120.000000 13.498100
0.001703 0.032947 120.000000 35.542623
0.002949 0.058964 120.000000 70.494649
-0.003297 0.019365 120.000000 14.733750
0.005467 0.005288 120.000000 6.349323
-0.009483 0.023473 120.000000 16.949890
-0.005542 0.062876 120.000000 66.200506
-0.000731 0.022360 120.000000 19.855332
-0.006140 0.074438 120.000000 80.411291
-0.002289 0.059867 120.000000 65.793241
0.003612 0.003421 120.000000 5.630837
-0.009435 0.067686 120.000000 68.379440
-0.006067 0.038032 120.000000 34.331913
0.005175 0.097132 120.000000 122.588979
-0.008433 0.084947 120.000000 91.491078
-0.000927 0.063074 120.000000 71.425264
-0.005602 0.092664 120.000000 104.488648
0.002899 0.027993 120.000000 30.519314
0.000363 0.057366 120.000000 65.489178
-0.008782 0.028368 120.000000 21.425577
-0.005446 0.010592 120.000000 11.179074
-0.000625 0.096847 120.000000 115.478144
0.004593 0.033316 120.000000 39.260296
-0.007094 0.030812 120.000000 24.968352
-0.006571 0.021308 120.000000 15.487413
0.004377 0.079473 120.000000 98.739555
-0.005842 0.005520 120.000000 14.728909
-0.003683 0.042073 120.000000 41.585000
0.007237 0.015369 120.000000 19.508208
-0.003128 0.010266 120.000000 9.178409
0.009974 0.050817 120.000000 68.320663
-0.003684 0.029022 120.000000 25.389978
-0.004769 0.077256 120.000000 85.511412
0.004750 0.089508 120.000000 112.195041
0.005561 0.006142 120.000000 7.100456
0.008740 0.047998 120.000000 63.165555
0.005580 0.085182 120.000000 107.563051
-0.004000 0.018677 120.000000 13.797715
-0.008737 0.059476 120.000000 58.654445
-0.004317 0.086561 120.000000 98.017253
-0.000192 0.043486 120.000000 46.998442
0.005523 0.061330 120.000000 76.566976
-0.008924 0.055995 120.000000 54.087405
-0.003008 0.074958 120.000000 84.471125
0.002628 0.074512 120.000000 90.266329
0.009551 0.004010 120.000000 9.246187
0.009472 0.069108 120.000000 91.385897
0.001114 0.058664 120.000000 68.011262
-0.000884 0.079076 120.000000 92.164184
0.004570 0.074124 120.000000 92.029441
-0.006832 0.083603 120.000000 91.465885
-0.002537 0.056434 120.000000 61.109920
0.009621 0.081137 120.000000 107.158357
0.003354 0.008614 120.000000 7.735639
0.000881 0.071919 120.000000 84.898684
0.003647 0.007205 120.000000 6.731747
-0.000544 0.063783 120.000000 72.766959
0.000661 0.085311 120.000000 101.997975
-0.003170 0.089391 120.000000 102.948451
0.008211 0.038452 120.000000 50.188517
-0.007728 0.068928 120.000000 71.686252
0.008034 0.063902 120.000000 82.898714
0.005081 0.030495 120.000000 36.199272
-0.003526 0.016443 120.000000 11.989684
0.003747 0.066928 120.000000 81.737173
-0.002347 0.081471 120.000000 93.621440
-0.002319 0.054460 120.000000 58.806159
0.006773 0.042310 120.000000 53.435300
-0.006993 0.019523 120.000000 14.102547
0.002415 0.012371 120.000000 10.863078
-0.002229 0.063563 120.000000 70.622171
-0.006645 0.096314 120.000000 108.058993
-0.006283 0.045327 120.000000 43.183726
-0.004391 0.082121 120.000000 92.201392
0.004162 0.006085 120.000000 6.186651
-0.004785 0.036905 120.000000 34.073133
0.000760 0.050897 120.000000 57.582741
0.008724 0.005681 120.000000 9.912358
0.002102 0.097861 120.000000 119.935417
0.008909 0.048311 120.000000 63.775392
0.005877 0.065157 120.000000 81.947141
0.006262 0.076066 120.000000 96.547990
0.005980 0.019500 120.000000 23.207640
0.004558 0.095640 120.000000 119.925787
0.005802 0.014764 120.000000 17.070956
0.003566 0.023331 120.000000 25.323158
-0.008007 0.078205 120.000000 83.280634
0.007792 0.070654 120.000000 91.359263
-0.009845 0.031597 120.000000 24.273832
-0.001287 0.013450 120.000000 10.011066
0.002277 0.057276 120.000000 67.538591
0.007806 0.095452 120.000000 123.539320
0.007872 0.052061 120.000000 67.368467
0.001736 0.036364 120.000000 39.955789
0.002675 0.067795 120.000000 81.617264
0.004189 0.033711 120.000000 39.302831
-0.004431 0.059131 120.000000 62.562891
0.006316 0.035838 120.000000 44.533934
-0.002233 0.031660 120.000000 29.907776
-0.009313 0.028870 120.000000 21.715966
-0.000038 0.042511 120.000000 45.912459
-0.005987 0.061889 120.000000 64.477051
-0.009398 0.013233 120.000000 14.506556
0.005998 0.065181 120.000000 82.120825
0.007703 0.087072 120.000000 112.544464
-0.005037 0.085200 120.000000 95.469759
0.000431 0.042640 120.000000 46.586339
-0.007922 0.045670 120.000000 42.119393
0.001965 0.093993 120.000000 114.758766
-0.005389 0.012705 120.000000 10.854092
-0.006816 0.057696 120.000000 58.286948
-0.008071 0.032646 120.000000 26.414588
-0.000796 0.049712 120.000000 54.344135
0.005538 0.058878 120.000000 73.408720
0.006856 0.079834 120.000000 102.142077
-0.001183 0.062774 120.000000 70.754037
-0.005601 0.040619 120.000000 37.939309
0.009329 0.071368 120.000000 94.139404
-0.006504 0.079874 120.000000 87.015909
-0.005869 0.023496 120.000000 17.744343
-0.007832 0.014700 120.000000 12.754783
0.005858 0.058177 120.000000 72.879866
0.007624 0.066079 120.000000 85.226764
-0.005004 0.013838 120.000000 10.790739
0.000657 0.053367 120.000000 60.654535
-0.005267 0.017286 120.000000 12.515148
0.008287 0.012206 120.000000 16.887825
-0.001420 0.098853 120.000000 117.171916
-0.005123 0.070782 120.000000 76.793687
0.005089 0.026536 120.000000 31.130316
-0.007165 0.048542 120.000000 46.386425
-0.006660 0.063934 120.000000 66.398795
-0.005501 0.068729 120.000000 73.751638
-0.007310 0.020038 120.000000 14.468210
-0.007992 0.058597 120.000000 58.268353
-0.006622 0.033802 120.000000 28.773750
0.003356 0.065729 120.000000 79.727882
0.006598 0.013029 120.000000 15.858210
-0.006398 0.027513 120.000000 21.715446
-0.007573 0.056421 120.000000 55.921653
0.002542 0.092659 120.000000 113.698623
0.004875 0.095983 120.000000 120.744379
-0.008470 0.092472 120.000000 101.133100
0.009581 0.056842 120.000000 75.631749
-0.007315 0.019065 120.000000 13.851280
0.006924 0.095106 120.000000 122.037150
-0.005351 0.057431 120.000000 59.432850
-0.007047 0.039783 120.000000 35.637933
-0.006578 0.029440 120.000000 23.749297
-0.005808 0.036829 120.000000 33.081964
0.003251 0.030273 120.000000 33.825152
0.002817 0.091149 120.000000 112.059782
-0.002412 0.025121 120.000000 21.756922
0.008370 0.030572 120.000000 40.235099
-0.001490 0.005211 120.000000 9.380140
0.006437 0.059260 120.000000 74.969478
0.002771 0.019848 120.000000 20.094865
0.006003 0.045569 120.000000 56.730910
-0.001575 0.054190 120.000000 59.258934
0.007424 0.032689 120.000000 41.805675
0.006123 0.083473 120.000000 105.990181
-0.004672 0.048342 120.000000 48.545806
-0.006733 0.018125 120.000000 13.205401
-0.005534 0.023790 120.000000 18.198537
-0.009682 0.018098 120.000000 14.412624
0.005378 0.071177 120.000000 89.159188
0.004263 0.070124 120.000000 86.483063
-0.008018 0.077646 120.000000 82.552168
0.009751 0.077372 120.000000 102.434416
-0.000521 0.070728 120.000000 81.770398
-0.000417 0.082850 120.000000 97.579689
0.001228 0.078238 120.000000 93.481835
-0.000624 0.078570 120.000000 91.802330
0.007252 0.031819 120.000000 40.477690
-0.006987 0.013177 120.000000 12.127039
-0.005694 0.050642 120.000000 50.447513
0.001210 0.061331 120.000000 71.569790
-0.004949 0.082783 120.000000 92.446341
-0.006177 0.071141 120.000000 76.136267
0.004452 0.099220 120.000000 124.447234
0.002571 0.012981 120.000000 11.664861
-0.009469 0.028657 120.000000 21.446015
-0.005851 0.064540 120.000000 68.010182
0.009796 0.071569 120.000000 94.968281
-0.003335 0.094589 120.000000 109.489254
-0.003483 0.032890 120.000000 30.282139
0.006604 0.095221 120.000000 121.803942
0.002398 0.071856 120.000000 86.558996
-0.007189 0.058544 120.000000 58.993692
-0.007879 0.055027 120.000000 53.863959
-0.009225 0.068400 120.000000 69.497162
-0.002790 0.067145 120.000000 74.627094
-0.005596 0.011756 120.000000 11.070810
-0.008543 0.021463 120.000000 15.509223
0.009478 0.056266 120.000000 74.761181
-0.003252 0.097428 120.000000 113.257362
-0.003899 0.005512 120.000000 12.153606
-0.008810 0.018810 120.000000 14.166634
0.001238 0.087532 120.000000 105.539762
-0.002999 0.045673 120.000000 46.843815
-0.007707 0.007501 120.000000 15.649131
0.001619 0.077353 120.000000 92.783208
-0.005859 0.093834 120.000000 105.717340
-0.006113 0.017969 120.000000 13.021129
0.005913 0.040472 120.000000 50.035186
-0.009780 0.071853 120.000000 73.337657
0.001965 0.093397 120.000000 113.984941
0.008929 0.030911 120.000000 41.359422
0.009972 0.034849 120.000000 47.715356
-0.000042 0.010435 120.000000 8.038700
0.004687 0.043947 120.000000 53.084641
-0.008732 0.029515 120.000000 22.624389
0.007844 0.095346 120.000000 123.446799
0.006407 0.046394 120.000000 58.276647
-0.002984 0.061901 120.000000 67.660694
-0.009224 0.048593 120.000000 44.584742
0.004125 0.033918 120.000000 39.496545
-0.002169 0.071807 120.000000 81.327287
0.003446 0.059398 120.000000 71.632150
-0.008845 0.076694 120.000000 80.472783
-0.002728 0.034448 120.000000 32.918641
-0.003339 0.019081 120.000000 14.431012
0.002807 0.044575 120.000000 51.728345
0.003779 0.038764 120.000000 45.342062
-0.006521 0.098168 120.000000 110.590243
0.009858 0.089073 120.000000 117.736189
0.008662 0.049008 120.000000 64.375595
-0.006185 0.081133 120.000000 88.979711
-0.008845 0.081281 120.000000 86.352257
-0.006023 0.028420 120.000000 22.956301
-0.009991 0.070048 120.000000 70.829656
-0.008046 0.099141 120.000000 110.185143
-0.005061 0.050052 120.000000 50.328334
-0.000188 0.070032 120.000000 81.246018
-0.000855 0.004509 120.000000 9.116629
0.002691 0.004096 120.000000 5.956491
0.000912 0.068808 120.000000 80.906739
0.002774 0.002484 120.000000 6.658545
0.009435 0.021931 120.000000 30.504159
-0.002366 0.003787 120.000000 11.575204
-0.005756 0.015403 120.000000 11.630345
-0.006155 0.002940 120.000000 17.535228
-0.003104 0.083119 120.000000 94.910436
-0.005865 0.005463 120.000000 14.807933
0.002183 0.002529 120.000000 7.189690
0.001659 0.003551 120.000000 7.031363
-0.007728 0.086927 120.000000 94.786800
0.003565 0.015234 120.000000 15.233984
0.001039 0.074794 120.000000 88.803909
0.007849 0.002754 120.000000 6.442906
0.006243 0.066447 120.000000 84.052401
0.004358 0.074127 120.000000 91.783776
0.001153 0.076318 120.000000 90.908817
0.002022 0.043671 120.000000 49.674424
-0.005345 0.088931 120.000000 99.948860
0.006740 0.008514 120.000000 10.685023
0.001347 0.081508 120.000000 97.856075
0.001497 0.017490 120.000000 15.974925
-0.000124 0.047399 120.000000 52.100475
-0.008156 0.062954 120.000000 63.634996
0.004239 0.065013 120.000000 79.830304
-0.002128 0.060639 120.000000 66.964201
0.006611 0.015172 120.000000 18.516129
0.008021 0.057915 120.000000 75.126844
-0.003147 0.068046 120.000000 75.400393
-0.004391 0.045305 120.000000 44.974917
0.001171 0.071179 120.000000 84.271573
-0.009178 0.040068 120.000000 34.269310
-0.000534 0.014071 120.000000 10.798166
-0.009993 0.060327 120.000000 58.524578
0.004749 0.049875 120.000000 60.822368
-0.002857 0.033521 120.000000 31.640129
-0.008691 0.037135 120.000000 31.168692
0.001574 0.042987 120.000000 48.292112
-0.009760 0.081072 120.000000 85.134434
0.003043 0.069547 120.000000 84.312816
-0.008042 0.033162 120.000000 27.019603
-0.008844 0.076200 120.000000 79.842011
0.001037 0.097634 120.000000 118.406695
-0.004476 0.008735 120.000000 10.839543
-0.005291 0.050944 120.000000 51.231044
0.006672 0.041522 120.000000 52.295453
-0.004200 0.090260 120.000000 102.927254
0.000256 0.050487 120.000000 56.493813
-0.004141 0.038953 120.000000 37.216198
-0.006910 0.006695 120.000000 15.207458
0.005487 0.074567 120.000000 93.684752
-0.004929 0.077608 120.000000 85.792676
0.000720 0.083360 120.000000 99.537249
-0.008562 0.027247 120.000000 20.395662
0.007280 0.054839 120.000000 70.252296
-0.007364 0.019961 120.000000 14.419856
-0.009507 0.058870 120.000000 57.152322
-0.001109 0.026252 120.000000 24.255480
0.009880 0.019950 120.000000 28.555003
-0.009494 0.016044 120.000000 14.090048
0.009506 0.074307 120.000000 98.163454
-0.008421 0.056828 120.000000 55.614254
0.004507 0.030522 120.000000 35.569774
0.006794 0.049026 120.000000 62.144721
-0.003256 0.034760 120.000000 32.810496
-0.003355 0.030642 120.000000 27.634211
-0.005808 0.010457 120.000000 11.596887
-0.000227 0.071901 120.000000 83.619362
0.003392 0.038656 120.000000 44.759753
0.004753 0.002761 120.000000 5.350223
0.009632 0.082834 120.000000 109.371978
0.005975 0.099333 120.000000 126.394338
0.006698 0.095660 120.000000 122.486634
-0.004202 0.047551 120.000000 48.011434
0.005550 0.031577 120.000000 38.138668
-0.009632 0.039284 120.000000 33.008408
-0.002096 0.078754 120.000000 90.387785
-0.007338 0.015618 120.000000 12.490623
0.003234 0.078007 120.000000 95.501148
-0.002815 0.059804 120.000000 65.143717
0.009423 0.035246 120.000000 47.544769
0.006349 0.001602 120.000000 5.338640
-0.006713 0.001264 120.000000 20.027276
0.006936 0.007906 120.000000 10.228656
-0.000749 0.078517 120.000000 91.592726
0.007617 0.065529 120.000000 84.505212
0.007192 0.014989 120.000000 18.980574
0.006255 0.013088 120.000000 15.532191
-0.007521 0.053005 120.000000 51.657895
0.005054 0.069852 120.000000 87.059231
0.005400 0.006222 120.000000 7.042386
0.002204 0.028472 120.000000 30.373161
0.007600 0.053049 120.000000 68.319487
-0.005438 0.067479 120.000000 72.213286
0.009430 0.002931 120.000000 8.150074
0.008017 0.024672 120.000000 32.237520
0.005608 0.055884 120.000000 69.613666
0.001732 0.027188 120.000000 28.239054
0.007967 0.017273 120.000000 22.781714
0.002120 0.096371 120.000000 118.022801
0.008569 0.034913 120.000000 46.063481
-0.004469 0.023332 120.000000 18.276039
-0.004516 0.086313 120.000000 97.478285
-0.001561 0.035988 120.000000 35.999742
0.008275 0.041855 120.000000 54.659518
0.006257 0.088331 120.000000 112.452536
0.009989 0.082990 120.000000 110.007184
-0.004248 0.006510 120.000000 11.862276
-0.001868 0.068446 120.000000 77.319373
-0.007959 0.085123 120.000000 92.218719
-0.004161 0.039654 120.000000 38.075488
-0.006421 0.032023 120.000000 26.829129
0.004412 0.074191 120.000000 91.930415
0.000576 0.067167 120.000000 78.401401
0.009741 0.098318 120.000000 129.585184
-0.001936 0.060191 120.000000 66.595712
0.005595 0.018493 120.000000 21.489336
0.006342 0.021247 120.000000 25.848751
-0.003868 0.086834 120.000000 98.865647
0.006848 0.024853 120.000000 31.051311
0.000421 0.036810 120.000000 39.102178
-0.003438 0.010395 120.000000 9.407498
0.009418 0.019542 120.000000 27.454384
0.005336 0.080841 120.000000 101.643394
-0.002568 0.027792 120.000000 24.842772
-0.000508 0.040149 120.000000 42.384234
-0.005446 0.017384 120.000000 12.589750
0.000580 0.060836 120.000000 70.217141
-0.004866 0.056838 120.000000 59.175414
0.000831 0.069730 120.000000 82.007798
-0.008009 0.091826 120.000000 100.793824
-0.005264 0.057615 120.000000 59.757335
-0.001764 0.029500 120.000000 27.662906
-0.002501 0.006898 120.000000 9.533714
-0.005725 0.044623 120.000000 42.826372
0.006518 0.012403 120.000000 15.003250
0.008756 0.019340 120.000000 26.367503
0.001307 0.025978 120.000000 26.267512
-0.000643 0.027653 120.000000 26.427189
0.005903 0.006767 120.000000 7.973706
-0.009366 0.070528 120.000000 72.064813
0.001475 0.035366 120.000000 38.391074
-0.005859 0.051813 120.000000 51.768527
-0.002521 0.067564 120.000000 75.461795
-0.002712 0.030735 120.000000 28.319100
0.009570 0.030499 120.000000 41.624460
-0.009016 0.097230 120.000000 106.676968
0.006239 0.045596 120.000000 57.045500
0.009421 0.076966 120.000000 101.508011
0.000281 0.066042 120.000000 76.612137
0.009482 0.032493 120.000000 44.076257
0.001199 0.013239 120.000000 10.917484
0.005406 0.002846 120.000000 5.287019
-0.002219 0.090028 120.000000 104.838097
-0.008841 0.060402 120.000000 59.724580
0.001670 0.085828 120.000000 103.828617
-0.008695 0.003315 120.000000 20.754220
-0.009583 0.038154 120.000000 31.724173
0.002477 0.071708 120.000000 86.456799
0.007346 0.010866 120.000000 14.124191
0.008172 0.081959 120.000000 106.474433
-0.006665 0.026846 120.000000 20.843180
0.007258 0.053790 120.000000 68.866969
-0.008865 0.062111 120.000000 61.864834
0.003472 0.052788 120.000000 63.106585
0.008935 0.081420 120.000000 106.694860
0.004534 0.033926 120.000000 39.977745
0.007091 0.073433 120.000000 94.122010
0.005064 0.035876 120.000000 43.106682
0.008026 0.090108 120.000000 116.869643
0.002979 0.091457 120.000000 112.647487
0.002133 0.099915 120.000000 122.635643
0.002024 0.054427 120.000000 63.565673
-0.006081 0.012775 120.000000 11.389794
-0.009506 0.049227 120.000000 45.120562
-0.003939 0.095056 120.000000 109.419485
0.004755 0.064221 120.000000 79.409424
0.008628 0.066975 120.000000 87.597419
-0.001870 0.095750 120.000000 112.640967
-0.001869 0.071093 120.000000 80.737060
-0.000854 0.004828 120.000000 8.895367
0.008749 0.006455 120.000000 10.761111
-0.008572 0.098617 120.000000 108.940144
-0.007180 0.048140 120.000000 45.868557
0.008487 0.050550 120.000000 66.157158
0.008505 0.062921 120.000000 82.195934
-0.007615 0.027665 120.000000 21.226803
0.007056 0.006222 120.000000 8.580691
-0.000125 0.078659 120.000000 92.483827
-0.009871 0.056805 120.000000 54.217839
0.006964 0.087384 120.000000 112.065702
-0.005402 0.058985 120.000000 61.366522
-0.009078 0.062081 120.000000 61.618650
0.001410 0.075772 120.000000 90.495304
0.006161 0.004857 120.000000 6.525574
0.004199 0.040966 120.000000 48.666592
0.008601 0.046592 120.000000 61.177508
-0.009919 0.013980 120.000000 14.829835
0.001804 0.017657 120.000000 16.455491
0.006713 0.055383 120.000000 70.277416
0.000712 0.081663 120.000000 97.329011
-0.009441 0.003181 120.000000 21.950943
-0.005231 0.037950 120.000000 34.964903
0.007748 0.089560 120.000000 115.825850
0.001236 0.007779 120.000000 6.678885
0.008493 0.053014 120.000000 69.352735
-0.005281 0.001015 120.000000 18.265514
0.002037 0.034962 120.000000 38.489224
0.004451 0.086180 120.000000 107.526416
0.007396 0.033137 120.000000 42.347817
0.006831 0.054314 120.000000 69.033862
-0.008955 0.085069 120.000000 91.097104
-0.007697 0.042050 120.000000 37.857750
0.008728 0.040048 120.000000 52.880777
-0.006796 0.024777 120.000000 18.639016
0.001986 0.024652 120.000000 25.299612
-0.002343 0.050632 120.000000 53.867192
0.009195 0.053263 120.000000 70.529354
0.000360 0.082315 120.000000 97.770622
0.002885 0.089241 120.000000 109.663759
-0.000959 0.040329 120.000000 42.138732
0.004764 0.071246 120.000000 88.524716
-0.001417 0.045718 120.000000 48.549897
0.004208 0.044084 120.000000 52.702786
-0.005714 0.048894 120.000000 48.215249
0.005880 0.040285 120.000000 49.755274
-0.001886 0.074762 120.000000 85.460325
-0.003272 0.089605 120.000000 103.111448
-0.004355 0.088840 120.000000 100.920292
-0.002088 0.021169 120.000000 17.395747
-0.008657 0.023847 120.000000 17.284793
0.002206 0.066595 120.000000 79.521575
0.007788 0.049716 120.000000 64.232640
-0.002057 0.095479 120.000000 112.079923
0.001292 0.082106 120.000000 98.567989
-0.005111 0.014810 120.000000 11.158278
0.000115 0.043471 120.000000 47.311166
-0.005868 0.013156 120.000000 11.221919
0.004289 0.054875 120.000000 66.755723
-0.005796 0.007632 120.000000 13.054218
0.008860 0.087992 120.000000 115.127554
-0.002368 0.066222 120.000000 73.899006
0.001431 0.090564 120.000000 109.692814
-0.009735 0.086846 120.000000 92.562672
0.008636 0.062496 120.000000 81.803724
0.009254 0.027743 120.000000 37.697283
-0.007362 0.019905 120.000000 14.382005
-0.002440 0.034959 120.000000 33.835676
-0.006606 0.090052 120.000000 100.021034
-0.006916 0.082244 120.000000 89.626890
0.002622 0.005222 120.000000 5.836462
0.005470 0.017505 120.000000 20.103589
0.008755 0.077604 120.000000 101.530249
0.009323 0.030946 120.000000 41.892116
0.008743 0.004140 120.000000 8.427226
-0.009681 0.069068 120.000000 69.891013
0.004384 0.069683 120.000000 86.052586
-0.008105 0.072815 120.000000 76.271316
0.007825 0.051509 120.000000 66.597028
0.004904 0.092763 120.000000 116.600828
-0.002465 0.062527 120.000000 69.028346
-0.005073 0.022793 120.000000 17.390396
0.006371 0.065045 120.000000 82.388240
0.004732 0.001343 120.000000 5.863269
-0.004553 0.054763 120.000000 56.845989
-0.005329 0.060683 120.000000 63.614019
-0.006307 0.016041 120.000000 12.088649
-0.000711 0.001590 120.000000 11.439450
-0.005833 0.055698 120.000000 56.732114
0.008845 0.040025 120.000000 52.993051
-0.007130 0.063104 120.000000 64.858913
-0.003956 0.007564 120.000000 10.838563
-0.002307 0.095443 120.000000 111.751052
-0.001209 0.050968 120.000000 55.511622
0.008816 0.013390 120.000000 19.000238
-0.001859 0.090531 120.000000 105.894034
-0.001374 0.010035 120.000000 8.129984
0.006742 0.080015 120.000000 102.240178
-0.007693 0.054696 120.000000 53.624891
0.006592 0.026839 120.000000 33.287136
0.001151 0.087298 120.000000 105.136701
0.003349 0.020442 120.000000 21.443849
0.001143 0.020430 120.000000 19.203089
0.001268 0.068484 120.000000 80.892400
0.001927 0.064682 120.000000 76.722939
-0.008459 0.035909 120.000000 29.901872
-0.002660 0.021618 120.000000 17.509096
-0.005020 0.033040 120.000000 29.135841
-0.003444 0.096438 120.000000 111.759894
-0.005121 0.065322 120.000000 69.778101
0.005709 0.047140 120.000000 58.414738
-0.007248 0.034435 120.000000 29.052448
-0.005326 0.015260 120.000000 11.416088
0.006935 0.042780 120.000000 54.236036
0.007381 0.086547 120.000000 111.477634
-0.006773 0.070712 120.000000 74.960074
0.008430 0.054528 120.000000 71.235786
-0.004933 0.083602 120.000000 93.519984
-0.005977 0.036577 120.000000 32.630053
0.005522 0.068277 120.000000 85.569922
-0.001124 0.036045 120.000000 36.514727
0.000068 0.027717 120.000000 27.201328
0.004947 0.051770 120.000000 63.506649
-0.008057 0.086369 120.000000 93.718507
0.008295 0.095707 120.000000 124.457196
-0.004904 0.009176 120.000000 11.119426
-0.009059 0.018045 120.000000 14.037215
0.002752 0.049882 120.000000 58.520384
0.001199 0.037745 120.000000 41.139719
-0.009051 0.031074 120.000000 24.112913
0.001509 0.026884 120.000000 27.619551
-0.004019 0.053187 120.000000 55.384087
0.004335 0.064714 120.000000 79.554875
0.000644 0.043282 120.000000 47.644341
-0.007563 0.015579 120.000000 12.626082
-0.008589 0.060282 120.000000 59.818373
-0.005499 0.022025 120.000000 16.439545
-0.002263 0.049309 120.000000 52.254973
-0.004940 0.051240 120.000000 51.959463
-0.007795 0.068963 120.000000 71.661898
0.008044 0.019186 120.000000 25.290084
-0.002460 0.019679 120.000000 15.504127
-0.008086 0.004958 120.000000 18.324114
0.009656 0.096022 120.000000 126.504889
0.003083 0.059898 120.000000 71.859646
0.009217 0.015863 120.000000 22.575535
-0.004132 0.099278 120.000000 114.666507
-0.002004 0.044969 120.000000 46.973950
0.000763 0.035157 120.000000 37.354107
0.004033 0.084440 120.000000 104.777730
-0.003314 0.035494 120.000000 33.671222
0.008677 0.083170 120.000000 108.652875
0.006402 0.022868 120.000000 27.983419
0.001154 0.034208 120.000000 36.561408
0.002633 0.099624 120.000000 122.839573
-0.006799 0.079193 120.000000 85.825687
0.003925 0.028700 120.000000 32.568985
0.000607 0.047778 120.000000 53.391339
-0.000680 0.042887 120.000000 45.707420
-0.007570 0.027557 120.000000 21.135731
0.000297 0.099296 120.000000 119.709293
-0.001621 0.012779 120.000000 9.477080
0.002505 0.051803 120.000000 60.720574
0.003100 0.063700 120.000000 76.803546
0.000013 0.059997 120.000000 68.496624
0.004236 0.063865 120.000000 78.339838
-0.000020 0.087889 120.000000 104.559605
0.008089 0.005519 120.000000 9.008381
-0.004814 0.079337 120.000000 88.146452
-0.007956 0.048583 120.000000 45.705655
-0.009304 0.067880 120.000000 68.755413
-0.009854 0.035441 120.000000 28.445769
-0.009187 0.026492 120.000000 19.480661
0.003841 0.094866 120.000000 118.077904
-0.002981 0.005096 120.000000 11.296126
-0.001783 0.090956 120.000000 106.530027
0.000808 0.084154 120.000000 100.666939
0.006682 0.078365 120.000000 100.030096
-0.007423 0.087345 120.000000 95.651342
0.000579 0.033286 120.000000 34.771888
-0.009279 0.075248 120.000000 78.176724
0.007203 0.056124 120.000000 71.824055
-0.003024 0.011392 120.000000 9.209147
-0.006696 0.015877 120.000000 12.202735
0.002036 0.072380 120.000000 86.819837
0.009352 0.059786 120.000000 79.163945
0.007973 0.045730 120.000000 59.300591
0.004929 0.039153 120.000000 47.175047
-0.005887 0.069463 120.000000 74.287354
0.005782 0.029316 120.000000 35.505458
-0.005925 0.044338 120.000000 42.280344
-0.003315 0.006540 120.000000 10.688386
-0.000036 0.061857 120.000000 70.845671
0.000466 0.024958 120.000000 24.144663
-0.004563 0.033192 120.000000 29.705466
-0.007279 0.037512 120.000000 32.692769
0.002424 0.070369 120.000000 84.661839
0.002517 0.093642 120.000000 114.944530
0.002103 0.066802 120.000000 79.671198
-0.008010 0.024935 120.000000 18.369985
-0.001040 0.041471 120.000000 43.513292
0.003745 0.095991 120.000000 119.426520
-0.001811 0.065430 120.000000 73.489106
-0.007123 0.011160 120.000000 12.760407
0.007070 0.099736 120.000000 128.219526
-0.005941 0.012480 120.000000 11.291774
0.008410 0.085733 120.000000 111.656077
0.008409 0.027903 120.000000 36.856113
-0.005939 0.040769 120.000000 37.819616
-0.000510 0.072343 120.000000 83.872813
0.005975 0.041053 120.000000 50.859378
0.003880 0.008864 120.000000 8.330043
-0.008287 0.025886 120.000000 19.176926
0.007729 0.066327 120.000000 85.675106
-0.000135 0.039645 120.000000 42.136881
0.004605 0.015120 120.000000 16.180455
-0.006940 0.076763 120.000000 82.552787
-0.006358 0.045265 120.000000 43.036848
0.006808 0.041437 120.000000 52.348446
0.008426 0.021204 120.000000 28.320946
-0.009776 0.013728 120.000000 14.754497
0.006154 0.077088 120.000000 97.745093
-0.003118 0.025000 120.000000 21.061418
-0.001864 0.028312 120.000000 26.103047
0.005009 0.060022 120.000000 74.265864
-0.009915 0.072156 120.000000 73.588769
-0.009232 0.067367 120.000000 68.175065
0.007814 0.019021 120.000000 24.798844
-0.003951 0.026248 120.000000 21.897106
-0.003407 0.021953 120.000000 17.403141
-0.005986 0.026696 120.000000 21.060411
-0.001399 0.073573 120.000000 84.466446
0.001111 0.010487 120.000000 8.280852
0.002241 0.009677 120.000000 8.065812
-0.007693 0.027544 120.000000 21.063380
-0.002982 0.058785 120.000000 63.655044
-0.008380 0.011831 120.000000 13.899726
0.003614 0.061577 120.000000 74.650003
-0.007982 0.061619 120.000000 62.111369
-0.007596 0.062217 120.000000 63.258567
0.003768 0.013338 120.000000 13.166930
0.001332 0.089757 120.000000 108.532966
-0.008337 0.012919 120.000000 13.476607
-0.000370 0.029610 120.000000 29.142307
0.009505 0.001298 120.000000 7.073565
0.003355 0.014981 120.000000 14.719297
-0.000012 0.024732 120.000000 23.403407
0.009449 0.061594 120.000000 81.623424
0.009030 0.028579 120.000000 38.490635
-0.009505 0.005866 120.000000 19.489110
-0.006737 0.072662 120.000000 77.498438
0.007248 0.019482 120.000000 24.692970
0.002190 0.098747 120.000000 121.187143
-0.002786 0.091215 120.000000 105.737753
0.002762 0.038194 120.000000 43.449610
-0.004672 0.049623 120.000000 50.172695
0.001906 0.019669 120.000000 19.002901
-0.002560 0.089550 120.000000 103.836155
0.009109 0.093809 120.000000 122.973213
0.008645 0.058995 120.000000 77.281775
0.005210 0.063089 120.000000 78.477038
0.003887 0.036632 120.000000 42.717772
-0.007295 0.015208 120.000000 12.397674
-0.008633 0.012311 120.000000 13.994090
-0.005915 0.061671 120.000000 64.272124
-0.008967 0.088565 120.000000 95.577216
0.004081 0.036831 120.000000 43.196634
0.007482 0.003493 120.000000 6.616016
-0.006721 0.014955 120.000000 11.992903
-0.007133 0.015688 120.000000 12.383517
0.002571 0.037604 120.000000 42.476811
-0.006682 0.066429 120.000000 69.566826
0.003000 0.045733 120.000000 53.443417
-0.004124 0.074624 120.000000 82.818671
0.009502 0.031276 120.000000 42.537494
0.008628 0.063829 120.000000 83.521338
-0.002739 0.020746 120.000000 16.493142
-0.004260 0.067629 120.000000 73.660584
-0.000340 0.004715 120.000000 8.389031
0.004934 0.012058 120.000000 12.834145
-0.005635 0.096792 120.000000 109.784357
-0.003790 0.075929 120.000000 84.867219
0.001232 0.045180 120.000000 50.736049
-0.003151 0.076137 120.000000 85.837009
0.007292 0.060578 120.000000 77.700539
-0.000534 0.006909 120.000000 7.584562
-0.006069 0.054387 120.000000 54.828320
-0.001314 0.013485 120.000000 10.032957
0.000347 0.050016 120.000000 55.987905
-0.003622 0.063204 120.000000 68.651127
-0.005754 0.071726 120.000000 77.334922
-0.009070 0.020415 120.000000 14.980521
-0.007957 0.055104 120.000000 53.885369
-0.008420 0.089220 120.000000 97.000403
0.008070 0.085025 120.000000 110.328686
0.004581 0.016170 120.000000 17.448133
-0.001280 0.017536 120.000000 13.911876
-0.005781 0.039007 120.000000 35.781887
-0.001382 0.038405 120.000000 39.248240
-0.007660 0.082137 120.000000 88.697324
-0.001837 0.041039 120.000000 42.132046
-0.004071 0.053504 120.000000 55.734414
-0.001200 0.045814 120.000000 48.903592
0.008108 0.027217 120.000000 35.607037
0.005029 0.061911 120.000000 76.737375
0.004214 0.045698 120.000000 54.796601
-0.002808 0.071788 120.000000 80.599196
0.001921 0.056207 120.000000 65.748925
-0.004076 0.099191 120.000000 114.616727
0.003534 0.092706 120.000000 114.916040
0.003878 0.054840 120.000000 66.232635
-0.003614 0.044790 120.000000 45.095397
-0.008773 0.047110 120.000000 43.148978
0.008985 0.086170 120.000000 112.914824
-0.009163 0.075590 120.000000 78.733350
0.008586 0.059377 120.000000 77.703792
0.000691 0.040451 120.000000 44.059203
0.000315 0.080989 120.000000 96.000881
0.000115 0.033247 120.000000 34.237325
0.001309 0.091146 120.000000 110.307470
0.006519 0.068369 120.000000 86.872883
-0.009125 0.032015 120.000000 25.086761
-0.003539 0.056700 120.000000 60.384758
-0.007823 0.035541 120.000000 29.928920
0.007450 0.032377 120.000000 41.435680
0.006685 0.044645 120.000000 56.348058
0.000755 0.080699 120.000000 96.129011
-0.002297 0.010962 120.000000 8.759971
-0.007028 0.046889 120.000000 44.444320
-0.001758 0.079826 120.000000 92.151673
-0.008797 0.073012 120.000000 75.811975
-0.003420 0.035048 120.000000 33.015768
-0.006592 0.093182 120.000000 104.075173
0.001272 0.048852 120.000000 55.515550
0.004692 0.070947 120.000000 88.053111
0.003438 0.070500 120.000000 86.007041
0.007731 0.037215 120.000000 48.010422
-0.006409 0.094976 120.000000 106.590437
-0.008491 0.002551 120.000000 21.229573
-0.003125 0.022920 120.000000 18.661915
-0.002780 0.072537 120.000000 81.596812
0.003100 0.051172 120.000000 60.587372
0.003323 0.022134 120.000000 23.544076
0.005957 0.032833 120.000000 40.234302
-0.007041 0.022113 120.000000 16.085195
-0.003183 0.050704 120.000000 53.076935
-0.005803 0.094673 120.000000 106.862639
0.003177 0.060593 120.000000 72.868993
-0.009233 0.026183 120.000000 19.189597
-0.004303 0.053817 120.000000 55.894507
0.001374 0.081174 120.000000 97.453639
0.008398 0.062124 120.000000 81.034720
0.008459 0.087926 120.000000 114.559116
-0.006337 0.024383 120.000000 18.436335
0.002580 0.086102 120.000000 105.238548
0.002368 0.049299 120.000000 57.328710
0.001563 0.089571 120.000000 108.558587
0.000977 0.072643 120.000000 85.946116
0.001646 0.005157 120.000000 6.355336
0.002819 0.042957 120.000000 49.653470
0.008953 0.003126 120.000000 7.784501
-0.009916 0.078074 120.000000 81.139390
0.004925 0.003474 120.000000 5.327015
0.009142 0.019806 120.000000 27.441093
0.002812 0.055456 120.000000 65.797750
0.008338 0.093856 120.000000 122.105957
0.007393 0.024511 120.000000 31.270628
-0.003116 0.071409 120.000000 79.771860
-0.005299 0.048748 120.000000 48.438387
-0.008413 0.056083 120.000000 54.683116
-0.004126 0.063263 120.000000 68.189362
-0.004826 0.090709 120.000000 102.815314
0.002824 0.040641 120.000000 46.671702
0.003848 0.035898 120.000000 41.727298
0.000244 0.041606 120.000000 45.055909
0.001314 0.054026 120.000000 62.243008
-0.006873 0.073434 120.000000 78.346683
0.008102 0.011508 120.000000 15.812294
0.008675 0.092396 120.000000 120.618513
-0.008745 0.026209 120.000000 19.340656
0.002030 0.072944 120.000000 87.543708
0.004131 0.013345 120.000000 13.536676
0.006415 0.043815 120.000000 54.952047
0.001384 0.043380 120.000000 48.587332
0.006660 0.084330 120.000000 107.740221
0.004677 0.004693 120.000000 5.626379
0.007578 0.087498 120.000000 112.947359
0.001136 0.016354 120.000000 14.327408
0.003525 0.069217 120.000000 84.444806
-0.009637 0.015400 120.000000 14.257055
0.004002 0.066380 120.000000 81.324313
-0.002582 0.099197 120.000000 116.302706
0.004747 0.045899 120.000000 55.676672
-0.003008 0.064788 120.000000 71.352002
-0.008672 0.067042 120.000000 68.320701
0.004719 0.092837 120.000000 116.477792
0.008307 0.018852 120.000000 25.193239
0.005548 0.014646 120.000000 16.638208
0.003537 0.094097 120.000000 116.725135
0.007384 0.049262 120.000000 63.157899
-0.002703 0.010599 120.000000 8.907122
0.000568 0.006260 120.000000 6.871613
0.008694 0.010468 120.000000 15.294301
-0.004070 0.016444 120.000000 11.932748
0.009308 0.081085 120.000000 106.711443
0.005458 0.028332 120.000000 33.861166
-0.009886 0.050799 120.000000 46.728707
-0.006145 0.044963 120.000000 42.857319
0.000276 0.003140 120.000000 8.817291
-0.004019 0.042610 120.000000 41.934355
-0.008112 0.087657 120.000000 95.316869
-0.000015 0.062532 120.000000 71.740633
-0.007800 0.094180 120.000000 104.052851
0.007766 0.052834 120.000000 68.240554
0.004646 0.003526 120.000000 5.334863
0.006679 0.098023 120.000000 125.529282
-0.003817 0.070567 120.000000 77.921357
-0.006542 0.082799 120.000000 90.741455
0.006285 0.018488 120.000000 22.287057
0.008272 0.009676 120.000000 13.832255
0.009228 0.092063 120.000000 120.852366
0.001884 0.093624 120.000000 114.186069
0.000988 0.019038 120.000000 17.372480
-0.003738 0.034948 120.000000 32.599058
-0.003188 0.021102 120.000000 16.608254
0.002687 0.070133 120.000000 84.660211
0.002001 0.010030 120.000000 8.257607
0.009525 0.069680 120.000000 92.190045
0.001495 0.070010 120.000000 83.128566
0.003913 0.050715 120.000000 60.934530
-0.009477 0.019192 120.000000 14.600900
-0.000056 0.046082 120.000000 50.479745
-0.002067 0.055516 120.000000 60.434081
-0.009539 0.003581 120.000000 21.694471
-0.005116 0.086099 120.000000 96.542142
-0.009720 0.061758 120.000000 60.589493
0.004255 0.010590 120.000000 10.469193
-0.007366 0.082126 120.000000 88.995688
0.002178 0.039916 120.000000 45.010983
0.003106 0.070262 120.000000 85.311876
-0.002336 0.061545 120.000000 67.904150
0.000726 0.098205 120.000000 118.789117
-0.005501 0.046268 120.000000 45.108501
-0.007658 0.070817 120.000000 74.174914
0.005008 0.072786 120.000000 90.809596
0.009600 0.060598 120.000000 80.516963
0.004748 0.021752 120.000000 24.639452
0.009045 0.017165 120.000000 23.988487
-0.003233 0.025192 120.000000 21.198395
0.008900 0.081579 120.000000 106.859070
0.003558 0.065103 120.000000 79.152160
0.001774 0.051148 120.000000 59.043988
-0.000925 0.084213 120.000000 98.767871
0.006233 0.031604 120.000000 38.980786
0.002823 0.050169 120.000000 58.971312
-0.005304 0.008159 120.000000 12.108378
-0.001409 0.058485 120.000000 64.972047
-0.009306 0.002140 120.000000 22.813477
0.001486 0.030689 120.000000 32.426902
-0.003835 0.082204 120.000000 92.919346
0.006176 0.037519 120.000000 46.535749
0.006274 0.072168 120.000000 91.506373
0.008840 0.008962 120.000000 13.698963
0.005016 0.082082 120.000000 102.875913
-0.007069 0.082387 120.000000 89.646223
0.006069 0.076366 120.000000 96.708150
0.004966 0.087513 120.000000 109.862154
-0.007873 0.030658 120.000000 24.311603
0.008656 0.093267 120.000000 121.725125
0.007434 0.094740 120.000000 122.171765
-0.008092 0.067049 120.000000 68.915987
-0.009881 0.036022 120.000000 29.081952
0.000492 0.009824 120.000000 7.693932
-0.007727 0.095917 120.000000 106.371807
0.007780 0.039726 120.000000 51.309235
-0.002545 0.071476 120.000000 80.485155
0.000960 0.090907 120.000000 109.594458
-0.004782 0.028417 120.000000 23.814245
-0.000501 0.072696 120.000000 84.340308
0.004679 0.039300 120.000000 47.073050
-0.007529 0.070287 120.000000 73.630116
0.004538 0.001470 120.000000 5.911992
0.005588 0.002548 120.000000 5.281268
0.005421 0.034500 120.000000 41.750734
-0.005832 0.038139 120.000000 34.667199
-0.009786 0.082696 120.000000 87.187193
-0.003650 0.033116 120.000000 30.412208
-0.003575 0.097323 120.000000 112.759156
0.000678 0.048370 120.000000 54.233047
0.008891 0.079368 120.000000 103.980416
-0.003698 0.072641 120.000000 80.725047
-0.003677 0.031717 120.000000 28.668285
0.004967 0.028143 120.000000 33.047441
-0.009977 0.001059 120.000000 24.904031
0.009395 0.091154 120.000000 119.875217
-0.006076 0.019305 120.000000 13.943364
0.003359 0.032653 120.000000 36.998959
0.003564 0.072083 120.000000 88.205991
0.002664 0.031161 120.000000 34.310211
-0.001841 0.042033 120.000000 43.394634
0.009890 0.034647 120.000000 47.352643
-0.007609 0.065903 120.000000 67.943779
-0.002105 0.048596 120.000000 51.509343
-0.003768 0.026172 120.000000 21.943908
-0.001184 0.047364 120.000000 50.908619
-0.008259 0.021503 120.000000 15.519433
0.005413 0.024263 120.000000 28.599837
-0.005532 0.010364 120.000000 11.338453
0.003694 0.096174 120.000000 119.604059
-0.000280 0.046007 120.000000 50.140693
0.004652 0.057689 120.000000 70.824006
0.007885 0.041135 120.000000 53.256159
0.003197 0.087064 120.000000 107.202943
0.006065 0.061107 120.000000 76.920863
-0.006437 0.035704 120.000000 31.193380
0.003642 0.064771 120.000000 78.819592
-0.003694 0.030010 120.000000 26.574113
0.007734 0.098532 120.000000 127.450352
0.005453 0.096130 120.000000 121.617697
0.008724 0.068890 120.000000 90.195516
-0.000399 0.030873 120.000000 30.704958
0.000398 0.036728 120.000000 38.973246
-0.001756 0.052093 120.000000 56.368491
-0.009695 0.002918 120.000000 22.579001
0.000602 0.008465 120.000000 7.036646
-0.003451 0.018199 120.000000 13.536491
0.006012 0.058987 120.000000 74.110156
-0.005255 0.082385 120.000000 91.598803
-0.000053 0.066408 120.000000 76.709942
-0.005077 0.077622 120.000000 85.649729
0.008317 0.071389 120.000000 92.943696
0.005653 0.014720 120.000000 16.847404
-0.006144 0.043991 120.000000 41.642346
-0.001767 0.069881 120.000000 79.285440
0.005929 0.007499 120.000000 8.733853
-0.002545 0.086741 120.000000 100.218597
-0.007890 0.084576 120.000000 91.589660
0.001716 0.085848 120.000000 103.907743
-0.001823 0.060126 120.000000 66.635169
0.004532 0.088581 120.000000 110.736214
-0.001140 0.046322 120.000000 49.619405
-0.004635 0.068716 120.000000 74.656786
0.008382 0.032360 120.000000 42.548402
0.008486 0.033031 120.000000 43.539012
0.007561 0.043599 120.000000 56.047823
0.008729 0.014254 120.000000 19.958745
-0.007730 0.034880 120.000000 29.222169
0.005621 0.016151 120.000000 18.584509
-0.008306 0.037706 120.000000 32.125311
-0.000881 0.081281 120.000000 95.022148
-0.006556 0.086600 120.000000 95.624101
-0.007162 0.016756 120.000000 12.705926
0.007884 0.056387 120.000000 72.982408
0.007437 0.025320 120.000000 32.359383
0.005383 0.033592 120.000000 40.536698
-0.008027 0.035158 120.000000 29.333455
0.007474 0.018320 120.000000 23.497818
-0.004103 0.093760 120.000000 107.561354
0.003809 0.077416 120.000000 95.406023
0.008156 0.035277 120.000000 46.028300
-0.006560 0.082178 120.000000 89.922550
-0.002184 0.029460 120.000000 27.226567
0.002186 0.072220 120.000000 86.785518
0.006729 0.062355 120.000000 79.328921
-0.008701 0.068948 120.000000 70.721032
-0.003491 0.068550 120.000000 75.676541
0.007614 0.022705 120.000000 29.234490
0.006209 0.091830 120.000000 116.934491
-0.009733 0.054503 120.000000 51.467452
-0.007890 0.031281 120.000000 24.993531
0.004737 0.050876 120.000000 62.103514
-0.004743 0.047632 120.000000 47.574556
0.003822 0.095295 120.000000 118.613229
-0.003702 0.079625 120.000000 89.734578
0.008656 0.070750 120.000000 92.524327
-0.004959 0.030760 120.000000 26.445626
-0.004721 0.091929 120.000000 104.508111
0.006661 0.019826 120.000000 24.424268
-0.009259 0.006572 120.000000 18.525145
-0.009932 0.001484 120.000000 24.392032
-0.007404 0.071017 120.000000 74.694237
0.003453 0.007267 120.000000 6.689594
0.008613 0.063954 120.000000 83.665701
0.000879 0.083636 120.000000 100.076702
0.009454 0.017266 120.000000 24.632082
-0.001357 0.014529 120.000000 10.901084
0.004172 0.025143 120.000000 28.301298
0.002994 0.041893 120.000000 48.479173
-0.005192 0.066174 120.000000 70.798142
-0.000576 0.050968 120.000000 56.199718
0.009423 0.023641 120.000000 32.665232
0.002889 0.055407 120.000000 65.822546
0.000053 0.022284 120.000000 20.456318
-0.004478 0.044114 120.000000 43.384304
-0.001464 0.028862 120.000000 27.151608
-0.008987 0.056211 120.000000 54.299566
-0.009177 0.094292 120.000000 102.722011
0.009834 0.037999 120.000000 51.599742
-0.004511 0.005933 120.000000 12.623536
-0.001015 0.089689 120.000000 105.760357
0.002139 0.094835 120.000000 116.052171
-0.007430 0.058949 120.000000 59.267633
0.006044 0.064168 120.000000 80.862756
0.007777 0.022916 120.000000 29.702016
0.001466 0.018933 120.000000 17.683040
-0.000638 0.045918 120.000000 49.638855
0.001564 0.053811 120.000000 62.247394
0.003263 0.023776 120.000000 25.554799
0.002122 0.050886 120.000000 59.099987
-0.008205 0.021333 120.000000 15.399189
0.007717 0.020218 120.000000 26.196526
0.002768 0.022591 120.000000 23.525915
0.000211 0.042237 120.000000 45.830026
0.004655 0.073133 120.000000 90.843996
0.005408 0.076516 120.000000 96.118962
-0.005143 0.033012 120.000000 28.999442
0.000662 0.044829 120.000000 49.653737
0.004659 0.098495 120.000000 123.749633
-0.000765 0.062767 120.000000 71.207756
-0.009877 0.073347 120.000000 75.144134
-0.006811 0.050146 120.000000 48.735411
-0.001300 0.029941 120.000000 28.650297
-0.005096 0.081562 120.000000 90.709040
0.004920 0.036236 120.000000 43.402494
0.009795 0.037637 120.000000 51.084428
0.005791 0.001696 120.000000 5.340176
-0.008027 0.005504 120.000000 17.746933
0.003189 0.065157 120.000000 78.794324
0.006740 0.087057 120.000000 111.374421
0.003690 0.028752 120.000000 32.369953
-0.002053 0.032105 120.000000 30.632646
0.002110 0.043418 120.000000 49.447230
-0.004252 0.058593 120.000000 62.061642
-0.000690 0.063934 120.000000 72.798785
-0.006987 0.039661 120.000000 35.540165
-0.001201 0.060653 120.000000 67.997066
-0.007213 0.066252 120.000000 68.793586
0.004309 0.090612 120.000000 113.108815
-0.007102 0.042406 120.000000 38.810000
-0.002096 0.086154 120.000000 99.960808
-0.003620 0.018670 120.000000 13.918972
0.005409 0.070792 120.000000 88.697068
-0.001611 0.087136 120.000000 101.779074
-0.007416 0.063033 120.000000 64.478274
-0.007308 0.045641 120.000000 42.632910
0.001814 0.072451 120.000000 86.655738
-0.009791 0.063209 120.000000 62.354096
-0.008012 0.026702 120.000000 20.068096
-0.002029 0.027856 120.000000 25.392815
-0.005941 0.014103 120.000000 11.367864
-0.000157 0.085055 120.000000 100.731534
0.005850 0.042492 120.000000 52.570124
0.008451 0.096058 120.000000 125.098699
0.003921 0.084814 120.000000 105.132922
0.009607 0.084301 120.000000 111.244166
0.007426 0.095232 120.000000 122.799392
0.000284 0.026097 120.000000 25.386650
0.002167 0.072065 120.000000 86.563477
0.002419 0.064968 120.000000 77.660082
0.005295 0.077799 120.000000 97.648505
0.008837 0.067464 120.000000 88.484709
-0.001069 0.017509 120.000000 14.013713
0.005124 0.008415 120.000000 8.918621
0.007630 0.072551 120.000000 93.623979
-0.009890 0.025820 120.000000 18.754024
0.002252 0.061152 120.000000 72.525147
0.005645 0.034063 120.000000 41.451102
-0.008850 0.065715 120.000000 66.454574
-0.001392 0.082131 120.000000 95.546116
-0.002224 0.027256 120.000000 24.488795
-0.000375 0.064747 120.000000 74.201366
-0.006576 0.012231 120.000000 11.891517
0.000000 0.100000 140.000000 122.554220
-0.006475 0.004184 140.000000 16.764486
0.000287 0.065128 140.000000 76.927583
0.008232 0.001912 140.000000 6.276161
0.005733 0.086630 140.000000 111.520446
-0.006061 0.076124 140.000000 84.489404
0.001875 0.039256 140.000000 44.713080
0.001333 0.089042 140.000000 109.616796
0.003031 0.065896 140.000000 81.037841
-0.004986 0.081492 140.000000 92.669857
0.008961 0.061646 140.000000 82.395461
0.003142 0.089140 140.000000 111.820164
-0.004135 0.048347 140.000000 50.269669
0.008785 0.057056 140.000000 76.137213
-0.001525 0.088811 140.000000 106.088760
-0.000114 0.035504 140.000000 37.701413
0.003561 0.099916 140.000000 126.526680
0.006004 0.028972 140.000000 35.927528
0.004561 0.067775 140.000000 85.279222
-0.005399 0.018951 140.000000 14.191304
0.001071 0.013086 140.000000 10.954938
0.007735 0.001946 140.000000 5.928445
0.002444 0.039206 140.000000 45.275614
-0.006134 0.006613 140.000000 14.222292
0.006580 0.092528 140.000000 120.299947
-0.001123 0.079027 140.000000 93.651556
-0.001387 0.072232 140.000000 84.418163
0.008095 0.025013 140.000000 33.257427
0.002781 0.061920 140.000000 75.513437
-0.004879 0.025300 140.000000 20.842684
-0.001830 0.048207 140.000000 52.442832
-0.006982 0.015234 140.000000 12.470563
-0.000182 0.023225 140.000000 21.942138
-0.007030 0.071497 140.000000 77.435040
-0.008068 0.090455 140.000000 101.140517
0.001634 0.087962 140.000000 108.535916
-0.003430 0.042326 140.000000 43.188929
0.005017 0.090660 140.000000 116.002837
-0.002416 0.009657 140.000000 8.784032
0.002448 0.030263 140.000000 33.600438
0.008352 0.073920 140.000000 97.846717
-0.002018 0.053445 140.000000 59.085768
-0.001335 0.089549 140.000000 107.273158
0.004370 0.050439 140.000000 62.215398
-0.005489 0.049947 140.000000 51.004436
0.003992 0.042465 140.000000 51.294175
-0.002569 0.006123 140.000000 10.054982
0.005145 0.038758 140.000000 47.752236
-0.006811 0.027153 140.000000 21.811429
0.007948 0.090855 140.000000 119.709852
-0.001056 0.068463 140.000000 79.825851
0.009706 0.029872 140.000000 41.570015
0.001637 0.031650 140.000000 34.533879
-0.002829 0.041622 140.000000 42.873346
-0.004270 0.026052 140.000000 22.110349
-0.008404 0.008333 140.000000 15.958546
0.006738 0.061429 140.000000 79.460463
0.007069 0.021336 140.000000 27.246600
-0.001593 0.044147 140.000000 47.400309
0.008965 0.027750 140.000000 37.887006
-0.003675 0.002506 140.000000 14.497191
0.001956 0.012443 140.000000 10.851532
0.002782 0.068263 140.000000 83.873349
-0.007326 0.035161 140.000000 30.774684
-0.000391 0.051533 140.000000 58.324506
0.006837 0.033650 140.000000 43.033841
0.008756 0.037020 140.000000 49.758183
0.009892 0.065800 140.000000 88.991975
0.008931 0.095252 140.000000 126.682241
-0.009883 0.052708 140.000000 50.457937
-0.002664 0.088881 140.000000 104.916005
-0.002075 0.010656 140.000000 8.744087
-0.005004 0.048572 140.000000 49.704069
-0.005193 0.056435 140.000000 59.698302
-0.008732 0.059113 140.000000 59.687238
0.002714 0.008553 140.000000 7.476572
-0.004892 0.017532 140.000000 13.099459
0.001834 0.072231 140.000000 88.021638
0.003420 0.060740 140.000000 74.689719
0.009498 0.012075 140.000000 18.436956
-0.008061 0.059553 140.000000 60.898091
-0.003461 0.082609 140.000000 95.788495
0.002103 0.067435 140.000000 82.006831
-0.001313 0.081756 140.000000 97.032698
0.004130 0.015540 140.000000 16.502220
-0.002841 0.035443 140.000000 34.926906
-0.002739 0.095711 140.000000 113.825744
0.007066 0.004992 140.000000 7.459956
0.003945 0.007441 140.000000 7.172380
-0.001724 0.074325 140.000000 86.799395
-0.006883 0.051865 140.000000 52.131474
-0.005956 0.014753 140.000000 11.784145
0.004926 0.007956 140.000000 8.383109
0.007620 0.033232 140.000000 43.421501
-0.009302 0.087799 140.000000 96.373577
0.003358 0.013156 140.000000 12.823593
0.003670 0.070978 140.000000 88.472170
-0.008840 0.048685 140.000000 46.292097
-0.001063 0.055648 140.000000 62.992560
-0.000774 0.078759 140.000000 93.687289
0.009843 0.099838 140.000000 133.821389
-0.001739 0.014230 140.000000 10.855592
0.009135 0.099226 140.000000 132.169527
0.003647 0.089602 140.000000 113.012987
0.004991 0.077005 140.000000 97.952724
-0.007613 0.019067 140.000000 14.345071
-0.004698 0.077602 140.000000 87.874597
0.000370 0.073826 140.000000 88.471532
0.001591 0.062392 140.000000 74.786232
-0.003435 0.088018 140.000000 102.930771
0.008166 0.067187 140.000000 88.747087
-0.002435 0.010488 140.000000 8.881569
0.004459 0.045744 140.000000 56.139503
-0.009594 0.051083 140.000000 48.659225
0.000632 0.036593 140.000000 39.896079
0.000300 0.090791 140.000000 110.750139
0.001872 0.047674 140.000000 55.746817
0.005826 0.066799 140.000000 85.468313
0.001506 0.037320 140.000000 41.781146
-0.009481 0.085899 140.000000 93.705481
-0.008624 0.094955 140.000000 106.448098
0.000985 0.001746 140.000000 9.143820
0.001756 0.012012 140.000000 10.254253
-0.001633 0.057074 140.000000 64.246851
-0.000641 0.061814 140.000000 71.544047
-0.004519 0.065918 140.000000 72.759008
-0.009614 0.068124 140.000000 70.459914
0.001128 0.058025 140.000000 68.520603
0.008677 0.043714 140.000000 58.452935
-0.000018 0.049501 140.000000 56.066147
0.006407 0.050265 140.000000 64.361963
0.002902 0.038121 140.000000 44.363106
0.008271 0.072143 140.000000 95.407662
0.006907 0.042031 140.000000 54.118518
0.003571 0.016776 140.000000 17.471647
-0.003346 0.095026 140.000000 112.251473
0.001627 0.010743 140.000000 8.915432
-0.007591 0.049079 140.000000 47.907227
-0.005102 0.091695 140.000000 105.944748
-0.007836 0.037448 140.000000 33.161460
0.003992 0.056328 140.000000 69.535172
0.009544 0.010680 140.000000 16.778997
-0.002318 0.019372 140.000000 15.735240
0.009924 0.004315 140.000000 10.016722
0.006476 0.056263 140.000000 72.343699
0.008143 0.068727 140.000000 90.751200
0.008049 0.075703 140.000000 99.838941
-0.006387 0.089964 140.000000 102.284578
-0.004318 0.029339 140.000000 26.007035
-0.009397 0.071220 140.000000 74.682366
-0.008241 0.015910 140.000000 13.395783
-0.004779 0.017777 140.000000 13.301717
-0.006927 0.067289 140.000000 72.057308
0.005139 0.096398 140.000000 123.718425
0.000405 0.074923 140.000000 89.954503
0.004391 0.039197 140.000000 47.458578
0.002146 0.019513 140.000000 19.480835
0.008433 0.039866 140.000000 53.102916
-0.005426 0.015549 140.000000 11.892618
0.008665 0.015095 140.000000 21.180165
0.006934 0.060061 140.000000 77.890257
0.004201 0.092712 140.000000 117.760895
0.005812 0.028364 140.000000 34.908072
0.000301 0.079413 140.000000 95.754284
-0.008590 0.013052 140.000000 13.832344
-0.008478 0.078096 140.000000 84.555080
-0.000985 0.059952 140.000000 68.722700
-0.006842 0.081072 140.000000 90.144160
0.001074 0.081733 140.000000 99.683906
0.006547 0.005708 140.000000 7.624483
-0.003736 0.004373 140.000000 12.851755
0.003671 0.018730 140.000000 20.042390
-0.009038 0.070974 140.000000 74.721202
-0.002083 0.072983 140.000000 84.641451
-0.000828 0.046301 140.000000 51.011232
0.003783 0.074605 140.000000 93.385737
0.005648 0.065250 140.000000 83.216107
0.000813 0.044676 140.000000 50.648333
0.005270 0.077233 140.000000 98.578767
0.007184 0.092234 140.000000 120.625762
0.002558 0.048804 140.000000 57.999261
0.000515 0.087868 140.000000 107.138803
-0.002320 0.059039 140.000000 66.084753
-0.007647 0.033699 140.000000 28.797359
-0.005786 0.005008 140.000000 15.069600
-0.002430 0.007905 140.000000 9.058921
-0.005626 0.085620 140.000000 97.399956
0.005053 0.086694 140.000000 110.809882
-0.009418 0.068994 140.000000 71.776529
-0.006304 0.077300 140.000000 85.773786
-0.003525 0.011179 140.000000 9.630147
-0.007420 0.079984 140.000000 88.114742
0.007512 0.099329 140.000000 130.377048
-0.008672 0.099770 140.000000 112.709066
0.007842 0.069949 140.000000 92.003477
-0.004062 0.027575 140.000000 24.070687
0.002269 0.030940 140.000000 34.288716
0.008450 0.042635 140.000000 56.760254
-0.004058 0.061910 140.000000 68.003079
0.000248 0.008244 140.000000 7.168698
0.007087 0.027987 140.000000 35.920303
-0.000583 0.045116 140.000000 49.723305
-0.000642 0.063676 140.000000 73.989445
-0.002369 0.042233 140.000000 44.122860
-0.008954 0.065298 140.000000 67.448724
0.002864 0.059655 140.000000 72.624405
0.003286 0.005065 140.000000 5.665715
-0.008985 0.083610 140.000000 91.229636
0.001796 0.037846 140.000000 42.782808
-0.003208 0.089087 140.000000 104.587276
-0.001994 0.072313 140.000000 83.858571
0.004474 0.059837 140.000000 74.714604
0.003344 0.094331 140.000000 118.904618
0.002755 0.094856 140.000000 118.917591
0.005161 0.016380 140.000000 18.671358
-0.008808 0.084882 140.000000 93.073770
-0.001508 0.008598 140.000000 8.152155
0.006867 0.045119 140.000000 58.132907
0.008628 0.082879 140.000000 109.993538
-0.002977 0.051679 140.000000 55.776068
0.003183 0.029544 140.000000 33.466758
0.006271 0.067970 140.000000 87.534863
-0.003707 0.030020 140.000000 27.332249
0.001556 0.075217 140.000000 91.641691
0.003629 0.087215 140.000000 109.842768
0.001030 0.085548 140.000000 104.664350
0.001028 0.064134 140.000000 76.447470
-0.007356 0.026640 140.000000 20.991275
0.007131 0.037616 140.000000 48.585909
-0.006191 0.012782 140.000000 11.648524
-0.007081 0.098543 140.000000 112.801104
0.001766 0.054848 140.000000 65.055571
0.001410 0.039462 140.000000 44.475697
0.003685 0.086372 140.000000 108.795190
-0.001050 0.086676 140.000000 103.806803
-0.008707 0.085716 140.000000 94.269081
-0.009086 0.094351 140.000000 105.170154
-0.009766 0.049896 140.000000 47.014759
0.008912 0.085276 140.000000 113.496267
-0.001653 0.050068 140.000000 55.059354
-0.005650 0.062340 140.000000 66.914985
-0.000279 0.075151 140.000000 89.489167
0.000530 0.067014 140.000000 79.679837
-0.009621 0.045059 140.000000 41.102807
0.006193 0.045804 140.000000 58.237919
-0.004008 0.034803 140.000000 33.044681
0.003029 0.078338 140.000000 97.439955
0.000578 0.041159 140.000000 45.794809
0.004905 0.025990 140.000000 30.767291
0.001190 0.027656 140.000000 28.898930
-0.003201 0.014920 140.000000 11.212629
-0.005861 0.042648 140.000000 41.304176
-0.001287 0.066159 140.000000 76.544336
0.007773 0.092919 140.000000 122.226300
0.006763 0.077771 140.000000 101.042007
-0.006460 0.083682 140.000000 93.968095
0.006286 0.079551 140.000000 102.828678
-0.001866 0.034965 140.000000 35.248403
-0.006434 0.031275 140.000000 26.768066
0.005354 0.052658 140.000000 66.278152
0.007555 0.053663 140.000000 70.197474
-0.000795 0.015022 140.000000 11.936193
0.000897 0.058616 140.000000 69.040456
-0.004752 0.001968 140.000000 16.525704
-0.004554 0.038043 140.000000 36.648063
0.003406 0.068436 140.000000 84.815605
-0.001770 0.076905 140.000000 90.142635
-0.004938 0.075388 140.000000 84.715286
0.004526 0.060044 140.000000 75.046239
0.005083 0.021633 140.000000 25.316639
0.005001 0.046538 140.000000 57.811577
0.007076 0.041662 140.000000 53.834466
-0.008566 0.078221 140.000000 84.627966
0.003847 0.023477 140.000000 26.321844
0.007042 0.034898 140.000000 44.913743
0.006842 0.048105 140.000000 62.033142
0.008990 0.053239 140.000000 71.359393
-0.001133 0.057014 140.000000 64.707591
-0.002869 0.079253 140.000000 92.024471
0.008215 0.012286 140.000000 17.094356
0.009875 0.073244 140.000000 98.781447
0.003999 0.016708 140.000000 17.830701
0.005816 0.073095 140.000000 93.759295
-0.002239 0.028226 140.000000 26.356522
-0.006603 0.064812 140.000000 69.162301
-0.005116 0.085524 140.000000 97.821670
-0.001740 0.095502 140.000000 114.663511
-0.002113 0.078575 140.000000 91.961076
0.003280 0.091323 140.000000 114.860086
0.007825 0.036160 140.000000 47.506142
-0.007736 0.014966 140.000000 12.923713
0.009525 0.004492 140.000000 9.705178
0.007676 0.032020 140.000000 41.900592
-0.006252 0.046977 140.000000 46.461228
-0.001900 0.021871 140.000000 18.875878
-0.006931 0.095102 140.000000 108.444028
-0.002107 0.058551 140.000000 65.673907
-0.002930 0.036024 140.000000 35.583966
0.009422 0.092608 140.000000 123.778359
-0.007391 0.057711 140.000000 59.171379
0.003232 0.036231 140.000000 42.256503
-0.007461 0.090831 140.000000 102.275614
-0.002599 0.034045 140.000000 33.371306
0.008079 0.042849 140.000000 56.593814
0.001101 0.095980 140.000000 118.504365
0.001197 0.020186 140.000000 19.416906
-0.006350 0.085972 140.000000 97.085790
-0.001209 0.016233 140.000000 12.974788
-0.007965 0.034517 140.000000 29.547190
-0.007568 0.094961 140.000000 107.577793
-0.000180 0.009031 140.000000 7.542516
-0.003364 0.094085 140.000000 110.992999
0.006656 0.015281 140.000000 18.985606
-0.002127 0.009368 140.000000 8.578748
0.003797 0.019474 140.000000 21.122576
-0.005844 0.057380 140.000000 60.269990
-0.001051 0.067591 140.000000 78.686570
-0.009483 0.078757 140.000000 84.391322
0.001513 0.082215 140.000000 100.817912
0.002180 0.069400 140.000000 84.685037
-0.007002 0.042799 140.000000 40.478815
-0.008761 0.008174 140.000000 16.547935
0.009069 0.028837 140.000000 39.432649
0.008116 0.088319 140.000000 116.562711
0.009026 0.091603 140.000000 121.979530
-0.002056 0.015922 140.000000 12.292255
-0.002967 0.093866 140.000000 111.143344
0.004283 0.067209 140.000000 84.210059
-0.007206 0.099836 140.000000 114.365617
-0.005615 0.013520 140.000000 11.293874
-0.001733 0.036271 140.000000 37.057386
0.006655 0.025409 140.000000 32.044658
0.007556 0.040448 140.000000 52.813119
-0.008779 0.025919 140.000000 19.747987
-0.002597 0.050992 140.000000 55.275465
0.009712 0.069864 140.000000 94.129075
0.006320 0.071649 140.000000 92.445357
0.009967 0.027154 140.000000 38.351119
-0.006933 0.059203 140.000000 61.549992
-0.009839 0.091754 140.000000 100.984372
-0.008554 0.091477 140.000000 101.966115
-0.008361 0.023021 140.000000 17.236981
-0.002221 0.067538 140.000000 77.336808
0.009099 0.072940 140.000000 97.448828
-0.007210 0.068894 140.000000 73.858480
-0.006145 0.040186 140.000000 37.938166
-0.000965 0.095961 140.000000 116.138454
-0.004753 0.038375 140.000000 36.888482
0.009841 0.080023 140.000000 107.680277
0.002388 0.008910 140.000000 7.632914
0.005872 0.027472 140.000000 33.814922
-0.006661 0.079334 140.000000 88.059937
0.001214 0.038726 140.000000 43.300803
0.004051 0.067620 140.000000 84.482956
0.006842 0.056617 140.000000 73.243218
-0.009527 0.061166 140.000000 61.571762
-0.006526 0.055120 140.000000 56.669533
0.006844 0.062637 140.000000 81.177945
0.008371 0.086567 140.000000 114.553777
0.000598 0.088473 140.000000 108.030225
-0.009836 0.015252 140.000000 14.660342
0.002000 0.006718 140.000000 6.276001
0.003488 0.052693 140.000000 64.169125
0.004842 0.085042 140.000000 108.384113
0.001460 0.036114 140.000000 40.157025
-0.004040 0.045744 140.000000 46.999669
-0.006606 0.077531 140.000000 85.758365
0.000071 0.024625 140.000000 23.931224
0.006900 0.052885 140.000000 68.394037
-0.002139 0.092646 140.000000 110.455460
-0.000321 0.035043 140.000000 36.890692
-0.003421 0.090983 140.000000 106.846892
-0.006628 0.063540 140.000000 67.482716
-0.003388 0.075006 140.000000 85.878285
0.005282 0.092052 140.000000 118.148670
0.003842 0.073120 140.000000 91.494881
0.004414 0.093747 140.000000 119.374565
-0.000036 0.007371 140.000000 7.199890
0.000459 0.056889 140.000000 66.284423
-0.008454 0.007683 140.000000 16.505178
-0.000237 0.010634 140.000000 8.342045
-0.000068 0.022666 140.000000 21.348243
-0.006959 0.030966 140.000000 26.048883
-0.005859 0.052440 140.000000 53.860389
0.008391 0.071554 140.000000 94.774487
0.007420 0.084339 140.000000 110.485573
-0.003292 0.041007 140.000000 41.625886
0.008592 0.021009 140.000000 28.672078
0.008264 0.009628 140.000000 13.901035
0.003967 0.085077 140.000000 107.412372
0.000349 0.096130 140.000000 117.846545
-0.009375 0.094963 140.000000 105.666793
0.005910 0.069340 140.000000 88.916729
0.008250 0.019046 140.000000 25.718705
0.003499 0.097065 140.000000 122.691359
0.004230 0.099525 140.000000 126.786560
-0.002084 0.035493 140.000000 35.713748
0.004793 0.098303 140.000000 125.829293
0.009705 0.073782 140.000000 99.285677
-0.009915 0.030813 140.000000 24.263444
-0.003728 0.033272 140.000000 31.366761
0.005566 0.026245 140.000000 31.859388
0.007185 0.001134 140.000000 5.476004
0.005744 0.063838 140.000000 81.468008
0.008449 0.097249 140.000000 128.743070
0.007837 0.026063 140.000000 34.310974
0.006446 0.044208 140.000000 56.436884
-0.003211 0.023539 140.000000 19.899769
-0.003044 0.059649 140.000000 66.114492
0.004319 0.095008 140.000000 120.928228
0.001517 0.090567 140.000000 111.837103
0.000396 0.099286 140.000000 122.061114
0.004165 0.046313 140.000000 56.550201
0.003166 0.031559 140.000000 36.074909
0.007190 0.032228 140.000000 41.589345
-0.001172 0.067057 140.000000 77.851668
-0.001517 0.053184 140.000000 59.277697
-0.005372 0.033436 140.000000 30.183520
0.003363 0.024677 140.000000 27.344820
0.001233 0.039939 140.000000 44.906352
0.001973 0.080536 140.000000 99.129483
0.003169 0.024011 140.000000 26.275048
0.000110 0.088284 140.000000 107.229142
0.008742 0.052286 140.000000 69.805430
0.003739 0.033571 140.000000 39.343820
0.001463 0.078287 140.000000 95.582996
0.007108 0.096764 140.000000 126.515224
0.004059 0.083192 140.000000 105.033443
0.001926 0.094119 140.000000 116.991891
0.002289 0.011572 140.000000 10.145813
0.005163 0.037203 140.000000 45.730946
-0.008135 0.066141 140.000000 69.349484
0.007070 0.073537 140.000000 95.820254
0.000315 0.083487 140.000000 101.137081
0.001672 0.040332 140.000000 45.898437
-0.004930 0.055661 140.000000 58.959306
0.005007 0.035881 140.000000 43.816541
0.004072 0.037125 140.000000 44.375160
0.005459 0.097359 140.000000 125.361618
0.004145 0.038736 140.000000 46.571741
-0.003340 0.068048 140.000000 76.799871
0.001754 0.023421 140.000000 24.042067
-0.002866 0.093773 140.000000 111.132621
0.007690 0.008465 140.000000 11.835708
-0.003924 0.033098 140.000000 30.976990
-0.007213 0.083989 140.000000 93.573160
0.007570 0.022998 140.000000 30.002601
0.001274 0.053058 140.000000 62.154669
0.006178 0.080744 140.000000 104.275096
0.007802 0.063549 140.000000 83.517041
0.005204 0.083618 140.000000 106.927675
0.007981 0.033548 140.000000 44.268544
0.001079 0.047564 140.000000 54.724992
-0.009371 0.040859 140.000000 36.146833
0.006351 0.087407 140.000000 113.272954
-0.006741 0.072013 140.000000 78.406653
0.004006 0.012180 140.000000 12.273592
0.009016 0.072649 140.000000 96.964675
0.003131 0.039871 140.000000 46.912861
-0.009899 0.090725 140.000000 99.578186
-0.001048 0.048872 140.000000 54.136922
-0.006799 0.004377 140.000000 17.035978
-0.004926 0.024078 140.000000 19.444708
0.008365 0.021149 140.000000 28.573206
0.002403 0.078187 140.000000 96.522553
0.006941 0.047299 140.000000 61.089683
-0.007010 0.086113 140.000000 96.570332
-0.001145 0.021727 140.000000 19.283130
0.003799 0.016613 140.000000 17.502671
0.003149 0.055243 140.000000 67.139837
0.005529 0.076756 140.000000 98.253652
0.009835 0.021517 140.000000 30.874040
-0.009022 0.002647 140.000000 21.868596
0.003766 0.061057 140.000000 75.504879
0.005206 0.020746 140.000000 24.310889
-0.005583 0.065604 140.000000 71.238796
0.001912 0.061322 140.000000 73.740274
0.004650 0.004042 140.000000 5.409408
0.000061 0.084682 140.000000 102.426947
0.000774 0.086449 140.000000 105.561442
-0.001300 0.030725 140.000000 30.370747
-0.002771 0.049148 140.000000 52.691709
0.007999 0.052120 140.000000 68.696061
0.001529 0.097943 140.000000 121.582107
0.006013 0.046044 140.000000 58.342251
-0.009843 0.015810 140.000000 14.627263
-0.003823 0.058913 140.000000 64.333970
0.006480 0.097271 140.000000 126.443560
0.004822 0.048867 140.000000 60.667645
-0.006242 0.033752 140.000000 29.885049
-0.005003 0.092503 140.000000 107.114382
-0.003972 0.062985 140.000000 69.498761
-0.008655 0.095702 140.000000 107.394556
-0.001948 0.046440 140.000000 50.017519
-0.005881 0.059796 140.000000 63.371302
0.004884 0.090476 140.000000 115.603845
-0.008802 0.051252 140.000000 49.573586
-0.006420 0.033978 140.000000 30.022743
0.001364 0.009946 140.000000 8.110438
0.006128 0.011723 140.000000 13.937279
-0.000137 0.071124 140.000000 84.345949
0.005207 0.021036 140.000000 24.686975
0.000506 0.096376 140.000000 118.348611
0.003855 0.066860 140.000000 83.254969
0.008286 0.070717 140.000000 93.544892
0.003176 0.032788 140.000000 37.690504
0.001278 0.088847 140.000000 109.297685
0.002085 0.084895 140.000000 105.006408
0.004165 0.049307 140.000000 60.488877
0.008407 0.096796 140.000000 128.095023
-0.008328 0.092876 140.000000 104.036361
-0.000006 0.045317 140.000000 50.601937
0.001148 0.033514 140.000000 36.437850
0.007695 0.018787 140.000000 24.709175
0.003860 0.009836 140.000000 9.472467
-0.007035 0.096939 140.000000 110.745380
-0.002796 0.013337 140.000000 10.143120
-0.001916 0.075300 140.000000 87.871710
0.005678 0.005698 140.000000 6.864630
0.002537 0.033055 140.000000 37.334749
0.007871 0.091869 140.000000 120.956566
0.002519 0.014169 140.000000 13.272110
0.001966 0.039494 140.000000 45.124871
-0.007931 0.031682 140.000000 26.260398
0.004590 0.006837 140.000000 7.057972
-0.009653 0.033392 140.000000 27.196331
-0.008896 0.088230 140.000000 97.359279
0.007268 0.003618 140.000000 6.526236
0.000442 0.029805 140.000000 30.904359
-0.008199 0.020106 140.000000 15.086080
0.001011 0.086641 140.000000 106.084005
-0.007765 0.019680 140.000000 14.749747
-0.004826 0.011261 140.000000 10.592547
0.009945 0.010971 140.000000 17.648526
0.004570 0.073640 140.000000 93.024140
0.008945 0.058524 140.000000 78.264545
0.004336 0.058462 140.000000 72.742214
-0.007368 0.041251 140.000000 38.225711
-0.002455 0.052148 140.000000 56.932368
-0.002780 0.003728 140.000000 12.146699
-0.009058 0.071225 140.000000 75.025743
0.007305 0.022844 140.000000 29.483821
-0.000592 0.038943 140.000000 41.671834
0.000603 0.026547 140.000000 26.885886
-0.007317 0.045507 140.000000 43.619584
0.007614 0.057998 140.000000 75.977401
-0.002422 0.078326 140.000000 91.293683
-0.001529 0.082168 140.000000 97.335581
0.002487 0.016483 140.000000 16.039244
-0.001135 0.071826 140.000000 84.162654
-0.009823 0.078192 140.000000 83.312397
0.004374 0.049394 140.000000 60.844485
0.003845 0.002799 140.000000 5.681818
-0.002124 0.079085 140.000000 92.620482
-0.004318 0.071840 140.000000 80.724869
-0.004107 0.096951 140.000000 113.944972
-0.003593 0.076602 140.000000 87.751551
0.005143 0.067929 140.000000 86.159099
-0.003230 0.038192 140.000000 38.070823
0.009019 0.099221 140.000000 132.024142
0.003568 0.075612 140.000000 94.465134
0.004425 0.096377 140.000000 122.857493
0.007384 0.097417 140.000000 127.703426
0.001398 0.072610 140.000000 88.027888
-0.008145 0.007900 140.000000 15.927722
-0.000659 0.096592 140.000000 117.315046
-0.001650 0.011585 140.000000 8.997553
-0.008728 0.084809 140.000000 93.061008
-0.009603 0.060727 140.000000 60.936464
0.003938 0.020512 140.000000 22.604135
0.001789 0.005895 140.000000 6.206109
0.009275 0.069085 140.000000 92.577237
0.002219 0.059519 140.000000 71.713996
0.004105 0.036902 140.000000 44.121757
-0.008844 0.074255 140.000000 79.178565
-0.004791 0.065462 140.000000 71.878442
0.002114 0.030661 140.000000 33.758413
-0.001421 0.038170 140.000000 39.819854
-0.005914 0.069908 140.000000 76.515137
-0.004477 0.092862 140.000000 108.160236
-0.004834 0.094643 140.000000 110.111394
-0.000353 0.014978 140.000000 12.118354
-0.008453 0.080340 140.000000 87.509178
-0.001116 0.098654 140.000000 119.518270
-0.001746 0.047187 140.000000 51.201562
-0.009005 0.091245 140.000000 101.189408
0.004917 0.054466 140.000000 68.150661
0.004917 0.062379 140.000000 78.578241
-0.007174 0.062097 140.000000 65.060652
-0.003298 0.077125 140.000000 88.758744
0.001305 0.024325 140.000000 24.745383
0.006212 0.089090 140.000000 115.330015
0.006583 0.060055 140.000000 77.466990
0.002571 0.025314 140.000000 27.318991
0.004271 0.025678 140.000000 29.644626
0.000832 0.070095 140.000000 84.076036
-0.006736 0.052675 140.000000 53.313547
0.006459 0.031317 140.000000 39.529307
0.006653 0.052944 140.000000 68.180124
-0.002388 0.043287 140.000000 45.468676
0.008084 0.066792 140.000000 88.128835
-0.002429 0.027334 140.000000 25.083252
0.002762 0.037891 140.000000 43.906181
0.009333 0.080701 140.000000 107.964870
0.004435 0.041526 140.000000 50.567653
0.009558 0.055158 140.000000 74.571188
-0.006036 0.002175 140.000000 18.114030
-0.001959 0.002980 140.000000 11.736051
-0.006238 0.055517 140.000000 57.465176
-0.005775 0.051478 140.000000 52.700712
0.001043 0.040130 140.000000 44.951515
-0.008678 0.058633 140.000000 59.120945
-0.007285 0.079538 140.000000 87.673558
-0.005794 0.019177 140.000000 14.332040
0.006677 0.036327 140.000000 46.354198
-0.002562 0.016728 140.000000 12.880679
-0.007289 0.090220 140.000000 101.656943
0.003580 0.013201 140.000000 13.085675
-0.002573 0.002294 140.000000 13.205137
0.003095 0.059307 140.000000 72.429796
0.002773 0.072558 140.000000 89.524426
-0.004126 0.024671 140.000000 20.598861
-0.000140 0.096105 140.000000 117.258933
0.004735 0.079911 140.000000 101.489362
0.001086 0.011614 140.000000 9.477377
0.008790 0.034213 140.000000 46.120872
-0.001055 0.068384 140.000000 79.723080
0.000925 0.018694 140.000000 17.331909
0.008057 0.024321 140.000000 32.310507
-0.008063 0.064708 140.000000 67.562881
0.002475 0.070744 140.000000 86.792282
-0.004870 0.017612 140.000000 13.163380
-0.005109 0.078922 140.000000 89.166061
0.004188 0.070877 140.000000 88.936068
0.005474 0.075135 140.000000 96.050956
0.005668 0.033645 140.000000 41.651197
-0.007369 0.086838 140.000000 97.140191
0.001135 0.035903 140.000000 39.532750
-0.002063 0.065598 140.000000 74.962124
0.003154 0.059868 140.000000 73.236058
0.009365 0.056868 140.000000 76.589730
0.000925 0.090154 140.000000 110.619494
0.000474 0.099999 140.000000 123.091594
0.006731 0.096518 140.000000 125.745529
0.008769 0.055514 140.000000 74.088233
0.003780 0.026379 140.000000 30.009292
0.000405 0.059336 140.000000 69.440553
0.001477 0.087483 140.000000 107.724413
0.008852 0.051340 140.000000 68.693937
-0.007606 0.099608 140.000000 113.636422
0.000144 0.074375 140.000000 88.940566
0.004325 0.023877 140.000000 27.368603
0.004951 0.007604 140.000000 8.048758
-0.005542 0.044429 140.000000 43.867454
0.006236 0.076660 140.000000 98.955907
0.003013 0.062321 140.000000 76.307113
-0.001896 0.056083 140.000000 62.667513
-0.004611 0.034227 140.000000 31.795563
0.007196 0.026358 140.000000 33.924064
0.008634 0.075358 140.000000 100.080957
0.003318 0.016486 140.000000 16.852496
0.009523 0.013218 140.000000 19.893268
-0.006495 0.027453 140.000000 22.316303
0.006798 0.042562 140.000000 54.689254
0.009204 0.091757 140.000000 122.395509
0.003722 0.003774 140.000000 5.507219
0.008811 0.077856 140.000000 103.587285
0.004501 0.098436 140.000000 125.664791
0.000461 0.005932 140.000000 7.044866
-0.003625 0.084709 140.000000 98.369992
-0.007797 0.066699 140.000000 70.411035
0.001419 0.035265 140.000000 39.005947
-0.008040 0.018284 140.000000 14.042484
-0.005504 0.054843 140.000000 57.320246
0.005173 0.032290 140.000000 39.300751
0.009323 0.079300 140.000000 106.103908
0.006762 0.014288 140.000000 17.855597
0.007828 0.082607 140.000000 108.683639
-0.005339 0.057963 140.000000 61.535605
-0.001526 0.083818 140.000000 99.510815
0.005109 0.051826 140.000000 64.896489
0.001493 0.005562 140.000000 6.384922
0.000723 0.005776 140.000000 6.879609
0.007270 0.087080 140.000000 113.924802
0.002379 0.030650 140.000000 34.028480
0.000538 0.061911 140.000000 72.974325
0.003745 0.050087 140.000000 61.033335
-0.003567 0.006731 140.000000 10.872303
0.009163 0.077713 140.000000 103.819686
-0.002049 0.079408 140.000000 93.128546
-0.006321 0.052589 140.000000 53.602306
-0.007896 0.089289 140.000000 99.793570
0.001562 0.089986 140.000000 111.122805
0.008875 0.002354 140.000000 7.121968
0.007137 0.080619 140.000000 105.241271
0.004240 0.056532 140.000000 70.088782
0.001176 0.070834 140.000000 85.436188
0.000990 0.074378 140.000000 89.896207
-0.005082 0.065972 140.000000 72.239511
-0.008582 0.084005 140.000000 92.163195
0.002948 0.084628 140.000000 105.644450
-0.001699 0.089839 140.000000 107.248979
0.009941 0.016549 140.000000 24.633707
0.005156 0.050611 140.000000 63.352413
-0.002873 0.090049 140.000000 106.222230
0.004311 0.013635 140.000000 14.331248
0.009056 0.070573 140.000000 94.275623
-0.006603 0.050928 140.000000 51.193672
-0.008260 0.041234 140.000000 37.470915
-0.001948 0.076802 140.000000 89.810830
0.002915 0.074662 140.000000 92.460390
-0.001834 0.092155 140.000000 110.148710
-0.006109 0.099795 140.000000 115.497691
-0.006564 0.024965 140.000000 19.582167
-0.001119 0.001275 140.000000 12.273450
0.003127 0.032321 140.000000 37.026167
-0.005282 0.065939 140.000000 71.989217
0.001843 0.086353 140.000000 106.651612
-0.006271 0.049419 140.000000 49.572205
0.009453 0.027794 140.000000 38.546058
0.005796 0.034951 140.000000 43.512640
0.004865 0.022469 140.000000 26.152268
0.005900 0.062732 140.000000 80.191962
-0.008546 0.020624 140.000000 15.468677
0.001258 0.032681 140.000000 35.470810
-0.001746 0.045614 140.000000 49.152213
-0.009439 0.004244 140.000000 20.881090
0.003722 0.003234 140.000000 5.608043
-0.004826 0.012822 140.000000 10.685564
-0.009082 0.064899 140.000000 66.808931
0.008170 0.026712 140.000000 35.562144
-0.007000 0.038219 140.000000 34.764957
0.002584 0.036905 140.000000 42.418422
0.000755 0.017163 140.000000 15.344244
-0.009975 0.091271 140.000000 100.211864
-0.009524 0.075522 140.000000 80.140790
-0.002140 0.008459 140.000000 8.658209
-0.002458 0.080515 140.000000 94.134392
-0.006849 0.062133 140.000000 65.431344
-0.002457 0.005553 140.000000 10.291509
0.009273 0.048109 140.000000 64.952928
0.002843 0.088614 140.000000 110.782164
-0.009488 0.002958 140.000000 22.220717
-0.003548 0.012518 140.000000 9.955518
-0.000932 0.099918 140.000000 121.391822
-0.008315 0.092121 140.000000 103.061608
-0.001984 0.055097 140.000000 61.283166
0.007717 0.043487 140.000000 56.998487
0.006994 0.080351 140.000000 104.719021
-0.005347 0.094995 140.000000 110.015657
-0.004078 0.053023 140.000000 56.394482
0.005134 0.071602 140.000000 90.993034
-0.009896 0.028150 140.000000 21.572637
-0.007477 0.017140 140.000000 13.328638
0.009360 0.049625 140.000000 67.051190
0.007765 0.091195 140.000000 119.941386
-0.006192 0.009532 140.000000 12.464796
-0.000027 0.002755 140.000000 9.475342
0.008127 0.085140 140.000000 112.380054
-0.006329 0.006113 140.000000 14.876694
0.008883 0.016202 140.000000 22.858494
0.006602 0.025429 140.000000 32.007118
-0.005114 0.085337 140.000000 97.578698
0.003360 0.077364 140.000000 96.535188
-0.008674 0.092390 140.000000 103.034907
-0.009219 0.064171 140.000000 65.737187
-0.001044 0.013281 140.000000 10.214064
0.007659 0.014757 140.000000 19.518665
0.001463 0.064654 140.000000 77.619487
-0.003670 0.034271 140.000000 32.675558
-0.004095 0.026534 140.000000 22.801925
0.005809 0.015209 140.000000 17.917807
-0.003782 0.021516 140.000000 17.260126
0.008039 0.027050 140.000000 35.843224
-0.001144 0.099184 140.000000 120.185880
0.000453 0.003155 140.000000 8.573740
0.008223 0.029575 140.000000 39.362308
-0.007474 0.081734 140.000000 90.348506
-0.008050 0.047424 140.000000 45.393802
-0.004046 0.072213 140.000000 81.505900
0.004861 0.022017 140.000000 25.561391
0.008684 0.076152 140.000000 101.186978
-0.003017 0.046192 140.000000 48.600855
-0.006334 0.067520 140.000000 72.964452
0.009020 0.011256 140.000000 16.820716
-0.006578 0.084186 140.000000 94.502818
-0.004499 0.017549 140.000000 13.148797
0.000098 0.004008 140.000000 8.350119
0.002802 0.094262 140.000000 118.187261
0.008474 0.029689 140.000000 39.816880
0.000289 0.041095 140.000000 45.401332
0.006562 0.056538 140.000000 72.807049
0.001669 0.003696 140.000000 6.917008
0.003302 0.059649 140.000000 73.117249
0.004618 0.045533 140.000000 56.046568
-0.004136 0.084533 140.000000 97.581734
-0.006585 0.064632 140.000000 68.945990
0.003151 0.045257 140.000000 54.007311
-0.000539 0.044707 140.000000 49.236580
-0.007691 0.044514 140.000000 42.037992
-0.005057 0.077143 140.000000 86.888843
0.002856 0.032075 140.000000 36.405659
-0.000619 0.005611 140.000000 8.169343
0.005177 0.005110 140.000000 6.083649
0.005896 0.050772 140.000000 64.429294
0.004440 0.079999 140.000000 101.262519
0.000590 0.072305 140.000000 86.715225
-0.003153 0.018296 140.000000 14.189832
-0.003443 0.020251 140.000000 16.075804
-0.005593 0.065514 140.000000 71.112032
-0.002335 0.053750 140.000000 59.150260
-0.005120 0.055565 140.000000 58.641119
-0.003842 0.009620 140.000000 9.952048
-0.000804 0.047345 140.000000 52.400704
0.009056 0.074550 140.000000 99.520629
-0.000303 0.078422 140.000000 93.769958
0.005936 0.063707 140.000000 81.518839
0.000782 0.029980 140.000000 31.476786
0.008744 0.025929 140.000000 35.242083
-0.007568 0.082222 140.000000 90.887998
0.007564 0.018227 140.000000 23.831172
0.003300 0.071696 140.000000 88.992579
0.008497 0.068688 140.000000 91.120944
-0.006423 0.077460 140.000000 85.857449
-0.001921 0.003866 140.000000 10.909118
-0.000335 0.067155 140.000000 78.903134
-0.009052 0.071280 140.000000 75.103248
-0.005500 0.042421 140.000000 41.345764
-0.009805 0.009280 140.000000 17.143704
0.003116 0.080597 140.000000 100.518679
0.008395 0.006665 140.000000 10.629979
0.005111 0.025019 140.000000 29.739033
0.004348 0.029355 140.000000 34.521334
0.006483 0.044222 140.000000 56.498527
0.003535 0.033710 140.000000 39.296619
-0.008015 0.016945 140.000000 13.506488
0.009751 0.002562 140.000000 8.212428
-0.005695 0.046350 140.000000 46.181962
0.009898 0.035916 140.000000 49.709785
0.003724 0.056454 140.000000 69.391500
-0.003918 0.010565 140.000000 9.893708
0.008190 0.063337 140.000000 83.700904
0.006984 0.069515 140.000000 90.413175
0.001823 0.063087 140.000000 75.963146
-0.003395 0.056868 140.000000 62.110630
0.001953 0.045167 140.000000 52.545097
-0.008547 0.004773 140.000000 19.117192
-0.000931 0.043757 140.000000 47.583684
0.005727 0.030454 140.000000 37.541082
-0.004602 0.052006 140.000000 54.545094
-0.005773 0.056216 140.000000 58.831853
0.007227 0.084107 140.000000 109.951063
0.008365 0.099035 140.000000 131.000859
-0.005692 0.053929 140.000000 55.949926
0.002619 0.056485 140.000000 68.171867
0.000234 0.089500 140.000000 108.972191
-0.002416 0.038848 140.000000 39.702935
-0.003829 0.072884 140.000000 82.617413
0.001226 0.074481 140.000000 90.297842
0.003729 0.093630 140.000000 118.424553
0.003229 0.039266 140.000000 46.230254
-0.004533 0.094076 140.000000 109.694856
-0.005253 0.012270 140.000000 10.913245
-0.005922 0.059008 140.000000 62.304441
0.006527 0.060875 140.000000 78.481445
0.005729 0.057038 140.000000 72.486327
-0.001185 0.005777 140.000000 8.682337
-0.008813 0.060662 140.000000 61.603579
0.002842 0.002885 140.000000 6.336440
-0.009460 0.007821 140.000000 17.759176
0.009575 0.009451 140.000000 15.329029
0.004284 0.075013 140.000000 94.504145
-0.008047 0.017789 140.000000 13.828193
-0.003893 0.095948 140.000000 112.860857
-0.008773 0.027575 140.000000 21.376436
0.002370 0.054353 140.000000 65.084617
0.001095 0.062958 140.000000 74.974643
0.000606 0.050580 140.000000 58.161087
0.009946 0.097774 140.000000 131.221846
-0.009231 0.095405 140.000000 106.397943
0.009604 0.003715 140.000000 9.049029
0.008668 0.004546 140.000000 8.746657
-0.009507 0.066560 140.000000 68.542084
0.009142 0.064152 140.000000 85.915008
-0.008069 0.090718 140.000000 101.483521
-0.006096 0.007908 140.000000 13.257896
0.004152 0.075972 140.000000 95.616040
0.008118 0.082381 140.000000 108.730971
0.008657 0.063297 140.000000 84.207038
0.009358 0.010092 140.000000 15.825920
0.002232 0.050366 140.000000 59.686200
0.004735 0.070275 140.000000 88.777689
0.002377 0.064738 140.000000 78.765581
0.004156 0.031626 140.000000 37.270310
-0.004963 0.059088 140.000000 63.383320
0.000116 0.077164 140.000000 92.581539
-0.007454 0.062402 140.000000 65.178105
-0.007692 0.092823 140.000000 104.642823
0.003009 0.080411 140.000000 100.150349
-0.002496 0.009208 140.000000 8.855735
0.000044 0.025418 140.000000 24.906667
-0.002150 0.043843 140.000000 46.432715
-0.002370 0.064987 140.000000 73.828348
0.008894 0.055661 140.000000 74.432744
0.004367 0.010871 140.000000 11.082989
0.005332 0.057287 140.000000 72.351004
0.003788 0.099241 140.000000 125.899129
-0.005987 0.047208 140.000000 47.006125
0.003042 0.091478 140.000000 114.790644
-0.004056 0.077693 140.000000 88.684298
-0.009070 0.047335 140.000000 44.395000
-0.007610 0.054679 140.000000 55.055543
0.009211 0.082501 140.000000 110.191609
-0.005950 0.032664 140.000000 28.786770
0.000518 0.094878 140.000000 116.387066
-0.000574 0.018791 140.000000 16.232763
-0.004121 0.061680 140.000000 67.637300
0.001395 0.079746 140.000000 97.428945
-0.000183 0.056699 140.000000 65.328070
0.007324 0.042024 140.000000 54.606961
0.001926 0.025310 140.000000 26.638044
0.009687 0.027548 140.000000 38.516347
-0.008789 0.064468 140.000000 66.538038
0.006759 0.075395 140.000000 97.903272
0.006344 0.052198 140.000000 66.833250
0.006488 0.099173 140.000000 128.964128
0.002851 0.096238 140.000000 120.850934
-0.002884 0.068790 140.000000 78.262974
0.000368 0.069121 140.000000 82.272069
0.003268 0.016417 140.000000 16.716697
-0.004385 0.032118 140.000000 29.363775
0.006119 0.085750 140.000000 110.812848
0.005820 0.057444 140.000000 73.128702
-0.002650 0.064206 140.000000 72.502667
-0.003819 0.035852 140.000000 34.540568
0.005521 0.072930 140.000000 93.195760
-0.002991 0.080707 140.000000 93.800813
0.001882 0.027622 140.000000 29.572802
0.000503 0.098416 140.000000 121.035973
-0.008034 0.030459 140.000000 24.813999
-0.005396 0.067891 140.000000 74.419962
0.009240 0.010338 140.000000 15.974679
-0.004594 0.026323 140.000000 22.206440
-0.007910 0.097580 140.000000 110.648382
-0.006655 0.061805 140.000000 65.200860
0.006037 0.087292 140.000000 112.751917
0.002716 0.075607 140.000000 93.479188
0.008160 0.048245 140.000000 63.787643
0.003067 0.027013 140.000000 30.050311
-0.007440 0.002723 140.000000 19.541690
0.000911 0.020837 140.000000 19.963410
0.004793 0.023045 140.000000 26.815901
0.001323 0.099352 140.000000 123.205361
0.009232 0.036128 140.000000 49.169642
0.003219 0.086844 140.000000 108.880223
0.001020 0.026292 140.000000 26.974002
0.004379 0.027929 140.000000 32.696416
0.004874 0.008412 140.000000 8.812439
-0.004378 0.015219 140.000000 11.480881
0.009303 0.061646 140.000000 82.808272
0.004202 0.006823 140.000000 6.805419
0.000386 0.083456 140.000000 101.177711
-0.001255 0.002456 140.000000 11.299670
-0.006980 0.020348 140.000000 15.182768
0.004549 0.089397 140.000000 113.789005
0.008093 0.005463 140.000000 8.999769
0.001809 0.051351 140.000000 60.506212
0.008613 0.039937 140.000000 53.413370
-0.004658 0.034317 140.000000 31.868628
-0.006109 0.097846 140.000000 112.936401
-0.002915 0.089574 140.000000 105.549925
0.008779 0.010224 140.000000 15.257947
0.009480 0.099917 140.000000 133.492427
0.007823 0.023324 140.000000 30.730379
0.006790 0.036088 140.000000 46.174979
0.007085 0.061512 140.000000 79.981590
-0.009524 0.081649 140.000000 88.117045
0.001876 0.040821 140.000000 46.764194
-0.002353 0.092724 140.000000 110.319586
0.003736 0.064986 140.000000 80.647930
0.006787 0.092275 140.000000 120.210180
0.000302 0.021818 140.000000 20.627061
-0.006263 0.016736 140.000000 12.727453
-0.001563 0.079644 140.000000 93.975264
-0.006165 0.057002 140.000000 59.459713
-0.003387 0.005964 140.000000 11.155006
0.003453 0.040551 140.000000 48.168035
-0.002011 0.018199 140.000000 14.631908
0.005553 0.091776 140.000000 118.101565
0.006049 0.006928 140.000000 8.351115
-0.001524 0.067563 140.000000 78.130464
-0.003774 0.034918 140.000000 33.399963
-0.005624 0.019952 140.000000 15.011322
-0.002909 0.021768 140.000000 18.059195
0.006048 0.007813 140.000000 9.284724
0.003243 0.061865 140.000000 75.968988
0.009729 0.049962 140.000000 67.943051
-0.006039 0.088579 140.000000 100.839899
-0.009268 0.023435 140.000000 17.514208
0.004126 0.081907 140.000000 103.415266
-0.001049 0.064564 140.000000 74.709153
-0.008289 0.059832 140.000000 61.037457
0.004658 0.057131 140.000000 71.360725
-0.005848 0.092015 140.000000 105.556872
-0.001862 0.015931 140.000000 12.372670
0.004644 0.094139 140.000000 120.158826
0.009635 0.063840 140.000000 86.099371
-0.005703 0.096129 140.000000 111.119469
0.005909 0.050974 140.000000 64.710062
0.008815 0.032059 140.000000 43.332004
0.006645 0.026320 140.000000 33.218974
0.000059 0.085113 140.000000 102.991379
0.001731 0.031334 140.000000 34.223935
0.005585 0.045512 140.000000 57.141007
0.004791 0.053728 140.000000 67.032586
0.000139 0.005608 140.000000 7.428444
-0.003996 0.040697 140.000000 40.549720
-0.003990 0.077271 140.000000 88.202409
-0.001383 0.091468 140.000000 109.747184
0.000537 0.053706 140.000000 62.189763
0.007116 0.043791 140.000000 56.682187
0.001442 0.032421 140.000000 35.328865
-0.003456 0.059181 140.000000 65.068937
-0.003648 0.098287 140.000000 116.210797
-0.005891 0.041259 140.000000 39.516684
0.002342 0.086594 140.000000 107.541697
-0.007765 0.084170 140.000000 93.229587
0.001312 0.044817 140.000000 51.379597
0.004408 0.065148 140.000000 81.637769
-0.004273 0.037287 140.000000 35.944837
-0.003745 0.072194 140.000000 81.803573
-0.000095 0.040391 140.000000 44.075258
-0.003473 0.021796 140.000000 17.743594
0.000709 0.034207 140.000000 36.875410
0.000287 0.004364 140.000000 7.910126
-0.006602 0.038249 140.000000 35.128064
0.004240 0.040139 140.000000 48.522974
0.002276 0.036996 140.000000 42.196789
0.007774 0.098490 140.000000 129.580215
0.004528 0.034000 140.000000 40.799688
-0.003398 0.096474 140.000000 114.099544
-0.003004 0.010037 140.000000 9.207019
-0.007542 0.017190 140.000000 13.376061
0.001098 0.007856 140.000000 6.819293
0.007816 0.099367 140.000000 130.787583
-0.000284 0.097482 140.000000 118.912082
0.000686 0.038309 140.000000 42.190636
0.008050 0.072668 140.000000 95.837310
0.008498 0.015990 140.000000 22.111146
0.007097 0.070816 140.000000 92.262601
-0.001217 0.047261 140.000000 51.852366
0.001126 0.009539 140.000000 7.741374
0.001687 0.021074 140.000000 20.997583
0.009757 0.071636 140.000000 96.519883
0.004405 0.051281 140.000000 63.364191
-0.008652 0.062856 140.000000 64.588658
-0.006278 0.071752 140.000000 78.546074
-0.001610 0.033655 140.000000 33.817486
0.006855 0.068683 140.000000 89.162803
-0.002576 0.099342 140.000000 118.789759
-0.005521 0.055042 140.000000 57.561084
0.002674 0.061679 140.000000 75.074208
-0.002554 0.062694 140.000000 70.623769
0.001820 0.065784 140.000000 79.511750
-0.004402 0.095045 140.000000 111.113693
0.006977 0.021216 140.000000 26.980602
-0.008935 0.070812 140.000000 74.612580
0.006743 0.084525 140.000000 109.930850
0.008123 0.063905 140.000000 84.369359
-0.006120 0.030708 140.000000 26.315193
-0.001799 0.079923 140.000000 94.082013
0.001986 0.080172 140.000000 98.664359
0.007092 0.016474 140.000000 21.018691
0.009872 0.050210 140.000000 68.442580
-0.004851 0.085188 140.000000 97.666975
-0.002512 0.055903 140.000000 61.777839
0.006124 0.062590 140.000000 80.268029
-0.009245 0.036877 140.000000 31.463428
0.004566 0.030563 140.000000 36.346350
0.008149 0.032230 140.000000 42.745447
0.006710 0.052049 140.000000 67.068911
-0.001173 0.077409 140.000000 91.466503
0.005824 0.046083 140.000000 58.172184
0.003877 0.083141 140.000000 104.754835
0.007815 0.072625 140.000000 95.500160
0.002256 0.006311 140.000000 6.115318
0.001607 0.018840 140.000000 18.126491
0.003461 0.099435 140.000000 125.774978
-0.009868 0.018385 140.000000 14.936745
-0.003023 0.031052 140.000000 29.202995
0.008287 0.059821 140.000000 79.184062
0.009044 0.095830 140.000000 127.579761
-0.007418 0.038885 140.000000 35.248753
0.003446 0.034440 140.000000 40.152133
-0.008119 0.096194 140.000000 108.607764
0.005684 0.037865 140.000000 47.205825
-0.001226 0.083022 140.000000 98.797209
0.004579 0.062739 140.000000 78.660537
-0.004078 0.040208 140.000000 39.845844
-0.004936 0.075916 140.000000 85.410122
-0.002187 0.083853 140.000000 98.825078
0.005203 0.010120 140.000000 11.030093
-0.005511 0.061182 140.000000 65.550120
-0.009951 0.017850 140.000000 14.867271
0.001260 0.075282 140.000000 91.392801
0.004211 0.081759 140.000000 103.317010
-0.006103 0.071313 140.000000 78.154322
0.007265 0.074279 140.000000 97.029660
-0.001193 0.035950 140.000000 37.180792
-0.004076 0.017044 140.000000 12.789621
0.005102 0.010671 140.000000 11.571734
0.005859 0.076638 140.000000 98.483722
0.008011 0.071267 140.000000 93.942662
-0.009043 0.084346 140.000000 92.129874
-0.000912 0.041985 140.000000 45.294651
0.007348 0.008987 140.000000 12.044275
0.008145 0.043935 140.000000 58.102430
-0.009131 0.057306 140.000000 56.993406
0.009179 0.048697 140.000000 65.611771
-0.002175 0.007253 140.000000 9.037138
0.001175 0.074411 140.000000 90.147318
0.005003 0.065996 140.000000 83.447222
-0.004568 0.064520 140.000000 70.880354
0.004288 0.096499 140.000000 122.860306
0.004109 0.073991 140.000000 92.952205
-0.001159 0.093269 140.000000 112.372160
-0.005302 0.095835 140.000000 111.169680
0.009208 0.033327 140.000000 45.471442
-0.008608 0.016325 140.000000 13.708124
0.002600 0.080826 140.000000 100.229226
0.007267 0.038877 140.000000 50.403672
-0.003942 0.090884 140.000000 106.143712
-0.003607 0.004036 140.000000 12.974227
-0.001297 0.064916 140.000000 74.901487
0.008962 0.051616 140.000000 69.188489
0.007565 0.054286 140.000000 71.028930
-0.006588 0.008384 140.000000 13.576792
0.001693 0.060935 140.000000 72.984414
-0.007971 0.014332 140.000000 13.081946
-0.001797 0.013383 140.000000 10.165443
-0.005576 0.009704 140.000000 11.693998
0.002931 0.018342 140.000000 18.787457
-0.007163 0.042181 140.000000 39.563568
-0.006053 0.004333 140.000000 16.039676
0.008280 0.020954 140.000000 28.216873
0.002476 0.002931 140.000000 6.623563
0.005680 0.004725 140.000000 6.120643
-0.002580 0.020916 140.000000 17.300066
-0.009288 0.030568 140.000000 24.285575
0.005149 0.011739 140.000000 12.892503
-0.007857 0.067515 140.000000 71.410533
-0.006801 0.006267 140.000000 15.389397
-0.007625 0.024446 140.000000 18.667625
-0.002814 0.009550 140.000000 9.079802
0.000347 0.046341 140.000000 52.323507
-0.001297 0.079436 140.000000 93.996738
0.006694 0.080141 140.000000 104.087516
0.000461 0.007287 140.000000 6.915969
-0.005064 0.064721 140.000000 70.625234
0.006612 0.094135 140.000000 122.459297
-0.003767 0.058430 140.000000 63.761113
0.005071 0.058885 140.000000 74.152385
-0.008640 0.090644 140.000000 100.785693
0.003969 0.084505 140.000000 106.660279
-0.002036 0.024943 140.000000 22.469034
0.005081 0.031031 140.000000 37.548343
-0.003043 0.004452 140.000000 11.871506
-0.008535 0.034746 140.000000 29.430854
0.008048 0.037404 140.000000 49.405029
-0.006832 0.061699 140.000000 64.885500
0.002923 0.080271 140.000000 99.867006
0.001730 0.022297 140.000000 22.587260
0.000893 0.011920 140.000000 9.678462
0.008822 0.007665 140.000000 12.277141
-0.000103 0.029353 140.000000 29.779040
-0.001187 0.035456 140.000000 36.550105
0.000544 0.039733 140.000000 43.895255
0.001403 0.060286 140.000000 71.803634
0.007909 0.001236 140.000000 5.796307
-0.009001 0.038181 140.000000 33.185924
-0.006798 0.098940 140.000000 113.628274
-0.009077 0.059991 140.000000 60.488798
0.005818 0.084808 140.000000 109.216804
0.008639 0.043960 140.000000 58.730144
-0.005017 0.056055 140.000000 59.383154
0.002268 0.014640 140.000000 13.612864
0.003054 0.004659 140.000000 5.689111
-0.007753 0.098998 140.000000 112.677740
0.009539 0.032362 140.000000 44.615977
-0.003660 0.050019 140.000000 52.916174
0.007726 0.012678 140.000000 16.986341
0.001963 0.085048 140.000000 105.067957
0.003424 0.073975 140.000000 92.140377
0.006736 0.024609 140.000000 31.099021
-0.008631 0.013481 140.000000 13.778491
0.006082 0.054036 140.000000 68.945097
0.004333 0.063494 140.000000 79.369846
-0.001909 0.043673 140.000000 46.459350
0.000826 0.050739 140.000000 58.612282
-0.008688 0.044565 140.000000 41.253352
0.007003 0.084280 140.000000 109.914358
-0.005705 0.005980 140.000000 14.147189
-0.002080 0.086805 140.000000 102.829576
0.007892 0.058166 140.000000 76.530356
0.007176 0.058708 140.000000 76.393320
-0.009767 0.097341 140.000000 108.369534
0.001054 0.063246 140.000000 75.307367
-0.004075 0.069947 140.000000 78.502520
0.007844 0.032470 140.000000 42.691223
0.000133 0.005500 140.000000 7.477503
0.009918 0.082385 140.000000 110.886550
0.001459 0.084346 140.000000 103.567245
-0.001681 0.017714 140.000000 14.293636
0.001569 0.073525 140.000000 89.426408
-0.001563 0.069034 140.000000 80.019567
0.008265 0.031333 140.000000 41.712993
0.001515 0.034223 140.000000 37.750751
-0.005089 0.017882 140.000000 13.359191
-0.009480 0.088985 140.000000 97.738972
-0.008137 0.024708 140.000000 18.774892
0.008293 0.082223 140.000000 108.729743
0.009866 0.057304 140.000000 77.770203
0.001937 0.062671 140.000000 75.545165
0.005997 0.070053 140.000000 89.959537
-0.009661 0.016528 140.000000 14.489209
-0.007262 0.062645 140.000000 65.682864
-0.004704 0.021335 140.000000 16.623647
-0.005524 0.013608 140.000000 11.255644
-0.001364 0.019755 140.000000 16.783982
0.008652 0.030023 140.000000 40.470608
-0.006673 0.078809 140.000000 87.360628
-0.000630 0.073936 140.000000 87.498348
-0.005079 0.024929 140.000000 20.304656
-0.001046 0.030801 140.000000 30.710718
-0.004803 0.096916 140.000000 113.134806
-0.002734 0.004889 140.000000 11.121569
-0.004452 0.005498 140.000000 12.869587
0.002426 0.003863 140.000000 6.200315
-0.009291 0.047591 140.000000 44.527653
0.001554 0.013404 140.000000 11.622646
0.007639 0.023833 140.000000 31.170046
-0.004841 0.048632 140.000000 49.940571
-0.002933 0.048577 140.000000 51.783482
-0.008373 0.061456 140.000000 63.051842
-0.001774 0.013887 140.000000 10.563776
0.006060 0.043615 140.000000 55.203092
0.003397 0.096977 140.000000 122.456869
0.005669 0.081992 140.000000 105.325941
0.006085 0.009591 140.000000 11.335278
0.000220 0.023855 140.000000 23.100367
-0.008315 0.018247 140.000000 14.128151
-0.009205 0.008071 140.000000 17.221113
-0.000980 0.054252 140.000000 61.251561
-0.000457 0.041727 140.000000 45.435229
-0.007269 0.085406 140.000000 95.369986
-0.000960 0.012321 140.000000 9.461130
0.008204 0.009748 140.000000 13.973031
-0.007117 0.098179 140.000000 112.284541
0.005474 0.086774 140.000000 111.407816
0.002250 0.028452 140.000000 31.036893
0.000304 0.056809 140.000000 66.007567
0.000854 0.001964 140.000000 9.103357
0.002475 0.037018 140.000000 42.444963
0.003593 0.018754 140.000000 19.991418
-0.007568 0.049984 140.000000 49.081258
0.007079 0.094829 140.000000 123.925584
-0.006994 0.034154 140.000000 29.805900
-0.000580 0.025881 140.000000 24.907037
0.009514 0.061139 140.000000 82.394860
0.004039 0.028176 140.000000 32.634994
0.002136 0.086349 140.000000 106.983025
0.001421 0.028540 140.000000 30.277292
-0.000813 0.024248 140.000000 22.652380
0.004073 0.092599 140.000000 117.461548
-0.000321 0.005710 140.000000 7.821605
0.003614 0.091790 140.000000 115.862870
-0.006923 0.093133 140.000000 105.869628
-0.004704 0.081313 140.000000 92.738325
0.001279 0.053999 140.000000 63.396451
0.000770 0.070428 140.000000 84.444025
0.001264 0.002673 140.000000 8.029368
-0.008318 0.012952 140.000000 13.579949
-0.009089 0.063622 140.000000 65.154377
-0.004652 0.027646 140.000000 23.723022
0.003495 0.076853 140.000000 96.017850
-0.002964 0.064624 140.000000 72.713888
-0.004402 0.025236 140.000000 21.071472
0.000700 0.063837 140.000000 75.688956
0.003939 0.071373 140.000000 89.303595
-0.007510 0.025711 140.000000 19.961022
-0.007313 0.013622 140.000000 12.551543
0.004977 0.074344 140.000000 94.426073
-0.001563 0.042245 140.000000 44.959650
-0.007928 0.096715 140.000000 109.494473
-0.003812 0.071226 140.000000 80.460156
-0.009545 0.068490 140.000000 70.999709
0.000775 0.063813 140.000000 75.740470
0.000727 0.025710 140.000000 25.939155
-0.009977 0.096013 140.000000 106.410585
-0.008411 0.014826 140.000000 13.440467
-0.007496 0.008365 140.000000 14.748593
-0.004738 0.065622 140.000000 72.141408
0.002933 0.043786 140.000000 51.828806
0.003338 0.066024 140.000000 81.558780
-0.009687 0.012230 140.000000 15.319544
-0.000821 0.017158 140.000000 14.196036
-0.009497 0.091437 140.000000 100.926056
-0.006104 0.029140 140.000000 24.483654
-0.004771 0.015108 140.000000 11.494498
-0.007726 0.083397 140.000000 92.259442
-0.003046 0.052836 140.000000 57.213201
-0.007029 0.099437 140.000000 114.032406
-0.000828 0.074848 140.000000 88.479170
-0.008651 0.027332 140.000000 21.174905
-0.004243 0.092583 140.000000 108.049640
0.007458 0.075548 140.000000 98.931881
0.007102 0.076914 140.000000 100.312005
0.003686 0.067538 140.000000 83.953917
-0.009905 0.057438 140.000000 56.445828
-0.003989 0.062176 140.000000 68.423029
0.003158 0.042002 140.000000 49.739525
0.004992 0.089756 140.000000 114.780838
0.008922 0.089479 140.000000 119.052127
0.006646 0.033192 140.000000 42.206702
-0.005582 0.003739 140.000000 15.940531
0.008331 0.022783 140.000000 30.647226
-0.009614 0.076944 140.000000 81.900254
0.007021 0.063507 140.000000 82.535668
0.004966 0.092171 140.000000 117.937528
0.008230 0.099878 140.000000 131.953930
-0.003252 0.092933 140.000000 109.600012
-0.004913 0.078131 140.000000 88.338668
-0.001398 0.060118 140.000000 68.492136
-0.002407 0.096856 140.000000 115.703475
-0.004883 0.085427 140.000000 97.946245
0.009223 0.037641 140.000000 51.142418
-0.001069 0.034785 140.000000 35.802903
0.003085 0.080870 140.000000 100.844249
-0.001930 0.083549 140.000000 98.709319
-0.007231 0.021247 140.000000 15.883015
-0.004817 0.088076 140.000000 101.498102
0.002595 0.028700 140.000000 31.728005
-0.000313 0.069112 140.000000 81.502867
-0.004305 0.085504 140.000000 98.674865
-0.007720 0.088420 140.000000 98.841758
-0.007446 0.066605 140.000000 70.641246
0.001051 0.080023 140.000000 97.404247
0.001011 0.094255 140.000000 116.125955
0.004672 0.052697 140.000000 65.536399
-0.001729 0.061122 140.000000 69.450259
0.004184 0.041408 140.000000 50.124672
0.008641 0.018772 140.000000 25.848563
-0.006513 0.026341 140.000000 21.078096
-0.009570 0.048211 140.000000 45.068550
0.007434 0.077633 140.000000 101.653555
0.004821 0.090263 140.000000 115.250049
-0.009779 0.085462 140.000000 92.829112
0.008115 0.035057 140.000000 46.408896
0.005614 0.010318 140.000000 11.686015
0.007397 0.066864 140.000000 87.407422
0.003185 0.099707 140.000000 125.814700
-0.006084 0.048049 140.000000 47.992296
-0.000387 0.030555 140.000000 31.039350
-0.000020 0.090757 140.000000 110.343569
0.007147 0.030359 140.000000 39.091977
-0.006359 0.010464 140.000000 12.262001
0.003782 0.064341 140.000000 79.850057
-0.006161 0.043654 140.000000 42.309654
-0.005192 0.008186 140.000000 11.976372
0.008401 0.049629 140.000000 65.899459
0.003560 0.086448 140.000000 108.750581
-0.003979 0.064003 140.000000 70.822837
0.008190 0.032025 140.000000 42.527194
0.009808 0.037929 140.000000 52.234894
-0.004666 0.018127 140.000000 13.605747
0.002095 0.038818 140.000000 44.381747
-0.005614 0.078234 140.000000 87.726064
0.006881 0.078180 140.000000 101.721113
0.003355 0.056888 140.000000 69.540600
-0.009881 0.070889 140.000000 73.774868
0.007576 0.013415 140.000000 17.726873
0.004498 0.075150 140.000000 94.932248
-0.006015 0.042005 140.000000 40.349840
-0.002352 0.098988 140.000000 118.573036
-0.007048 0.067745 140.000000 72.527135
-0.007421 0.061718 140.000000 64.323896
0.007445 0.060177 140.000000 78.648500
-0.002209 0.001995 140.000000 13.008112
0.008586 0.062343 140.000000 82.864651
-0.008776 0.085711 140.000000 94.191036
-0.005431 0.024854 140.000000 20.022723
0.003631 0.041840 140.000000 50.061286
-0.004808 0.026463 140.000000 22.225754
0.006607 0.072918 140.000000 94.456580
-0.002608 0.025614 140.000000 22.825523
0.003302 0.022163 140.000000 24.038442
0.006024 0.051365 140.000000 65.359189
-0.003177 0.004173 140.000000 12.282160
0.004127 0.058140 140.000000 72.076414
0.000074 0.041356 140.000000 45.512272
-0.008079 0.023520 140.000000 17.704703
-0.005361 0.051007 140.000000 52.497985
0.002277 0.024934 140.000000 26.519929
-0.005645 0.044118 140.000000 43.373921
-0.009538 0.002383 140.000000 22.877269
0.007291 0.065606 140.000000 85.622721
-0.009116 0.023155 140.000000 17.300404
-0.004521 0.040367 140.000000 39.633444
-0.006233 0.037321 140.000000 34.280947
-0.008219 0.071273 140.000000 75.930638
-0.009486 0.096273 140.000000 107.266690
-0.003660 0.091424 140.000000 107.163800
-0.009947 0.016362 140.000000 14.709427
0.008878 0.086596 140.000000 115.195841
-0.001756 0.071025 140.000000 82.425890
-0.009809 0.048501 140.000000 45.230295
-0.006252 0.071298 140.000000 77.980451
-0.002476 0.066526 140.000000 75.732957
-0.006378 0.051896 140.000000 52.654811
0.000470 0.031871 140.000000 33.599100
0.008339 0.047328 140.000000 62.797103
0.009622 0.006499 140.000000 11.955457
0.002208 0.057930 140.000000 69.608264
0.007603 0.052143 140.000000 68.252529
-0.001679 0.029368 140.000000 28.292933
-0.009678 0.075355 140.000000 79.770107
-0.008365 0.031438 140.000000 25.726305
-0.002990 0.093685 140.000000 110.879800
0.009228 0.037877 140.000000 51.457459
-0.000464 0.063986 140.000000 74.593068
0.009115 0.037995 140.000000 51.474055
-0.000510 0.031633 140.000000 32.302272
0.000362 0.035508 140.000000 38.201512
-0.001958 0.069456 140.000000 80.142408
0.002084 0.047025 140.000000 55.130218
0.001159 0.080970 140.000000 98.775820
-0.002510 0.063880 140.000000 72.225934
0.008867 0.050162 140.000000 67.160317
-0.009051 0.074018 140.000000 78.661740
-0.008853 0.068957 140.000000 72.287878
0.009653 0.015977 140.000000 23.539558
0.000593 0.010051 140.000000 8.017150
0.002182 0.043608 140.000000 50.755379
-0.000488 0.075241 140.000000 89.374696
0.004459 0.085459 140.000000 108.488463
-0.002315 0.033026 140.000000 32.341707
-0.009599 0.094315 140.000000 104.585277
0.008500 0.032672 140.000000 43.749619
0.006825 0.084816 140.000000 110.411492
-0.004404 0.022198 140.000000 17.672110
0.006394 0.098870 140.000000 128.452922
-0.007537 0.020211 140.000000 15.085152
-0.001174 0.072693 140.000000 85.259337
-0.007143 0.013569 140.000000 12.411331
0.005744 0.061123 140.000000 77.888866
-0.009719 0.033785 140.000000 27.600667
0.005636 0.044239 140.000000 55.525969
0.001786 0.059619 140.000000 71.356030
0.001950 0.097333 140.000000 121.259398
-0.006322 0.080312 140.000000 89.698726
0.003620 0.025454 140.000000 28.631343
-0.001297 0.057939 140.000000 65.743432
-0.000994 0.029249 140.000000 28.782234
0.004676 0.096957 140.000000 123.916327
-0.001138 0.044344 140.000000 48.131542
-0.001842 0.054586 140.000000 60.765670
-0.006161 0.070148 140.000000 76.571777
-0.008686 0.028932 140.000000 22.817110
0.007987 0.066924 140.000000 88.187251
0.003926 0.048022 140.000000 58.524077
0.006394 0.076045 140.000000 98.331071
-0.004340 0.057675 140.000000 62.182382
0.000514 0.047222 140.000000 53.658772
-0.009137 0.029379 140.000000 23.090754
0.005808 0.089485 140.000000 115.375900
0.006615 0.013569 140.000000 16.779927
0.006286 0.086100 140.000000 111.470213
-0.006718 0.072207 140.000000 78.683724
0.003784 0.026196 140.000000 29.775231
-0.001785 0.015147 140.000000 11.657078
0.002847 0.094572 140.000000 118.647941
-0.000308 0.050619 140.000000 57.216812
0.003041 0.090207 140.000000 113.111677
-0.000683 0.086884 140.000000 104.492124
-0.004034 0.092948 140.000000 108.758610
0.004707 0.031715 140.000000 38.013475
-0.002759 0.036459 140.000000 36.303058
0.007121 0.078416 140.000000 102.316872
0.005511 0.040497 140.000000 50.460964
-0.002876 0.050071 140.000000 53.785973
0.003463 0.049168 140.000000 59.502276
-0.003666 0.044796 140.000000 46.143538
-0.006610 0.004239 140.000000 16.900425
0.007248 0.059522 140.000000 77.551284
-0.008244 0.040955 140.000000 37.138880
-0.009529 0.072656 140.000000 76.413395
0.005839 0.050532 140.000000 64.046157
0.009168 0.049659 140.000000 66.862878
0.004402 0.043118 140.000000 52.621432
-0.004963 0.069373 140.000000 76.811402
0.000768 0.067763 140.000000 80.932936
-0.005017 0.057681 140.000000 61.496740
0.001593 0.040377 140.000000 45.871460
0.008014 0.078479 140.000000 103.458566
-0.000226 0.069259 140.000000 81.792773
-0.005298 0.048584 140.000000 49.433629
-0.003946 0.009168 140.000000 10.167404
0.002437 0.048843 140.000000 57.913876
-0.007392 0.002137 140.000000 20.069265
0.009644 0.081045 140.000000 108.789898
0.009752 0.064807 140.000000 87.513576
-0.003931 0.002152 140.000000 15.199595
0.003065 0.021662 140.000000 23.144882
0.005448 0.089049 140.000000 114.380180
0.008023 0.037965 140.000000 50.111701
-0.000734 0.027637 140.000000 26.981767
-0.006731 0.030022 140.000000 25.100117
0.008833 0.047291 140.000000 63.344442
0.005906 0.035659 140.000000 44.570112
-0.009372 0.015101 140.000000 14.253501
0.006876 0.077613 140.000000 100.966889
-0.003214 0.087179 140.000000 102.069602
-0.001957 0.012351 140.000000 9.466784
-0.008135 0.051957 140.000000 51.077263
0.005824 0.086741 140.000000 111.774105
-0.009845 0.046875 140.000000 43.172785
-0.008045 0.015999 140.000000 13.282740
-0.004457 0.067611 140.000000 75.038226
-0.003450 0.058400 140.000000 64.054786
0.004961 0.088348 140.000000 112.886078
0.007226 0.025866 140.000000 33.320361
-0.000284 0.065290 140.000000 76.506630
-0.001954 0.049207 140.000000 53.617682
0.008137 0.031763 140.000000 42.120189
0.002173 0.054628 140.000000 65.224769
-0.002328 0.030516 140.000000 29.149223
0.006374 0.072573 140.000000 93.727044
0.006898 0.014667 140.000000 18.493094
-0.006354 0.097897 140.000000 112.737846
-0.009916 0.080090 140.000000 85.687877
0.007521 0.036089 140.000000 47.046247
0.008122 0.091837 140.000000 121.212006
-0.006931 0.091398 140.000000 103.583557
0.002880 0.079001 140.000000 98.142866
-0.009883 0.072912 140.000000 76.395286
-0.003077 0.006155 140.000000 10.643856
-0.006858 0.054066 140.000000 54.986764
0.006591 0.022378 140.000000 28.028630
-0.003666 0.089410 140.000000 104.507738
-0.007693 0.078930 140.000000 86.453485
0.008740 0.033537 140.000000 45.175204
0.005155 0.024026 140.000000 28.498425
-0.008921 0.061473 140.000000 62.544987
-0.001822 0.055445 140.000000 61.910998
0.009062 0.048137 140.000000 64.733083
-0.002356 0.074892 140.000000 86.851315
-0.002221 0.047745 140.000000 51.434887
0.005999 0.075007 140.000000 96.496902
-0.009496 0.042079 140.000000 37.537883
0.009049 0.067611 140.000000 90.363227
-0.001319 0.008145 140.000000 8.041701
-0.009046 0.003762 140.000000 20.789267
0.007779 0.072638 140.000000 95.475157
0.007142 0.036236 140.000000 46.787981
0.009700 0.053137 140.000000 72.083223
-0.007258 0.061033 140.000000 63.598886
0.004179 0.014590 140.000000 15.371968
-0.007932 0.058140 140.000000 59.200754
0.000082 0.051557 140.000000 58.870342
0.007975 0.099464 140.000000 131.103560
-0.009972 0.033563 140.000000 27.214160
-0.006914 0.090145 140.000000 101.957448
0.007995 0.090986 140.000000 119.938163
0.004644 0.007183 140.000000 7.404794
0.004734 0.052429 140.000000 65.255277
0.008623 0.082933 140.000000 110.059082
0.000320 0.081521 140.000000 98.553235
0.007856 0.097659 140.000000 128.580505
0.002666 0.079760 140.000000 98.897843
0.006609 0.021387 140.000000 26.765147
-0.009800 0.037385 140.000000 31.691272
0.009375 0.047213 140.000000 63.896525
-0.001843 0.073161 140.000000 85.138148
0.001390 0.086736 140.000000 106.640658
-0.006360 0.005247 140.000000 15.646278
0.008717 0.044038 140.000000 58.926514
0.000773 0.051296 140.000000 59.286302
0.003942 0.024997 140.000000 28.394423
0.007272 0.037585 140.000000 48.712709
0.008813 0.015768 140.000000 22.218713
-0.006738 0.098078 140.000000 112.560242
0.004373 0.035574 140.000000 42.685918
0.002130 0.009198 140.000000 7.768137
0.006135 0.009322 140.000000 11.075899
0.007119 0.060007 140.000000 78.037084
-0.000358 0.030585 140.000000 31.106306
0.002449 0.041556 140.000000 48.360135
-0.008827 0.064654 140.000000 66.740637
-0.003439 0.088165 140.000000 103.120014
0.006710 0.060545 140.000000 78.262701
0.005064 0.098433 140.000000 126.316273
0.007798 0.025566 140.000000 33.617025
0.001627 0.067718 140.000000 81.841489
0.002847 0.021649 140.000000 22.899721
0.000408 0.016238 140.000000 13.995814
0.009618 0.071807 140.000000 96.577787
0.005125 0.020911 140.000000 24.431527
-0.006615 0.033531 140.000000 29.335438
0.005189 0.046161 140.000000 57.533837
0.006790 0.033459 140.000000 42.726250
-0.001700 0.009590 140.000000 8.330214
-0.002695 0.060661 140.000000 67.808794
-0.001073 0.073548 140.000000 86.496196
-0.003690 0.040055 140.000000 40.018764
-0.003218 0.004987 140.000000 11.665358
0.008804 0.062933 140.000000 83.902914
-0.006453 0.076388 140.000000 84.423454
-0.002312 0.028516 140.000000 26.653170
-0.004116 0.048685 140.000000 50.726373
-0.003416 0.062210 140.000000 69.070746
-0.001519 0.007278 140.000000 8.384810
0.005424 0.051398 140.000000 64.700981
-0.009937 0.005444 140.000000 20.456061
-0.002466 0.002496 140.000000 12.865093
0.009232 0.043667 140.000000 59.063335
0.000473 0.090783 140.000000 110.934926
-0.005665 0.008989 140.000000 12.113773
-0.006163 0.002597 140.000000 17.866079
-0.008052 0.063261 140.000000 65.698324
0.006859 0.062265 140.000000 80.706786
0.007729 0.090635 140.000000 119.159832
-0.008065 0.024812 140.000000 18.891854
0.000044 0.012524 140.000000 9.883154
-0.003188 0.065250 140.000000 73.294842
0.000520 0.034063 140.000000 36.490230
-0.009482 0.063927 140.000000 65.169152
-0.008966 0.025643 140.000000 19.443258
0.002149 0.033371 140.000000 37.324239
0.001243 0.007638 140.000000 6.713993
0.007032 0.076064 140.000000 99.107634
-0.002370 0.064941 140.000000 73.768376
-0.006321 0.097171 140.000000 111.819242
0.003160 0.066978 140.000000 82.610476
0.006961 0.079499 140.000000 103.555875
0.002728 0.091471 140.000000 114.419008
-0.008924 0.084173 140.000000 92.026341
-0.009869 0.088810 140.000000 97.106467
-0.004851 0.062424 140.000000 67.847277
0.005884 0.087151 140.000000 112.385400
0.003306 0.092148 140.000000 115.979558
-0.009663 0.019965 140.000000 15.405511
0.003658 0.057451 140.000000 70.630080
0.002603 0.003417 140.000000 6.256890
-0.002350 0.075624 140.000000 87.820514
0.004255 0.007828 140.000000 7.727232
-0.006010 0.009562 140.000000 12.241473
0.000423 0.008711 140.000000 7.276718
-0.008684 0.098570 140.000000 111.123288
-0.005390 0.092068 140.000000 106.121827
-0.002877 0.079899 140.000000 92.864116
0.000111 0.007514 140.000000 7.116066
0.007350 0.012335 140.000000 16.107859
-0.002616 0.008678 140.000000 9.031064
0.000719 0.072795 140.000000 87.504468
-0.001104 0.087339 140.000000 104.620273
0.002150 0.046694 140.000000 54.769677
-0.003356 0.066280 140.000000 74.465819
-0.001122 0.095950 140.000000 115.947814
-0.000864 0.061370 140.000000 70.716670
0.006885 0.022065 140.000000 27.971463
-0.005646 0.020365 140.000000 15.375808
0.002013 0.018544 140.000000 18.141098
-0.000278 0.014876 140.000000 12.051868
0.002628 0.003380 140.000000 6.255056
0.009944 0.088816 140.000000 119.399914
-0.005142 0.072992 140.000000 81.359539
0.007215 0.063981 140.000000 83.390082
-0.006338 0.005205 140.000000 15.653358
0.006558 0.016627 140.000000 20.582400
-0.009859 0.017333 140.000000 14.719385
0.006565 0.042043 140.000000 53.729809
0.004158 0.004897 140.000000 5.615196
0.000967 0.039374 140.000000 43.881140
0.003176 0.044005 140.000000 52.390101
0.006730 0.078774 140.000000 102.326228
-0.000356 0.072154 140.000000 85.457520
0.001608 0.055733 140.000000 66.042411
0.006897 0.015029 140.000000 18.949521
0.002653 0.088874 140.000000 110.905577
-0.008190 0.033963 140.000000 28.741994
-0.008843 0.029959 140.000000 23.841840
-0.002911 0.041521 140.000000 42.661674
-0.007207 0.079966 140.000000 88.313783
0.006467 0.091440 140.000000 118.731063
0.005375 0.074208 140.000000 94.711980
-0.003333 0.071150 140.000000 80.875762
-0.007364 0.042895 140.000000 40.286523
-0.001767 0.074901 140.000000 87.510471
-0.009404 0.063621 140.000000 64.848061
0.009339 0.066836 140.000000 89.689644
0.004841 0.064981 140.000000 81.920531
0.009006 0.002828 140.000000 7.606934
-0.004317 0.031412 140.000000 28.547635
-0.009495 0.071204 140.000000 74.565360
-0.001286 0.083738 140.000000 99.673170
-0.006084 0.007025 140.000000 13.849123
0.005913 0.047210 140.000000 59.759618
0.009903 0.022303 140.000000 31.974857
-0.000431 0.041586 140.000000 45.279287
-0.005310 0.045467 140.000000 45.415104
-0.008299 0.019093 140.000000 14.524917
0.000440 0.041874 140.000000 46.580554
-0.008029 0.034603 140.000000 29.604866
0.004741 0.025143 140.000000 29.478569
0.003895 0.093979 140.000000 119.077212
0.005429 0.003419 140.000000 5.375930
0.003554 0.049578 140.000000 60.145974
0.008022 0.081249 140.000000 107.122544
0.004249 0.045149 140.000000 55.116809
-0.008178 0.053853 140.000000 53.461945
0.006111 0.054092 140.000000 69.053119
-0.003753 0.082660 140.000000 95.537144
-0.006001 0.089263 140.000000 101.778452
-0.007362 0.088792 140.000000 99.708256
-0.004132 0.050280 140.000000 52.778757
-0.006181 0.043926 140.000000 42.637686
0.000488 0.048390 140.000000 55.160252
-0.005345 0.086846 140.000000 99.311401
0.007376 0.074455 140.000000 97.393088
-0.003203 0.014521 140.000000 10.930205
-0.002887 0.057381 140.000000 63.314126
0.003377 0.048723 140.000000 58.819877
0.006672 0.062549 140.000000 80.859348
0.009250 0.052366 140.000000 70.524639
-0.002799 0.073979 140.000000 85.168652
-0.001853 0.008935 140.000000 8.388183
-0.006296 0.080535 140.000000 90.017985
-0.000597 0.023025 140.000000 21.327119
-0.006498 0.051627 140.000000 52.192300
0.005079 0.067703 140.000000 85.786956
-0.008485 0.091793 140.000000 102.452983
0.005548 0.068098 140.000000 86.855136
-0.008071 0.092664 140.000000 104.031656
0.003251 0.024035 140.000000 26.394755
0.002603 0.053683 140.000000 64.465147
0.005743 0.093527 140.000000 120.635911
-0.008438 0.054708 140.000000 54.312813
0.007713 0.003690 140.000000 6.979826
0.002187 0.002312 140.000000 7.320662
0.006347 0.009750 140.000000 11.807386
-0.000798 0.004027 140.000000 9.381325
0.006099 0.012244 140.000000 14.543910
0.007862 0.044628 140.000000 58.673456
0.003186 0.065695 140.000000 80.949613
-0.008814 0.063098 140.000000 64.743615
-0.005618 0.068651 140.000000 75.181747
0.008395 0.082266 140.000000 108.907080
-0.003713 0.096227 140.000000 113.426585
-0.000332 0.071869 140.000000 85.109350
-0.004866 0.069228 140.000000 76.724741
0.009246 0.058316 140.000000 78.352987
-0.002524 0.040434 140.000000 41.641793
0.002263 0.086370 140.000000 107.155227
-0.007250 0.091754 140.000000 103.709957
-0.009019 0.064488 140.000000 66.339851
-0.005981 0.041341 140.000000 39.540627
0.003371 0.002999 140.000000 5.890506
-0.002529 0.053970 140.000000 59.234080
0.003341 0.045746 140.000000 54.864459
-0.003158 0.029456 140.000000 27.095007
0.009552 0.038991 140.000000 53.314501
0.002834 0.075948 140.000000 94.063100
0.003837 0.095812 140.000000 121.429404
-0.009497 0.076139 140.000000 80.970255
-0.007745 0.061663 140.000000 63.933165
0.003465 0.019431 140.000000 20.716436
0.009670 0.098356 140.000000 131.659580
0.006854 0.050041 140.000000 64.595401
0.001441 0.013800 140.000000 11.982274
-0.007965 0.017449 140.000000 13.658205
-0.000486 0.072226 140.000000 85.407316
0.007745 0.075413 140.000000 99.093695
0.007598 0.059846 140.000000 78.394260
-0.007561 0.092449 140.000000 104.290738
-0.009123 0.091809 140.000000 101.803911
-0.000668 0.085248 140.000000 102.352955
0.002376 0.086450 140.000000 107.390077
0.003638 0.092363 140.000000 116.646712
-0.001149 0.052683 140.000000 59.014622
-0.007840 0.003160 140.000000 19.671511
0.003859 0.013320 140.000000 13.496539
0.001287 0.021966 140.000000 21.734237
-0.003042 0.018611 140.000000 14.554173
0.005452 0.023904 140.000000 28.681367
-0.002436 0.043019 140.000000 45.073826
-0.000186 0.034480 140.000000 36.301203
0.006029 0.001287 140.000000 5.379373
0.003597 0.054760 140.000000 67.016285
0.004951 0.011515 140.000000 12.418649
-0.008117 0.097895 140.000000 110.840538
0.002380 0.064409 140.000000 78.335304
0.004753 0.006305 140.000000 6.716833
0.002709 0.096570 140.000000 121.125434
0.003290 0.087190 140.000000 109.418262
-0.002916 0.014686 140.000000 11.052916
-0.001658 0.057625 140.000000 64.942436
-0.008744 0.045289 140.000000 42.110521
0.006578 0.022998 140.000000 28.817321
0.000560 0.032572 140.000000 34.600029
0.009636 0.098509 140.000000 131.820669
0.007464 0.052583 140.000000 68.665908
-0.008087 0.018308 140.000000 14.070272
-0.004609 0.033183 140.000000 30.497724
0.002680 0.037970 140.000000 43.918054
-0.003269 0.065358 140.000000 73.350034
0.007443 0.085231 140.000000 111.688929
0.004166 0.059457 140.000000 73.857668
-0.006506 0.012068 140.000000 11.987271
0.009246 0.098004 140.000000 130.688262
-0.006878 0.081280 140.000000 90.379497
0.008911 0.053500 140.000000 71.607294
0.006236 0.065482 140.000000 84.212157
0.009100 0.050641 140.000000 68.073017
-0.000805 0.033022 140.000000 33.795456
-0.003095 0.062672 140.000000 70.016726
0.007570 0.005642 140.000000 8.602876
-0.007655 0.096696 140.000000 109.761436
-0.009082 0.082118 140.000000 89.182128
-0.005914 0.083408 140.000000 94.189401
-0.006189 0.059909 140.000000 63.206319
0.005564 0.088341 140.000000 113.580268
0.002545 0.084812 140.000000 105.423262
0.002323 0.086337 140.000000 107.181243
0.000665 0.013533 140.000000 11.180555
0.004472 0.021466 140.000000 24.415022
-0.001316 0.043283 140.000000 46.563272
-0.005160 0.065046 140.000000 70.949684
0.007581 0.026174 140.000000 34.147810
0.006009 0.089384 140.000000 115.478396
0.003256 0.010698 140.000000 9.922026
-0.000185 0.084903 140.000000 102.440574
-0.009647 0.029319 140.000000 22.822438
0.004263 0.096962 140.000000 123.441340
-0.006530 0.067899 140.000000 73.256603
-0.004957 0.023793 140.000000 19.114309
0.001266 0.019680 140.000000 18.852108
-0.003673 0.062022 140.000000 68.553390
0.000385 0.015022 140.000000 12.610286
-0.000127 0.093093 140.000000 113.301698
-0.003265 0.007134 140.000000 10.283777
-0.002475 0.072697 140.000000 83.837554
0.007147 0.087063 140.000000 113.757786
0.005502 0.008039 140.000000 8.992052
0.009980 0.021797 140.000000 31.419284
0.004400 0.039717 140.000000 48.152728
0.009094 0.038624 140.000000 52.274341
-0.001607 0.009984 140.000000 8.359079
-0.006697 0.007135 140.000000 14.573506
-0.000781 0.023390 140.000000 21.617105
-0.009637 0.038724 140.000000 33.385521
-0.002357 0.065094 140.000000 73.982898
-0.007683 0.088520 140.000000 99.011418
-0.008686 0.064123 140.000000 66.192752
-0.005717 0.050898 140.000000 52.009566
-0.007467 0.023782 140.000000 18.080268
0.004540 0.048268 140.000000 59.554291
0.002792 0.054057 140.000000 65.172108
-0.003153 0.075027 140.000000 86.160651
-0.001693 0.090269 140.000000 107.822232
-0.009579 0.007711 140.000000 18.008220
-0.004324 0.007023 140.000000 11.612141
-0.000836 0.022288 140.000000 20.217517
-0.008567 0.051959 140.000000 50.685249
-0.005620 0.098480 140.000000 114.300646
0.008118 0.020493 140.000000 27.422097
-0.005590 0.089956 140.000000 103.131061
0.006599 0.077823 140.000000 100.917115
-0.009447 0.076525 140.000000 81.523350
0.004773 0.022783 140.000000 26.453873
-0.008219 0.004156 140.000000 19.235955
0.006114 0.013015 140.000000 15.513307
0.005399 0.029234 140.000000 35.564828
-0.006537 0.005072 140.000000 16.043339
-0.005460 0.091259 140.000000 104.982862
-0.009503 0.081964 140.000000 88.548985
0.009865 0.070677 140.000000 95.385576
0.006595 0.065980 140.000000 85.292477
0.000783 0.046444 140.000000 52.932446
0.009229 0.007745 140.000000 12.876432
-0.008369 0.086108 140.000000 95.134075
0.002282 0.085824 140.000000 106.456790
-0.001143 0.082486 140.000000 98.184125
0.004591 0.093100 140.000000 118.726876
0.002909 0.089123 140.000000 111.528901
-0.001820 0.098884 140.000000 119.030543
-0.000691 0.069483 140.000000 81.571305
-0.005070 0.008623 140.000000 11.602296
-0.006222 0.002315 140.000000 18.232545
-0.004942 0.056530 140.000000 60.075904
-0.006738 0.029350 140.000000 24.321444
0.008001 0.085068 140.000000 112.135991
-0.008657 0.030579 140.000000 24.609279
0.000843 0.012605 140.000000 10.325873
-0.007992 0.070954 140.000000 75.746067
0.008670 0.072776 140.000000 96.719147
-0.005598 0.023347 140.000000 18.318517
0.005820 0.039516 140.000000 49.532668
0.004292 0.069002 140.000000 86.585869
0.002073 0.065443 140.000000 79.348855
-0.004412 0.016958 140.000000 12.685471
-0.008005 0.056993 140.000000 57.653804
0.004704 0.042019 140.000000 51.525600
0.004994 0.028409 140.000000 34.021664
-0.007315 0.025631 140.000000 19.956012
-0.000052 0.095057 140.000000 115.976719
0.006673 0.024718 140.000000 31.166395
0.002156 0.005735 140.000000 6.047435
0.007414 0.064857 140.000000 84.779941
0.005944 0.016693 140.000000 19.953807
-0.006062 0.089707 140.000000 102.295554
0.002098 0.094505 140.000000 117.698365
-0.008824 0.056789 140.000000 56.617713
-0.006941 0.036931 140.000000 33.223940
0.006932 0.082049 140.000000 106.886667
0.000676 0.058079 140.000000 68.088788
-0.006852 0.061253 140.000000 64.287071
0.009893 0.076307 140.000000 102.841464
0.004610 0.071866 140.000000 90.731120
0.005206 0.038502 140.000000 47.486235
0.003447 0.086113 140.000000 108.178316
-0.000386 0.004573 140.000000 8.515205
0.002403 0.016068 140.000000 15.453846
-0.009085 0.028820 140.000000 22.529987
0.007916 0.058443 140.000000 76.923848
0.008000 0.053776 140.000000 70.877571
0.003010 0.066996 140.000000 82.463448
-0.009214 0.025433 140.000000 19.200055
0.009915 0.071853 140.000000 96.997078
0.002484 0.098126 140.000000 122.919521
0.005562 0.073005 140.000000 93.343736
-0.007560 0.019970 140.000000 14.918305
-0.000984 0.053652 140.000000 60.461414
0.002039 0.094135 140.000000 117.142921
-0.002545 0.016177 140.000000 12.369033
0.000846 0.056394 140.000000 66.062273
-0.009087 0.042051 140.000000 37.820965
-0.005780 0.014330 140.000000 11.571426
-0.008766 0.007212 140.000000 17.296199
0.003446 0.098420 140.000000 124.418591
0.006982 0.012108 140.000000 15.390733
0.004311 0.036519 140.000000 43.853304
0.008427 0.051088 140.000000 67.851369
-0.001970 0.078683 140.000000 92.260874
-0.009068 0.087045 140.000000 95.630314
0.003441 0.078717 140.000000 98.413430
0.006008 0.048314 140.000000 61.324010
-0.002583 0.048743 140.000000 52.359450
-0.004363 0.098745 140.000000 116.024410
0.007340 0.064274 140.000000 83.923665
0.006199 0.019218 140.000000 23.484778
0.006837 0.076698 140.000000 99.713883
-0.008641 0.009029 140.000000 15.788483
-0.009320 0.040725 140.000000 36.022255
-0.009442 0.067541 140.000000 69.872580
-0.000616 0.081354 140.000000 97.280967
-0.000920 0.067198 140.000000 78.313622
-0.004752 0.076837 140.000000 86.812706
0.003188 0.080400 140.000000 100.342355
-0.000588 0.018654 140.000000 16.062912
-0.007068 0.061310 140.000000 64.145301
0.003807 0.074669 140.000000 93.497670
0.003015 0.080963 140.000000 100.885042
-0.008987 0.062743 140.000000 64.119253
-0.009275 0.045631 140.000000 42.094704
0.007419 0.014297 140.000000 18.646339
-0.003613 0.068616 140.000000 77.252367
0.009154 0.005341 140.000000 10.121628
-0.009945 0.026130 140.000000 19.691950
-0.003441 0.045963 140.000000 47.876398
-0.004407 0.037937 140.000000 36.648661
0.005824 0.068501 140.000000 87.709710
-0.000466 0.076091 140.000000 90.517642
-0.009700 0.028519 140.000000 21.996412
0.005178 0.020357 140.000000 23.778343
-0.006536 0.027048 140.000000 21.843577
-0.007148 0.086130 140.000000 96.446067
-0.004390 0.050100 140.000000 52.286440
0.002475 0.011796 140.000000 10.521245
0.004601 0.095969 140.000000 122.524619
0.003677 0.032968 140.000000 38.484596
-0.008489 0.050933 140.000000 49.450507
-0.008656 0.020700 140.000000 15.534085
-0.001737 0.011711 140.000000 9.078067
-0.001709 0.020063 140.000000 16.900592
-0.004480 0.093852 140.000000 109.459338
-0.004471 0.093685 140.000000 109.249157
0.009439 0.094902 140.000000 126.826413
0.000880 0.081576 140.000000 99.257279
-0.006169 0.096890 140.000000 111.613794
0.009695 0.077903 140.000000 104.707604
0.001365 0.019214 140.000000 18.364958
-0.007402 0.090454 140.000000 101.843610
-0.001852 0.014588 140.000000 11.136528
0.004624 0.090401 140.000000 115.201920
-0.001476 0.003742 140.000000 10.445594
0.001089 0.073627 140.000000 89.017442
0.003071 0.088191 140.000000 110.485576
-0.006484 0.077795 140.000000 86.232317
-0.003841 0.051008 140.000000 54.016477
0.003645 0.088321 140.000000 111.320653
-0.005835 0.004731 140.000000 15.380079
-0.001825 0.072009 140.000000 83.643504
-0.009310 0.093091 140.000000 103.285892
-0.008104 0.044531 140.000000 41.703689
-0.008358 0.010577 140.000000 14.517539
0.006509 0.053185 140.000000 68.327921
-0.003125 0.029662 140.000000 27.378544
0.007426 0.025206 140.000000 32.699848
-0.002604 0.012338 140.000000 9.570199
0.006601 0.055319 140.000000 71.247019
0.001995 0.088077 140.000000 109.100204
0.008216 0.007419 140.000000 11.259600
0.005654 0.073423 140.000000 94.001920
-0.009564 0.012472 140.000000 15.078577
0.001605 0.028002 140.000000 29.773622
-0.009595 0.036041 140.000000 30.255246
0.007583 0.008818 140.000000 12.121467
-0.006439 0.050065 140.000000 50.242127
0.002957 0.012438 140.000000 11.627001
0.004605 0.007391 140.000000 7.568800
0.008641 0.084813 140.000000 112.560741
0.003768 0.056555 140.000000 69.575488
0.000071 0.010045 140.000000 7.982181
0.001338 0.054771 140.000000 64.475530
0.000297 0.031872 140.000000 33.423607
-0.007801 0.006769 140.000000 16.338166
-0.000946 0.091006 140.000000 109.629278
-0.007646 0.089073 140.000000 99.774971
0.009067 0.064523 140.000000 86.314630
-0.006278 0.087988 140.000000 99.808651
0.005877 0.004899 140.000000 6.374510
0.007125 0.082291 140.000000 107.434099
0.003219 0.081515 140.000000 101.849410
0.006681 0.021005 140.000000 26.356375
-0.007533 0.089997 140.000000 101.104988
0.004848 0.050698 140.000000 63.108381
-0.009009 0.094352 140.000000 105.252563
-0.007051 0.088644 140.000000 99.843978
-0.006714 0.068237 140.000000 73.510045
0.004646 0.013253 140.000000 14.209484
-0.006813 0.085075 140.000000 95.418017
-0.005942 0.007197 140.000000 13.541815
0.009730 0.043012 140.000000 58.810205
-0.004362 0.007309 140.000000 11.481944
-0.009035 0.057699 140.000000 57.586178
0.004290 0.086020 140.000000 109.032296
0.002250 0.010203 140.000000 8.728307
-0.001887 0.079366 140.000000 93.251110
0.009123 0.074556 140.000000 99.608182
-0.000439 0.032875 140.000000 33.971130
-0.002420 0.071398 140.000000 82.190393
-0.004004 0.087165 140.000000 101.185720
-0.009198 0.022876 140.000000 17.087874
0.007468 0.016147 140.000000 21.052064
-0.001153 0.067318 140.000000 78.215064
0.003206 0.002846 140.000000 6.074303
-0.002666 0.023508 140.000000 20.250062
-0.009017 0.069829 140.000000 73.255591
-0.009995 0.051432 140.000000 48.749959
0.004117 0.019390 140.000000 21.359626
0.009006 0.089346 140.000000 118.978144
-0.003162 0.026845 140.000000 23.881919
0.002606 0.036809 140.000000 42.316364
-0.005557 0.099407 140.000000 115.588984
-0.002718 0.028230 140.000000 25.948139
0.006556 0.063549 140.000000 82.039970
0.004336 0.020247 140.000000 22.697283
0.001127 0.020452 140.000000 19.682639
-0.004118 0.090470 140.000000 105.406591
-0.008501 0.074263 140.000000 79.537190
0.005208 0.013999 140.000000 15.730654
0.007539 0.051954 140.000000 67.927110
-0.003289 0.034801 140.000000 33.692786
-0.002018 0.048199 140.000000 52.236059
0.005818 0.069389 140.000000 88.873624
-0.006031 0.014110 140.000000 11.660999
0.003058 0.095577 140.000000 120.217228
-0.007868 0.090384 140.000000 101.259009
0.001320 0.036559 140.000000 40.585941
0.005780 0.091589 140.000000 118.121180
-0.008566 0.028268 140.000000 22.171982
-0.004052 0.055959 140.000000 60.243866
-0.003545 0.057833 140.000000 63.213841
-0.002069 0.049917 140.000000 54.423205
-0.001124 0.035526 140.000000 36.703211
-0.002539 0.002416 140.000000 13.039495
-0.000965 0.056319 140.000000 63.978031
-0.002110 0.034900 140.000000 34.928369
-0.008492 0.082977 140.000000 90.911644
-0.009789 0.014483 140.000000 14.728680
-0.009238 0.043113 140.000000 39.007377
-0.000514 0.067772 140.000000 79.516019
0.003217 0.070406 140.000000 87.195697
0.007793 0.042114 140.000000 55.285107
0.005823 0.055040 140.000000 69.963287
-0.006773 0.091367 140.000000 103.711673
-0.003514 0.071464 140.000000 81.093444
-0.000202 0.081251 140.000000 97.609441
0.009923 0.043342 140.000000 59.478984
-0.004543 0.068702 140.000000 76.375752
0.001047 0.037518 140.000000 41.544249
0.001712 0.031997 140.000000 35.065281
-0.003278 0.064324 140.000000 71.985115
-0.003696 0.069453 140.000000 78.261074
-0.007494 0.067097 140.000000 71.231556
-0.008634 0.001615 140.000000 22.381536
-0.003055 0.052731 140.000000 57.067350
-0.004335 0.076691 140.000000 87.069124
0.008008 0.088046 140.000000 116.073532
0.001304 0.060265 140.000000 71.664339
-0.005738 0.068700 140.000000 75.120463
-0.005756 0.073923 140.000000 81.931063
0.009566 0.038459 140.000000 52.633817
-0.004561 0.067666 140.000000 75.001686
0.005124 0.023854 140.000000 28.240193
0.008070 0.091524 140.000000 120.737167
-0.008640 0.017897 140.000000 14.133604
0.001867 0.002843 140.000000 7.262558
0.006812 0.099421 140.000000 129.672748
0.004963 0.032292 140.000000 39.062104
-0.003579 0.063864 140.000000 71.063276
-0.004547 0.054634 140.000000 58.012252
-0.004254 0.096687 140.000000 113.437081
0.001305 0.006316 140.000000 6.444789
-0.000444 0.036174 140.000000 38.230630
-0.001517 0.049274 140.000000 54.164972
-0.002796 0.078970 140.000000 91.731785
0.007218 0.036928 140.000000 47.786984
-0.000508 0.095955 140.000000 116.646402
-0.002631 0.040049 140.000000 41.039140
-0.004732 0.070047 140.000000 77.937399
-0.009779 0.099956 140.000000 111.781256
-0.000967 0.070020 140.000000 81.971555
-0.004199 0.004768 140.000000 13.131854
0.004408 0.068507 140.000000 86.066399
0.000053 0.091645 140.000000 111.595999
0.001222 0.027246 140.000000 28.403811
0.003666 0.034294 140.000000 40.207384
-0.005902 0.096038 140.000000 110.784902
-0.001417 0.081876 140.000000 97.076423
-0.006313 0.027607 140.000000 22.594706
-0.009200 0.014112 140.000000 14.218122
0.009247 0.082965 140.000000 110.846476
0.009709 0.047573 140.000000 64.777335
0.002996 0.078859 140.000000 98.088113
0.007722 0.055161 140.000000 72.369101
0.005446 0.010687 140.000000 11.946510
0.001721 0.076149 140.000000 93.057764
0.007232 0.052554 140.000000 68.352067
-0.005678 0.031695 140.000000 27.820277
-0.009614 0.073006 140.000000 76.783761
-0.005111 0.089064 140.000000 102.478175
-0.001406 0.086640 140.000000 103.361914
0.008840 0.087228 140.000000 115.983971
0.003361 0.007434 140.000000 6.864998
-0.005793 0.044367 140.000000 43.554360
-0.005266 0.080230 140.000000 90.712730
0.002992 0.023052 140.000000 24.852361
0.005795 0.040647 140.000000 50.990319
0.006626 0.047367 140.000000 60.805778
0.003749 0.026746 140.000000 30.451608
0.005771 0.004811 140.000000 6.238389
0.009896 0.076985 140.000000 103.739156
0.005190 0.074950 140.000000 95.474641
-0.002218 0.036127 140.000000 36.397591
-0.000441 0.012782 140.000000 9.950224
-0.005365 0.064304 140.000000 69.768706
-0.009547 0.035587 140.000000 29.758261
0.003988 0.018938 140.000000 20.644676
-0.004136 0.022745 140.000000 18.413648
0.000722 0.010856 140.000000 8.658020
-0.005051 0.066256 140.000000 72.643930
-0.001482 0.085474 140.000000 101.741010
0.009024 0.001794 140.000000 6.901655
0.004857 0.023116 140.000000 26.980691
0.003058 0.009570 140.000000 8.600152
0.007276 0.065203 140.000000 85.073363
0.003401 0.033966 140.000000 39.480604
0.000312 0.080815 140.000000 97.612806
0.009083 0.040290 140.000000 54.447010
-0.006748 0.050647 140.000000 50.695343
-0.001682 0.004164 140.000000 10.361922
-0.007275 0.099234 140.000000 113.500518
0.009727 0.085424 140.000000 114.666204
-0.000721 0.051624 140.000000 58.088158
-0.003415 0.038727 140.000000 38.579702
0.007722 0.089283 140.000000 117.367075
0.001299 0.020863 140.000000 20.358438
-0.008416 0.030249 140.000000 24.372845
0.002104 0.032542 140.000000 36.194268
0.004788 0.084602 140.000000 107.740349
0.009195 0.077757 140.000000 103.915846
0.006442 0.077469 140.000000 100.265171
0.009017 0.026938 140.000000 36.892621
-0.001824 0.062252 140.000000 70.830798
0.003770 0.031376 140.000000 36.508583
0.007513 0.011185 140.000000 14.882832
-0.009597 0.074525 140.000000 78.772630
-0.007152 0.057078 140.000000 58.587015
-0.005876 0.044788 140.000000 44.014773
0.005369 0.066739 140.000000 84.854588
-0.001599 0.088032 140.000000 104.980229
-0.005440 0.021382 140.000000 16.391172
-0.004309 0.008686 140.000000 10.718453
0.007331 0.052170 140.000000 67.964618
0.009010 0.065374 140.000000 87.367319
0.002554 0.046985 140.000000 55.603869
0.005276 0.088202 140.000000 113.060147
-0.008795 0.058012 140.000000 58.212751
0.004260 0.074512 140.000000 93.814664
0.008209 0.010293 140.000000 14.637138
0.003160 0.076545 140.000000 95.225218
-0.008467 0.001737 140.000000 22.015938
-0.009035 0.052846 140.000000 51.388410
0.005236 0.074958 140.000000 95.538457
0.002561 0.084060 140.000000 104.449572
0.006906 0.011306 140.000000 14.315176
0.000951 0.063400 140.000000 75.395036
0.001235 0.007431 140.000000 6.649159
0.005097 0.054872 140.000000 68.894919
0.004802 0.098681 140.000000 126.338132
0.009962 0.014982 140.000000 22.672313
0.003039 0.044299 140.000000 52.621728
0.004852 0.054236 140.000000 67.771842
0.004321 0.067226 140.000000 84.277249
-0.007750 0.083957 140.000000 92.966804
-0.002655 0.063090 140.000000 71.034640
0.007038 0.069255 140.000000 90.133600
-0.001041 0.093671 140.000000 113.034695
0.000836 0.088797 140.000000 108.727561
-0.009516 0.044969 140.000000 41.076261
0.001422 0.051858 140.000000 60.741815
-0.008662 0.014447 140.000000 13.671963
0.007653 0.082524 140.000000 108.366495
-0.007344 0.088818 140.000000 99.761171
0.003917 0.009124 140.000000 8.764312
-0.004961 0.064024 140.000000 69.822665
-0.000227 0.065202 140.000000 76.453585
-0.002122 0.042258 140.000000 44.405040
-0.005027 0.071513 140.000000 79.544512
0.007210 0.008807 140.000000 11.673643
-0.003311 0.079858 140.000000 92.335251
-0.000398 0.020523 140.000000 18.434230
-0.001681 0.094439 140.000000 113.328841
0.007340 0.008877 140.000000 11.906953
-0.005389 0.063284 140.000000 68.413549
0.006733 0.077594 140.000000 100.774061
-0.005698 0.056828 140.000000 59.701118
0.006496 0.049094 140.000000 62.925218
0.006106 0.063869 140.000000 81.933074
-0.007101 0.022530 140.000000 17.010781
-0.009318 0.028288 140.000000 21.898201
0.003409 0.037508 140.000000 44.128068
0.007651 0.090217 140.000000 118.514728
-0.008313 0.062284 140.000000 64.179132
0.009355 0.086016 140.000000 115.000758
0.008691 0.063574 140.000000 84.612815
-0.008108 0.023166 140.000000 17.390689
0.009884 0.040944 140.000000 56.283649
-0.005237 0.066921 140.000000 73.319181
-0.003443 0.093959 140.000000 110.739056
-0.001353 0.043285 140.000000 46.528238
0.003340 0.041778 140.000000 49.651227
0.005185 0.087501 140.000000 112.029886
-0.007461 0.081635 140.000000 90.232614
-0.004409 0.081172 140.000000 92.871652
0.002883 0.054573 140.000000 65.955257
0.008949 0.063755 140.000000 85.160938
0.005868 0.031101 140.000000 38.552572
-0.005056 0.046109 140.000000 46.480717
-0.009880 0.026457 140.000000 19.993761
0.005999 0.085731 140.000000 110.647200
0.002794 0.075073 140.000000 92.864093
-0.007422 0.070713 140.000000 76.012167
-0.009037 0.022454 140.000000 16.771078
-0.005715 0.017776 140.000000 13.275565
0.009467 0.077811 140.000000 104.313159
-0.008018 0.074980 140.000000 80.964130
-0.000049 0.049423 140.000000 55.931487
0.004350 0.098517 140.000000 125.595698
-0.004809 0.099336 140.000000 116.312529
-0.004664 0.001054 140.000000 17.350524
-0.007496 0.054102 140.000000 54.423262
-0.008595 0.079261 140.000000 85.954971
-0.005548 0.022282 140.000000 17.244848
-0.009067 0.075007 140.000000 79.932099
-0.008425 0.066297 140.000000 69.263409
-0.003695 0.067760 140.000000 76.043244
0.003860 0.063256 140.000000 78.510671
-0.009579 0.018624 140.000000 14.847143
0.009871 0.076418 140.000000 102.961821
0.000906 0.024916 140.000000 25.103364
-0.007764 0.014678 140.000000 12.922696
-0.009429 0.087577 140.000000 95.952113
-0.008894 0.082542 140.000000 89.929175
-0.005998 0.005499 140.000000 14.936625
0.005562 0.078529 140.000000 100.630820
0.007098 0.090294 140.000000 117.961821
-0.006648 0.063318 140.000000 67.173057
0.001240 0.032861 140.000000 35.685995
0.009987 0.085881 140.000000 115.579655
0.009359 0.055038 140.000000 74.173897
0.009300 0.037295 140.000000 50.781510
0.003511 0.027002 140.000000 30.521826
-0.004112 0.068984 140.000000 77.202644
0.001053 0.036068 140.000000 39.659764
-0.002651 0.037601 140.000000 37.869750
0.004364 0.018153 140.000000 20.050102
-0.009937 0.083141 140.000000 89.640383
0.007535 0.040836 140.000000 53.296553
0.006697 0.053327 140.000000 68.737075
-0.000804 0.046760 140.000000 51.635287
0.000205 0.051026 140.000000 58.307587
0.004907 0.001991 140.000000 5.467519
-0.004727 0.007699 140.000000 11.693157
-0.003653 0.074720 140.000000 85.216735
-0.003813 0.033099 140.000000 31.075763
-0.001143 0.061452 140.000000 70.518879
0.004834 0.075945 140.000000 96.371644
-0.005767 0.033192 140.000000 29.569885
-0.007900 0.082327 140.000000 90.678112
0.002922 0.016140 140.000000 16.032576
-0.005925 0.076498 140.000000 85.123061
-0.008535 0.096641 140.000000 108.751648
0.003785 0.019259 140.000000 20.836817
0.007245 0.092366 140.000000 120.870711
0.008193 0.088228 140.000000 116.534015
-0.001319 0.039565 140.000000 41.730531
-0.009269 0.058353 140.000000 58.205021
0.002209 0.096818 140.000000 120.878529
0.007421 0.007153 140.000000 10.035912
0.002562 0.067844 140.000000 83.068658
0.007375 0.099915 140.000000 130.988853
0.001245 0.061689 140.000000 73.472145
-0.009259 0.050493 140.000000 48.207241
-0.002467 0.029645 140.000000 27.930269
-0.008642 0.088381 140.000000 97.821664
0.000419 0.080464 140.000000 97.271797
-0.000509 0.049737 140.000000 55.845521
-0.009399 0.082430 140.000000 89.263490
-0.005579 0.033744 140.000000 30.394700
0.006091 0.071231 140.000000 91.622977
0.008219 0.025512 140.000000 34.057994
-0.001825 0.054924 140.000000 61.226169
0.002526 0.083453 140.000000 103.608410
0.007188 0.092290 140.000000 120.703092
-0.009359 0.076532 140.000000 81.620787
0.007169 0.005096 140.000000 7.656657
-0.002692 0.007802 140.000000 9.355585
0.004806 0.046404 140.000000 57.408764
-0.008905 0.029262 140.000000 23.068794
0.008816 0.070771 140.000000 94.249208
0.007095 0.056882 140.000000 73.891400
-0.009210 0.050411 140.000000 48.146422
-0.001112 0.079860 140.000000 94.760553
0.007941 0.014458 140.000000 19.483259
0.006014 0.045243 140.000000 57.290433
-0.007857 0.057245 140.000000 58.120360
0.002531 0.050961 140.000000 60.804252
0.004226 0.041302 140.000000 50.034026
-0.008894 0.051488 140.000000 49.790339
-0.006689 0.039029 140.000000 36.025388
-0.008383 0.047752 140.000000 45.514368
0.009414 0.036020 140.000000 49.250504
-0.004605 0.043523 140.000000 43.592199
-0.008586 0.056298 140.000000 56.211433
0.005823 0.076864 140.000000 98.740405
-0.003645 0.080547 140.000000 92.878955
0.001625 0.070231 140.000000 85.148509
-0.007355 0.096373 140.000000 109.658781
-0.004850 0.085037 140.000000 97.469652
0.004047 0.017867 140.000000 19.345094
-0.000546 0.001073 140.000000 11.723296
-0.001744 0.022824 140.000000 20.131682
0.008623 0.057973 140.000000 77.151076
-0.006846 0.074606 140.000000 81.684644
0.008749 0.041845 140.000000 56.082615
-0.008359 0.030728 140.000000 24.934090
0.007649 0.035799 140.000000 46.820958
0.006261 0.023928 140.000000 29.653386
-0.000206 0.075164 140.000000 89.588455
0.004038 0.052063 140.000000 63.970036
0.006150 0.046516 140.000000 59.124536
-0.006147 0.069421 140.000000 75.637598
0.003600 0.054614 140.000000 66.825850
0.006850 0.022233 140.000000 28.147311
0.002317 0.082396 140.000000 101.975277
-0.002401 0.081443 140.000000 95.417213
0.001904 0.015443 140.000000 14.254380
-0.009814 0.090630 140.000000 99.541265
-0.004580 0.069161 140.000000 76.938451
0.001693 0.094157 140.000000 116.774978
-0.008612 0.027259 140.000000 21.115286
0.006971 0.032452 140.000000 41.621713
-0.000757 0.019630 140.000000 17.081966
0.004950 0.063123 140.000000 79.597831
-0.000924 0.062736 140.000000 72.445051
0.006501 0.040565 140.000000 51.711900
0.007602 0.052737 140.000000 69.032822
-0.006076 0.013018 140.000000 11.561048
-0.005224 0.058671 140.000000 62.574516
0.004648 0.031876 140.000000 38.156733
0.005588 0.054222 140.000000 68.612210
-0.001585 0.092490 140.000000 110.868332
0.009233 0.022830 140.000000 31.820907
-0.008886 0.037808 140.000000 32.821572
0.006841 0.064321 140.000000 83.395150
0.005891 0.087824 140.000000 113.282374
0.009400 0.005981 140.000000 11.107504
0.003246 0.031534 140.000000 36.130525
0.002202 0.069262 140.000000 84.527618
0.004625 0.045577 140.000000 56.111865
0.003154 0.066960 140.000000 82.581026
0.008673 0.062364 140.000000 82.996019
0.001418 0.032588 140.000000 35.520464
0.003143 0.060337 140.000000 73.840818
-0.000294 0.056919 140.000000 65.495476
-0.006349 0.074771 140.000000 82.417281
0.008141 0.009134 140.000000 13.162785
0.009175 0.092436 140.000000 123.257060
0.008395 0.090483 140.000000 119.749957
-0.001918 0.091282 140.000000 108.905352
0.008534 0.025272 140.000000 34.129808
0.000757 0.064793 140.000000 77.010972
-0.009970 0.020466 140.000000 15.749730
0.004533 0.082314 140.000000 104.424892
0.000863 0.008998 140.000000 7.373322
0.006186 0.093150 140.000000 120.657643
-0.009014 0.085314 140.000000 93.425487
0.006958 0.091474 140.000000 119.355624
0.001946 0.087767 140.000000 108.635469
-0.004301 0.022912 140.000000 18.504903
0.007531 0.089904 140.000000 117.959308
0.008974 0.067040 140.000000 89.520185
-0.001158 0.047820 140.000000 52.645335
-0.000617 0.062358 140.000000 72.284426
0.001285 0.053881 140.000000 63.247425
-0.001324 0.064701 140.000000 74.588512
-0.002701 0.038364 140.000000 38.800674
-0.006743 0.013740 140.000000 12.097504
0.005309 0.008703 140.000000 9.529531
0.005421 0.004126 140.000000 5.638616
0.003280 0.014395 140.000000 14.240365
-0.009835 0.029113 140.000000 22.544036
0.003590 0.009055 140.000000 8.450420
-0.000668 0.020331 140.000000 17.984712
0.004060 0.043575 140.000000 52.830048
0.005678 0.029521 140.000000 36.265302
-0.009616 0.092142 140.000000 101.725039
-0.009817 0.091300 140.000000 100.414119
0.009281 0.061769 140.000000 82.943546
0.003035 0.071827 140.000000 88.860043
-0.007882 0.084981 140.000000 94.168408
-0.005506 0.075296 140.000000 83.991545
-0.009880 0.012096 140.000000 15.604905
0.004941 0.071411 140.000000 90.516223
0.001190 0.090839 140.000000 111.824212
0.004408 0.073489 140.000000 92.636872
-0.004188 0.046325 140.000000 47.603649
0.003629 0.095886 140.000000 121.285735
0.001817 0.083485 140.000000 102.840568
-0.003899 0.083751 140.000000 96.812360
0.000090 0.073794 140.000000 88.113739
-0.009368 0.038218 140.000000 32.969589
-0.003227 0.089185 140.000000 104.694473
0.008691 0.032528 140.000000 43.794997
-0.000304 0.083474 140.000000 100.423970
-0.001093 0.022905 140.000000 20.757175
0.006693 0.067022 140.000000 86.781970
-0.000421 0.095145 140.000000 115.675562
0.004762 0.010239 140.000000 10.732448
0.001210 0.040265 140.000000 45.307516
0.007433 0.067626 140.000000 88.454010
0.009054 0.030708 140.000000 41.857848
-0.001174 0.089709 140.000000 107.664424
0.009515 0.073373 140.000000 98.519689
0.003228 0.024896 140.000000 27.482752
0.005914 0.052977 140.000000 67.353741
-0.009826 0.015298 140.000000 14.647056
-0.003706 0.007409 140.000000 10.646210
-0.009603 0.063765 140.000000 64.843240
-0.000868 0.092631 140.000000 111.857580
0.009133 0.003948 140.000000 8.713677
0.000054 0.015817 140.000000 13.272641
-0.001209 0.012119 140.000000 9.295594
0.002722 0.008355 140.000000 7.318457
0.003788 0.095552 140.000000 121.029140
0.006354 0.028146 140.000000 35.259580
0.001204 0.087757 140.000000 107.775214
0.002271 0.075074 140.000000 92.266369
-0.004146 0.066196 140.000000 73.515704
-0.007761 0.031227 140.000000 25.843168
-0.000004 0.076860 140.000000 92.046704
0.001402 0.073818 140.000000 89.623194
-0.008128 0.093555 140.000000 105.138070
0.006251 0.036083 140.000000 45.531389
0.009825 0.054928 140.000000 74.591545
-0.006838 0.009775 140.000000 13.103948
0.005045 0.012472 140.000000 13.672971
0.002627 0.048280 140.000000 57.388751
0.002684 0.026405 140.000000 28.849163
0.008295 0.032717 140.000000 43.560029
-0.000530 0.084154 140.000000 101.065662
0.006239 0.053423 140.000000 68.323233
0.005316 0.089337 140.000000 114.605809
0.005954 0.067490 140.000000 86.529042
0.007996 0.056720 140.000000 74.749535
-0.000974 0.038216 140.000000 40.334348
-0.009242 0.016507 140.000000 14.174875
0.000665 0.031809 140.000000 33.719535
-0.003892 0.067277 140.000000 75.199557
0.002297 0.080985 140.000000 100.091119
0.006647 0.029541 140.000000 37.427419
-0.004777 0.082043 140.000000 93.616452
-0.001965 0.056070 140.000000 62.577413
-0.007264 0.008681 140.000000 14.244748
0.008862 0.084862 140.000000 112.889809
-0.008878 0.068971 140.000000 72.280696
-0.004195 0.059832 140.000000 65.146557
0.005627 0.091825 140.000000 118.252953
-0.006797 0.042809 140.000000 40.670685
0.005378 0.072987 140.000000 93.103626
0.009708 0.079434 140.000000 106.742491
0.000116 0.032528 140.000000 34.086330
-0.000476 0.067098 140.000000 78.672157
-0.003961 0.054532 140.000000 58.477112
0.008435 0.069075 140.000000 91.557541
0.008361 0.091608 140.000000 121.193659
-0.005415 0.067321 140.000000 73.655806
-0.005155 0.012511 140.000000 10.857097
-0.007328 0.078414 140.000000 86.159141
-0.002825 0.075118 140.000000 86.637287
0.007231 0.046425 140.000000 60.284347
0.005044 0.047723 140.000000 59.421097
-0.008064 0.054310 140.000000 54.152189
-0.004454 0.076896 140.000000 87.209602
0.002196 0.063418 140.000000 76.820627
0.000423 0.037586 140.000000 40.968677
-0.008309 0.013781 140.000000 13.420108
0.004899 0.056095 140.000000 70.275966
-0.003837 0.001859 140.000000 15.366473
0.005139 0.041090 140.000000 50.808781
-0.008647 0.009556 140.000000 15.456411
-0.000817 0.066648 140.000000 77.703589
0.008696 0.008915 140.000000 13.582830
0.005638 0.060025 140.000000 76.316666
-0.000084 0.022048 140.000000 20.568804
-0.003162 0.011811 140.000000 9.561889
-0.001948 0.035812 140.000000 36.256373
-0.009327 0.071419 140.000000 75.010434
0.007980 0.047368 140.000000 62.418643
0.006314 0.025120 140.000000 31.265771
0.007411 0.011257 140.000000 14.849625
-0.003591 0.097611 140.000000 115.384289
-0.000171 0.059175 140.000000 68.593707
-0.003958 0.043425 140.000000 44.089503
-0.002150 0.072026 140.000000 83.310352
0.008740 0.004398 140.000000 8.686185
0.007692 0.043335 140.000000 56.769472
-0.007204 0.030757 140.000000 25.648992
0.005837 0.030306 140.000000 37.475663
-0.005824 0.050193 140.000000 50.997087
-0.000964 0.001025 140.000000 12.323492
-0.006439 0.053216 140.000000 54.296957
0.002240 0.017075 140.000000 16.536897
-0.008794 0.083062 140.000000 90.711012
-0.001219 0.018528 140.000000 15.476240
0.002624 0.026705 140.000000 29.172881
0.007991 0.079637 140.000000 104.958974
-0.009335 0.008841 140.000000 16.829315
-0.007607 0.074291 140.000000 80.485856
-0.001987 0.062659 140.000000 71.188333
0.005225 0.026800 140.000000 32.187853
0.009301 0.080703 140.000000 107.928997
-0.008841 0.001956 140.000000 22.321456
-0.004573 0.024702 140.000000 20.350670
0.006264 0.006998 140.000000 8.633194
-0.003107 0.069360 140.000000 78.771888
-0.001938 0.009722 140.000000 8.483360
0.003870 0.060241 140.000000 74.548265
-0.006770 0.054854 140.000000 56.088391
0.003420 0.044862 140.000000 53.792625
-0.002580 0.049708 140.000000 53.619005
0.009596 0.059652 140.000000 80.534957
-0.006073 0.074163 140.000000 81.910739
0.002610 0.085131 140.000000 105.919222
0.005456 0.071056 140.000000 90.649497
-0.003864 0.018229 140.000000 13.877491
0.007434 0.076104 140.000000 99.636888
-0.005660 0.010142 140.000000 11.623935
-0.008113 0.070636 140.000000 75.209183
0.007986 0.052973 140.000000 69.803487
-0.002388 0.084389 140.000000 99.308022
0.004415 0.002554 140.000000 5.485878
0.007015 0.050738 140.000000 65.704152
0.009700 0.099549 140.000000 133.269520
-0.002357 0.012959 140.000000 9.870094
-0.003790 0.043328 140.000000 44.128405
0.009552 0.060076 140.000000 81.040212
-0.006410 0.005423 140.000000 15.561958
0.008758 0.016100 140.000000 22.573289
0.001230 0.098428 140.000000 121.879894
-0.008835 0.031279 140.000000 25.288994
-0.000580 0.043392 140.000000 47.477473
0.007225 0.005292 140.000000 7.896782
0.003071 0.035337 140.000000 40.906607
-0.003932 0.012631 140.000000 10.161144
0.001850 0.006569 140.000000 6.268873
-0.000930 0.076763 140.000000 90.885071
-0.009339 0.057730 140.000000 57.341585
0.006965 0.034065 140.000000 43.729506
-0.001304 0.056865 140.000000 64.327710
-0.007189 0.051268 140.000000 51.077242
0.009325 0.041763 140.000000 56.675634
-0.003719 0.099649 140.000000 117.924402
-0.003325 0.091999 140.000000 108.289127
0.003610 0.052024 140.000000 63.429770
-0.003869 0.013097 140.000000 10.293887
0.003084 0.079570 140.000000 99.128083
0.004106 0.096957 140.000000 123.252931
-0.001595 0.095333 140.000000 114.603831
0.005471 0.090787 140.000000 116.700171
0.008266 0.068395 140.000000 90.459797
0.001086 0.096097 140.000000 118.640237
-0.003681 0.056297 140.000000 61.068519
0.004394 0.022871 140.000000 26.142908
0.008160 0.070672 140.000000 93.335084
-0.009707 0.026622 140.000000 20.178471
0.005121 0.096544 140.000000 123.890392
-0.003616 0.090773 140.000000 106.355590
-0.000422 0.046257 140.000000 51.385840
-0.004960 0.046647 140.000000 47.266501
-0.000631 0.065031 140.000000 75.783086
-0.002986 0.032100 140.000000 30.552203
0.004461 0.067765 140.000000 85.150136
0.000859 0.024565 140.000000 24.609645
-0.000155 0.021433 140.000000 19.748215
0.008345 0.008183 140.000000 12.291588
-0.001010 0.091410 140.000000 110.089282
0.003272 0.098275 140.000000 124.025986
-0.005927 0.093493 140.000000 107.414112
-0.002020 0.025863 140.000000 23.612631
0.009466 0.089837 140.000000 120.173977
0.001756 0.078521 140.000000 96.224857
0.002886 0.077074 140.000000 95.608443
0.007839 0.009486 140.000000 13.216887
0.003169 0.093451 140.000000 117.540719
-0.006297 0.074442 140.000000 82.042027
-0.008416 0.019156 140.000000 14.591932
-0.005057 0.056598 140.000000 60.047801
0.005736 0.068633 140.000000 87.780697
0.008043 0.019860 140.000000 26.514051
0.006741 0.061041 140.000000 78.953503
-0.009640 0.028646 140.000000 22.143810
-0.001896 0.085832 140.000000 101.751640
0.003700 0.084471 140.000000 106.304053
0.002566 0.059013 140.000000 71.440205
0.005950 0.099741 140.000000 129.082041
-0.008095 0.001224 140.000000 22.023350
0.009890 0.047998 140.000000 65.556211
0.005575 0.025403 140.000000 30.771925
0.007076 0.013455 140.000000 17.178950
-0.001674 0.092782 140.000000 111.154117
0.002752 0.011295 140.000000 10.182492
0.004301 0.071775 140.000000 90.252345
-0.002929 0.043552 140.000000 45.268783
0.009401 0.035202 140.000000 48.163441
-0.000431 0.021547 140.000000 19.651088
-0.007177 0.047838 140.000000 46.705274
0.001160 0.069401 140.000000 83.531786
-0.002768 0.065441 140.000000 73.995227
0.008830 0.002701 140.000000 7.326547
0.006799 0.035267 140.000000 45.109417
0.000194 0.085295 140.000000 103.385141
0.001968 0.029978 140.000000 32.715001
0.000238 0.088418 140.000000 107.551864
0.005904 0.015672 140.000000 18.611740
0.008097 0.059282 140.000000 78.245843
-0.001966 0.024956 140.000000 22.542877
0.009921 0.028307 140.000000 39.794321
0.006529 0.025246 140.000000 31.683466
-0.005201 0.048933 140.000000 49.977082
0.000767 0.035534 140.000000 38.661888
0.006066 0.041942 140.000000 53.009664
0.001376 0.041762 140.000000 47.446655
-0.008513 0.091562 140.000000 102.120641
-0.001361 0.067943 140.000000 78.807855
0.004988 0.033495 140.000000 40.667100
0.003185 0.025549 140.000000 28.280572
0.001207 0.069616 140.000000 83.866218
0.004424 0.088289 140.000000 112.181124
0.005369 0.025861 140.000000 31.130688
0.002358 0.089894 140.000000 111.912689
-0.003886 0.093981 140.000000 110.280767
-0.005664 0.006022 140.000000 14.057601
0.002860 0.052261 140.000000 62.886169
-0.000240 0.046949 140.000000 52.485893
0.004786 0.056816 140.000000 71.095104
0.005476 0.030544 140.000000 37.367382
0.002155 0.041146 140.000000 47.497299
0.001288 0.012506 140.000000 10.479361
-0.002383 0.095183 140.000000 113.525943
-0.005671 0.094494 140.000000 109.005108
-0.006448 0.009758 140.000000 12.655819
0.006257 0.055254 140.000000 70.756635
0.003026 0.004661 140.000000 5.699132
0.000270 0.023007 140.000000 22.081516
-0.009221 0.035314 140.000000 29.647797
-0.002655 0.068930 140.000000 78.694617
-0.004956 0.068989 140.000000 76.316120
-0.004120 0.040871 140.000000 40.655016
0.006744 0.046749 140.000000 60.130721
0.002551 0.030813 140.000000 34.428840
-0.002971 0.096919 140.000000 115.158892
0.008162 0.013043 140.000000 17.972287
-0.000947 0.076618 140.000000 90.676200
-0.000337 0.034656 140.000000 36.374733
0.004342 0.088697 140.000000 112.624173
-0.009162 0.023611 140.000000 17.657652
0.003892 0.076781 140.000000 96.380286
-0.008125 0.097683 140.000000 110.555470
0.004217 0.085312 140.000000 108.012595
-0.001046 0.047135 140.000000 51.869273
-0.005841 0.088579 140.000000 101.053148
-0.006665 0.031236 140.000000 26.562704
-0.006880 0.079506 140.000000 88.055118
0.005368 0.028369 140.000000 34.399013
-0.004073 0.008713 140.000000 10.452705
-0.002116 0.070870 140.000000 81.829089
0.003933 0.026281 140.000000 30.050799
0.007355 0.098148 140.000000 128.632917
0.002776 0.027325 140.000000 30.139980
-0.006348 0.063617 140.000000 67.865192
-0.004663 0.035331 140.000000 33.133017
-0.003305 0.047993 140.000000 50.645712
0.007108 0.068451 140.000000 89.157140
-0.009018 0.050554 140.000000 48.496370
0.002063 0.056461 140.000000 67.511861
-0.001843 0.001240 140.000000 13.275408
0.003673 0.052126 140.000000 63.635592
0.000909 0.072782 140.000000 87.702522
-0.003191 0.060105 140.000000 66.555397
-0.006367 0.024575 140.000000 19.261479
-0.004417 0.026393 140.000000 22.408516
0.008928 0.077965 140.000000 103.870245
-0.005974 0.058406 140.000000 61.471613
0.003103 0.098061 140.000000 123.547389
0.005251 0.034939 140.000000 42.862493
0.003517 0.080213 140.000000 100.475156
0.006526 0.023647 140.000000 29.598270
0.003620 0.028986 140.000000 33.223025
-0.007681 0.038601 140.000000 34.689860
-0.001275 0.017947 140.000000 14.787801
0.009375 0.045121 140.000000 61.147659
-0.002253 0.035663 140.000000 35.768796
0.003456 0.092797 140.000000 117.009479
-0.005777 0.007878 140.000000 12.875750
0.003599 0.002360 140.000000 6.038119
0.006051 0.044158 140.000000 55.905596
0.005846 0.047225 140.000000 59.701329
0.001069 0.008583 140.000000 7.145913
-0.004404 0.071982 140.000000 80.819543
-0.002286 0.015033 140.000000 11.418787
-0.003771 0.055904 140.000000 60.462313
-0.009861 0.044050 140.000000 39.668499
0.001173 0.028683 140.000000 30.205238
0.003503 0.038896 140.000000 46.054105
0.001096 0.052141 140.000000 60.751691
-0.007819 0.045920 140.000000 43.696851
0.007723 0.028951 140.000000 37.942532
-0.005573 0.020350 140.000000 15.378417
0.008627 0.011887 140.000000 17.107901
-0.005974 0.018252 140.000000 13.622305
0.006816 0.049529 140.000000 63.876454
0.003562 0.022137 140.000000 24.284189
-0.003301 0.076234 140.000000 87.586010
-0.003176 0.037810 140.000000 37.633260
-0.006873 0.067431 140.000000 72.296909
0.007637 0.043739 140.000000 57.235520
0.005424 0.057965 140.000000 73.351365
0.005718 0.080199 140.000000 103.017414
-0.001269 0.022527 140.000000 20.151949
0.002814 0.014276 140.000000 13.663242
0.008042 0.094450 140.000000 124.565759
0.004781 0.026819 140.000000 31.705450
-0.005088 0.045296 140.000000 45.406601
-0.008080 0.071909 140.000000 76.899643
-0.008958 0.061377 140.000000 62.386057
-0.007428 0.035951 140.000000 31.653238
0.001694 0.043982 140.000000 50.704935
0.008018 0.069651 140.000000 91.820826
0.005798 0.091425 140.000000 117.925784
-0.005052 0.073905 140.000000 82.650858
0.009783 0.023788 140.000000 33.747433
0.002840 0.022578 140.000000 24.082125
-0.005283 0.061994 140.000000 66.840713
0.006478 0.036741 140.000000 46.662410
0.002733 0.037638 140.000000 43.542693
0.009207 0.069084 140.000000 92.494354
-0.001416 0.062972 140.000000 72.217523
0.005433 0.022120 140.000000 26.346242
0.000775 0.041871 140.000000 46.937053
0.002985 0.002790 140.000000 6.272828
0.008934 0.006652 140.000000 11.268989
0.001864 0.093091 140.000000 115.564251
-0.009317 0.076118 140.000000 81.124666
0.002593 0.064450 140.000000 78.632635
0.006277 0.016395 140.000000 19.959211
0.003078 0.073293 140.000000 90.842066
0.009312 0.051012 140.000000 68.817567
-0.000766 0.060282 140.000000 69.394955
-0.006266 0.055022 140.000000 56.796843
-0.006697 0.064723 140.000000 68.951325
-0.006784 0.039462 140.000000 36.484683
0.000891 0.057481 140.000000 67.542151
0.003410 0.026127 140.000000 29.275598
0.006666 0.053375 140.000000 68.763158
0.000690 0.060605 140.000000 71.426042
0.009347 0.090018 140.000000 120.270754
-0.002979 0.086746 140.000000 101.757382
0.006815 0.056076 140.000000 72.498147
-0.006107 0.012845 140.000000 11.581636
0.006505 0.038112 140.000000 48.495337
-0.000516 0.086841 140.000000 104.622337
0.009635 0.098613 140.000000 131.956430
0.000429 0.081519 140.000000 98.671924
-0.000971 0.030443 140.000000 30.326187
0.000759 0.060134 140.000000 70.883514
-0.009592 0.066290 140.000000 68.109763
-0.008600 0.083013 140.000000 90.847413
-0.008284 0.027236 140.000000 21.217491
0.009174 0.080283 140.000000 107.222697
0.005434 0.028281 140.000000 34.361273
-0.002530 0.019770 140.000000 16.049538
-0.000405 0.032543 140.000000 33.577519
0.009266 0.014918 140.000000 21.708377
0.006561 0.075804 140.000000 98.208775
-0.004145 0.020279 140.000000 15.780153
0.007947 0.058573 140.000000 77.132911
-0.008421 0.019064 140.000000 14.546751
0.003658 0.081114 140.000000 101.827403
0.005884 0.021885 140.000000 26.561495
0.001151 0.047055 140.000000 54.136706
0.004526 0.081343 140.000000 103.135619
0.004559 0.080073 140.000000 101.498079
-0.009156 0.023902 140.000000 17.893116
-0.009164 0.067055 140.000000 69.517298
-0.008745 0.064183 140.000000 66.212212
-0.001999 0.070216 140.000000 81.096636
0.002163 0.058397 140.000000 70.173747
-0.005411 0.014480 140.000000 11.437730
-0.001843 0.042999 140.000000 45.650523
-0.008670 0.066542 140.000000 69.338054
0.006993 0.048508 140.000000 62.742161
-0.004148 0.009109 140.000000 10.389513
0.003860 0.085898 140.000000 108.372199
0.009441 0.028078 140.000000 38.901658
-0.009539 0.055505 140.000000 54.315826
-0.007650 0.099470 140.000000 113.407369
0.009879 0.048259 140.000000 65.885927
-0.009127 0.074734 140.000000 79.515782
0.001437 0.019691 140.000000 19.024555
-0.007628 0.040730 140.000000 37.360942
0.006481 0.002120 140.000000 5.371238
-0.006028 0.029668 140.000000 25.151763
0.007302 0.039282 140.000000 50.977172
-0.007776 0.067694 140.000000 71.723949
-0.000344 0.011922 140.000000 9.254680
-0.007261 0.041180 140.000000 38.226694
-0.004975 0.063370 140.000000 68.953174
-0.003150 0.015335 140.000000 11.529014
0.003551 0.094474 140.000000 119.332952
0.008496 0.048965 140.000000 65.139698
0.007689 0.084046 140.000000 110.416640
-0.000703 0.044453 140.000000 48.730237
0.007543 0.015606 140.000000 20.453443
0.000921 0.022769 140.000000 22.394515
0.002346 0.037929 140.000000 43.494652
-0.004680 0.086214 140.000000 99.200749
0.002454 0.093870 140.000000 117.270257
-0.001974 0.095016 140.000000 113.761791
0.005964 0.040326 140.000000 50.765770
-0.005035 0.018913 140.000000 14.215420
-0.009505 0.004578 140.000000 20.654123
-0.001684 0.016068 140.000000 12.581086
-0.007456 0.020282 140.000000 15.132285
-0.000392 0.075463 140.000000 89.773132
-0.001827 0.024893 140.000000 22.580507
-0.005124 0.061562 140.000000 66.441610
-0.000460 0.059981 140.000000 69.334648
-0.007962 0.028906 140.000000 23.133879
-0.000389 0.077529 140.000000 92.497705
-0.006933 0.032406 140.000000 27.760850
0.005472 0.031357 140.000000 38.427197
0.003149 0.016741 140.000000 17.002133
-0.002430 0.019253 140.000000 15.541265
0.007054 0.021384 140.000000 27.290516
0.002023 0.031425 140.000000 34.653301
-0.007514 0.075181 140.000000 81.742862
0.000326 0.043091 140.000000 48.048878
0.005412 0.026517 140.000000 32.034940
-0.009588 0.094777 140.000000 105.200287
-0.004934 0.005533 140.000000 13.478721
0.001703 0.032947 140.000000 36.291111
0.002949 0.058964 140.000000 71.810477
-0.003297 0.019365 140.000000 15.215165
0.005467 0.005288 140.000000 6.384981
-0.009483 0.023473 140.000000 17.541198
-0.005542 0.062876 140.000000 67.724177
-0.000731 0.022360 140.000000 20.392862
-0.006140 0.074438 140.000000 82.201125
-0.002289 0.059867 140.000000 67.202379
0.003612 0.003421 140.000000 5.613195
-0.009435 0.067686 140.000000 70.067948
-0.006067 0.038032 140.000000 35.306011
0.005175 0.097132 140.000000 124.728633
-0.008433 0.084947 140.000000 93.548291
-0.000927 0.063074 140.000000 72.886561
-0.005602 0.092664 140.000000 106.676292
0.002899 0.027993 140.000000 31.138893
0.000363 0.057366 140.000000 66.804744
-0.008782 0.028368 140.000000 22.185374
-0.005446 0.010592 140.000000 11.269488
-0.000625 0.096847 140.000000 117.689000
0.004593 0.033316 140.000000 39.978209
-0.007094 0.030812 140.000000 25.783407
-0.006571 0.021308 140.000000 16.026206
0.004377 0.079473 140.000000 100.495099
-0.005842 0.005520 140.000000 14.707859
-0.003683 0.042073 140.000000 42.616533
0.007237 0.015369 140.000000 19.785167
-0.003128 0.010266 140.000000 9.298362
0.009974 0.050817 140.000000 69.365538
-0.003684 0.029022 140.000000 26.123331
-0.004769 0.077256 140.000000 87.343985
0.004750 0.089508 140.000000 114.169929
0.005561 0.006142 140.000000 7.159682
0.008740 0.047998 140.000000 64.161956
0.005580 0.085182 140.000000 109.430496
-0.004000 0.018677 140.000000 14.257864
-0.008737 0.059476 140.000000 60.149758
-0.004317 0.086561 140.000000 100.050559
-0.000192 0.043486 140.000000 48.011045
0.005523 0.061330 140.000000 77.901867
-0.008924 0.055995 140.000000 55.507773
-0.003008 0.074958 140.000000 86.227159
0.002628 0.074512 140.000000 91.934206
0.009551 0.004010 140.000000 9.265155
0.009472 0.069108 140.000000 92.845337
0.001114 0.058664 140.000000 69.345418
-0.000884 0.079076 140.000000 93.982076
0.004570 0.074124 140.000000 93.662902
-0.006832 0.083603 140.000000 93.469742
-0.002537 0.056434 140.000000 62.446015
0.009621 0.081137 140.000000 108.884587
0.003354 0.008614 140.000000 7.868480
0.000881 0.071919 140.000000 86.532335
0.003647 0.007205 140.000000 6.818860
-0.000544 0.063783 140.000000 74.238679
0.000661 0.085311 140.000000 103.933736
-0.003170 0.089391 140.000000 105.028497
0.008211 0.038452 140.000000 50.977341
-0.007728 0.068928 140.000000 73.376953
0.008034 0.063902 140.000000 84.259444
0.005081 0.030495 140.000000 36.847109
-0.003526 0.016443 140.000000 12.374003
0.003747 0.066928 140.000000 83.220534
-0.002347 0.081471 140.000000 95.513310
-0.002319 0.054460 140.000000 60.095014
0.006773 0.042310 140.000000 54.328113
-0.006993 0.019523 140.000000 14.568716
0.002415 0.012371 140.000000 11.112269
-0.002229 0.063563 140.000000 72.112923
-0.006645 0.096314 140.000000 110.342890
-0.006283 0.045327 140.000000 44.326322
-0.004391 0.082121 140.000000 94.136858
0.004162 0.006085 140.000000 6.239532
-0.004785 0.036905 140.000000 35.003703
0.000760 0.050897 140.000000 58.747992
0.008724 0.005681 140.000000 9.960875
0.002102 0.097861 140.000000 122.131894
0.008909 0.048311 140.000000 64.776768
0.005877 0.065157 140.000000 83.363110
0.006262 0.076066 140.000000 98.202962
0.005980 0.019500 140.000000 23.593485
0.004558 0.095640 140.000000 122.040148
0.005802 0.014764 140.000000 17.348016
0.003566 0.023331 140.000000 25.827068
-0.008007 0.078205 140.000000 85.181724
0.007792 0.070654 140.000000 92.873926
-0.009845 0.031597 140.000000 25.128887
-0.001287 0.013450 140.000000 10.300089
0.002277 0.057276 140.000000 68.825746
0.007806 0.095452 140.000000 125.607780
0.007872 0.052061 140.000000 68.466315
0.001736 0.036364 140.000000 40.781002
0.002675 0.067795 140.000000 83.134352
0.004189 0.033711 140.000000 40.034959
-0.004431 0.059131 140.000000 63.986796
0.006316 0.035838 140.000000 45.286907
-0.002233 0.031660 140.000000 30.682669
-0.009313 0.028870 140.000000 22.491466
-0.000038 0.042511 140.000000 46.900982
-0.005987 0.061889 140.000000 65.985330
-0.009398 0.013233 140.000000 14.630092
0.005998 0.065181 140.000000 83.535789
0.007703 0.087072 140.000000 114.427064
-0.005037 0.085200 140.000000 97.483102
0.000431 0.042640 140.000000 47.571097
-0.007922 0.045670 140.000000 43.293257
0.001965 0.093993 140.000000 116.870707
-0.005389 0.012705 140.000000 11.037583
-0.006816 0.057696 140.000000 59.714091
-0.008071 0.032646 140.000000 27.284778
-0.000796 0.049712 140.000000 55.504894
0.005538 0.058878 140.000000 74.688536
0.006856 0.079834 140.000000 103.873686
-0.001183 0.062774 140.000000 72.212250
-0.005601 0.040619 140.000000 38.965818
0.009329 0.071368 140.000000 95.651064
-0.006504 0.079874 140.000000 88.932006
-0.005869 0.023496 140.000000 18.354753
-0.007832 0.014700 140.000000 12.975888
0.005858 0.058177 140.000000 74.139883
0.007624 0.066079 140.000000 86.641240
-0.005004 0.013838 140.000000 11.037719
0.000657 0.053367 140.000000 61.876531
-0.005267 0.017286 140.000000 12.913634
0.008287 0.012206 140.000000 17.082900
-0.001420 0.098853 140.000000 119.438480
-0.005123 0.070782 140.000000 78.487262
0.005089 0.026536 140.000000 31.688141
-0.007165 0.048542 140.000000 47.614110
-0.006660 0.063934 140.000000 67.962575
-0.005501 0.068729 140.000000 75.405036
-0.007310 0.020038 140.000000 14.950981
-0.007992 0.058597 140.000000 59.733037
-0.006622 0.033802 140.000000 29.656548
0.003356 0.065729 140.000000 81.189630
0.006598 0.013029 140.000000 16.086381
-0.006398 0.027513 140.000000 22.439945
-0.007573 0.056421 140.000000 57.331582
0.002542 0.092659 140.000000 115.773044
0.004875 0.095983 140.000000 122.862278
-0.008470 0.092472 140.000000 103.358095
0.009581 0.056842 140.000000 76.815873
-0.007315 0.019065 140.000000 14.292812
0.006924 0.095106 140.000000 124.109070
-0.005351 0.057431 140.000000 60.832400
-0.007047 0.039783 140.000000 36.665575
-0.006578 0.029440 140.000000 24.524991
-0.005808 0.036829 140.000000 34.024940
0.003251 0.030273 140.000000 34.491869
0.002817 0.091149 140.000000 114.096811
-0.002412 0.025121 140.000000 22.381528
0.008370 0.030572 140.000000 40.845132
-0.001490 0.005211 140.000000 9.366552
0.006437 0.059260 140.000000 76.246355
0.002771 0.019848 140.000000 20.527917
0.006003 0.045569 140.000000 57.706519
-0.001575 0.054190 140.000000 60.531003
0.007424 0.032689 140.000000 42.474303
0.006123 0.083473 140.000000 107.812466
-0.004672 0.048342 140.000000 49.732400
-0.006733 0.018125 140.000000 13.616081
-0.005534 0.023790 140.000000 18.816371
-0.009682 0.018098 140.000000 14.754537
0.005378 0.071177 140.000000 90.716223
0.004263 0.070124 140.000000 88.031116
-0.008018 0.077646 140.000000 84.440992
0.009751 0.077372 140.000000 104.075002
-0.000521 0.070728 140.000000 83.396881
-0.000417 0.082850 140.000000 99.475344
0.001228 0.078238 140.000000 95.251889
-0.000624 0.078570 140.000000 93.605321
0.007252 0.031819 140.000000 41.128771
-0.006987 0.013177 140.000000 12.296347
-0.005694 0.050642 140.000000 51.700605
0.001210 0.061331 140.000000 72.962268
-0.004949 0.082783 140.000000 94.404599
-0.006177 0.071141 140.000000 77.853291
0.004452 0.099220 140.000000 126.642944
0.002571 0.012981 140.000000 11.929639
-0.009469 0.028657 140.000000 22.215287
-0.005851 0.064540 140.000000 69.575474
0.009796 0.071569 140.000000 96.478754
-0.003335 0.094589 140.000000 111.687482
-0.003483 0.032890 140.000000 31.102689
0.006604 0.095221 140.000000 123.882497
0.002398 0.071856 140.000000 88.170607
-0.007189 0.058544 140.000000 60.445267
-0.007879 0.055027 140.000000 55.247301
-0.009225 0.068400 140.000000 71.198403
-0.002790 0.067145 140.000000 76.205806
-0.005596 0.011756 140.000000 11.206350
-0.008543 0.021463 140.000000 16.032484
0.009478 0.056266 140.000000 75.933653
-0.003252 0.097428 140.000000 115.517693
-0.003899 0.005512 140.000000 12.136285
-0.008810 0.018810 140.000000 14.565282
0.001238 0.087532 140.000000 107.517249
-0.002999 0.045673 140.000000 47.946099
-0.007707 0.007501 140.000000 15.641606
0.001619 0.077353 140.000000 94.528180
-0.005859 0.093834 140.000000 107.934714
-0.006113 0.017969 140.000000 13.435596
0.005913 0.040472 140.000000 50.897454
-0.009780 0.071853 140.000000 75.123943
0.001965 0.093397 140.000000 116.083560
0.008929 0.030911 140.000000 41.970802
0.009972 0.034849 140.000000 48.403423
-0.000042 0.010435 140.000000 8.220666
0.004687 0.043947 140.000000 54.040754
-0.008732 0.029515 140.000000 23.416731
0.007844 0.095346 140.000000 125.512402
0.006407 0.046394 140.000000 59.265659
-0.002984 0.061901 140.000000 69.125259
-0.009224 0.048593 140.000000 45.843131
0.004125 0.033918 140.000000 40.234175
-0.002169 0.071807 140.000000 83.001096
0.003446 0.059398 140.000000 72.951034
-0.008845 0.076694 140.000000 82.352704
-0.002728 0.034448 140.000000 33.764125
-0.003339 0.019081 140.000000 14.904005
0.002807 0.044575 140.000000 52.723593
0.003779 0.038764 140.000000 46.193578
-0.006521 0.098168 140.000000 112.913601
0.009858 0.089073 140.000000 119.636675
0.008662 0.049008 140.000000 65.395529
-0.006185 0.081133 140.000000 90.919175
-0.008845 0.081281 140.000000 88.334107
-0.006023 0.028420 140.000000 23.701077
-0.009991 0.070048 140.000000 72.578953
-0.008046 0.099141 140.000000 112.552228
-0.005061 0.050052 140.000000 51.558909
-0.000188 0.070032 140.000000 82.852327
-0.000855 0.004509 140.000000 9.097314
0.002691 0.004096 140.000000 5.944172
0.000912 0.068808 140.000000 82.470471
0.002774 0.002484 140.000000 6.634547
0.009435 0.021931 140.000000 30.908670
-0.002366 0.003787 140.000000 11.550892
-0.005756 0.015403 140.000000 11.935562
-0.006155 0.002940 140.000000 17.512673
-0.003104 0.083119 140.000000 96.849771
-0.005865 0.005463 140.000000 14.786517
0.002183 0.002529 140.000000 7.165578
0.001659 0.003551 140.000000 7.009378
-0.007728 0.086927 140.000000 96.877683
0.003565 0.015234 140.000000 15.546556
0.001039 0.074794 140.000000 90.499633
0.007849 0.002754 140.000000 6.439126
0.006243 0.066447 140.000000 85.492538
0.004358 0.074127 140.000000 93.420065
0.001153 0.076318 140.000000 92.637019
0.002022 0.043671 140.000000 50.660112
-0.005345 0.088931 140.000000 102.049696
0.006740 0.008514 140.000000 10.803154
0.001347 0.081508 140.000000 99.697540
0.001497 0.017490 140.000000 16.366817
-0.000124 0.047399 140.000000 53.199846
-0.008156 0.062954 140.000000 65.199158
0.004239 0.065013 140.000000 81.264351
-0.002128 0.060639 140.000000 68.388254
0.006611 0.015172 140.000000 18.794622
0.008021 0.057915 140.000000 76.353848
-0.003147 0.068046 140.000000 77.004346
-0.004391 0.045305 140.000000 46.089364
0.001171 0.071179 140.000000 85.884707
-0.009178 0.040068 140.000000 35.331109
-0.000534 0.014071 140.000000 11.110830
-0.009993 0.060327 140.000000 60.057461
0.004749 0.049875 140.000000 61.910698
-0.002857 0.033521 140.000000 32.466361
-0.008691 0.037135 140.000000 32.155152
0.001574 0.042987 140.000000 49.268617
-0.009760 0.081072 140.000000 87.125207
0.003043 0.069547 140.000000 85.864139
-0.008042 0.033162 140.000000 27.902400
-0.008844 0.076200 140.000000 81.710945
0.001037 0.097634 140.000000 120.612427
-0.004476 0.008735 140.000000 10.880262
-0.005291 0.050944 140.000000 52.484932
0.006672 0.041522 140.000000 53.171815
-0.004200 0.090260 140.000000 105.041300
0.000256 0.050487 140.000000 57.656966
-0.004141 0.038953 140.000000 38.184073
-0.006910 0.006695 140.000000 15.193459
0.005487 0.074567 140.000000 95.316168
-0.004929 0.077608 140.000000 87.635402
0.000720 0.083360 140.000000 101.428630
-0.008562 0.027247 140.000000 21.121917
0.007280 0.054839 140.000000 71.419622
-0.007364 0.019961 140.000000 14.898676
-0.009507 0.058870 140.000000 58.645509
-0.001109 0.026252 140.000000 24.890061
0.009880 0.019950 140.000000 28.910936
-0.009494 0.016044 140.000000 14.335271
0.009506 0.074307 140.000000 99.738583
-0.008421 0.056828 140.000000 57.045820
0.004507 0.030522 140.000000 36.225572
0.006794 0.049026 140.000000 63.187922
-0.003256 0.034760 140.000000 33.670600
-0.003355 0.030642 140.000000 28.401136
-0.005808 0.010457 140.000000 11.676385
-0.000227 0.071901 140.000000 85.267942
0.003392 0.038656 140.000000 45.613990
0.004753 0.002761 140.000000 5.330783
0.009632 0.082834 140.000000 111.135969
0.005975 0.099333 140.000000 128.572807
0.006698 0.095660 140.000000 124.573811
-0.004202 0.047551 140.000000 49.173398
0.005550 0.031577 140.000000 38.805066
-0.009632 0.039284 140.000000 34.056979
-0.002096 0.078754 140.000000 92.215520
-0.007338 0.015618 140.000000 12.768812
0.003234 0.078007 140.000000 97.239041
-0.002815 0.059804 140.000000 66.559045
0.009423 0.035246 140.000000 48.247785
0.006349 0.001602 140.000000 5.321647
-0.006713 0.001264 140.000000 20.015366
0.006936 0.007906 140.000000 10.331078
-0.000749 0.078517 140.000000 93.396276
0.007617 0.065529 140.000000 85.907478
0.007192 0.014989 140.000000 19.249157
0.006255 0.013088 140.000000 15.764880
-0.007521 0.053005 140.000000 52.990764
0.005054 0.069852 140.000000 88.590835
0.005400 0.006222 140.000000 7.103611
0.002204 0.028472 140.000000 31.013099
0.007600 0.053049 140.000000 69.442775
-0.005438 0.067479 140.000000 73.837936
0.009430 0.002931 140.000000 8.154078
0.008017 0.024672 140.000000 32.718543
0.005608 0.055884 140.000000 70.825542
0.001732 0.027188 140.000000 28.856127
0.007967 0.017273 140.000000 23.095356
0.002120 0.096371 140.000000 120.185762
0.008569 0.034913 140.000000 46.768727
-0.004469 0.023332 140.000000 18.875461
-0.004516 0.086313 140.000000 99.508917
-0.001561 0.035988 140.000000 36.863377
0.008275 0.041855 140.000000 55.523882
0.006257 0.088331 140.000000 114.381634
0.009989 0.082990 140.000000 111.770294
-0.004248 0.006510 140.000000 11.855538
-0.001868 0.068446 140.000000 78.913923
-0.007959 0.085123 140.000000 94.272869
-0.004161 0.039654 140.000000 39.059495
-0.006421 0.032023 140.000000 27.666983
0.004412 0.074191 140.000000 93.567446
0.000576 0.067167 140.000000 79.933088
0.009741 0.098318 140.000000 131.693469
-0.001936 0.060191 140.000000 68.007013
0.005595 0.018493 140.000000 21.856252
0.006342 0.021247 140.000000 26.270646
-0.003868 0.086834 140.000000 100.898630
0.006848 0.024853 140.000000 31.549614
0.000421 0.036810 140.000000 39.955922
-0.003438 0.010395 140.000000 9.526988
0.009418 0.019542 140.000000 27.805470
0.005336 0.080841 140.000000 103.416998
-0.002568 0.027792 140.000000 25.532780
-0.000508 0.040149 140.000000 43.326421
-0.005446 0.017384 140.000000 12.989748
0.000580 0.060836 140.000000 71.607290
-0.004866 0.056838 140.000000 60.554587
0.000831 0.069730 140.000000 83.593236
-0.008009 0.091826 140.000000 102.997711
-0.005264 0.057615 140.000000 61.159708
-0.001764 0.029500 140.000000 28.381681
-0.002501 0.006898 140.000000 9.544847
-0.005725 0.044623 140.000000 43.945030
0.006518 0.012403 140.000000 15.217231
0.008756 0.019340 140.000000 26.720377
0.001307 0.025978 140.000000 26.862656
-0.000643 0.027653 140.000000 27.087863
0.005903 0.006767 140.000000 8.049900
-0.009366 0.070528 140.000000 73.815467
0.001475 0.035366 140.000000 39.197396
-0.005859 0.051813 140.000000 53.050233
-0.002521 0.067564 140.000000 77.045994
-0.002712 0.030735 140.000000 29.079427
0.009570 0.030499 140.000000 42.219592
-0.009016 0.097230 140.000000 109.015716
0.006239 0.045596 140.000000 58.018733
0.009421 0.076966 140.000000 103.143552
0.000281 0.066042 140.000000 78.122779
0.009482 0.032493 140.000000 44.716999
0.001199 0.013239 140.000000 11.199205
0.005406 0.002846 140.000000 5.271375
-0.002219 0.090028 140.000000 106.918964
-0.008841 0.060402 140.000000 61.242101
0.001670 0.085828 140.000000 105.762203
-0.008695 0.003315 140.000000 20.730687
-0.009583 0.038154 140.000000 32.745073
0.002477 0.071708 140.000000 88.064024
0.007346 0.010866 140.000000 14.295096
0.008172 0.081959 140.000000 108.236938
-0.006665 0.026846 140.000000 21.551606
0.007258 0.053790 140.000000 70.011093
-0.008865 0.062111 140.000000 63.420780
0.003472 0.052788 140.000000 64.277089
0.008935 0.081420 140.000000 108.435857
0.004534 0.033926 140.000000 40.710233
0.007091 0.073433 140.000000 95.707581
0.005064 0.035876 140.000000 43.876315
0.008026 0.090108 140.000000 118.815993
0.002979 0.091457 140.000000 114.689232
0.002133 0.099915 140.000000 124.877559
0.002024 0.054427 140.000000 64.792483
-0.006081 0.012775 140.000000 11.560841
-0.009506 0.049227 140.000000 46.397267
-0.003939 0.095056 140.000000 111.636681
0.004755 0.064221 140.000000 80.818979
0.008628 0.066975 140.000000 89.019515
-0.001870 0.095750 140.000000 114.844558
-0.001869 0.071093 140.000000 82.390682
-0.000854 0.004828 140.000000 8.879255
0.008749 0.006455 140.000000 10.825539
-0.008572 0.098617 140.000000 111.303217
-0.007180 0.048140 140.000000 47.087441
0.008487 0.050550 140.000000 67.213693
0.008505 0.062921 140.000000 83.528919
-0.007615 0.027665 140.000000 21.962667
0.007056 0.006222 140.000000 8.642156
-0.000125 0.078659 140.000000 94.281875
-0.009871 0.056805 140.000000 55.670218
0.006964 0.087384 140.000000 113.964622
-0.005402 0.058985 140.000000 62.801476
-0.009078 0.062081 140.000000 63.177091
0.001410 0.075772 140.000000 92.207789
0.006161 0.004857 140.000000 6.552906
0.004199 0.040966 140.000000 49.562093
0.008601 0.046592 140.000000 62.144090
-0.009919 0.013980 140.000000 14.973323
0.001804 0.017657 140.000000 16.847918
0.006713 0.055383 140.000000 71.464028
0.000712 0.081663 140.000000 99.182621
-0.009441 0.003181 140.000000 21.928015
-0.005231 0.037950 140.000000 35.925546
0.007748 0.089560 140.000000 117.763440
0.001236 0.007779 140.000000 6.766978
0.008493 0.053014 140.000000 70.464329
-0.005281 0.001015 140.000000 18.255367
0.002037 0.034962 140.000000 39.278636
0.004451 0.086180 140.000000 109.430867
0.007396 0.033137 140.000000 43.026868
0.006831 0.054314 140.000000 70.195058
-0.008955 0.085069 140.000000 93.164727
-0.007697 0.042050 140.000000 38.946153
0.008728 0.040048 140.000000 53.699320
-0.006796 0.024777 140.000000 19.289243
0.001986 0.024652 140.000000 25.854968
-0.002343 0.050632 140.000000 55.070852
0.009195 0.053263 140.000000 71.638082
0.000360 0.082315 140.000000 99.643609
0.002885 0.089241 140.000000 111.657267
-0.000959 0.040329 140.000000 43.091448
0.004764 0.071246 140.000000 90.091275
-0.001417 0.045718 140.000000 49.630161
0.004208 0.044084 140.000000 53.668251
-0.005714 0.048894 140.000000 49.429538
0.005880 0.040285 140.000000 50.613778
-0.001886 0.074762 140.000000 87.196033
-0.003272 0.089605 140.000000 105.197717
-0.004355 0.088840 140.000000 103.004906
-0.002088 0.021169 140.000000 17.918823
-0.008657 0.023847 140.000000 17.898945
0.002206 0.066595 140.000000 81.018149
0.007788 0.049716 140.000000 65.278994
-0.002057 0.095479 140.000000 114.280094
0.001292 0.082106 140.000000 100.423589
-0.005111 0.014810 140.000000 11.449382
0.000115 0.043471 140.000000 48.319056
-0.005868 0.013156 140.000000 11.415762
0.004289 0.054875 140.000000 67.962156
-0.005796 0.007632 140.000000 13.057746
0.008860 0.087992 140.000000 117.016228
-0.002368 0.066222 140.000000 75.451077
0.001431 0.090564 140.000000 111.735379
-0.009735 0.086846 140.000000 94.681314
0.008636 0.062496 140.000000 83.125607
0.009254 0.027743 140.000000 38.234036
-0.007362 0.019905 140.000000 14.858506
-0.002440 0.034959 140.000000 34.688655
-0.006606 0.090052 140.000000 102.165046
-0.006916 0.082244 140.000000 91.601736
0.002622 0.005222 140.000000 5.849307
0.005470 0.017505 140.000000 20.448850
0.008755 0.077604 140.000000 103.188251
0.009323 0.030946 140.000000 42.499940
0.008743 0.004140 140.000000 8.446861
-0.009681 0.069068 140.000000 71.613911
0.004384 0.069683 140.000000 87.589165
-0.008105 0.072815 140.000000 78.054051
0.007825 0.051509 140.000000 67.683070
0.004904 0.092763 140.000000 118.646411
-0.002465 0.062527 140.000000 70.499378
-0.005073 0.022793 140.000000 17.977921
0.006371 0.065045 140.000000 83.795385
0.004732 0.001343 140.000000 5.845089
-0.004553 0.054763 140.000000 58.174261
-0.005329 0.060683 140.000000 65.085703
-0.006307 0.016041 140.000000 12.412030
-0.000711 0.001590 140.000000 11.422346
-0.005833 0.055698 140.000000 58.100151
0.008845 0.040025 140.000000 53.809704
-0.007130 0.063104 140.000000 66.411188
-0.003956 0.007564 140.000000 10.853390
-0.002307 0.095443 140.000000 113.953906
-0.001209 0.050968 140.000000 56.706395
0.008816 0.013390 140.000000 19.218160
-0.001859 0.090531 140.000000 107.981089
-0.001374 0.010035 140.000000 8.273891
0.006742 0.080015 140.000000 103.977276
-0.007693 0.054696 140.000000 54.998096
0.006592 0.026839 140.000000 33.833488
0.001151 0.087298 140.000000 107.110147
0.003349 0.020442 140.000000 21.883481
0.001143 0.020430 140.000000 19.670746
0.001268 0.068484 140.000000 82.443999
0.001927 0.064682 140.000000 78.180530
-0.008459 0.035909 140.000000 30.856237
-0.002660 0.021618 140.000000 18.049034
-0.005020 0.033040 140.000000 29.980605
-0.003444 0.096438 140.000000 114.000876
-0.005121 0.065322 140.000000 71.350074
0.005709 0.047140 140.000000 59.429336
-0.007248 0.034435 140.000000 29.957730
-0.005326 0.015260 140.000000 11.723819
0.006935 0.042780 140.000000 55.137387
0.007381 0.086547 140.000000 113.352581
-0.006773 0.070712 140.000000 76.676342
0.008430 0.054528 140.000000 72.382011
-0.004933 0.083602 140.000000 95.496250
-0.005977 0.036577 140.000000 33.569492
0.005522 0.068277 140.000000 87.060251
-0.001124 0.036045 140.000000 37.373327
0.000068 0.027717 140.000000 27.853613
0.004947 0.051770 140.000000 64.634895
-0.008057 0.086369 140.000000 95.801799
0.008295 0.095707 140.000000 126.525208
-0.004904 0.009176 140.000000 11.168412
-0.009059 0.018045 140.000000 14.392368
0.002752 0.049882 140.000000 59.635435
0.001199 0.037745 140.000000 42.003550
-0.009051 0.031074 140.000000 24.949667
0.001509 0.026884 140.000000 28.232738
-0.004019 0.053187 140.000000 56.669328
0.004335 0.064714 140.000000 80.980951
0.000644 0.043282 140.000000 48.640506
-0.007563 0.015579 140.000000 12.896762
-0.008589 0.060282 140.000000 61.329478
-0.005499 0.022025 140.000000 17.005100
-0.002263 0.049309 140.000000 53.427877
-0.004940 0.051240 140.000000 53.214786
-0.007795 0.068963 140.000000 73.354391
0.008044 0.019186 140.000000 25.646516
-0.002460 0.019679 140.000000 15.990589
-0.008086 0.004958 140.000000 18.298787
0.009656 0.096022 140.000000 128.562976
0.003083 0.059898 140.000000 73.194580
0.009217 0.015863 140.000000 22.845872
-0.004132 0.099278 140.000000 116.980486
-0.002004 0.044969 140.000000 48.045937
0.000763 0.035157 140.000000 38.165717
0.004033 0.084440 140.000000 106.648770
-0.003314 0.035494 140.000000 34.548850
0.008677 0.083170 140.000000 110.436153
0.006402 0.022868 140.000000 28.441712
0.001154 0.034208 140.000000 37.346070
0.002633 0.099624 140.000000 125.068314
-0.006799 0.079193 140.000000 87.730973
0.003925 0.028700 140.000000 33.191008
0.000607 0.047778 140.000000 54.488874
-0.000680 0.042887 140.000000 46.713574
-0.007570 0.027557 140.000000 21.868378
0.000297 0.099296 140.000000 121.962168
-0.001621 0.012779 140.000000 9.737092
0.002505 0.051803 140.000000 61.882038
0.003100 0.063700 140.000000 78.223341
0.000013 0.059997 140.000000 69.875913
0.004236 0.063865 140.000000 79.748231
-0.000020 0.087889 140.000000 106.562229
0.008089 0.005519 140.000000 9.053738
-0.004814 0.079337 140.000000 90.026028
-0.007956 0.048583 140.000000 46.945730
-0.009304 0.067880 140.000000 70.446269
-0.009854 0.035441 140.000000 29.402364
-0.009187 0.026492 140.000000 20.182527
0.003841 0.094866 140.000000 120.184386
-0.002981 0.005096 140.000000 11.277280
-0.001783 0.090956 140.000000 108.625492
0.000808 0.084154 140.000000 102.574841
0.006682 0.078365 140.000000 101.731096
-0.007423 0.087345 140.000000 97.747028
0.000579 0.033286 140.000000 35.543782
-0.009279 0.075248 140.000000 80.030971
0.007203 0.056124 140.000000 73.021116
-0.003024 0.011392 140.000000 9.382941
-0.006696 0.015877 140.000000 12.509230
0.002036 0.072380 140.000000 88.448030
0.009352 0.059786 140.000000 80.416580
0.007973 0.045730 140.000000 60.255425
0.004929 0.039153 140.000000 48.020241
-0.005887 0.069463 140.000000 75.962759
0.005782 0.029316 140.000000 36.117799
-0.005925 0.044338 140.000000 43.395479
-0.003315 0.006540 140.000000 10.686753
-0.000036 0.061857 140.000000 72.267220
0.000466 0.024958 140.000000 24.727759
-0.004563 0.033192 140.000000 30.547712
-0.007279 0.037512 140.000000 33.670994
0.002424 0.070369 140.000000 86.239849
0.002517 0.093642 140.000000 117.041233
0.002103 0.066802 140.000000 81.173813
-0.008010 0.024935 140.000000 19.024716
-0.001040 0.041471 140.000000 44.492844
0.003745 0.095991 140.000000 121.559392
-0.001811 0.065430 140.000000 75.015550
-0.007123 0.011160 140.000000 12.844710
0.007070 0.099736 140.000000 130.392973
-0.005941 0.012480 140.000000 11.452364
0.008410 0.085733 140.000000 113.499910
0.008409 0.027903 140.000000 37.405649
-0.005939 0.040769 140.000000 38.854335
-0.000510 0.072343 140.000000 85.535223
0.005975 0.041053 140.000000 51.733930
0.003880 0.008864 140.000000 8.469938
-0.008287 0.025886 140.000000 19.861420
0.007729 0.066327 140.000000 87.093840
-0.000135 0.039645 140.000000 43.062391
0.004605 0.015120 140.000000 16.478756
-0.006940 0.076763 140.000000 84.406093
-0.006358 0.045265 140.000000 44.179147
0.006808 0.041437 140.000000 53.221228
0.008426 0.021204 140.000000 28.719227
-0.009776 0.013728 140.000000 14.890568
0.006154 0.077088 140.000000 99.424300
-0.003118 0.025000 140.000000 21.691316
-0.001864 0.028312 140.000000 26.795757
0.005009 0.060022 140.000000 75.578136
-0.009915 0.072156 140.000000 75.383794
-0.009232 0.067367 140.000000 69.853428
0.007814 0.019021 140.000000 25.153848
-0.003951 0.026248 140.000000 22.566869
-0.003407 0.021953 140.000000 17.958002
-0.005986 0.026696 140.000000 21.760345
-0.001399 0.073573 140.000000 86.168767
0.001111 0.010487 140.000000 8.473744
0.002241 0.009677 140.000000 8.233239
-0.007693 0.027544 140.000000 21.796190
-0.002982 0.058785 140.000000 65.050065
-0.008380 0.011831 140.000000 13.988415
0.003614 0.061577 140.000000 76.015436
-0.007982 0.061619 140.000000 63.643232
-0.007596 0.062217 140.000000 64.798003
0.003768 0.013338 140.000000 13.429957
0.001332 0.089757 140.000000 110.558859
-0.008337 0.012919 140.000000 13.607062
-0.000370 0.029610 140.000000 29.844075
0.009505 0.001298 140.000000 7.066975
0.003355 0.014981 140.000000 15.027905
-0.000012 0.024732 140.000000 23.987740
0.009449 0.061594 140.000000 82.915310
0.009030 0.028579 140.000000 39.048553
-0.009505 0.005866 140.000000 19.464933
-0.006737 0.072662 140.000000 79.257542
0.007248 0.019482 140.000000 25.064415
0.002190 0.098747 140.000000 123.402223
-0.002786 0.091215 140.000000 107.853063
0.002762 0.038194 140.000000 44.301958
-0.004672 0.049623 140.000000 51.387933
0.001906 0.019669 140.000000 19.442704
-0.002560 0.089550 140.000000 105.911164
0.009109 0.093809 140.000000 124.988676
0.008645 0.058995 140.000000 78.525298
0.005210 0.063089 140.000000 79.855341
0.003887 0.036632 140.000000 43.519798
-0.007295 0.015208 140.000000 12.656722
-0.008633 0.012311 140.000000 14.095947
-0.005915 0.061671 140.000000 65.774496
-0.008967 0.088565 140.000000 97.722697
0.004081 0.036831 140.000000 44.000576
0.007482 0.003493 140.000000 6.620927
-0.006721 0.014955 140.000000 12.253638
-0.007133 0.015688 140.000000 12.670234
0.002571 0.037604 140.000000 43.318471
-0.006682 0.066429 140.000000 71.186432
0.003000 0.045733 140.000000 54.462056
-0.004124 0.074624 140.000000 84.583306
0.009502 0.031276 140.000000 43.150758
0.008628 0.063829 140.000000 84.873131
-0.002739 0.020746 140.000000 17.010633
-0.004260 0.067629 140.000000 75.271356
-0.000340 0.004715 140.000000 8.373194
0.004934 0.012058 140.000000 13.053751
-0.005635 0.096792 140.000000 112.064358
-0.003790 0.075929 140.000000 86.656114
0.001232 0.045180 140.000000 51.766563
-0.003151 0.076137 140.000000 87.621376
0.007292 0.060578 140.000000 78.996149
-0.000534 0.006909 140.000000 7.615602
-0.006069 0.054387 140.000000 56.170606
-0.001314 0.013485 140.000000 10.323094
0.000347 0.050016 140.000000 57.139218
-0.003622 0.063204 140.000000 70.153997
-0.005754 0.071726 140.000000 79.058763
-0.009070 0.020415 140.000000 15.448734
-0.007957 0.055104 140.000000 55.271587
-0.008420 0.089220 140.000000 99.152389
0.008070 0.085025 140.000000 112.160961
0.004581 0.016170 140.000000 17.771930
-0.001280 0.017536 140.000000 14.331199
-0.005781 0.039007 140.000000 36.774330
-0.001382 0.038405 140.000000 40.163775
-0.007660 0.082137 140.000000 90.680695
-0.001837 0.041039 140.000000 43.113433
-0.004071 0.053504 140.000000 57.027489
-0.001200 0.045814 140.000000 49.982847
0.008108 0.027217 140.000000 36.144473
0.005029 0.061911 140.000000 78.091665
0.004214 0.045698 140.000000 55.798252
-0.002808 0.071788 140.000000 82.281715
0.001921 0.056207 140.000000 67.016992
-0.004076 0.099191 140.000000 116.927982
0.003534 0.092706 140.000000 116.978335
0.003878 0.054840 140.000000 67.443714
-0.003614 0.044790 140.000000 46.186891
-0.008773 0.047110 140.000000 44.367439
0.008985 0.086170 140.000000 114.761262
-0.009163 0.075590 140.000000 80.593462
0.008586 0.059377 140.000000 78.956570
0.000691 0.040451 140.000000 44.991096
0.000315 0.080989 140.000000 97.844882
0.000115 0.033247 140.000000 35.014936
0.001309 0.091146 140.000000 112.364673
0.006519 0.068369 140.000000 88.352492
-0.009125 0.032015 140.000000 25.949151
-0.003539 0.056700 140.000000 61.741371
-0.007823 0.035541 140.000000 30.867284
0.007450 0.032377 140.000000 42.096972
0.006685 0.044645 140.000000 57.294365
0.000755 0.080699 140.000000 97.960511
-0.002297 0.010962 140.000000 8.928601
-0.007028 0.046889 140.000000 45.632854
-0.001758 0.079826 140.000000 93.998547
-0.008797 0.073012 140.000000 77.609376
-0.003420 0.035048 140.000000 33.884752
-0.006592 0.093182 140.000000 106.288621
0.001272 0.048852 140.000000 56.627844
0.004692 0.070947 140.000000 89.613917
0.003438 0.070500 140.000000 87.574403
0.007731 0.037215 140.000000 48.777174
-0.006409 0.094976 140.000000 108.841149
-0.008491 0.002551 140.000000 21.209415
-0.003125 0.022920 140.000000 19.239753
-0.002780 0.072537 140.000000 83.295610
0.003100 0.051172 140.000000 61.726663
0.003323 0.022134 140.000000 24.023448
0.005957 0.032833 140.000000 40.923976
-0.007041 0.022113 140.000000 16.649312
-0.003183 0.050704 140.000000 54.294465
-0.005803 0.094673 140.000000 109.097889
0.003177 0.060593 140.000000 74.218233
-0.009233 0.026183 140.000000 19.881130
-0.004303 0.053817 140.000000 57.197980
0.001374 0.081174 140.000000 99.287294
0.008398 0.062124 140.000000 82.351216
0.008459 0.087926 140.000000 116.451310
-0.006337 0.024383 140.000000 19.073942
0.002580 0.086102 140.000000 107.166018
0.002368 0.049299 140.000000 58.435916
0.001563 0.089571 140.000000 110.577210
0.000977 0.072643 140.000000 87.594617
0.001646 0.005157 140.000000 6.358034
0.002819 0.042957 140.000000 50.612203
0.008953 0.003126 140.000000 7.789467
-0.009916 0.078074 140.000000 83.065906
0.004925 0.003474 140.000000 5.317111
0.009142 0.019806 140.000000 27.800730
0.002812 0.055456 140.000000 67.036898
0.008338 0.093856 140.000000 124.132082
0.007393 0.024511 140.000000 31.754928
-0.003116 0.071409 140.000000 81.450345
-0.005299 0.048748 140.000000 49.643302
-0.008413 0.056083 140.000000 56.097930
-0.004126 0.063263 140.000000 69.700885
-0.004826 0.090709 140.000000 104.948287
0.002824 0.040641 140.000000 47.578292
0.003848 0.035898 140.000000 42.513289
0.000244 0.041606 140.000000 46.020094
0.001314 0.054026 140.000000 63.470622
-0.006873 0.073434 140.000000 80.124955
0.008102 0.011508 140.000000 15.992727
0.008675 0.092396 140.000000 122.607821
-0.008745 0.026209 140.000000 20.034574
0.002030 0.072944 140.000000 89.184586
0.004131 0.013345 140.000000 13.796288
0.006415 0.043815 140.000000 55.883093
0.001384 0.043380 140.000000 49.575326
0.006660 0.084330 140.000000 109.574787
0.004677 0.004693 140.000000 5.641478
0.007578 0.087498 140.000000 114.841048
0.001136 0.016354 140.000000 14.694561
0.003525 0.069217 140.000000 85.982317
-0.009637 0.015400 140.000000 14.468380
0.004002 0.066380 140.000000 82.792050
-0.002582 0.099197 140.000000 118.593098
0.004747 0.045899 140.000000 56.675828
-0.003008 0.064788 140.000000 72.881287
-0.008672 0.067042 140.000000 69.983509
0.004719 0.092837 140.000000 118.527445
0.008307 0.018852 140.000000 25.539474
0.005548 0.014646 140.000000 16.915073
0.003537 0.094097 140.000000 118.818454
0.007384 0.049262 140.000000 64.199058
-0.002703 0.010599 140.000000 9.050722
0.000568 0.006260 140.000000 6.894781
0.008694 0.010468 140.000000 15.447162
-0.004070 0.016444 140.000000 12.312151
0.009308 0.081085 140.000000 108.440343
0.005458 0.028332 140.000000 34.455198
-0.009886 0.050799 140.000000 48.046332
-0.006145 0.044963 140.000000 43.989725
0.000276 0.003140 140.000000 8.792889
-0.004019 0.042610 140.000000 42.982867
-0.008112 0.087657 140.000000 97.429583
-0.000015 0.062532 140.000000 73.176982
-0.007800 0.094180 140.000000 106.306021
0.007766 0.052834 140.000000 69.356993
0.004646 0.003526 140.000000 5.324111
0.006679 0.098023 140.000000 127.669457
-0.003817 0.070567 140.000000 79.591158
-0.006542 0.082799 140.000000 92.723180
0.006285 0.018488 140.000000 22.646094
0.008272 0.009676 140.000000 13.969662
0.009228 0.092063 140.000000 122.827383
0.001884 0.093624 140.000000 116.290853
0.000988 0.019038 140.000000 17.808450
-0.003738 0.034948 140.000000 33.470275
-0.003188 0.021102 140.000000 17.138548
0.002687 0.070133 140.000000 86.229410
0.002001 0.010030 140.000000 8.436704
0.009525 0.069680 140.000000 93.661613
0.001495 0.070010 140.000000 84.711165
0.003913 0.050715 140.000000 62.052709
-0.009477 0.019192 140.000000 15.002079
-0.000056 0.046082 140.000000 51.548623
-0.002067 0.055516 140.000000 61.742863
-0.009539 0.003581 140.000000 21.670130
-0.005116 0.086099 140.000000 98.576632
-0.009720 0.061758 140.000000 62.150250
0.004255 0.010590 140.000000 10.656199
-0.007366 0.082126 140.000000 90.974505
0.002178 0.039916 140.000000 45.910104
0.003106 0.070262 140.000000 86.878330
-0.002336 0.061545 140.000000 69.351404
0.000726 0.098205 140.000000 121.011804
-0.005501 0.046268 140.000000 46.260839
-0.007658 0.070817 140.000000 75.906618
0.005008 0.072786 140.000000 92.407424
0.009600 0.060598 140.000000 81.784769
0.004748 0.021752 140.000000 25.091948
0.009045 0.017165 140.000000 24.289611
-0.003233 0.025192 140.000000 21.834286
0.008900 0.081579 140.000000 108.604040
0.003558 0.065103 140.000000 80.597215
0.001774 0.051148 140.000000 60.200774
-0.000925 0.084213 140.000000 100.700971
0.006233 0.031604 140.000000 39.639316
0.002823 0.050169 140.000000 60.091840
-0.005304 0.008159 140.000000 12.125911
-0.001409 0.058485 140.000000 66.337688
-0.009306 0.002140 140.000000 22.795900
0.001486 0.030689 140.000000 33.127202
-0.003835 0.082204 140.000000 94.848695
0.006176 0.037519 140.000000 47.328315
0.006274 0.072168 140.000000 93.074043
0.008840 0.008962 140.000000 13.817422
0.005016 0.082082 140.000000 104.681418
-0.007069 0.082387 140.000000 91.626483
0.006069 0.076366 140.000000 98.372299
0.004966 0.087513 140.000000 111.789652
-0.007873 0.030658 140.000000 25.129424
0.008656 0.093267 140.000000 123.734110
0.007434 0.094740 140.000000 124.229027
-0.008092 0.067049 140.000000 70.570322
-0.009881 0.036022 140.000000 30.053395
0.000492 0.009824 140.000000 7.856841
-0.007727 0.095917 140.000000 108.662560
0.007780 0.039726 140.000000 52.131762
-0.002545 0.071476 140.000000 82.156948
0.000960 0.090907 140.000000 111.651071
-0.004782 0.028417 140.000000 24.546255
-0.000501 0.072696 140.000000 86.010467
0.004679 0.039300 140.000000 47.924789
-0.007529 0.070287 140.000000 75.348105
0.004538 0.001470 140.000000 5.892729
0.005588 0.002548 140.000000 5.263858
0.005421 0.034500 140.000000 42.484763
-0.005832 0.038139 140.000000 35.640532
-0.009786 0.082696 140.000000 89.214418
-0.003650 0.033116 140.000000 31.240271
-0.003575 0.097323 140.000000 115.021712
0.000678 0.048370 140.000000 55.342843
0.008891 0.079368 140.000000 105.676125
-0.003698 0.072641 140.000000 82.439352
-0.003677 0.031717 140.000000 29.464473
0.004967 0.028143 140.000000 33.643372
-0.009977 0.001059 140.000000 24.894456
0.009395 0.091154 140.000000 121.827855
-0.006076 0.019305 140.000000 14.412477
0.003359 0.032653 140.000000 37.718163
0.003564 0.072083 140.000000 89.807071
0.002664 0.031161 140.000000 35.005001
-0.001841 0.042033 140.000000 44.398389
0.009890 0.034647 140.000000 48.037083
-0.007609 0.065903 140.000000 69.565433
-0.002105 0.048596 140.000000 52.664011
-0.003768 0.026172 140.000000 22.609797
-0.001184 0.047364 140.000000 52.022375
-0.008259 0.021503 140.000000 16.048454
0.005413 0.024263 140.000000 29.101788
-0.005532 0.010364 140.000000 11.418906
0.003694 0.096174 140.000000 121.741693
-0.000280 0.046007 140.000000 51.211084
0.004652 0.057689 140.000000 72.088696
0.007885 0.041135 140.000000 54.109051
0.003197 0.087064 140.000000 109.143667
0.006065 0.061107 140.000000 78.243798
-0.006437 0.035704 140.000000 32.118639
0.003642 0.064771 140.000000 80.256124
-0.003694 0.030010 140.000000 27.330798
0.007734 0.098532 140.000000 129.588489
0.005453 0.096130 140.000000 123.731358
0.008724 0.068890 140.000000 91.659215
-0.000399 0.030873 140.000000 31.435962
0.000398 0.036728 140.000000 39.825463
-0.001756 0.052093 140.000000 57.596316
-0.009695 0.002918 140.000000 22.557254
0.000602 0.008465 140.000000 7.144369
-0.003451 0.018199 140.000000 13.981889
0.006012 0.058987 140.000000 75.386322
-0.005255 0.082385 140.000000 93.552601
-0.000053 0.066408 140.000000 78.233437
-0.005077 0.077622 140.000000 87.494924
0.008317 0.071389 140.000000 94.468260
0.005653 0.014720 140.000000 17.124946
-0.006144 0.043991 140.000000 42.752832
-0.001767 0.069881 140.000000 80.910581
0.005929 0.007499 140.000000 8.829378
-0.002545 0.086741 140.000000 102.230763
-0.007890 0.084576 140.000000 93.630658
0.001716 0.085848 140.000000 105.841142
-0.001823 0.060126 140.000000 68.043396
0.004532 0.088581 140.000000 112.693242
-0.001140 0.046322 140.000000 50.709199
-0.004635 0.068716 140.000000 76.297221
0.008382 0.032360 140.000000 43.198479
0.008486 0.033031 140.000000 44.202983
0.007561 0.043599 140.000000 56.959881
0.008729 0.014254 140.000000 20.196890
-0.007730 0.034880 140.000000 30.143639
0.005621 0.016151 140.000000 18.896294
-0.008306 0.037706 140.000000 33.120849
-0.000881 0.081281 140.000000 96.889227
-0.006556 0.086600 140.000000 97.690595
-0.007162 0.016756 140.000000 13.044134
0.007884 0.056387 140.000000 74.176905
0.007437 0.025320 140.000000 32.861523
0.005383 0.033592 140.000000 41.250724
-0.008027 0.035158 140.000000 30.264921
0.007474 0.018320 140.000000 23.840304
-0.004103 0.093760 140.000000 109.751983
0.003809 0.077416 140.000000 97.123055
0.008156 0.035277 140.000000 46.746516
-0.006560 0.082178 140.000000 91.890722
-0.002184 0.029460 140.000000 27.950219
0.002186 0.072220 140.000000 88.408111
0.006729 0.062355 140.000000 80.671348
-0.008701 0.068948 140.000000 72.426651
-0.003491 0.068550 140.000000 77.296696
0.007614 0.022705 140.000000 29.675380
0.006209 0.091830 140.000000 118.942376
-0.009733 0.054503 140.000000 52.866249
-0.007890 0.031281 140.000000 25.827544
0.004737 0.050876 140.000000 63.214439
-0.004743 0.047632 140.000000 48.746321
0.003822 0.095295 140.000000 120.729561
-0.003702 0.079625 140.000000 91.604551
0.008656 0.070750 140.000000 94.030418
-0.004959 0.030760 140.000000 27.236019
-0.004721 0.091929 140.000000 106.666766
0.006661 0.019826 140.000000 24.809970
-0.009259 0.006572 140.000000 18.504792
-0.009932 0.001484 140.000000 24.379112
-0.007404 0.071017 140.000000 76.426611
0.003453 0.007267 140.000000 6.777978
0.008613 0.063954 140.000000 85.020457
0.000879 0.083636 140.000000 101.972090
0.009454 0.017266 140.000000 24.931833
-0.001357 0.014529 140.000000 11.228152
0.004172 0.025143 140.000000 28.838983
0.002994 0.041893 140.000000 49.411612
-0.005192 0.066174 140.000000 72.390125
-0.000576 0.050968 140.000000 57.385435
0.009423 0.023641 140.000000 33.108206
0.002889 0.055407 140.000000 67.059541
0.000053 0.022284 140.000000 20.982133
-0.004478 0.044114 140.000000 44.473315
-0.001464 0.028862 140.000000 27.851527
-0.008987 0.056211 140.000000 55.725694
-0.009177 0.094292 140.000000 104.997823
0.009834 0.037999 140.000000 52.359766
-0.004511 0.005933 140.000000 12.608677
-0.001015 0.089689 140.000000 107.816893
0.002139 0.094835 140.000000 118.180575
-0.007430 0.058949 140.000000 60.731812
0.006044 0.064168 140.000000 82.254463
0.007777 0.022916 140.000000 30.145904
0.001466 0.018933 140.000000 18.110654
-0.000638 0.045918 140.000000 50.712367
0.001564 0.053811 140.000000 63.466742
0.003263 0.023776 140.000000 26.072922
0.002122 0.050886 140.000000 60.246145
-0.008205 0.021333 140.000000 15.922067
0.007717 0.020218 140.000000 26.579812
0.002768 0.022591 140.000000 24.023161
0.000211 0.042237 140.000000 46.808863
0.004655 0.073133 140.000000 92.454160
0.005408 0.076516 140.000000 97.794992
-0.005143 0.033012 140.000000 29.845159
0.000662 0.044829 140.000000 50.684365
0.004659 0.098495 140.000000 125.926435
-0.000765 0.062767 140.000000 72.659896
-0.009877 0.073347 140.000000 76.965046
-0.006811 0.050146 140.000000 49.993879
-0.001300 0.029941 140.000000 29.372724
-0.005096 0.081562 140.000000 92.642223
0.004920 0.036236 140.000000 44.182093
0.009795 0.037637 140.000000 51.836794
0.005791 0.001696 140.000000 5.321401
-0.008027 0.005504 140.000000 17.723027
0.003189 0.065157 140.000000 80.245517
0.006740 0.087057 140.000000 113.268878
0.003690 0.028752 140.000000 32.996264
-0.002053 0.032105 140.000000 31.415179
0.002110 0.043418 140.000000 50.426025
-0.004252 0.058593 140.000000 63.470913
-0.000690 0.063934 140.000000 74.275936
-0.006987 0.039661 140.000000 36.564181
-0.001201 0.060653 140.000000 69.408166
-0.007213 0.066252 140.000000 70.417149
0.004309 0.090612 140.000000 115.114116
-0.007102 0.042406 140.000000 39.898275
-0.002096 0.086154 140.000000 101.953560
-0.003620 0.018670 140.000000 14.379381
0.005409 0.070792 140.000000 90.245103
-0.001611 0.087136 140.000000 103.786944
-0.007416 0.063033 140.000000 66.033194
-0.007308 0.045641 140.000000 43.797361
0.001814 0.072451 140.000000 88.288534
-0.009791 0.063209 140.000000 63.948252
-0.008012 0.026702 140.000000 20.777460
-0.002029 0.027856 140.000000 26.077145
-0.005941 0.014103 140.000000 11.605766
-0.000157 0.085055 140.000000 102.672789
0.005850 0.042492 140.000000 53.478579
0.008451 0.096058 140.000000 127.172574
0.003921 0.084814 140.000000 107.013812
0.009607 0.084301 140.000000 113.041217
0.007426 0.095232 140.000000 124.867734
0.000284 0.026097 140.000000 25.998608
0.002167 0.072065 140.000000 88.182876
0.002419 0.064968 140.000000 79.117402
0.005295 0.077799 140.000000 99.354662
0.008837 0.067464 140.000000 89.915166
-0.001069 0.017509 140.000000 14.430924
0.005124 0.008415 140.000000 9.041465
0.007630 0.072551 140.000000 95.183056
-0.009890 0.025820 140.000000 19.429145
0.002252 0.061152 140.000000 73.899363
0.005645 0.034063 140.000000 42.172449
-0.008850 0.065715 140.000000 68.090500
-0.001392 0.082131 140.000000 97.439272
-0.002224 0.027256 140.000000 25.161715
-0.000375 0.064747 140.000000 75.692242
-0.006576 0.012231 140.000000 12.027633
0.000000 0.100000 160.000000 123.888147
-0.006475 0.004184 160.000000 16.782800
0.000287 0.065128 160.000000 77.821252
0.008232 0.001912 160.000000 6.269220
0.005733 0.086630 160.000000 112.601370
-0.006061 0.076124 160.000000 85.626047
0.001875 0.039256 160.000000 45.258001
0.001333 0.089042 160.000000 110.793086
0.003031 0.065896 160.000000 81.898148
-0.004986 0.081492 160.000000 93.854016
0.008961 0.061646 160.000000 83.117483
0.003142 0.089140 160.000000 112.970404
-0.004135 0.048347 160.000000 51.033014
0.008785 0.057056 160.000000 76.803886
-0.001525 0.088811 160.000000 107.306810
-0.000114 0.035504 160.000000 38.234302
0.003561 0.099916 160.000000 127.805946
0.006004 0.028972 160.000000 36.278044
0.004561 0.067775 160.000000 86.140215
-0.005399 0.018951 160.000000 14.606072
0.001071 0.013086 160.000000 11.181676
0.007735 0.001946 160.000000 5.921800
0.002444 0.039206 160.000000 45.810538
-0.006134 0.006613 160.000000 14.274514
0.006580 0.092528 160.000000 121.442931
-0.001123 0.079027 160.000000 94.741195
-0.001387 0.072232 160.000000 85.427501
0.008095 0.025013 160.000000 33.528996
0.002781 0.061920 160.000000 76.327700
-0.004879 0.025300 160.000000 21.345020
-0.001830 0.048207 160.000000 53.162474
-0.006982 0.015234 160.000000 12.783632
-0.000182 0.023225 160.000000 22.325786
-0.007030 0.071497 160.000000 78.532304
-0.008068 0.090455 160.000000 102.488009
0.001634 0.087962 160.000000 109.694086
-0.003430 0.042326 160.000000 43.866335
0.005017 0.090660 160.000000 117.144667
-0.002416 0.009657 160.000000 8.945771
0.002448 0.030263 160.000000 34.023262
0.008352 0.073920 160.000000 98.731250
-0.002018 0.053445 160.000000 59.873115
-0.001335 0.089549 160.000000 108.497377
0.004370 0.050439 160.000000 62.861309
-0.005489 0.049947 160.000000 51.812566
0.003992 0.042465 160.000000 51.845480
-0.002569 0.006123 160.000000 10.109779
0.005145 0.038758 160.000000 48.239347
-0.006811 0.027153 160.000000 22.373516
0.007948 0.090855 160.000000 120.812714
-0.001056 0.068463 160.000000 80.782892
0.009706 0.029872 160.000000 41.882936
0.001637 0.031650 160.000000 34.987965
-0.002829 0.041622 160.000000 43.530919
-0.004270 0.026052 160.000000 22.610099
-0.008404 0.008333 160.000000 16.036770
0.006738 0.061429 160.000000 80.210279
0.007069 0.021336 160.000000 27.484695
-0.001593 0.044147 160.000000 48.065933
0.008965 0.027750 160.000000 38.182271
-0.003675 0.002506 160.000000 14.503128
0.001956 0.012443 160.000000 11.053234
0.002782 0.068263 160.000000 84.767135
-0.007326 0.035161 160.000000 31.444655
-0.000391 0.051533 160.000000 59.060237
0.006837 0.033650 160.000000 43.431892
0.008756 0.037020 160.000000 50.173031
0.009892 0.065800 160.000000 89.753824
0.008931 0.095252 160.000000 127.826849
-0.009883 0.052708 160.000000 51.384533
-0.002664 0.088881 160.000000 106.153240
-0.002075 0.010656 160.000000 8.941430
-0.005004 0.048572 160.000000 50.486474
-0.005193 0.056435 160.000000 60.579144
-0.008732 0.059113 160.000000 60.666888
0.002714 0.008553 160.000000 7.601075
-0.004892 0.017532 160.000000 13.481320
0.001834 0.072231 160.000000 88.979702
0.003420 0.060740 160.000000 75.479414
0.009498 0.012075 160.000000 18.529380
-0.008061 0.059553 160.000000 61.870151
-0.003461 0.082609 160.000000 96.960883
0.002103 0.067435 160.000000 82.900668
-0.001313 0.081756 160.000000 98.159404
0.004130 0.015540 160.000000 16.708561
-0.002841 0.035443 160.000000 35.510278
-0.002739 0.095711 160.000000 115.149213
0.007066 0.004992 160.000000 7.482112
0.003945 0.007441 160.000000 7.261383
-0.001724 0.074325 160.000000 87.840268
-0.006883 0.051865 160.000000 52.989205
-0.005956 0.014753 160.000000 12.089903
0.004926 0.007956 160.000000 8.469047
0.007620 0.033232 160.000000 43.803521
-0.009302 0.087799 160.000000 97.710226
0.003358 0.013156 160.000000 13.010844
0.003670 0.070978 160.000000 89.386621
-0.008840 0.048685 160.000000 47.150781
-0.001063 0.055648 160.000000 63.790656
-0.000774 0.078759 160.000000 94.767994
0.009843 0.099838 160.000000 135.011213
-0.001739 0.014230 160.000000 11.142740
0.009135 0.099226 160.000000 133.361267
0.003647 0.089602 160.000000 114.161550
0.004991 0.077005 160.000000 98.923402
-0.007613 0.019067 160.000000 14.771835
-0.004698 0.077602 160.000000 89.005848
0.000370 0.073826 160.000000 89.472449
0.001591 0.062392 160.000000 75.624932
-0.003435 0.088018 160.000000 104.169858
0.008166 0.067187 160.000000 89.549525
-0.002435 0.010488 160.000000 9.071309
0.004459 0.045744 160.000000 56.724976
-0.009594 0.051083 160.000000 49.561032
0.000632 0.036593 160.000000 40.429121
0.000300 0.090791 160.000000 111.964219
0.001872 0.047674 160.000000 56.396991
0.005826 0.066799 160.000000 86.298648
0.001506 0.037320 160.000000 42.308127
-0.009481 0.085899 160.000000 95.022153
-0.008624 0.094955 160.000000 107.860512
0.000985 0.001746 160.000000 9.144434
0.001756 0.012012 160.000000 10.452811
-0.001633 0.057074 160.000000 65.072295
-0.000641 0.061814 160.000000 72.411590
-0.004519 0.065918 160.000000 73.743431
-0.009614 0.068124 160.000000 71.564010
0.001128 0.058025 160.000000 69.312082
0.008677 0.043714 160.000000 58.953156
-0.000018 0.049501 160.000000 56.770349
0.006407 0.050265 160.000000 64.975898
0.002902 0.038121 160.000000 44.876979
0.008271 0.072143 160.000000 96.270976
0.006907 0.042031 160.000000 54.621555
0.003571 0.016776 160.000000 17.703737
-0.003346 0.095026 160.000000 113.576209
0.001627 0.010743 160.000000 9.095024
-0.007591 0.049079 160.000000 48.745722
-0.005102 0.091695 160.000000 107.257024
-0.007836 0.037448 160.000000 33.868614
0.003992 0.056328 160.000000 70.260798
0.009544 0.010680 160.000000 16.853983
-0.002318 0.019372 160.000000 16.112268
0.009924 0.004315 160.000000 10.021265
0.006476 0.056263 160.000000 73.032198
0.008143 0.068727 160.000000 91.573314
0.008049 0.075703 160.000000 100.750030
-0.006387 0.089964 160.000000 103.597125
-0.004318 0.029339 160.000000 26.547269
-0.009397 0.071220 160.000000 75.819596
-0.008241 0.015910 160.000000 13.719382
-0.004779 0.017777 160.000000 13.687827
-0.006927 0.067289 160.000000 73.101532
0.005139 0.096398 160.000000 124.930567
0.000405 0.074923 160.000000 90.968571
0.004391 0.039197 160.000000 47.962605
0.002146 0.019513 160.000000 19.773668
0.008433 0.039866 160.000000 53.557873
-0.005426 0.015549 160.000000 12.225999
0.008665 0.015095 160.000000 21.318750
0.006934 0.060061 160.000000 78.620106
0.004201 0.092712 160.000000 118.940357
0.005812 0.028364 160.000000 35.253660
0.000301 0.079413 160.000000 96.826094
-0.008590 0.013052 160.000000 14.047259
-0.008478 0.078096 160.000000 85.758740
-0.000985 0.059952 160.000000 69.572840
-0.006842 0.081072 160.000000 91.355143
0.001074 0.081733 160.000000 100.772681
0.006547 0.005708 160.000000 7.659702
-0.003736 0.004373 160.000000 12.874098
0.003671 0.018730 160.000000 20.298187
-0.009038 0.070974 160.000000 75.848798
-0.002083 0.072983 160.000000 85.671582
-0.000828 0.046301 160.000000 51.689777
0.003783 0.074605 160.000000 94.344033
0.005648 0.065250 160.000000 84.029526
0.000813 0.044676 160.000000 51.278593
0.005270 0.077233 160.000000 99.548276
0.007184 0.092234 160.000000 121.756570
0.002558 0.048804 160.000000 58.652577
0.000515 0.087868 160.000000 108.313003
-0.002320 0.059039 160.000000 66.946274
-0.007647 0.033699 160.000000 29.456468
-0.005786 0.005008 160.000000 15.097625
-0.002430 0.007905 160.000000 9.162479
-0.005626 0.085620 160.000000 98.645947
0.005053 0.086694 160.000000 111.901380
-0.009418 0.068994 160.000000 72.887389
-0.006304 0.077300 160.000000 86.929108
-0.003525 0.011179 160.000000 9.834886
-0.007420 0.079984 160.000000 89.322560
0.007512 0.099329 160.000000 131.592412
-0.008672 0.099770 160.000000 114.181489
0.007842 0.069949 160.000000 92.845083
-0.004062 0.027575 160.000000 24.584685
0.002269 0.030940 160.000000 34.723062
0.008450 0.042635 160.000000 57.249889
-0.004058 0.061910 160.000000 68.930222
0.000248 0.008244 160.000000 7.299057
0.007087 0.027987 160.000000 36.243036
-0.000583 0.045116 160.000000 50.382946
-0.000642 0.063676 160.000000 74.880158
-0.002369 0.042233 160.000000 44.779284
-0.008954 0.065298 160.000000 68.506501
0.002864 0.059655 160.000000 73.408978
0.003286 0.005065 160.000000 5.709675
-0.008985 0.083610 160.000000 92.509547
0.001796 0.037846 160.000000 43.311468
-0.003208 0.089087 160.000000 105.835924
-0.001994 0.072313 160.000000 84.878908
0.004474 0.059837 160.000000 75.477124
0.003344 0.094331 160.000000 120.116994
0.002755 0.094856 160.000000 120.145297
0.005161 0.016380 160.000000 18.872407
-0.008808 0.084882 160.000000 94.366031
-0.001508 0.008598 160.000000 8.285259
0.006867 0.045119 160.000000 58.675460
0.008628 0.082879 160.000000 110.986872
-0.002977 0.051679 160.000000 56.558736
0.003183 0.029544 160.000000 33.868230
0.006271 0.067970 160.000000 88.373562
-0.003707 0.030020 160.000000 27.868213
0.001556 0.075217 160.000000 92.641455
0.003629 0.087215 160.000000 110.961639
0.001030 0.085548 160.000000 105.801557
0.001028 0.064134 160.000000 77.316864
-0.007356 0.026640 160.000000 21.555989
0.007131 0.037616 160.000000 49.030053
-0.006191 0.012782 160.000000 11.882640
-0.007081 0.098543 160.000000 114.231289
0.001766 0.054848 160.000000 65.797138
0.001410 0.039462 160.000000 45.030998
0.003685 0.086372 160.000000 109.902655
-0.001050 0.086676 160.000000 104.990665
-0.008707 0.085716 160.000000 95.569736
-0.009086 0.094351 160.000000 106.583187
-0.009766 0.049896 160.000000 47.906148
0.008912 0.085276 160.000000 114.515849
-0.001653 0.050068 160.000000 55.798748
-0.005650 0.062340 160.000000 67.875869
-0.000279 0.075151 160.000000 90.516957
0.000530 0.067014 160.000000 80.593144
-0.009621 0.045059 160.000000 41.934925
0.006193 0.045804 160.000000 58.798672
-0.004008 0.034803 160.000000 33.643419
0.003029 0.078338 160.000000 98.456376
0.000578 0.041159 160.000000 46.385375
0.004905 0.025990 160.000000 31.096240
0.001190 0.027656 160.000000 29.311299
-0.003201 0.014920 160.000000 11.526615
-0.005861 0.042648 160.000000 42.032557
-0.001287 0.066159 160.000000 77.476554
0.007773 0.092919 160.000000 123.357509
0.006763 0.077771 160.000000 101.996975
-0.006460 0.083682 160.000000 95.204512
0.006286 0.079551 160.000000 103.812765
-0.001866 0.034965 160.000000 35.807250
-0.006434 0.031275 160.000000 27.374033
0.005354 0.052658 160.000000 66.937405
0.007555 0.053663 160.000000 70.838144
-0.000795 0.015022 160.000000 12.223978
0.000897 0.058616 160.000000 69.843029
-0.004752 0.001968 160.000000 16.529236
-0.004554 0.038043 160.000000 37.296071
0.003406 0.068436 160.000000 85.702104
-0.001770 0.076905 160.000000 91.216354
-0.004938 0.075388 160.000000 85.823381
0.004526 0.060044 160.000000 75.810598
0.005083 0.021633 160.000000 25.587088
0.005001 0.046538 160.000000 58.398936
0.007076 0.041662 160.000000 54.330494
-0.008566 0.078221 160.000000 85.834736
0.003847 0.023477 160.000000 26.635555
0.007042 0.034898 160.000000 45.324752
0.006842 0.048105 160.000000 62.613705
0.008990 0.053239 160.000000 71.975325
-0.001133 0.057014 160.000000 65.523792
-0.002869 0.079253 160.000000 93.145415
0.008215 0.012286 160.000000 17.201890
0.009875 0.073244 160.000000 99.636996
0.003999 0.016708 160.000000 18.054641
0.005816 0.073095 160.000000 94.668939
-0.002239 0.028226 160.000000 26.841565
-0.006603 0.064812 160.000000 70.170564
-0.005116 0.085524 160.000000 99.057842
-0.001740 0.095502 160.000000 115.968442
-0.002113 0.078575 160.000000 93.061155
0.003280 0.091323 160.000000 116.035664
0.007825 0.036160 160.000000 47.922431
-0.007736 0.014966 160.000000 13.219132
0.009525 0.004492 160.000000 9.712156
0.007676 0.032020 160.000000 42.266511
-0.006252 0.046977 160.000000 47.248592
-0.001900 0.021871 160.000000 19.276991
-0.006931 0.095102 160.000000 109.829195
-0.002107 0.058551 160.000000 66.525745
-0.002930 0.036024 160.000000 36.176037
0.009422 0.092608 160.000000 124.883112
-0.007391 0.057711 160.000000 60.108668
0.003232 0.036231 160.000000 42.741335
-0.007461 0.090831 160.000000 103.617219
-0.002599 0.034045 160.000000 33.933199
0.008079 0.042849 160.000000 57.091102
0.001101 0.095980 160.000000 119.771091
0.001197 0.020186 160.000000 19.736069
-0.006350 0.085972 160.000000 98.348495
-0.001209 0.016233 160.000000 13.287837
-0.007965 0.034517 160.000000 30.222379
-0.007568 0.094961 160.000000 108.972074
-0.000180 0.009031 160.000000 7.695625
-0.003364 0.094085 160.000000 112.306321
0.006656 0.015281 160.000000 19.150813
-0.002127 0.009368 160.000000 8.733010
0.003797 0.019474 160.000000 21.385842
-0.005844 0.057380 160.000000 61.174282
-0.001051 0.067591 160.000000 79.632677
-0.009483 0.078757 160.000000 85.621197
0.001513 0.082215 160.000000 101.905951
0.002180 0.069400 160.000000 85.602305
-0.007002 0.042799 160.000000 41.231699
-0.008761 0.008174 160.000000 16.621354
0.009069 0.028837 160.000000 39.740348
0.008116 0.088319 160.000000 117.631402
0.009026 0.091603 160.000000 123.077010
-0.002056 0.015922 160.000000 12.613712
-0.002967 0.093866 160.000000 112.447528
0.004283 0.067209 160.000000 85.068053
-0.007206 0.099836 160.000000 115.813890
-0.005615 0.013520 160.000000 11.560674
-0.001733 0.036271 160.000000 37.629524
0.006655 0.025409 160.000000 32.340532
0.007556 0.040448 160.000000 53.287204
-0.008779 0.025919 160.000000 20.323118
-0.002597 0.050992 160.000000 56.042904
0.009712 0.069864 160.000000 94.944340
0.006320 0.071649 160.000000 93.329632
0.009967 0.027154 160.000000 38.626825
-0.006933 0.059203 160.000000 62.496563
-0.009839 0.091754 160.000000 102.378859
-0.008554 0.091477 160.000000 103.334622
-0.008361 0.023021 160.000000 17.756242
-0.002221 0.067538 160.000000 78.301709
0.009099 0.072940 160.000000 98.310926
-0.007210 0.068894 160.000000 74.927339
-0.006145 0.040186 160.000000 38.643185
-0.000965 0.095961 160.000000 117.436877
-0.004753 0.038375 160.000000 37.544360
0.009841 0.080023 160.000000 108.621383
0.002388 0.008910 160.000000 7.768253
0.005872 0.027472 160.000000 34.148277
-0.006661 0.079334 160.000000 89.246446
0.001214 0.038726 160.000000 43.850268
0.004051 0.067620 160.000000 85.349552
0.006842 0.056617 160.000000 73.931004
-0.009527 0.061166 160.000000 62.591140
-0.006526 0.055120 160.000000 57.559374
0.006844 0.062637 160.000000 81.941469
0.008371 0.086567 160.000000 115.596961
0.000598 0.088473 160.000000 109.210697
-0.009836 0.015252 160.000000 14.939750
0.002000 0.006718 160.000000 6.363170
0.003488 0.052693 160.000000 64.856749
0.004842 0.085042 160.000000 109.457913
0.001460 0.036114 160.000000 40.669777
-0.004040 0.045744 160.000000 47.729819
-0.006606 0.077531 160.000000 86.921817
0.000071 0.024625 160.000000 24.327138
0.006900 0.052885 160.000000 69.034023
-0.002139 0.092646 160.000000 111.731124
-0.000321 0.035043 160.000000 37.421669
-0.003421 0.090983 160.000000 108.122575
-0.006628 0.063540 160.000000 68.476017
-0.003388 0.075006 160.000000 86.955246
0.005282 0.092052 160.000000 119.304174
0.003842 0.073120 160.000000 92.433669
0.004414 0.093747 160.000000 120.563914
-0.000036 0.007371 160.000000 7.302509
0.000459 0.056889 160.000000 67.072571
-0.008454 0.007683 160.000000 16.570008
-0.000237 0.010634 160.000000 8.538719
-0.000068 0.022666 160.000000 21.722765
-0.006959 0.030966 160.000000 26.661535
-0.005859 0.052440 160.000000 54.705458
0.008391 0.071554 160.000000 95.628759
0.007420 0.084339 160.000000 111.513902
-0.003292 0.041007 160.000000 42.284788
0.008592 0.021009 160.000000 28.886621
0.008264 0.009628 160.000000 13.973994
0.003967 0.085077 160.000000 108.499416
0.000349 0.096130 160.000000 119.126671
-0.009375 0.094963 160.000000 107.092372
0.005910 0.069340 160.000000 89.777819
0.008250 0.019046 160.000000 25.912414
0.003499 0.097065 160.000000 123.935754
0.004230 0.099525 160.000000 128.051132
-0.002084 0.035493 160.000000 36.283126
0.004793 0.098303 160.000000 127.070357
0.009705 0.073782 160.000000 100.150239
-0.009915 0.030813 160.000000 24.928197
-0.003728 0.033272 160.000000 31.941755
0.005566 0.026245 160.000000 32.181602
0.007185 0.001134 160.000000 5.469461
0.005744 0.063838 160.000000 82.262287
0.008449 0.097249 160.000000 129.919341
0.007837 0.026063 160.000000 34.599216
0.006446 0.044208 160.000000 56.973891
-0.003211 0.023539 160.000000 20.347596
-0.003044 0.059649 160.000000 66.996080
0.004319 0.095008 160.000000 122.134795
0.001517 0.090567 160.000000 113.029696
0.000396 0.099286 160.000000 123.380015
0.004165 0.046313 160.000000 57.147290
0.003166 0.031559 160.000000 36.502027
0.007190 0.032228 160.000000 41.964499
-0.001172 0.067057 160.000000 78.793139
-0.001517 0.053184 160.000000 60.053128
-0.005372 0.033436 160.000000 30.793597
0.003363 0.024677 160.000000 27.681814
0.001233 0.039939 160.000000 45.470587
0.001973 0.080536 160.000000 100.189447
0.003169 0.024011 160.000000 26.606873
0.000110 0.088284 160.000000 108.414826
0.008742 0.052286 160.000000 70.412683
0.003739 0.033571 160.000000 39.787069
0.001463 0.078287 160.000000 96.622628
0.007108 0.096764 160.000000 127.704007
0.004059 0.083192 160.000000 106.095462
0.001926 0.094119 160.000000 118.222793
0.002289 0.011572 160.000000 10.328604
0.005163 0.037203 160.000000 46.198143
-0.008135 0.066141 160.000000 70.402042
0.007070 0.073537 160.000000 96.717700
0.000315 0.083487 160.000000 102.259600
0.001672 0.040332 160.000000 46.460183
-0.004930 0.055661 160.000000 59.825937
0.005007 0.035881 160.000000 44.269367
0.004072 0.037125 160.000000 44.857973
0.005459 0.097359 160.000000 126.581234
0.004145 0.038736 160.000000 47.073739
-0.003340 0.068048 160.000000 77.790047
0.001754 0.023421 160.000000 24.391394
-0.002866 0.093773 160.000000 112.434011
0.007690 0.008465 160.000000 11.898855
-0.003924 0.033098 160.000000 31.553822
-0.007213 0.083989 160.000000 94.826419
0.007570 0.022998 160.000000 30.255316
0.001274 0.053058 160.000000 62.881776
0.006178 0.080744 160.000000 105.275711
0.007802 0.063549 160.000000 84.278723
0.005204 0.083618 160.000000 107.978356
0.007981 0.033548 160.000000 44.649727
0.001079 0.047564 160.000000 55.386757
-0.009371 0.040859 160.000000 36.924962
0.006351 0.087407 160.000000 114.354838
-0.006741 0.072013 160.000000 79.505022
0.004006 0.012180 160.000000 12.436271
0.009016 0.072649 160.000000 97.824232
0.003131 0.039871 160.000000 47.445041
-0.009899 0.090725 160.000000 100.961168
-0.001048 0.048872 160.000000 54.851019
-0.006799 0.004377 160.000000 17.055985
-0.004926 0.024078 160.000000 19.932231
0.008365 0.021149 160.000000 28.792281
0.002403 0.078187 160.000000 97.546535
0.006941 0.047299 160.000000 61.658704
-0.007010 0.086113 160.000000 97.846138
-0.001145 0.021727 160.000000 19.667423
0.003799 0.016613 160.000000 17.728725
0.003149 0.055243 160.000000 67.864693
0.005529 0.076756 160.000000 99.213434
0.009835 0.021517 160.000000 31.080620
-0.009022 0.002647 160.000000 21.875609
0.003766 0.061057 160.000000 76.293314
0.005206 0.020746 160.000000 24.568048
-0.005583 0.065604 160.000000 72.238246
0.001912 0.061322 160.000000 74.560537
0.004650 0.004042 160.000000 5.429494
0.000061 0.084682 160.000000 103.568374
0.000774 0.086449 160.000000 106.713870
-0.001300 0.030725 160.000000 30.867432
-0.002771 0.049148 160.000000 53.439736
0.007999 0.052120 160.000000 69.311231
0.001529 0.097943 160.000000 122.866935
0.006013 0.046044 160.000000 58.908608
-0.009843 0.015810 160.000000 14.927309
-0.003823 0.058913 160.000000 65.220255
0.006480 0.097271 160.000000 127.647543
0.004822 0.048867 160.000000 61.287000
-0.006242 0.033752 160.000000 30.516486
-0.005003 0.092503 160.000000 108.435022
-0.003972 0.062985 160.000000 70.437583
-0.008655 0.095702 160.000000 108.816684
-0.001948 0.046440 160.000000 50.717600
-0.005881 0.059796 160.000000 64.305523
0.004884 0.090476 160.000000 116.745286
-0.008802 0.051252 160.000000 50.461618
-0.006420 0.033978 160.000000 30.660455
0.001364 0.009946 160.000000 8.278311
0.006128 0.011723 160.000000 14.062054
-0.000137 0.071124 160.000000 85.321209
0.005207 0.021036 160.000000 24.947859
0.000506 0.096376 160.000000 119.629392
0.003855 0.066860 160.000000 84.114956
0.008286 0.070717 160.000000 94.390064
0.003176 0.032788 160.000000 38.132937
0.001278 0.088847 160.000000 110.472375
0.002085 0.084895 160.000000 106.119296
0.004165 0.049307 160.000000 61.123628
0.008407 0.096796 160.000000 129.266200
-0.008328 0.092876 160.000000 105.418097
-0.000006 0.045317 160.000000 51.254070
0.001148 0.033514 160.000000 36.923668
0.007695 0.018787 160.000000 24.906409
0.003860 0.009836 160.000000 9.603003
-0.007035 0.096939 160.000000 112.154981
-0.002796 0.013337 160.000000 10.417225
-0.001916 0.075300 160.000000 88.927853
0.005678 0.005698 160.000000 6.906366
0.002537 0.033055 160.000000 37.791072
0.007871 0.091869 160.000000 122.073238
0.002519 0.014169 160.000000 13.488183
0.001966 0.039494 160.000000 45.671273
-0.007931 0.031682 160.000000 26.900707
0.004590 0.006837 160.000000 7.129032
-0.009653 0.033392 160.000000 27.890427
-0.008896 0.088230 160.000000 98.694013
0.007268 0.003618 160.000000 6.531490
0.000442 0.029805 160.000000 31.356949
-0.008199 0.020106 160.000000 15.539680
0.001011 0.086641 160.000000 107.235187
-0.007765 0.019680 160.000000 15.192289
-0.004826 0.011261 160.000000 10.787181
0.009945 0.010971 160.000000 17.723782
0.004570 0.073640 160.000000 93.958700
0.008945 0.058524 160.000000 78.947534
0.004336 0.058462 160.000000 73.489496
-0.007368 0.041251 160.000000 38.967847
-0.002455 0.052148 160.000000 57.711467
-0.002780 0.003728 160.000000 12.162390
-0.009058 0.071225 160.000000 76.156730
0.007305 0.022844 160.000000 29.738076
-0.000592 0.038943 160.000000 42.255600
0.000603 0.026547 160.000000 27.295346
-0.007317 0.045507 160.000000 44.410581
0.007614 0.057998 160.000000 76.671834
-0.002422 0.078326 160.000000 92.395748
-0.001529 0.082168 160.000000 98.470885
0.002487 0.016483 160.000000 16.286763
-0.001135 0.071826 160.000000 85.162821
-0.009823 0.078192 160.000000 84.541652
0.004374 0.049394 160.000000 61.477169
0.003845 0.002799 160.000000 5.686451
-0.002124 0.079085 160.000000 93.727079
-0.004318 0.071840 160.000000 81.778584
-0.004107 0.096951 160.000000 115.306027
-0.003593 0.076602 160.000000 88.851727
0.005143 0.067929 160.000000 87.013507
-0.003230 0.038192 160.000000 38.694698
0.009019 0.099221 160.000000 133.217379
0.003568 0.075612 160.000000 95.439278
0.004425 0.096377 160.000000 124.079697
0.007384 0.097417 160.000000 128.896555
0.001398 0.072610 160.000000 88.997458
-0.008145 0.007900 160.000000 15.997979
-0.000659 0.096592 160.000000 118.616572
-0.001650 0.011585 160.000000 9.223353
-0.008728 0.084809 160.000000 94.350961
-0.009603 0.060727 160.000000 61.952102
0.003938 0.020512 160.000000 22.878415
0.001789 0.005895 160.000000 6.271429
0.009275 0.069085 160.000000 93.388537
0.002219 0.059519 160.000000 72.506881
0.004105 0.036902 160.000000 44.601252
-0.008844 0.074255 160.000000 80.342227
-0.004791 0.065462 160.000000 72.862060
0.002114 0.030661 160.000000 34.191905
-0.001421 0.038170 160.000000 40.409272
-0.005914 0.069908 160.000000 77.573055
-0.004477 0.092862 160.000000 109.476609
-0.004834 0.094643 160.000000 111.455746
-0.000353 0.014978 160.000000 12.398086
-0.008453 0.080340 160.000000 88.739718
-0.001116 0.098654 160.000000 120.852699
-0.001746 0.047187 160.000000 51.907187
-0.009005 0.091245 160.000000 102.562967
0.004917 0.054466 160.000000 68.839076
0.004917 0.062379 160.000000 79.366181
-0.007174 0.062097 160.000000 66.046598
-0.003298 0.077125 160.000000 89.860445
0.001305 0.024325 160.000000 25.114242
0.006212 0.089090 160.000000 116.435013
0.006583 0.060055 160.000000 78.201701
0.002571 0.025314 160.000000 27.677533
0.004271 0.025678 160.000000 29.979516
0.000832 0.070095 160.000000 85.023036
-0.006736 0.052675 160.000000 54.178133
0.006459 0.031317 160.000000 39.903099
0.006653 0.052944 160.000000 68.824316
-0.002388 0.043287 160.000000 46.138264
0.008084 0.066792 160.000000 88.927434
-0.002429 0.027334 160.000000 25.561406
0.002762 0.037891 160.000000 44.419449
0.009333 0.080701 160.000000 108.921295
0.004435 0.041526 160.000000 51.100362
0.009558 0.055158 160.000000 75.203761
-0.006036 0.002175 160.000000 18.118617
-0.001959 0.002980 160.000000 11.745052
-0.006238 0.055517 160.000000 58.354356
-0.005775 0.051478 160.000000 53.532629
0.001043 0.040130 160.000000 45.521342
-0.008678 0.058633 160.000000 60.093851
-0.007285 0.079538 160.000000 88.873528
-0.005794 0.019177 160.000000 14.754588
0.006677 0.036327 160.000000 46.788384
-0.002562 0.016728 160.000000 13.222689
-0.007289 0.090220 160.000000 102.988083
0.003580 0.013201 160.000000 13.269728
-0.002573 0.002294 160.000000 13.209733
0.003095 0.059307 160.000000 73.206460
0.002773 0.072558 160.000000 90.472217
-0.004126 0.024671 160.000000 21.078731
-0.000140 0.096105 160.000000 118.546300
0.004735 0.079911 160.000000 102.500277
0.001086 0.011614 160.000000 9.680090
0.008790 0.034213 160.000000 46.499882
-0.001055 0.068384 160.000000 80.679117
0.000925 0.018694 160.000000 17.637428
0.008057 0.024321 160.000000 32.573767
-0.008063 0.064708 160.000000 68.596851
0.002475 0.070744 160.000000 87.721857
-0.004870 0.017612 160.000000 13.546783
-0.005109 0.078922 160.000000 90.320637
0.004188 0.070877 160.000000 89.841541
0.005474 0.075135 160.000000 96.991153
0.005668 0.033645 160.000000 42.065925
-0.007369 0.086838 160.000000 98.431137
0.001135 0.035903 160.000000 40.048463
-0.002063 0.065598 160.000000 75.900340
0.003154 0.059868 160.000000 74.018875
0.009365 0.056868 160.000000 77.246327
0.000925 0.090154 160.000000 111.815970
0.000474 0.099999 160.000000 124.418222
0.006731 0.096518 160.000000 126.936516
0.008769 0.055514 160.000000 74.735723
0.003780 0.026379 160.000000 30.360971
0.000405 0.059336 160.000000 70.260093
0.001477 0.087483 160.000000 108.878975
0.008852 0.051340 160.000000 69.287820
-0.007606 0.099608 160.000000 115.088649
0.000144 0.074375 160.000000 89.951919
0.004325 0.023877 160.000000 27.679672
0.004951 0.007604 160.000000 8.128729
-0.005542 0.044429 160.000000 44.610685
0.006236 0.076660 160.000000 99.904371
0.003013 0.062321 160.000000 77.122852
-0.001896 0.056083 160.000000 63.485241
-0.004611 0.034227 160.000000 32.399579
0.007196 0.026358 160.000000 34.224599
0.008634 0.075358 160.000000 100.979729
0.003318 0.016486 160.000000 17.085150
0.009523 0.013218 160.000000 19.999573
-0.006495 0.027453 160.000000 22.876481
0.006798 0.042562 160.000000 55.200522
0.009204 0.091757 160.000000 123.492527
0.003722 0.003774 160.000000 5.525104
0.008811 0.077856 160.000000 104.515033
0.004501 0.098436 160.000000 126.911746
0.000461 0.005932 160.000000 7.107760
-0.003625 0.084709 160.000000 99.571145
-0.007797 0.066699 160.000000 71.464061
0.001419 0.035265 160.000000 39.508818
-0.008040 0.018284 160.000000 14.446154
-0.005504 0.054843 160.000000 58.187569
0.005173 0.032290 160.000000 39.705647
0.009323 0.079300 160.000000 107.042880
0.006762 0.014288 160.000000 18.006361
0.007828 0.082607 160.000000 109.684538
-0.005339 0.057963 160.000000 62.437659
-0.001526 0.083818 160.000000 100.666637
0.005109 0.051826 160.000000 65.548857
0.001493 0.005562 160.000000 6.441101
0.000723 0.005776 160.000000 6.939291
0.007270 0.087080 160.000000 114.989659
0.002379 0.030650 160.000000 34.457320
0.000538 0.061911 160.000000 73.823812
0.003745 0.050087 160.000000 61.684284
-0.003567 0.006731 160.000000 10.936694
0.009163 0.077713 160.000000 104.740871
-0.002049 0.079408 160.000000 94.237939
-0.006321 0.052589 160.000000 54.457918
-0.007896 0.089289 160.000000 101.123764
0.001562 0.089986 160.000000 112.307437
0.008875 0.002354 160.000000 7.116029
0.007137 0.080619 160.000000 106.226796
0.004240 0.056532 160.000000 70.813250
0.001176 0.070834 160.000000 86.387012
0.000990 0.074378 160.000000 90.894265
-0.005082 0.065972 160.000000 73.234526
-0.008582 0.084005 160.000000 93.440739
0.002948 0.084628 160.000000 106.740990
-0.001699 0.089839 160.000000 108.482618
0.009941 0.016549 160.000000 24.777228
0.005156 0.050611 160.000000 63.988788
-0.002873 0.090049 160.000000 107.477396
0.004311 0.013635 160.000000 14.509050
0.009056 0.070573 160.000000 95.108549
-0.006603 0.050928 160.000000 52.034843
-0.008260 0.041234 160.000000 38.230888
-0.001948 0.076802 160.000000 90.886160
0.002915 0.074662 160.000000 93.432418
-0.001834 0.092155 160.000000 111.413391
-0.006109 0.099795 160.000000 116.927045
-0.006564 0.024965 160.000000 20.110379
-0.001119 0.001275 160.000000 12.273837
0.003127 0.032321 160.000000 37.463518
-0.005282 0.065939 160.000000 72.987391
0.001843 0.086353 160.000000 107.786454
-0.006271 0.049419 160.000000 50.388990
0.009453 0.027794 160.000000 38.835911
0.005796 0.034951 160.000000 43.942019
0.004865 0.022469 160.000000 26.436822
0.005900 0.062732 160.000000 80.970082
-0.008546 0.020624 160.000000 15.935585
0.001258 0.032681 160.000000 35.944358
-0.001746 0.045614 160.000000 49.838549
-0.009439 0.004244 160.000000 20.898599
0.003722 0.003234 160.000000 5.617922
-0.004826 0.012822 160.000000 10.935552
-0.009082 0.064899 160.000000 67.864334
0.008170 0.026712 160.000000 35.854314
-0.007000 0.038219 160.000000 35.464169
0.002584 0.036905 160.000000 42.922218
0.000755 0.017163 160.000000 15.633379
-0.009975 0.091271 160.000000 101.602854
-0.009524 0.075522 160.000000 81.332272
-0.002140 0.008459 160.000000 8.781842
-0.002458 0.080515 160.000000 95.264246
-0.006849 0.062133 160.000000 66.411692
-0.002457 0.005553 160.000000 10.334740
0.009273 0.048109 160.000000 65.500631
0.002843 0.088614 160.000000 111.930262
-0.009488 0.002958 160.000000 22.229361
-0.003548 0.012518 160.000000 10.204684
-0.000932 0.099918 160.000000 122.739185
-0.008315 0.092121 160.000000 104.433852
-0.001984 0.055097 160.000000 62.090260
0.007717 0.043487 160.000000 57.508714
0.006994 0.080351 160.000000 105.703179
-0.005347 0.094995 160.000000 111.372885
-0.004078 0.053023 160.000000 57.213464
0.005134 0.071602 160.000000 91.893755
-0.009896 0.028150 160.000000 22.197979
-0.007477 0.017140 160.000000 13.700475
0.009360 0.049625 160.000000 67.616810
0.007765 0.091195 160.000000 121.051056
-0.006192 0.009532 160.000000 12.587608
-0.000027 0.002755 160.000000 9.482327
0.008127 0.085140 160.000000 113.408655
-0.006329 0.006113 160.000000 14.919762
0.008883 0.016202 160.000000 23.008741
0.006602 0.025429 160.000000 32.303993
-0.005114 0.085337 160.000000 98.812519
0.003360 0.077364 160.000000 97.534423
-0.008674 0.092390 160.000000 104.416705
-0.009219 0.064171 160.000000 66.786486
-0.001044 0.013281 160.000000 10.475194
0.007659 0.014757 160.000000 19.664391
0.001463 0.064654 160.000000 78.488505
-0.003670 0.034271 160.000000 33.261248
-0.004095 0.026534 160.000000 23.304040
0.005809 0.015209 160.000000 18.093785
-0.003782 0.021516 160.000000 17.692775
0.008039 0.027050 160.000000 36.141366
-0.001144 0.099184 160.000000 121.527387
0.000453 0.003155 160.000000 8.584335
0.008223 0.029575 160.000000 39.690063
-0.007474 0.081734 160.000000 91.578694
-0.008050 0.047424 160.000000 46.221921
-0.004046 0.072213 160.000000 82.559541
0.004861 0.022017 160.000000 25.840210
0.008684 0.076152 160.000000 102.095039
-0.003017 0.046192 160.000000 49.317348
-0.006334 0.067520 160.000000 74.000753
0.009020 0.011256 160.000000 16.907318
-0.006578 0.084186 160.000000 95.747461
-0.004499 0.017549 160.000000 13.527977
0.000098 0.004008 160.000000 8.371409
0.002802 0.094262 160.000000 119.406826
0.008474 0.029689 160.000000 40.142840
0.000289 0.041095 160.000000 45.996094
0.006562 0.056538 160.000000 73.497796
0.001669 0.003696 160.000000 6.934609
0.003302 0.059649 160.000000 73.895042
0.004618 0.045533 160.000000 56.626991
-0.004136 0.084533 160.000000 98.789185
-0.006585 0.064632 160.000000 69.951741
0.003151 0.045257 160.000000 54.606803
-0.000539 0.044707 160.000000 49.890410
-0.007691 0.044514 160.000000 42.824801
-0.005057 0.077143 160.000000 88.020597
0.002856 0.032075 160.000000 36.844380
-0.000619 0.005611 160.000000 8.219981
0.005177 0.005110 160.000000 6.119349
0.005896 0.050772 160.000000 65.056923
0.004440 0.079999 160.000000 102.278854
0.000590 0.072305 160.000000 87.693657
-0.003153 0.018296 160.000000 14.565614
-0.003443 0.020251 160.000000 16.485066
-0.005593 0.065514 160.000000 72.110559
-0.002335 0.053750 160.000000 59.946906
-0.005120 0.055565 160.000000 59.510078
-0.003842 0.009620 160.000000 10.099370
-0.000804 0.047345 160.000000 53.091718
0.009056 0.074550 160.000000 100.403530
-0.000303 0.078422 160.000000 94.838942
0.005936 0.063707 160.000000 82.308708
0.000782 0.029980 160.000000 31.925351
0.008744 0.025929 160.000000 35.517084
-0.007568 0.082222 160.000000 92.125811
0.007564 0.018227 160.000000 24.022867
0.003300 0.071696 160.000000 89.921588
0.008497 0.068688 160.000000 91.937742
-0.006423 0.077460 160.000000 87.016811
-0.001921 0.003866 160.000000 10.926841
-0.000335 0.067155 160.000000 79.832135
-0.009052 0.071280 160.000000 76.234790
-0.005500 0.042421 160.000000 42.064352
-0.009805 0.009280 160.000000 17.236296
0.003116 0.080597 160.000000 101.562129
0.008395 0.006665 160.000000 10.664880
0.005111 0.025019 160.000000 30.052448
0.004348 0.029355 160.000000 34.901684
0.006483 0.044222 160.000000 57.035185
0.003535 0.033710 160.000000 39.744858
-0.008015 0.016945 160.000000 13.868107
0.009751 0.002562 160.000000 8.206821
-0.005695 0.046350 160.000000 46.951040
0.009898 0.035916 160.000000 50.096285
0.003724 0.056454 160.000000 70.122770
-0.003918 0.010565 160.000000 10.073168
0.008190 0.063337 160.000000 84.454613
0.006984 0.069515 160.000000 91.261241
0.001823 0.063087 160.000000 76.806897
-0.003395 0.056868 160.000000 62.964260
0.001953 0.045167 160.000000 53.162609
-0.008547 0.004773 160.000000 19.140009
-0.000931 0.043757 160.000000 48.232690
0.005727 0.030454 160.000000 37.914464
-0.004602 0.052006 160.000000 55.361376
-0.005773 0.056216 160.000000 59.720759
0.007227 0.084107 160.000000 110.979162
0.008365 0.099035 160.000000 132.200730
-0.005692 0.053929 160.000000 56.809740
0.002619 0.056485 160.000000 68.920492
0.000234 0.089500 160.000000 110.171156
-0.002416 0.038848 160.000000 40.319171
-0.003829 0.072884 160.000000 83.675626
0.001226 0.074481 160.000000 91.293507
0.003729 0.093630 160.000000 119.622466
0.003229 0.039266 160.000000 46.753260
-0.004533 0.094076 160.000000 111.027203
-0.005253 0.012270 160.000000 11.139416
-0.005922 0.059008 160.000000 63.229876
0.006527 0.060875 160.000000 79.227262
0.005729 0.057038 160.000000 73.195270
-0.001185 0.005777 160.000000 8.734733
-0.008813 0.060662 160.000000 62.603239
0.002842 0.002885 160.000000 6.343186
-0.009460 0.007821 160.000000 17.823290
0.009575 0.009451 160.000000 15.389009
0.004284 0.075013 160.000000 95.460153
-0.008047 0.017789 160.000000 14.216754
-0.003893 0.095948 160.000000 114.205954
-0.008773 0.027575 160.000000 21.977072
0.002370 0.054353 160.000000 65.810418
0.001095 0.062958 160.000000 75.828287
0.000606 0.050580 160.000000 58.868255
0.009946 0.097774 160.000000 132.384371
-0.009231 0.095405 160.000000 107.826436
0.009604 0.003715 160.000000 9.049777
0.008668 0.004546 160.000000 8.756722
-0.009507 0.066560 160.000000 69.625417
0.009142 0.064152 160.000000 86.666106
-0.008069 0.090718 160.000000 102.834259
-0.006096 0.007908 160.000000 13.337549
0.004152 0.075972 160.000000 96.586039
0.008118 0.082381 160.000000 109.725032
0.008657 0.063297 160.000000 84.953893
0.009358 0.010092 160.000000 15.895294
0.002232 0.050366 160.000000 60.364261
0.004735 0.070275 160.000000 89.667542
0.002377 0.064738 160.000000 79.621407
0.004156 0.031626 160.000000 37.682398
-0.004963 0.059088 160.000000 64.292197
0.000116 0.077164 160.000000 93.628167
-0.007454 0.062402 160.000000 66.172936
-0.007692 0.092823 160.000000 106.012917
0.003009 0.080411 160.000000 101.193073
-0.002496 0.009208 160.000000 9.001487
0.000044 0.025418 160.000000 25.312837
-0.002150 0.043843 160.000000 47.104718
-0.002370 0.064987 160.000000 74.764190
0.008894 0.055661 160.000000 75.080421
0.004367 0.010871 160.000000 11.221205
0.005332 0.057287 160.000000 73.068827
0.003788 0.099241 160.000000 127.166588
-0.005987 0.047208 160.000000 47.791074
0.003042 0.091478 160.000000 115.971708
-0.004056 0.077693 160.000000 89.805779
-0.009070 0.047335 160.000000 45.242500
-0.007610 0.054679 160.000000 55.960807
0.009211 0.082501 160.000000 111.172285
-0.005950 0.032664 160.000000 29.399469
0.000518 0.094878 160.000000 117.648924
-0.000574 0.018791 160.000000 16.568813
-0.004121 0.061680 160.000000 68.562747
0.001395 0.079746 160.000000 98.487885
-0.000183 0.056699 160.000000 66.124442
0.007324 0.042024 160.000000 55.104120
0.001926 0.025310 160.000000 27.007897
0.009687 0.027548 160.000000 38.800298
-0.008789 0.064468 160.000000 67.582752
0.006759 0.075395 160.000000 98.828424
0.006344 0.052198 160.000000 67.472437
0.006488 0.099173 160.000000 130.191885
0.002851 0.096238 160.000000 122.094555
-0.002884 0.068790 160.000000 79.254552
0.000368 0.069121 160.000000 83.214258
0.003268 0.016417 160.000000 16.949322
-0.004385 0.032118 160.000000 29.938314
0.006119 0.085750 160.000000 111.877200
0.005820 0.057444 160.000000 73.841434
-0.002650 0.064206 160.000000 73.433613
-0.003819 0.035852 160.000000 35.148009
0.005521 0.072930 160.000000 94.107569
-0.002991 0.080707 160.000000 94.941815
0.001882 0.027622 160.000000 29.972348
0.000503 0.098416 160.000000 122.342348
-0.008034 0.030459 160.000000 25.441017
-0.005396 0.067891 160.000000 75.444035
0.009240 0.010338 160.000000 16.048012
-0.004594 0.026323 160.000000 22.715917
-0.007910 0.097580 160.000000 112.080792
-0.006655 0.061805 160.000000 66.173667
0.006037 0.087292 160.000000 113.836815
0.002716 0.075607 160.000000 94.466080
0.008160 0.048245 160.000000 64.351836
0.003067 0.027013 160.000000 30.421793
-0.007440 0.002723 160.000000 19.549064
0.000911 0.020837 160.000000 20.296215
0.004793 0.023045 160.000000 27.108964
0.001323 0.099352 160.000000 124.510956
0.009232 0.036128 160.000000 49.567150
0.003219 0.086844 160.000000 110.000509
0.001020 0.026292 160.000000 27.372564
0.004379 0.027929 160.000000 33.058198
0.004874 0.008412 160.000000 8.906265
-0.004378 0.015219 160.000000 11.806236
0.009303 0.061646 160.000000 83.525729
0.004202 0.006823 160.000000 6.880214
0.000386 0.083456 160.000000 102.298735
-0.001255 0.002456 160.000000 11.304870
-0.006980 0.020348 160.000000 15.637881
0.004549 0.089397 160.000000 114.921769
0.008093 0.005463 160.000000 9.022152
0.001809 0.051351 160.000000 61.203368
0.008613 0.039937 160.000000 53.866853
-0.004658 0.034317 160.000000 32.474645
-0.006109 0.097846 160.000000 114.341634
-0.002915 0.089574 160.000000 106.799849
0.008779 0.010224 160.000000 15.333821
0.009480 0.099917 160.000000 134.688151
0.007823 0.023324 160.000000 30.983966
0.006790 0.036088 160.000000 46.604559
0.007085 0.061512 160.000000 80.727582
-0.009524 0.081649 160.000000 89.382775
0.001876 0.040821 160.000000 47.328653
-0.002353 0.092724 160.000000 111.599651
0.003736 0.064986 160.000000 81.486173
0.006787 0.092275 160.000000 121.347071
0.000302 0.021818 160.000000 20.983870
-0.006263 0.016736 160.000000 13.092571
-0.001563 0.079644 160.000000 95.079696
-0.006165 0.057002 160.000000 60.365420
-0.003387 0.005964 160.000000 11.203454
0.003453 0.040551 160.000000 48.703649
-0.002011 0.018199 160.000000 14.987229
0.005553 0.091776 160.000000 119.249705
0.006049 0.006928 160.000000 8.408530
-0.001524 0.067563 160.000000 79.084044
-0.003774 0.034918 160.000000 33.995405
-0.005624 0.019952 160.000000 15.447160
-0.002909 0.021768 160.000000 18.478821
0.006048 0.007813 160.000000 9.355301
0.003243 0.061865 160.000000 76.775501
0.009729 0.049962 160.000000 68.508123
-0.006039 0.088579 160.000000 102.129419
-0.009268 0.023435 160.000000 18.048187
0.004126 0.081907 160.000000 104.460172
-0.001049 0.064564 160.000000 75.617617
-0.008289 0.059832 160.000000 62.017206
0.004658 0.057131 160.000000 72.086500
-0.005848 0.092015 160.000000 106.885611
-0.001862 0.015931 160.000000 12.691455
0.004644 0.094139 160.000000 121.349754
0.009635 0.063840 160.000000 86.839997
-0.005703 0.096129 160.000000 112.496667
0.005909 0.050974 160.000000 65.340041
0.008815 0.032059 160.000000 43.683528
0.006645 0.026320 160.000000 33.526613
0.000059 0.085113 160.000000 104.138221
0.001731 0.031334 160.000000 34.672454
0.005585 0.045512 160.000000 57.706864
0.004791 0.053728 160.000000 67.713584
0.000139 0.005608 160.000000 7.481782
-0.003996 0.040697 160.000000 41.218418
-0.003990 0.077271 160.000000 89.317549
-0.001383 0.091468 160.000000 110.996121
0.000537 0.053706 160.000000 62.937003
0.007116 0.043791 160.000000 57.204524
0.001442 0.032421 160.000000 35.795957
-0.003456 0.059181 160.000000 65.952001
-0.003648 0.098287 160.000000 117.580998
-0.005891 0.041259 160.000000 40.229251
0.002342 0.086594 160.000000 108.671990
-0.007765 0.084170 160.000000 94.494725
0.001312 0.044817 160.000000 52.003261
0.004408 0.065148 160.000000 82.468021
-0.004273 0.037287 160.000000 36.578316
-0.003745 0.072194 160.000000 82.851834
-0.000095 0.040391 160.000000 44.668031
-0.003473 0.021796 160.000000 18.174291
0.000709 0.034207 160.000000 37.377557
0.000287 0.004364 160.000000 7.937447
-0.006602 0.038249 160.000000 35.819574
0.004240 0.040139 160.000000 49.041194
0.002276 0.036996 160.000000 42.706798
0.007774 0.098490 160.000000 130.781411
0.004528 0.034000 160.000000 41.236022
-0.003398 0.096474 160.000000 115.443139
-0.003004 0.010037 160.000000 9.376752
-0.007542 0.017190 160.000000 13.749072
0.001098 0.007856 160.000000 6.938676
0.007816 0.099367 160.000000 131.999191
-0.000284 0.097482 160.000000 120.218903
0.000686 0.038309 160.000000 42.743989
0.008050 0.072668 160.000000 96.710235
0.008498 0.015990 160.000000 22.262973
0.007097 0.070816 160.000000 93.125443
-0.001217 0.047261 160.000000 52.549552
0.001126 0.009539 160.000000 7.902896
0.001687 0.021074 160.000000 21.318683
0.009757 0.071636 160.000000 97.356805
0.004405 0.051281 160.000000 64.020150
-0.008652 0.062856 160.000000 65.611476
-0.006278 0.071752 160.000000 79.633006
-0.001610 0.033655 160.000000 34.355605
0.006855 0.068683 160.000000 90.002228
-0.002576 0.099342 160.000000 120.155857
-0.005521 0.055042 160.000000 58.431149
0.002674 0.061679 160.000000 75.887101
-0.002554 0.062694 160.000000 71.534396
0.001820 0.065784 160.000000 80.389322
-0.004402 0.095045 160.000000 112.455918
0.006977 0.021216 160.000000 27.218408
-0.008935 0.070812 160.000000 75.736321
0.006743 0.084525 160.000000 110.970994
0.008123 0.063905 160.000000 85.131114
-0.006120 0.030708 160.000000 26.908087
-0.001799 0.079923 160.000000 95.193743
0.001986 0.080172 160.000000 99.719562
0.007092 0.016474 160.000000 21.193768
0.009872 0.050210 160.000000 69.008922
-0.004851 0.085188 160.000000 98.894519
-0.002512 0.055903 160.000000 62.604068
0.006124 0.062590 160.000000 81.041166
-0.009245 0.036877 160.000000 32.192166
0.004566 0.030563 160.000000 36.738616
0.008149 0.032230 160.000000 43.107751
0.006710 0.052049 160.000000 67.701024
-0.001173 0.077409 160.000000 92.536793
0.005824 0.046083 160.000000 58.741767
0.003877 0.083141 160.000000 105.818895
0.007815 0.072625 160.000000 96.375786
0.002256 0.006311 160.000000 6.191424
0.001607 0.018840 160.000000 18.420817
0.003461 0.099435 160.000000 127.049669
-0.009868 0.018385 160.000000 15.329652
-0.003023 0.031052 160.000000 29.737485
0.008287 0.059821 160.000000 79.892223
0.009044 0.095830 160.000000 128.730088
-0.007418 0.038885 160.000000 35.964245
0.003446 0.034440 160.000000 40.611000
-0.008119 0.096194 160.000000 110.026673
0.005684 0.037865 160.000000 47.673693
-0.001226 0.083022 160.000000 99.938308
0.004579 0.062739 160.000000 79.457980
-0.004078 0.040208 160.000000 40.510284
-0.004936 0.075916 160.000000 86.524680
-0.002187 0.083853 160.000000 99.992008
0.005203 0.010120 160.000000 11.145055
-0.005511 0.061182 160.000000 66.494403
-0.009951 0.017850 160.000000 15.240588
0.001260 0.075282 160.000000 92.397955
0.004211 0.081759 160.000000 104.358806
-0.006103 0.071313 160.000000 79.232780
0.007265 0.074279 160.000000 97.933705
-0.001193 0.035950 160.000000 37.738909
-0.004076 0.017044 160.000000 13.155022
0.005102 0.010671 160.000000 11.696053
0.005859 0.076638 160.000000 99.437288
0.008011 0.071267 160.000000 94.798514
-0.009043 0.084346 160.000000 93.419793
-0.000912 0.041985 160.000000 45.921523
0.007348 0.008987 160.000000 12.117608
0.008145 0.043935 160.000000 58.612521
-0.009131 0.057306 160.000000 57.959320
0.009179 0.048697 160.000000 66.168092
-0.002175 0.007253 160.000000 9.122994
0.001175 0.074411 160.000000 91.142901
0.005003 0.065996 160.000000 84.279386
-0.004568 0.064520 160.000000 71.848503
0.004288 0.096499 160.000000 124.086043
0.004109 0.073991 160.000000 93.897948
-0.001159 0.093269 160.000000 113.640015
-0.005302 0.095835 160.000000 112.536567
0.009208 0.033327 160.000000 45.833978
-0.008608 0.016325 160.000000 14.042384
0.002600 0.080826 160.000000 101.283301
0.007267 0.038877 160.000000 50.861881
-0.003942 0.090884 160.000000 107.426704
-0.003607 0.004036 160.000000 12.992750
-0.001297 0.064916 160.000000 75.818435
0.008962 0.051616 160.000000 69.784385
0.007565 0.054286 160.000000 71.677309
-0.006588 0.008384 160.000000 13.665326
0.001693 0.060935 160.000000 73.803283
-0.007971 0.014332 160.000000 13.351314
-0.001797 0.013383 160.000000 10.435798
-0.005576 0.009704 160.000000 11.827501
0.002931 0.018342 160.000000 19.051095
-0.007163 0.042181 160.000000 40.312434
-0.006053 0.004333 160.000000 16.059722
0.008280 0.020954 160.000000 28.434528
0.002476 0.002931 160.000000 6.631098
0.005680 0.004725 160.000000 6.146994
-0.002580 0.020916 160.000000 17.702410
-0.009288 0.030568 160.000000 24.936484
0.005149 0.011739 160.000000 13.031197
-0.007857 0.067515 160.000000 72.474543
-0.006801 0.006267 160.000000 15.433887
-0.007625 0.024446 160.000000 19.204002
-0.002814 0.009550 160.000000 9.234443
0.000347 0.046341 160.000000 52.982313
-0.001297 0.079436 160.000000 95.094269
0.006694 0.080141 160.000000 105.073244
0.000461 0.007287 160.000000 7.018028
-0.005064 0.064721 160.000000 71.604644
0.006612 0.094135 160.000000 123.622020
-0.003767 0.058430 160.000000 64.640486
0.005071 0.058885 160.000000 74.894143
-0.008640 0.090644 160.000000 102.145486
0.003969 0.084505 160.000000 107.740107
-0.002036 0.024943 160.000000 22.910501
0.005081 0.031031 160.000000 37.938669
-0.003043 0.004452 160.000000 11.895588
-0.008535 0.034746 160.000000 30.120086
0.008048 0.037404 160.000000 49.834039
-0.006832 0.061699 160.000000 65.860272
0.002923 0.080271 160.000000 100.909259
0.001730 0.022297 160.000000 22.922933
0.000893 0.011920 160.000000 9.889306
0.008822 0.007665 160.000000 12.321211
-0.000103 0.029353 160.000000 30.236214
-0.001187 0.035456 160.000000 37.102099
0.000544 0.039733 160.000000 44.468729
0.001403 0.060286 160.000000 72.618981
0.007909 0.001236 160.000000 5.789320
-0.009001 0.038181 160.000000 33.925206
-0.006798 0.098940 160.000000 115.058592
-0.009077 0.059991 160.000000 61.485543
0.005818 0.084808 160.000000 110.273616
0.008639 0.043960 160.000000 59.233965
-0.005017 0.056055 160.000000 60.256156
0.002268 0.014640 160.000000 13.839936
0.003054 0.004659 160.000000 5.724640
-0.007753 0.098998 160.000000 114.124954
0.009539 0.032362 160.000000 44.962251
-0.003660 0.050019 160.000000 53.691005
0.007726 0.012678 160.000000 17.104282
0.001963 0.085048 160.000000 106.184622
0.003424 0.073975 160.000000 93.096129
0.006736 0.024609 160.000000 31.383556
-0.008631 0.013481 160.000000 14.008285
0.006082 0.054036 160.000000 69.611159
0.004333 0.063494 160.000000 80.180420
-0.001909 0.043673 160.000000 47.124879
0.000826 0.050739 160.000000 59.317795
-0.008688 0.044565 160.000000 42.060833
0.007003 0.084280 160.000000 110.947755
-0.005705 0.005980 160.000000 14.189513
-0.002080 0.086805 160.000000 104.031519
0.007892 0.058166 160.000000 77.223074
0.007176 0.058708 160.000000 77.102766
-0.009767 0.097341 160.000000 109.831104
0.001054 0.063246 160.000000 76.165244
-0.004075 0.069947 160.000000 79.528733
0.007844 0.032470 160.000000 43.060588
0.000133 0.005500 160.000000 7.528184
0.009918 0.082385 160.000000 111.856290
0.001459 0.084346 160.000000 104.682794
-0.001681 0.017714 160.000000 14.636260
0.001569 0.073525 160.000000 90.404786
-0.001563 0.069034 160.000000 80.992054
0.008265 0.031333 160.000000 42.062430
0.001515 0.034223 160.000000 38.239015
-0.005089 0.017882 160.000000 13.749809
-0.009480 0.088985 160.000000 99.093277
-0.008137 0.024708 160.000000 19.322130
0.008293 0.082223 160.000000 109.719408
0.009866 0.057304 160.000000 78.425712
0.001937 0.062671 160.000000 76.381927
0.005997 0.070053 160.000000 90.828353
-0.009661 0.016528 160.000000 14.818185
-0.007262 0.062645 160.000000 66.677049
-0.004704 0.021335 160.000000 17.069524
-0.005524 0.013608 160.000000 11.526376
-0.001364 0.019755 160.000000 17.147847
0.008652 0.030023 160.000000 40.798504
-0.006673 0.078809 160.000000 88.540912
-0.000630 0.073936 160.000000 88.516616
-0.005079 0.024929 160.000000 20.806065
-0.001046 0.030801 160.000000 31.203453
-0.004803 0.096916 160.000000 114.506841
-0.002734 0.004889 160.000000 11.152446
-0.004452 0.005498 160.000000 12.906824
0.002426 0.003863 160.000000 6.220695
-0.009291 0.047591 160.000000 45.382595
0.001554 0.013404 160.000000 11.845578
0.007639 0.023833 160.000000 31.432501
-0.004841 0.048632 160.000000 50.720607
-0.002933 0.048577 160.000000 52.527483
-0.008373 0.061456 160.000000 64.052593
-0.001774 0.013887 160.000000 10.844511
0.006060 0.043615 160.000000 55.738126
0.003397 0.096977 160.000000 123.701668
0.005669 0.081992 160.000000 106.349495
0.006085 0.009591 160.000000 11.431043
0.000220 0.023855 160.000000 23.483937
-0.008315 0.018247 160.000000 14.529261
-0.009205 0.008071 160.000000 17.290807
-0.000980 0.054252 160.000000 62.030980
-0.000457 0.041727 160.000000 46.050858
-0.007269 0.085406 160.000000 96.641611
-0.000960 0.012321 160.000000 9.701689
0.008204 0.009748 160.000000 14.048078
-0.007117 0.098179 160.000000 113.710833
0.005474 0.086774 160.000000 112.494249
0.002250 0.028452 160.000000 31.440408
0.000304 0.056809 160.000000 66.797275
0.000854 0.001964 160.000000 9.104946
0.002475 0.037018 160.000000 42.951970
0.003593 0.018754 160.000000 20.248841
-0.007568 0.049984 160.000000 49.929998
0.007079 0.094829 160.000000 125.090472
-0.006994 0.034154 160.000000 30.457291
-0.000580 0.025881 160.000000 25.330945
0.009514 0.061139 160.000000 83.103163
0.004039 0.028176 160.000000 33.005292
0.002136 0.086349 160.000000 108.113361
0.001421 0.028540 160.000000 30.696489
-0.000813 0.024248 160.000000 23.060969
0.004073 0.092599 160.000000 118.641462
-0.000321 0.005710 160.000000 7.875760
0.003614 0.091790 160.000000 117.039363
-0.006923 0.093133 160.000000 107.230376
-0.004704 0.081313 160.000000 93.915488
0.001279 0.053999 160.000000 64.135228
0.000770 0.070428 160.000000 85.396154
0.001264 0.002673 160.000000 8.035212
-0.008318 0.012952 160.000000 13.794547
-0.009089 0.063622 160.000000 66.194649
-0.004652 0.027646 160.000000 24.249739
0.003495 0.076853 160.000000 97.008649
-0.002964 0.064624 160.000000 73.655374
-0.004402 0.025236 160.000000 21.563771
0.000700 0.063837 160.000000 76.559881
0.003939 0.071373 160.000000 90.218996
-0.007510 0.025711 160.000000 20.515052
-0.007313 0.013622 160.000000 12.802920
0.004977 0.074344 160.000000 95.363529
-0.001563 0.042245 160.000000 45.601434
-0.007928 0.096715 160.000000 110.916535
-0.003812 0.071226 160.000000 81.497619
-0.009545 0.068490 160.000000 72.106882
0.000775 0.063813 160.000000 76.609889
0.000727 0.025710 160.000000 26.335962
-0.009977 0.096013 160.000000 107.859582
-0.008411 0.014826 160.000000 13.722490
-0.007496 0.008365 160.000000 14.831791
-0.004738 0.065622 160.000000 73.126052
0.002933 0.043786 160.000000 52.413268
0.003338 0.066024 160.000000 82.416039
-0.009687 0.012230 160.000000 15.494324
-0.000821 0.017158 160.000000 14.515252
-0.009497 0.091437 160.000000 102.310605
-0.006104 0.029140 160.000000 25.057301
-0.004771 0.015108 160.000000 11.816767
-0.007726 0.083397 160.000000 93.514424
-0.003046 0.052836 160.000000 58.011260
-0.007029 0.099437 160.000000 115.472756
-0.000828 0.074848 160.000000 89.511987
-0.008651 0.027332 160.000000 21.770127
-0.004243 0.092583 160.000000 109.358684
0.007458 0.075548 160.000000 99.849194
0.007102 0.076914 160.000000 101.251443
0.003686 0.067538 160.000000 84.824945
-0.009905 0.057438 160.000000 57.428442
-0.003989 0.062176 160.000000 69.352215
0.003158 0.042002 160.000000 50.298028
0.004992 0.089756 160.000000 115.911678
0.008922 0.089479 160.000000 120.124359
0.006646 0.033192 160.000000 42.601637
-0.005582 0.003739 160.000000 15.955173
0.008331 0.022783 160.000000 30.887492
-0.009614 0.076944 160.000000 83.110572
0.007021 0.063507 160.000000 83.307661
0.004966 0.092171 160.000000 119.099075
0.008230 0.099878 160.000000 133.166239
-0.003252 0.092933 160.000000 110.897190
-0.004913 0.078131 160.000000 89.480132
-0.001398 0.060118 160.000000 69.351274
-0.002407 0.096856 160.000000 117.035894
-0.004883 0.085427 160.000000 99.177287
0.009223 0.037641 160.000000 51.559072
-0.001069 0.034785 160.000000 36.344525
0.003085 0.080870 160.000000 101.891597
-0.001930 0.083549 160.000000 99.868300
-0.007231 0.021247 160.000000 16.358321
-0.004817 0.088076 160.000000 102.760796
0.002595 0.028700 160.000000 32.128704
-0.000313 0.069112 160.000000 82.455886
-0.004305 0.085504 160.000000 99.897171
-0.007720 0.088420 160.000000 100.158228
-0.007446 0.066605 160.000000 71.686662
0.001051 0.080023 160.000000 98.471976
0.001011 0.094255 160.000000 117.372461
0.004672 0.052697 160.000000 66.206187
-0.001729 0.061122 160.000000 70.327410
0.004184 0.041408 160.000000 50.659727
0.008641 0.018772 160.000000 26.034135
-0.006513 0.026341 160.000000 21.624159
-0.009570 0.048211 160.000000 45.936332
0.007434 0.077633 160.000000 102.597400
0.004821 0.090263 160.000000 116.389736
-0.009779 0.085462 160.000000 94.145794
0.008115 0.035057 160.000000 46.807369
0.005614 0.010318 160.000000 11.798164
0.007397 0.066864 160.000000 88.216398
0.003185 0.099707 160.000000 127.096876
-0.006084 0.048049 160.000000 48.789152
-0.000387 0.030555 160.000000 31.516578
-0.000020 0.090757 160.000000 111.562199
0.007147 0.030359 160.000000 39.444022
-0.006359 0.010464 160.000000 12.412608
0.003782 0.064341 160.000000 80.679494
-0.006161 0.043654 160.000000 43.055856
-0.005192 0.008186 160.000000 12.068287
0.008401 0.049629 160.000000 66.477833
0.003560 0.086448 160.000000 109.860844
-0.003979 0.064003 160.000000 71.774281
0.008190 0.032025 160.000000 42.886356
0.009808 0.037929 160.000000 52.647788
-0.004666 0.018127 160.000000 13.997778
0.002095 0.038818 160.000000 44.917542
-0.005614 0.078234 160.000000 88.880847
0.006881 0.078180 160.000000 102.679570
0.003355 0.056888 160.000000 70.282939
-0.009881 0.070889 160.000000 74.917163
0.007576 0.013415 160.000000 17.856142
0.004498 0.075150 160.000000 95.886816
-0.006015 0.042005 160.000000 41.073701
-0.002352 0.098988 160.000000 119.931158
-0.007048 0.067745 160.000000 73.579101
-0.007421 0.061718 160.000000 65.309860
0.007445 0.060177 160.000000 79.372695
-0.002209 0.001995 160.000000 13.011185
0.008586 0.062343 160.000000 83.600480
-0.008776 0.085711 160.000000 95.492856
-0.005431 0.024854 160.000000 20.529679
0.003631 0.041840 160.000000 50.610332
-0.004808 0.026463 160.000000 22.741169
0.006607 0.072918 160.000000 95.352745
-0.002608 0.025614 160.000000 23.286596
0.003302 0.022163 160.000000 24.344528
0.006024 0.051365 160.000000 65.992453
-0.003177 0.004173 160.000000 12.302584
0.004127 0.058140 160.000000 72.822783
0.000074 0.041356 160.000000 46.114004
-0.008079 0.023520 160.000000 18.230758
-0.005361 0.051007 160.000000 53.316410
0.002277 0.024934 160.000000 26.878837
-0.005645 0.044118 160.000000 44.115482
-0.009538 0.002383 160.000000 22.883060
0.007291 0.065606 160.000000 86.417344
-0.009116 0.023155 160.000000 17.827609
-0.004521 0.040367 160.000000 40.308405
-0.006233 0.037321 160.000000 34.954111
-0.008219 0.071273 160.000000 77.046754
-0.009486 0.096273 160.000000 108.710269
-0.003660 0.091424 160.000000 108.448870
-0.009947 0.016362 160.000000 15.028590
0.008878 0.086596 160.000000 116.232464
-0.001756 0.071025 160.000000 83.426296
-0.009809 0.048501 160.000000 46.106282
-0.006252 0.071298 160.000000 79.061372
-0.002476 0.066526 160.000000 76.689627
-0.006378 0.051896 160.000000 53.503227
0.000470 0.031871 160.000000 34.076668
0.008339 0.047328 160.000000 63.347330
0.009622 0.006499 160.000000 11.981591
0.002208 0.057930 160.000000 70.381431
0.007603 0.052143 160.000000 68.873404
-0.001679 0.029368 160.000000 28.780618
-0.009678 0.075355 160.000000 80.962402
-0.008365 0.031438 160.000000 26.371826
-0.002990 0.093685 160.000000 112.182094
0.009228 0.037877 160.000000 51.877020
-0.000464 0.063986 160.000000 75.484702
0.009115 0.037995 160.000000 51.896546
-0.000510 0.031633 160.000000 32.794973
0.000362 0.035508 160.000000 38.725917
-0.001958 0.069456 160.000000 81.126690
0.002084 0.047025 160.000000 55.768851
0.001159 0.080970 160.000000 99.853726
-0.002510 0.063880 160.000000 73.150456
0.008867 0.050162 160.000000 67.739186
-0.009051 0.074018 160.000000 79.826332
-0.008853 0.068957 160.000000 73.387740
0.009653 0.015977 160.000000 23.678864
0.000593 0.010051 160.000000 8.194605
0.002182 0.043608 160.000000 51.349665
-0.000488 0.075241 160.000000 90.406935
0.004459 0.085459 160.000000 109.573081
-0.002315 0.033026 160.000000 32.885830
-0.009599 0.094315 160.000000 106.006849
0.008500 0.032672 160.000000 44.112927
0.006825 0.084816 160.000000 111.454135
-0.004404 0.022198 160.000000 18.125127
0.006394 0.098870 160.000000 129.678195
-0.007537 0.020211 160.000000 15.539985
-0.001174 0.072693 160.000000 86.270929
-0.007143 0.013569 160.000000 12.662850
0.005744 0.061123 160.000000 78.648993
-0.009719 0.033785 160.000000 28.300923
0.005636 0.044239 160.000000 56.075025
0.001786 0.059619 160.000000 72.156963
0.001950 0.097333 160.000000 122.530220
-0.006322 0.080312 160.000000 90.891329
0.003620 0.025454 160.000000 28.973919
-0.001297 0.057939 160.000000 66.573873
-0.000994 0.029249 160.000000 29.255122
0.004676 0.096957 160.000000 125.142176
-0.001138 0.044344 160.000000 48.791437
-0.001842 0.054586 160.000000 61.564014
-0.006161 0.070148 160.000000 77.637034
-0.008686 0.028932 160.000000 23.435625
0.007987 0.066924 160.000000 88.988823
0.003926 0.048022 160.000000 59.146310
0.006394 0.076045 160.000000 99.269562
-0.004340 0.057675 160.000000 63.062768
0.000514 0.047222 160.000000 54.325713
-0.009137 0.029379 160.000000 23.722891
0.005808 0.089485 160.000000 116.491616
0.006615 0.013569 160.000000 16.923103
0.006286 0.086100 160.000000 112.536593
-0.006718 0.072207 160.000000 79.784060
0.003784 0.026196 160.000000 30.124529
-0.001785 0.015147 160.000000 11.961590
0.002847 0.094572 160.000000 119.870715
-0.000308 0.050619 160.000000 57.939800
0.003041 0.090207 160.000000 114.276810
-0.000683 0.086884 160.000000 105.672752
-0.004034 0.092948 160.000000 110.068733
0.004707 0.031715 160.000000 38.418143
-0.002759 0.036459 160.000000 36.897037
0.007121 0.078416 160.000000 103.274930
0.005511 0.040497 160.000000 50.964630
-0.002876 0.050071 160.000000 54.547169
0.003463 0.049168 160.000000 60.146014
-0.003666 0.044796 160.000000 46.855212
-0.006610 0.004239 160.000000 16.919195
0.007248 0.059522 160.000000 78.269954
-0.008244 0.040955 160.000000 37.895285
-0.009529 0.072656 160.000000 77.570372
0.005839 0.050532 160.000000 64.671585
0.009168 0.049659 160.000000 67.431454
0.004402 0.043118 160.000000 53.174704
-0.004963 0.069373 160.000000 77.845996
0.000768 0.067763 160.000000 81.851813
-0.005017 0.057681 160.000000 62.389476
0.001593 0.040377 160.000000 46.435079
0.008014 0.078479 160.000000 104.405036
-0.000226 0.069259 160.000000 82.746221
-0.005298 0.048584 160.000000 50.221766
-0.003946 0.009168 160.000000 10.298570
0.002437 0.048843 160.000000 58.569605
-0.007392 0.002137 160.000000 20.073839
0.009644 0.081045 160.000000 109.746465
0.009752 0.064807 160.000000 88.264802
-0.003931 0.002152 160.000000 15.203772
0.003065 0.021662 160.000000 23.448658
0.005448 0.089049 160.000000 115.495572
0.008023 0.037965 160.000000 50.548131
-0.000734 0.027637 160.000000 27.430063
-0.006731 0.030022 160.000000 25.696808
0.008833 0.047291 160.000000 63.887638
0.005906 0.035659 160.000000 45.006866
-0.009372 0.015101 160.000000 14.533361
0.006876 0.077613 160.000000 101.918281
-0.003214 0.087179 160.000000 103.294633
-0.001957 0.012351 160.000000 9.713471
-0.008135 0.051957 160.000000 51.960435
0.005824 0.086741 160.000000 112.855112
-0.009845 0.046875 160.000000 44.030558
-0.008045 0.015999 160.000000 13.611635
-0.004457 0.067611 160.000000 76.042337
-0.003450 0.058400 160.000000 64.928167
0.004961 0.088348 160.000000 113.999678
0.007226 0.025866 160.000000 33.614219
-0.000284 0.065290 160.000000 77.411567
-0.001954 0.049207 160.000000 54.351795
0.008137 0.031763 160.000000 42.476748
0.002173 0.054628 160.000000 65.957138
-0.002328 0.030516 160.000000 29.663481
0.006374 0.072573 160.000000 94.622175
0.006898 0.014667 160.000000 18.647085
-0.006354 0.097897 160.000000 114.147814
-0.009916 0.080090 160.000000 86.941804
0.007521 0.036089 160.000000 47.465746
0.008122 0.091837 160.000000 122.324806
-0.006931 0.091398 160.000000 104.923055
0.002880 0.079001 160.000000 99.169836
-0.009883 0.072912 160.000000 77.561924
-0.003077 0.006155 160.000000 10.697370
-0.006858 0.054066 160.000000 55.870284
0.006591 0.022378 160.000000 28.286630
-0.003666 0.089410 160.000000 105.767893
-0.007693 0.078930 160.000000 87.653250
0.008740 0.033537 160.000000 45.546335
0.005155 0.024026 160.000000 28.798474
-0.008921 0.061473 160.000000 63.556396
-0.001822 0.055445 160.000000 62.719581
0.009062 0.048137 160.000000 65.283911
-0.002356 0.074892 160.000000 87.909639
-0.002221 0.047745 160.000000 52.155842
0.005999 0.075007 160.000000 97.427961
-0.009496 0.042079 160.000000 38.332778
0.009049 0.067611 160.000000 91.159042
-0.001319 0.008145 160.000000 8.161296
-0.009046 0.003762 160.000000 20.803123
0.007779 0.072638 160.000000 96.351442
0.007142 0.036236 160.000000 47.214535
0.009700 0.053137 160.000000 72.688561
-0.007258 0.061033 160.000000 64.573564
0.004179 0.014590 160.000000 15.564832
-0.007932 0.058140 160.000000 60.153481
0.000082 0.051557 160.000000 59.598390
0.007975 0.099464 160.000000 132.314199
-0.009972 0.033563 160.000000 27.916282
-0.006914 0.090145 160.000000 103.281222
0.007995 0.090986 160.000000 121.042033
0.004644 0.007183 160.000000 7.481297
0.004734 0.052429 160.000000 65.920775
0.008623 0.082933 160.000000 111.053159
0.000320 0.081521 160.000000 99.651089
0.007856 0.097659 160.000000 129.770124
0.002666 0.079760 160.000000 99.937558
0.006609 0.021387 160.000000 27.010173
-0.009800 0.037385 160.000000 32.437033
0.009375 0.047213 160.000000 64.431636
-0.001843 0.073161 160.000000 86.166513
0.001390 0.086736 160.000000 107.787196
-0.006360 0.005247 160.000000 15.676653
0.008717 0.044038 160.000000 59.430300
0.000773 0.051296 160.000000 59.999622
0.003942 0.024997 160.000000 28.725924
0.007272 0.037585 160.000000 49.154525
0.008813 0.015768 160.000000 22.364233
-0.006738 0.098078 160.000000 113.978906
0.004373 0.035574 160.000000 43.144518
0.002130 0.009198 160.000000 7.912217
0.006135 0.009322 160.000000 11.167247
0.007119 0.060007 160.000000 78.763670
-0.000358 0.030585 160.000000 31.583366
0.002449 0.041556 160.000000 48.924407
-0.008827 0.064654 160.000000 67.788293
-0.003439 0.088165 160.000000 104.360984
0.006710 0.060545 160.000000 79.001776
0.005064 0.098433 160.000000 127.555042
0.007798 0.025566 160.000000 33.899474
0.001627 0.067718 160.000000 82.746280
0.002847 0.021649 160.000000 23.207120
0.000408 0.016238 160.000000 14.279402
0.009618 0.071807 160.000000 97.418707
0.005125 0.020911 160.000000 24.692044
-0.006615 0.033531 160.000000 29.971835
0.005189 0.046161 160.000000 58.113664
0.006790 0.033459 160.000000 43.122538
-0.001700 0.009590 160.000000 8.494980
-0.002695 0.060661 160.000000 68.696780
-0.001073 0.073548 160.000000 87.516785
-0.003690 0.040055 160.000000 40.673870
-0.003218 0.004987 160.000000 11.696906
0.008804 0.062933 160.000000 84.643223
-0.006453 0.076388 160.000000 85.570199
-0.002312 0.028516 160.000000 27.143156
-0.004116 0.048685 160.000000 51.493450
-0.003416 0.062210 160.000000 69.990317
-0.001519 0.007278 160.000000 8.475710
0.005424 0.051398 160.000000 65.343347
-0.009937 0.005444 160.000000 20.484819
-0.002466 0.002496 160.000000 12.870796
0.009232 0.043667 160.000000 59.555712
0.000473 0.090783 160.000000 112.146235
-0.005665 0.008989 160.000000 12.224742
-0.006163 0.002597 160.000000 17.872728
-0.008052 0.063261 160.000000 66.714682
0.006859 0.062265 160.000000 81.465422
0.007729 0.090635 160.000000 120.262960
-0.008065 0.024812 160.000000 19.439882
0.000044 0.012524 160.000000 10.116686
-0.003188 0.065250 160.000000 74.247889
0.000520 0.034063 160.000000 36.993959
-0.009482 0.063927 160.000000 66.220548
-0.008966 0.025643 160.000000 20.016099
0.002149 0.033371 160.000000 37.791037
0.001243 0.007638 160.000000 6.827170
0.007032 0.076064 160.000000 100.037370
-0.002370 0.064941 160.000000 74.703654
-0.006321 0.097171 160.000000 113.219665
0.003160 0.066978 160.000000 83.482398
0.006961 0.079499 160.000000 104.529795
0.002728 0.091471 160.000000 115.604665
-0.008924 0.084173 160.000000 93.312022
-0.009869 0.088810 160.000000 98.465550
-0.004851 0.062424 160.000000 68.794813
0.005884 0.087151 160.000000 113.470713
0.003306 0.092148 160.000000 117.165105
-0.009663 0.019965 160.000000 15.851273
0.003658 0.057451 160.000000 71.374870
0.002603 0.003417 160.000000 6.270332
-0.002350 0.075624 160.000000 88.887831
0.004255 0.007828 160.000000 7.819430
-0.006010 0.009562 160.000000 12.366712
0.000423 0.008711 160.000000 7.420693
-0.008684 0.098570 160.000000 112.581158
-0.005390 0.092068 160.000000 107.443527
-0.002877 0.079899 160.000000 93.993209
0.000111 0.007514 160.000000 7.223758
0.007350 0.012335 160.000000 16.225625
-0.002616 0.008678 160.000000 9.157955
0.000719 0.072795 160.000000 88.486989
-0.001104 0.087339 160.000000 105.813257
0.002150 0.046694 160.000000 55.403092
-0.003356 0.066280 160.000000 75.434455
-0.001122 0.095950 160.000000 117.248570
-0.000864 0.061370 160.000000 71.582383
0.006885 0.022065 160.000000 28.221405
-0.005646 0.020365 160.000000 15.819289
0.002013 0.018544 160.000000 18.424037
-0.000278 0.014876 160.000000 12.328776
0.002628 0.003380 160.000000 6.267963
0.009944 0.088816 160.000000 120.450026
-0.005142 0.072992 160.000000 82.441681
0.007215 0.063981 160.000000 84.165327
-0.006338 0.005205 160.000000 15.683217
0.006558 0.016627 160.000000 20.766553
-0.009859 0.017333 160.000000 15.075267
0.006565 0.042043 160.000000 54.237800
0.004158 0.004897 160.000000 5.652665
0.000967 0.039374 160.000000 44.442866
0.003176 0.044005 160.000000 52.973475
0.006730 0.078774 160.000000 103.294275
-0.000356 0.072154 160.000000 86.449139
0.001608 0.055733 160.000000 66.797572
0.006897 0.015029 160.000000 19.108274
0.002653 0.088874 160.000000 112.059781
-0.008190 0.033963 160.000000 29.415029
-0.008843 0.029959 160.000000 24.476935
-0.002911 0.041521 160.000000 43.319569
-0.007207 0.079966 160.000000 89.517624
0.006467 0.091440 160.000000 119.861977
0.005375 0.074208 160.000000 95.641948
-0.003333 0.071150 160.000000 81.904116
-0.007364 0.042895 160.000000 41.047797
-0.001767 0.074901 160.000000 88.559213
-0.009404 0.063621 160.000000 65.894320
0.009339 0.066836 160.000000 90.471828
0.004841 0.064981 160.000000 82.742304
0.009006 0.002828 160.000000 7.602997
-0.004317 0.031412 160.000000 29.112457
-0.009495 0.071204 160.000000 75.704219
-0.001286 0.083738 160.000000 100.824141
-0.006084 0.007025 160.000000 13.909449
0.005913 0.047210 160.000000 60.342118
0.009903 0.022303 160.000000 32.190519
-0.000431 0.041586 160.000000 45.892718
-0.005310 0.045467 160.000000 46.166191
-0.008299 0.019093 160.000000 14.951106
0.000440 0.041874 160.000000 47.182358
-0.008029 0.034603 160.000000 30.282362
0.004741 0.025143 160.000000 29.799252
0.003895 0.093979 160.000000 120.277048
0.005429 0.003419 160.000000 5.384479
0.003554 0.049578 160.000000 60.793449
0.008022 0.081249 160.000000 108.103705
0.004249 0.045149 160.000000 55.697969
-0.008178 0.053853 160.000000 54.368399
0.006111 0.054092 160.000000 69.719484
-0.003753 0.082660 160.000000 96.715004
-0.006001 0.089263 160.000000 103.075765
-0.007362 0.088792 160.000000 101.023089
-0.004132 0.050280 160.000000 53.565435
-0.006181 0.043926 160.000000 43.387510
0.000488 0.048390 160.000000 55.842144
-0.005345 0.086846 160.000000 100.567770
0.007376 0.074455 160.000000 98.297806
-0.003203 0.014521 160.000000 11.234978
-0.002887 0.057381 160.000000 64.165085
0.003377 0.048723 160.000000 59.459356
0.006672 0.062549 160.000000 81.624176
0.009250 0.052366 160.000000 71.126178
-0.002799 0.073979 160.000000 86.223017
-0.001853 0.008935 160.000000 8.529974
-0.006296 0.080535 160.000000 91.212868
-0.000597 0.023025 160.000000 21.716471
-0.006498 0.051627 160.000000 53.039797
0.005079 0.067703 160.000000 86.639467
-0.008485 0.091793 160.000000 103.824166
0.005548 0.068098 160.000000 87.705812
-0.008071 0.092664 160.000000 105.406346
0.003251 0.024035 160.000000 26.725497
0.002603 0.053683 160.000000 65.178910
0.005743 0.093527 160.000000 121.803322
-0.008438 0.054708 160.000000 55.234469
0.007713 0.003690 160.000000 6.984528
0.002187 0.002312 160.000000 7.323153
0.006347 0.009750 160.000000 11.902183
-0.000798 0.004027 160.000000 9.402023
0.006099 0.012244 160.000000 14.676147
0.007862 0.044628 160.000000 59.196104
0.003186 0.065695 160.000000 81.805042
-0.008814 0.063098 160.000000 65.772394
-0.005618 0.068651 160.000000 76.219037
0.008395 0.082266 160.000000 109.895901
-0.003713 0.096227 160.000000 114.772229
-0.000332 0.071869 160.000000 86.097037
-0.004866 0.069228 160.000000 77.755850
0.009246 0.058316 160.000000 79.029354
-0.002524 0.040434 160.000000 42.279268
0.002263 0.086370 160.000000 108.283919
-0.007250 0.091754 160.000000 105.059299
-0.009019 0.064488 160.000000 67.389145
-0.005981 0.041341 160.000000 40.255971
0.003371 0.002999 160.000000 5.897948
-0.002529 0.053970 160.000000 60.036846
0.003341 0.045746 160.000000 55.467100
-0.003158 0.029456 160.000000 27.613205
0.009552 0.038991 160.000000 53.743965
0.002834 0.075948 160.000000 95.052477
0.003837 0.095812 160.000000 122.653108
-0.009497 0.076139 160.000000 82.168691
-0.007745 0.061663 160.000000 64.924565
0.003465 0.019431 160.000000 20.984779
0.009670 0.098356 160.000000 132.833129
0.006854 0.050041 160.000000 65.200192
0.001441 0.013800 160.000000 12.212930
-0.007965 0.017449 160.000000 14.036584
-0.000486 0.072226 160.000000 86.401947
0.007745 0.075413 160.000000 100.005332
0.007598 0.059846 160.000000 79.112162
-0.007561 0.092449 160.000000 105.653970
-0.009123 0.091809 160.000000 103.186443
-0.000668 0.085248 160.000000 103.512938
0.002376 0.086450 160.000000 108.518063
0.003638 0.092363 160.000000 117.830047
-0.001149 0.052683 160.000000 59.777524
-0.007840 0.003160 160.000000 19.681434
0.003859 0.013320 160.000000 13.677514
0.001287 0.021966 160.000000 22.074006
-0.003042 0.018611 160.000000 14.933000
0.005452 0.023904 160.000000 28.975370
-0.002436 0.043019 160.000000 45.741037
-0.000186 0.034480 160.000000 36.822798
0.006029 0.001287 160.000000 5.373523
0.003597 0.054760 160.000000 67.728199
0.004951 0.011515 160.000000 12.557145
-0.008117 0.097895 160.000000 112.280370
0.002380 0.064409 160.000000 79.186944
0.004753 0.006305 160.000000 6.776835
0.002709 0.096570 160.000000 122.375323
0.003290 0.087190 160.000000 110.541850
-0.002916 0.014686 160.000000 11.359869
-0.001658 0.057625 160.000000 65.775121
-0.008744 0.045289 160.000000 42.927580
0.006578 0.022998 160.000000 29.083447
0.000560 0.032572 160.000000 35.084621
0.009636 0.098509 160.000000 132.996609
0.007464 0.052583 160.000000 69.294241
-0.008087 0.018308 160.000000 14.474425
-0.004609 0.033183 160.000000 31.089368
0.002680 0.037970 160.000000 44.433645
-0.003269 0.065358 160.000000 74.305806
0.007443 0.085231 160.000000 112.728147
0.004166 0.059457 160.000000 74.620005
-0.006506 0.012068 160.000000 12.191770
0.009246 0.098004 160.000000 131.863149
-0.006878 0.081280 160.000000 91.593661
0.008911 0.053500 160.000000 72.227571
0.006236 0.065482 160.000000 85.020074
0.009100 0.050641 160.000000 68.654836
-0.000805 0.033022 160.000000 34.310643
-0.003095 0.062672 160.000000 70.936404
0.007570 0.005642 160.000000 8.630372
-0.007655 0.096696 160.000000 111.178579
-0.009082 0.082118 160.000000 90.445584
-0.005914 0.083408 160.000000 95.413035
-0.006189 0.059909 160.000000 64.147573
0.005564 0.088341 160.000000 114.685104
0.002545 0.084812 160.000000 106.528165
0.002323 0.086337 160.000000 108.308605
0.000665 0.013533 160.000000 11.421047
0.004472 0.021466 160.000000 24.692893
-0.001316 0.043283 160.000000 47.213322
-0.005160 0.065046 160.000000 71.934752
0.007581 0.026174 160.000000 34.440841
0.006009 0.089384 160.000000 116.589975
0.003256 0.010698 160.000000 10.075380
-0.000185 0.084903 160.000000 103.588625
-0.009647 0.029319 160.000000 23.461827
0.004263 0.096962 160.000000 124.673244
-0.006530 0.067899 160.000000 74.301056
-0.004957 0.023793 160.000000 19.598647
0.001266 0.019680 160.000000 19.163578
-0.003673 0.062022 160.000000 69.475145
0.000385 0.015022 160.000000 12.877548
-0.000127 0.093093 160.000000 114.551193
-0.003265 0.007134 160.000000 10.359687
-0.002475 0.072697 160.000000 84.870634
0.007147 0.087063 160.000000 114.824144
0.005502 0.008039 160.000000 9.072260
0.009980 0.021797 160.000000 31.627769
0.004400 0.039717 160.000000 48.663170
0.009094 0.038624 160.000000 52.705039
-0.001607 0.009984 160.000000 8.537193
-0.006697 0.007135 160.000000 14.633818
-0.000781 0.023390 160.000000 22.014577
-0.009637 0.038724 160.000000 34.143944
-0.002357 0.065094 160.000000 74.919842
-0.007683 0.088520 160.000000 100.328472
-0.008686 0.064123 160.000000 67.231372
-0.005717 0.050898 160.000000 52.833420
-0.007467 0.023782 160.000000 18.603844
0.004540 0.048268 160.000000 60.170328
0.002792 0.054057 160.000000 65.887609
-0.003153 0.075027 160.000000 87.233940
-0.001693 0.090269 160.000000 109.061139
-0.009579 0.007711 160.000000 18.069980
-0.004324 0.007023 160.000000 11.679783
-0.000836 0.022288 160.000000 20.602571
-0.008567 0.051959 160.000000 51.576946
-0.005620 0.098480 160.000000 115.705576
0.008118 0.020493 160.000000 27.635867
-0.005590 0.089956 160.000000 104.429998
0.006599 0.077823 160.000000 101.875054
-0.009447 0.076525 160.000000 82.725546
0.004773 0.022783 160.000000 26.743896
-0.008219 0.004156 160.000000 19.253206
0.006114 0.013015 160.000000 15.655757
0.005399 0.029234 160.000000 35.927572
-0.006537 0.005072 160.000000 16.071278
-0.005460 0.091259 160.000000 106.295730
-0.009503 0.081964 160.000000 89.818150
0.009865 0.070677 160.000000 96.209017
0.006595 0.065980 160.000000 86.101566
0.000783 0.046444 160.000000 53.585201
0.009229 0.007745 160.000000 12.918726
-0.008369 0.086108 160.000000 96.433555
0.002282 0.085824 160.000000 107.578351
-0.001143 0.082486 160.000000 99.317207
0.004591 0.093100 160.000000 119.905522
0.002909 0.089123 160.000000 112.682403
-0.001820 0.098884 160.000000 120.378929
-0.000691 0.069483 160.000000 82.535078
-0.005070 0.008623 160.000000 11.707209
-0.006222 0.002315 160.000000 18.237787
-0.004942 0.056530 160.000000 60.953290
-0.006738 0.029350 160.000000 24.910025
0.008001 0.085068 160.000000 113.165432
-0.008657 0.030579 160.000000 25.249245
0.000843 0.012605 160.000000 10.548864
-0.007992 0.070954 160.000000 76.854166
0.008670 0.072776 160.000000 97.584966
-0.005598 0.023347 160.000000 18.807929
0.005820 0.039516 160.000000 50.019421
0.004292 0.069002 160.000000 87.466252
0.002073 0.065443 160.000000 80.218205
-0.004412 0.016958 160.000000 13.051811
-0.008005 0.056993 160.000000 58.594230
0.004704 0.042019 160.000000 52.060461
0.004994 0.028409 160.000000 34.380021
-0.007315 0.025631 160.000000 20.505830
-0.000052 0.095057 160.000000 117.249616
0.006673 0.024718 160.000000 31.453201
0.002156 0.005735 160.000000 6.108785
0.007414 0.064857 160.000000 85.563433
0.005944 0.016693 160.000000 20.147385
-0.006062 0.089707 160.000000 103.599405
0.002098 0.094505 160.000000 118.931499
-0.008824 0.056789 160.000000 57.571529
-0.006941 0.036931 160.000000 33.906886
0.006932 0.082049 160.000000 107.893035
0.000676 0.058079 160.000000 68.888246
-0.006852 0.061253 160.000000 65.256838
0.009893 0.076307 160.000000 103.735234
0.004610 0.071866 160.000000 91.642798
0.005206 0.038502 160.000000 47.969208
0.003447 0.086113 160.000000 109.286055
-0.000386 0.004573 160.000000 8.545095
0.002403 0.016068 160.000000 15.697452
-0.009085 0.028820 160.000000 23.153430
0.007916 0.058443 160.000000 77.619727
0.008000 0.053776 160.000000 71.513567
0.003010 0.066996 160.000000 83.337883
-0.009214 0.025433 160.000000 19.772041
0.009915 0.071853 160.000000 97.834632
0.002484 0.098126 160.000000 124.192275
0.005562 0.073005 160.000000 94.255891
-0.007560 0.019970 160.000000 15.367559
-0.000984 0.053652 160.000000 61.233467
0.002039 0.094135 160.000000 118.372323
-0.002545 0.016177 160.000000 12.701456
0.000846 0.056394 160.000000 66.837950
-0.009087 0.042051 160.000000 38.607239
-0.005780 0.014330 160.000000 11.864529
-0.008766 0.007212 160.000000 17.351554
0.003446 0.098420 160.000000 125.680785
0.006982 0.012108 160.000000 15.509857
0.004311 0.036519 160.000000 44.324775
0.008427 0.051088 160.000000 68.447759
-0.001970 0.078683 160.000000 93.359966
-0.009068 0.087045 160.000000 96.953617
0.003441 0.078717 160.000000 99.428438
0.006008 0.048314 160.000000 61.919051
-0.002583 0.048743 160.000000 53.099145
-0.004363 0.098745 160.000000 117.411932
0.007340 0.064274 160.000000 84.700848
0.006199 0.019218 160.000000 23.707574
0.006837 0.076698 160.000000 100.654330
-0.008641 0.009029 160.000000 15.881263
-0.009320 0.040725 160.000000 36.797781
-0.009442 0.067541 160.000000 70.966448
-0.000616 0.081354 160.000000 98.391511
-0.000920 0.067198 160.000000 79.252688
-0.004752 0.076837 160.000000 87.935460
0.003188 0.080400 160.000000 101.382246
-0.000588 0.018654 160.000000 16.397485
-0.007068 0.061310 160.000000 65.119783
0.003807 0.074669 160.000000 94.456416
0.003015 0.080963 160.000000 101.934598
-0.008987 0.062743 160.000000 65.147074
-0.009275 0.045631 160.000000 42.926468
0.007419 0.014297 160.000000 18.788969
-0.003613 0.068616 160.000000 78.254216
0.009154 0.005341 160.000000 10.137811
-0.009945 0.026130 160.000000 20.283824
-0.003441 0.045963 160.000000 48.597974
-0.004407 0.037937 160.000000 37.292501
0.005824 0.068501 160.000000 88.561478
-0.000466 0.076091 160.000000 91.560138
-0.009700 0.028519 160.000000 22.624733
0.005178 0.020357 160.000000 24.030899
-0.006536 0.027048 160.000000 22.399303
-0.007148 0.086130 160.000000 97.724470
-0.004390 0.050100 160.000000 53.075730
0.002475 0.011796 160.000000 10.704297
0.004601 0.095969 160.000000 123.739147
0.003677 0.032968 160.000000 38.921217
-0.008489 0.050933 160.000000 50.328594
-0.008656 0.020700 160.000000 16.002965
-0.001737 0.011711 160.000000 9.307383
-0.001709 0.020063 160.000000 17.275136
-0.004480 0.093852 160.000000 110.788028
-0.004471 0.093685 160.000000 110.575641
0.009439 0.094902 160.000000 127.959725
0.000880 0.081576 160.000000 100.347097
-0.006169 0.096890 160.000000 113.008209
0.009695 0.077903 160.000000 105.624035
0.001365 0.019214 160.000000 18.668641
-0.007402 0.090454 160.000000 103.179576
-0.001852 0.014588 160.000000 11.431753
0.004624 0.090401 160.000000 116.346206
-0.001476 0.003742 160.000000 10.462146
0.001089 0.073627 160.000000 90.004555
0.003071 0.088191 160.000000 111.624973
-0.006484 0.077795 160.000000 87.396853
-0.003841 0.051008 160.000000 54.806635
0.003645 0.088321 160.000000 112.453151
-0.005835 0.004731 160.000000 15.404668
-0.001825 0.072009 160.000000 84.657269
-0.009310 0.093091 160.000000 104.687400
-0.008104 0.044531 160.000000 42.498990
-0.008358 0.010577 160.000000 14.653417
0.006509 0.053185 160.000000 68.977188
-0.003125 0.029662 160.000000 27.898519
0.007426 0.025206 160.000000 32.982611
-0.002604 0.012338 160.000000 9.816976
0.006601 0.055319 160.000000 71.921861
0.001995 0.088077 160.000000 110.254341
0.008216 0.007419 160.000000 11.304991
0.005654 0.073423 160.000000 94.918006
-0.009564 0.012472 160.000000 15.262513
0.001605 0.028002 160.000000 30.182823
-0.009595 0.036041 160.000000 30.980865
0.007583 0.008818 160.000000 12.190252
-0.006439 0.050065 160.000000 51.069850
0.002957 0.012438 160.000000 11.811117
0.004605 0.007391 160.000000 7.649300
0.008641 0.084813 160.000000 113.578191
0.003768 0.056555 160.000000 70.307364
0.000071 0.010045 160.000000 8.162714
0.001338 0.054771 160.000000 65.223002
0.000297 0.031872 160.000000 33.904325
-0.007801 0.006769 160.000000 16.388533
-0.000946 0.091006 160.000000 110.865524
-0.007646 0.089073 160.000000 101.098177
0.009067 0.064523 160.000000 87.071401
-0.006278 0.087988 160.000000 101.094962
0.005877 0.004899 160.000000 6.402361
0.007125 0.082291 160.000000 108.440811
0.003219 0.081515 160.000000 102.902833
0.006681 0.021005 160.000000 26.595485
-0.007533 0.089997 160.000000 102.437587
0.004848 0.050698 160.000000 63.750398
-0.009009 0.094352 160.000000 106.664257
-0.007051 0.088644 160.000000 101.151632
-0.006714 0.068237 160.000000 74.561928
0.004646 0.013253 160.000000 14.376716
-0.006813 0.085075 160.000000 96.677665
-0.005942 0.007197 160.000000 13.606227
0.009730 0.043012 160.000000 59.287942
-0.004362 0.007309 160.000000 11.556239
-0.009035 0.057699 160.000000 58.554901
0.004290 0.086020 160.000000 110.126428
0.002250 0.010203 160.000000 8.889388
-0.001887 0.079366 160.000000 94.357335
0.009123 0.074556 160.000000 100.490259
-0.000439 0.032875 160.000000 34.477710
-0.002420 0.071398 160.000000 83.206455
-0.004004 0.087165 160.000000 102.423598
-0.009198 0.022876 160.000000 17.609483
0.007468 0.016147 160.000000 21.218125
-0.001153 0.067318 160.000000 79.159460
0.003206 0.002846 160.000000 6.080262
-0.002666 0.023508 160.000000 20.686683
-0.009017 0.069829 160.000000 74.369010
-0.009995 0.051432 160.000000 49.663864
0.004117 0.019390 160.000000 21.616495
0.009006 0.089346 160.000000 120.047563
-0.003162 0.026845 160.000000 24.368991
0.002606 0.036809 160.000000 42.818605
-0.005557 0.099407 160.000000 117.004363
-0.002718 0.028230 160.000000 26.442842
0.006556 0.063549 160.000000 82.819025
0.004336 0.020247 160.000000 22.961653
0.001127 0.020452 160.000000 20.006484
-0.004118 0.090470 160.000000 106.687349
-0.008501 0.074263 160.000000 80.694702
0.005208 0.013999 160.000000 15.899338
0.007539 0.051954 160.000000 68.546489
-0.003289 0.034801 160.000000 34.277260
-0.002018 0.048199 160.000000 52.958949
0.005818 0.069389 160.000000 89.736640
-0.006031 0.014110 160.000000 11.944328
0.003058 0.095577 160.000000 121.449480
-0.007868 0.090384 160.000000 102.602161
0.001320 0.036559 160.000000 41.106633
0.005780 0.091589 160.000000 119.263721
-0.008566 0.028268 160.000000 22.779319
-0.004052 0.055959 160.000000 61.098139
-0.003545 0.057833 160.000000 64.081951
-0.002069 0.049917 160.000000 55.168080
-0.001124 0.035526 160.000000 37.254879
-0.002539 0.002416 160.000000 13.044751
-0.000965 0.056319 160.000000 64.782786
-0.002110 0.034900 160.000000 35.491090
-0.008492 0.082977 160.000000 92.175042
-0.009789 0.014483 160.000000 14.980357
-0.009238 0.043113 160.000000 39.809083
-0.000514 0.067772 160.000000 80.455595
0.003217 0.070406 160.000000 88.109773
0.007793 0.042114 160.000000 55.776984
0.005823 0.055040 160.000000 70.645718
-0.006773 0.091367 160.000000 105.048081
-0.003514 0.071464 160.000000 82.128754
-0.000202 0.081251 160.000000 98.712137
0.009923 0.043342 160.000000 59.958418
-0.004543 0.068702 160.000000 77.394760
0.001047 0.037518 160.000000 42.081548
0.001712 0.031997 160.000000 35.522397
-0.003278 0.064324 160.000000 72.928309
-0.003696 0.069453 160.000000 79.274678
-0.007494 0.067097 160.000000 72.283823
-0.008634 0.001615 160.000000 22.384364
-0.003055 0.052731 160.000000 57.864271
-0.004335 0.076691 160.000000 88.182948
0.008008 0.088046 160.000000 117.140284
0.001304 0.060265 160.000000 72.480986
-0.005738 0.068700 160.000000 76.160485
-0.005756 0.073923 160.000000 83.035359
0.009566 0.038459 160.000000 53.056407
-0.004561 0.067666 160.000000 76.008289
0.005124 0.023854 160.000000 28.538516
0.008070 0.091524 160.000000 121.846761
-0.008640 0.017897 160.000000 14.521374
0.001867 0.002843 160.000000 7.269596
0.006812 0.099421 160.000000 130.899060
0.004963 0.032292 160.000000 39.470182
-0.003579 0.063864 160.000000 72.006030
-0.004547 0.054634 160.000000 58.859385
-0.004254 0.096687 160.000000 114.797253
0.001305 0.006316 160.000000 6.520849
-0.000444 0.036174 160.000000 38.777726
-0.001517 0.049274 160.000000 54.892209
-0.002796 0.078970 160.000000 92.848016
0.007218 0.036928 160.000000 48.221238
-0.000508 0.095955 160.000000 117.937616
-0.002631 0.040049 160.000000 41.673971
-0.004732 0.070047 160.000000 78.976238
-0.009779 0.099956 160.000000 113.275096
-0.000967 0.070020 160.000000 82.946503
-0.004199 0.004768 160.000000 13.158743
0.004408 0.068507 160.000000 86.938852
0.000053 0.091645 160.000000 112.824600
0.001222 0.027246 160.000000 28.810503
0.003666 0.034294 160.000000 40.660892
-0.005902 0.096038 160.000000 112.164300
-0.001417 0.081876 160.000000 98.206297
-0.006313 0.027607 160.000000 23.153425
-0.009200 0.014112 160.000000 14.463735
0.009247 0.082965 160.000000 111.832499
0.009709 0.047573 160.000000 65.312656
0.002996 0.078859 160.000000 99.111564
0.007722 0.055161 160.000000 73.026339
0.005446 0.010687 160.000000 12.066188
0.001721 0.076149 160.000000 94.066641
0.007232 0.052554 160.000000 68.983252
-0.005678 0.031695 160.000000 28.416003
-0.009614 0.073006 160.000000 77.946527
-0.005111 0.089064 160.000000 103.758023
-0.001406 0.086640 160.000000 104.550994
0.008840 0.087228 160.000000 117.029048
0.003361 0.007434 160.000000 6.960196
-0.005793 0.044367 160.000000 44.301761
-0.005266 0.080230 160.000000 91.886109
0.002992 0.023052 160.000000 25.175050
0.005795 0.040647 160.000000 51.491727
0.006626 0.047367 160.000000 61.380087
0.003749 0.026746 160.000000 30.808440
0.005771 0.004811 160.000000 6.265541
0.009896 0.076985 160.000000 104.641385
0.005190 0.074950 160.000000 96.416625
-0.002218 0.036127 160.000000 36.977201
-0.000441 0.012782 160.000000 10.194763
-0.005365 0.064304 160.000000 70.748401
-0.009547 0.035587 160.000000 30.477455
0.003988 0.018938 160.000000 20.897829
-0.004136 0.022745 160.000000 18.869114
0.000722 0.010856 160.000000 8.851470
-0.005051 0.066256 160.000000 73.641882
-0.001482 0.085474 160.000000 102.916770
0.009024 0.001794 160.000000 6.894404
0.004857 0.023116 160.000000 27.273668
0.003058 0.009570 160.000000 8.738478
0.007276 0.065203 160.000000 85.863136
0.003401 0.033966 160.000000 39.934221
0.000312 0.080815 160.000000 98.701960
0.009083 0.040290 160.000000 54.898813
-0.006748 0.050647 160.000000 51.535972
-0.001682 0.004164 160.000000 10.383630
-0.007275 0.099234 160.000000 114.942521
0.009727 0.085424 160.000000 115.676639
-0.000721 0.051624 160.000000 58.830627
-0.003415 0.038727 160.000000 39.213585
0.007722 0.089283 160.000000 118.453316
0.001299 0.020863 160.000000 20.684163
-0.008416 0.030249 160.000000 25.004191
0.002104 0.032542 160.000000 36.651460
0.004788 0.084602 160.000000 108.809424
0.009195 0.077757 160.000000 104.837148
0.006442 0.077469 160.000000 101.220882
0.009017 0.026938 160.000000 37.176987
-0.001824 0.062252 160.000000 71.723557
0.003770 0.031376 160.000000 36.923642
0.007513 0.011185 160.000000 14.983593
-0.009597 0.074525 160.000000 79.953409
-0.007152 0.057078 160.000000 59.512185
-0.005876 0.044788 160.000000 44.768805
0.005369 0.066739 160.000000 85.690761
-0.001599 0.088032 160.000000 106.189743
-0.005440 0.021382 160.000000 16.848904
-0.004309 0.008686 160.000000 10.831173
0.007331 0.052170 160.000000 68.589574
0.009010 0.065374 160.000000 88.135547
0.002554 0.046985 160.000000 56.234472
0.005276 0.088202 160.000000 114.167377
-0.008795 0.058012 160.000000 59.180524
0.004260 0.074512 160.000000 94.764721
0.008209 0.010293 160.000000 14.719128
0.003160 0.076545 160.000000 96.217176
-0.008467 0.001737 160.000000 22.019138
-0.009035 0.052846 160.000000 52.299804
0.005236 0.074958 160.000000 96.479861
0.002561 0.084060 160.000000 105.544787
0.006906 0.011306 160.000000 14.424498
0.000951 0.063400 160.000000 76.256495
0.001235 0.007431 160.000000 6.756603
0.005097 0.054872 160.000000 69.585803
0.004802 0.098681 160.000000 127.583793
0.009962 0.014982 160.000000 22.796244
0.003039 0.044299 160.000000 53.210951
0.004852 0.054236 160.000000 68.458332
0.004321 0.067226 160.000000 85.134900
-0.007750 0.083957 160.000000 94.229059
-0.002655 0.063090 160.000000 71.951890
0.007038 0.069255 160.000000 90.977647
-0.001041 0.093671 160.000000 114.305717
0.000836 0.088797 160.000000 109.908415
-0.009516 0.044969 160.000000 41.905213
0.001422 0.051858 160.000000 61.451546
-0.008662 0.014447 160.000000 13.936796
0.007653 0.082524 160.000000 109.368772
-0.007344 0.088818 160.000000 101.076014
0.003917 0.009124 160.000000 8.882699
-0.004961 0.064024 160.000000 70.791709
-0.000227 0.065202 160.000000 77.356492
-0.002122 0.042258 160.000000 45.057197
-0.005027 0.071513 160.000000 80.606501
0.007210 0.008807 160.000000 11.745940
-0.003311 0.079858 160.000000 93.471031
-0.000398 0.020523 160.000000 18.788718
-0.001681 0.094439 160.000000 114.619561
0.007340 0.008877 160.000000 11.978884
-0.005389 0.063284 160.000000 69.381229
0.006733 0.077594 160.000000 101.727230
-0.005698 0.056828 160.000000 60.596032
0.006496 0.049094 160.000000 63.523126
0.006106 0.063869 160.000000 82.722553
-0.007101 0.022530 160.000000 17.508739
-0.009318 0.028288 160.000000 22.517515
0.003409 0.037508 160.000000 44.626123
0.007651 0.090217 160.000000 119.613691
-0.008313 0.062284 160.000000 65.188671
0.009355 0.086016 160.000000 116.023633
0.008691 0.063574 160.000000 85.362711
-0.008108 0.023166 160.000000 17.910509
0.009884 0.040944 160.000000 56.733468
-0.005237 0.066921 160.000000 74.328562
-0.003443 0.093959 160.000000 112.052106
-0.001353 0.043285 160.000000 47.178980
0.003340 0.041778 160.000000 50.204045
0.005185 0.087501 160.000000 113.129620
-0.007461 0.081635 160.000000 91.461360
-0.004409 0.081172 160.000000 94.042086
0.002883 0.054573 160.000000 66.675805
0.008949 0.063755 160.000000 85.909634
0.005868 0.031101 160.000000 38.932125
-0.005056 0.046109 160.000000 47.234583
-0.009880 0.026457 160.000000 20.590804
0.005999 0.085731 160.000000 111.713029
0.002794 0.075073 160.000000 93.843090
-0.007422 0.070713 160.000000 77.106968
-0.009037 0.022454 160.000000 17.282628
-0.005715 0.017776 160.000000 13.667196
0.009467 0.077811 160.000000 105.231502
-0.008018 0.074980 160.000000 82.121588
-0.000049 0.049423 160.000000 56.635254
0.004350 0.098517 160.000000 126.845865
-0.004809 0.099336 160.000000 117.714702
-0.004664 0.001054 160.000000 17.351381
-0.007496 0.054102 160.000000 55.319459
-0.008595 0.079261 160.000000 87.174906
-0.005548 0.022282 160.000000 17.717991
-0.009067 0.075007 160.000000 81.108972
-0.008425 0.066297 160.000000 70.323254
-0.003695 0.067760 160.000000 77.035959
0.003860 0.063256 160.000000 79.325306
-0.009579 0.018624 160.000000 15.250908
0.009871 0.076418 160.000000 103.857267
0.000906 0.024916 160.000000 25.486975
-0.007764 0.014678 160.000000 13.207294
-0.009429 0.087577 160.000000 97.288321
-0.008894 0.082542 160.000000 91.194425
-0.005998 0.005499 160.000000 14.970985
0.005562 0.078529 160.000000 101.612393
0.007098 0.090294 160.000000 119.069464
-0.006648 0.063318 160.000000 68.164034
0.001240 0.032861 160.000000 36.162094
0.009987 0.085881 160.000000 116.592351
0.009359 0.055038 160.000000 74.807581
0.009300 0.037295 160.000000 51.192837
0.003511 0.027002 160.000000 30.885796
-0.004112 0.068984 160.000000 78.217648
0.001053 0.036068 160.000000 40.178946
-0.002651 0.037601 160.000000 38.475414
0.004364 0.018153 160.000000 20.286898
-0.009937 0.083141 160.000000 90.931705
0.007535 0.040836 160.000000 53.775821
0.006697 0.053327 160.000000 69.385474
-0.000804 0.046760 160.000000 52.319072
0.000205 0.051026 160.000000 59.026986
0.004907 0.001991 160.000000 5.464511
-0.004727 0.007699 160.000000 11.775203
-0.003653 0.074720 160.000000 86.294643
-0.003813 0.033099 160.000000 31.650397
-0.001143 0.061452 160.000000 71.390271
0.004834 0.075945 160.000000 97.331294
-0.005767 0.033192 160.000000 30.185093
-0.007900 0.082327 160.000000 91.923061
0.002922 0.016140 160.000000 16.267700
-0.005925 0.076498 160.000000 86.261902
-0.008535 0.096641 160.000000 110.183229
0.003785 0.019259 160.000000 21.097521
0.007245 0.092366 160.000000 122.002320
0.008193 0.088228 160.000000 117.600493
-0.001319 0.039565 160.000000 42.335098
-0.009269 0.058353 160.000000 59.186017
0.002209 0.096818 160.000000 122.139007
0.007421 0.007153 160.000000 10.084085
0.002562 0.067844 160.000000 83.960547
0.007375 0.099915 160.000000 132.213485
0.001245 0.061689 160.000000 74.307541
-0.009259 0.050493 160.000000 49.095463
-0.002467 0.029645 160.000000 28.436870
-0.008642 0.088381 160.000000 99.153782
0.000419 0.080464 160.000000 98.354894
-0.000509 0.049737 160.000000 56.561016
-0.009399 0.082430 160.000000 90.536460
-0.005579 0.033744 160.000000 31.012592
0.006091 0.071231 160.000000 92.505255
0.008219 0.025512 160.000000 34.334319
-0.001825 0.054924 160.000000 62.028396
0.002526 0.083453 160.000000 104.696557
0.007188 0.092290 160.000000 121.834546
-0.009359 0.076532 160.000000 82.821450
0.007169 0.005096 160.000000 7.679573
-0.002692 0.007802 160.000000 9.454037
0.004806 0.046404 160.000000 57.997334
-0.008905 0.029262 160.000000 23.695491
0.008816 0.070771 160.000000 95.087868
0.007095 0.056882 160.000000 74.578992
-0.009210 0.050411 160.000000 49.032709
-0.001112 0.079860 160.000000 95.860403
0.007941 0.014458 160.000000 19.621806
0.006014 0.045243 160.000000 57.846677
-0.007857 0.057245 160.000000 59.060971
0.002531 0.050961 160.000000 61.485029
0.004226 0.041302 160.000000 50.567116
-0.008894 0.051488 160.000000 50.682956
-0.006689 0.039029 160.000000 36.727787
-0.008383 0.047752 160.000000 46.352982
0.009414 0.036020 160.000000 49.644346
-0.004605 0.043523 160.000000 44.306463
-0.008586 0.056298 160.000000 57.154805
0.005823 0.076864 160.000000 99.697325
-0.003645 0.080547 160.000000 94.028836
0.001625 0.070231 160.000000 86.084780
-0.007355 0.096373 160.000000 111.066833
-0.004850 0.085037 160.000000 98.695307
0.004047 0.017867 160.000000 19.583381
-0.000546 0.001073 160.000000 11.723121
-0.001744 0.022824 160.000000 20.541454
0.008623 0.057973 160.000000 77.831456
-0.006846 0.074606 160.000000 82.816537
0.008749 0.041845 160.000000 56.558348
-0.008359 0.030728 160.000000 25.570536
0.007649 0.035799 160.000000 47.235058
0.006261 0.023928 160.000000 29.935889
-0.000206 0.075164 160.000000 90.615227
0.004038 0.052063 160.000000 64.641369
0.006150 0.046516 160.000000 59.694883
-0.006147 0.069421 160.000000 76.693727
0.003600 0.054614 160.000000 67.535886
0.006850 0.022233 160.000000 28.399868
0.002317 0.082396 160.000000 103.053318
-0.002401 0.081443 160.000000 96.557657
0.001904 0.015443 160.000000 14.498998
-0.009814 0.090630 160.000000 100.921583
-0.004580 0.069161 160.000000 77.963749
0.001693 0.094157 160.000000 118.009882
-0.008612 0.027259 160.000000 21.708836
0.006971 0.032452 160.000000 42.002724
-0.000757 0.019630 160.000000 17.432327
0.004950 0.063123 160.000000 80.394637
-0.000924 0.062736 160.000000 73.328742
0.006501 0.040565 160.000000 52.202144
0.007602 0.052737 160.000000 69.661189
-0.006076 0.013018 160.000000 11.805052
-0.005224 0.058671 160.000000 63.483063
0.004648 0.031876 160.000000 38.564358
0.005588 0.054222 160.000000 69.287742
-0.001585 0.092490 160.000000 112.133206
0.009233 0.022830 160.000000 32.050868
-0.008886 0.037808 160.000000 33.554144
0.006841 0.064321 160.000000 84.179892
0.005891 0.087824 160.000000 114.376043
0.009400 0.005981 160.000000 11.129224
0.003246 0.031534 160.000000 36.556025
0.002202 0.069262 160.000000 85.442827
0.004625 0.045577 160.000000 56.692726
0.003154 0.066960 160.000000 83.452823
0.008673 0.062364 160.000000 83.730936
0.001418 0.032588 160.000000 35.990048
0.003143 0.060337 160.000000 74.629676
-0.000294 0.056919 160.000000 66.296419
-0.006349 0.074771 160.000000 83.542403
0.008141 0.009134 160.000000 13.230541
0.009175 0.092436 160.000000 124.362988
0.008395 0.090483 160.000000 120.842010
-0.001918 0.091282 160.000000 110.160475
0.008534 0.025272 160.000000 34.399099
0.000757 0.064793 160.000000 77.892920
-0.009970 0.020466 160.000000 16.208888
0.004533 0.082314 160.000000 105.468943
0.000863 0.008998 160.000000 7.523716
0.006186 0.093150 160.000000 121.814015
-0.009014 0.085314 160.000000 94.726688
0.006958 0.091474 160.000000 120.480051
0.001946 0.087767 160.000000 109.786461
-0.004301 0.022912 160.000000 18.965616
0.007531 0.089904 160.000000 119.056008
0.008974 0.067040 160.000000 90.309827
-0.001158 0.047820 160.000000 53.348364
-0.000617 0.062358 160.000000 73.158334
0.001285 0.053881 160.000000 63.984627
-0.001324 0.064701 160.000000 75.503240
-0.002701 0.038364 160.000000 39.416483
-0.006743 0.013740 160.000000 12.360021
0.005309 0.008703 160.000000 9.622188
0.005421 0.004126 160.000000 5.657068
0.003280 0.014395 160.000000 14.445899
-0.009835 0.029113 160.000000 23.183232
0.003590 0.009055 160.000000 8.572365
-0.000668 0.020331 160.000000 18.342141
0.004060 0.043575 160.000000 53.394279
0.005678 0.029521 160.000000 36.627561
-0.009616 0.092142 160.000000 103.120317
-0.009817 0.091300 160.000000 101.802656
0.009281 0.061769 160.000000 83.662853
0.003035 0.071827 160.000000 89.794694
-0.007882 0.084981 160.000000 95.445526
-0.005506 0.075296 160.000000 85.108328
-0.009880 0.012096 160.000000 15.773535
0.004941 0.071411 160.000000 91.417348
0.001190 0.090839 160.000000 113.025189
0.004408 0.073489 160.000000 93.571910
-0.004188 0.046325 160.000000 48.343576
0.003629 0.095886 160.000000 122.513426
0.001817 0.083485 160.000000 103.939859
-0.003899 0.083751 160.000000 98.006182
0.000090 0.073794 160.000000 89.118705
-0.009368 0.038218 160.000000 33.716652
-0.003227 0.089185 160.000000 105.944642
0.008691 0.032528 160.000000 44.154025
-0.000304 0.083474 160.000000 101.556047
-0.001093 0.022905 160.000000 21.154929
0.006693 0.067022 160.000000 87.602791
-0.000421 0.095145 160.000000 116.955289
0.004762 0.010239 160.000000 10.855490
0.001210 0.040265 160.000000 45.876186
0.007433 0.067626 160.000000 89.272069
0.009054 0.030708 160.000000 42.189310
-0.001174 0.089709 160.000000 108.888097
0.009515 0.073373 160.000000 99.381644
0.003228 0.024896 160.000000 27.824784
0.005914 0.052977 160.000000 68.008882
-0.009826 0.015298 160.000000 14.928275
-0.003706 0.007409 160.000000 10.726740
-0.009603 0.063765 160.000000 65.895018
-0.000868 0.092631 160.000000 113.112899
0.009133 0.003948 160.000000 8.717108
0.000054 0.015817 160.000000 13.557129
-0.001209 0.012119 160.000000 9.533355
0.002722 0.008355 160.000000 7.438954
0.003788 0.095552 160.000000 122.250291
0.006354 0.028146 160.000000 35.594573
0.001204 0.087757 160.000000 108.937408
0.002271 0.075074 160.000000 93.253339
-0.004146 0.066196 160.000000 74.496990
-0.007761 0.031227 160.000000 26.474604
-0.000004 0.076860 160.000000 93.091444
0.001402 0.073818 160.000000 90.607820
-0.008128 0.093555 160.000000 106.524690
0.006251 0.036083 160.000000 45.968536
0.009825 0.054928 160.000000 75.217752
-0.006838 0.009775 160.000000 13.228677
0.005045 0.012472 160.000000 13.823360
0.002627 0.048280 160.000000 58.034413
0.002684 0.026405 160.000000 29.219487
0.008295 0.032717 160.000000 43.926568
-0.000530 0.084154 160.000000 102.209796
0.006239 0.053423 160.000000 68.979339
0.005316 0.089337 160.000000 115.726717
0.005954 0.067490 160.000000 87.366243
0.007996 0.056720 160.000000 75.422649
-0.000974 0.038216 160.000000 40.916113
-0.009242 0.016507 160.000000 14.508260
0.000665 0.031809 160.000000 34.192805
-0.003892 0.067277 160.000000 76.189730
0.002297 0.080985 160.000000 101.151780
0.006647 0.029541 160.000000 37.776006
-0.004777 0.082043 160.000000 94.803876
-0.001965 0.056070 160.000000 63.396178
-0.007264 0.008681 160.000000 14.336750
0.008862 0.084862 160.000000 113.904865
-0.008878 0.068971 160.000000 73.381187
-0.004195 0.059832 160.000000 66.050690
0.005627 0.091825 160.000000 119.400655
-0.006797 0.042809 160.000000 41.419590
0.005378 0.072987 160.000000 94.018209
0.009708 0.079434 160.000000 107.677972
0.000116 0.032528 160.000000 34.578422
-0.000476 0.067098 160.000000 79.602725
-0.003961 0.054532 160.000000 59.312343
0.008435 0.069075 160.000000 92.380047
0.008361 0.091608 160.000000 122.300288
-0.005415 0.067321 160.000000 74.673248
-0.005155 0.012511 160.000000 11.092927
-0.007328 0.078414 160.000000 87.346119
-0.002825 0.075118 160.000000 87.706211
0.007231 0.046425 160.000000 60.838304
0.005044 0.047723 160.000000 60.022754
-0.008064 0.054310 160.000000 55.061856
-0.004454 0.076896 160.000000 88.327976
0.002196 0.063418 160.000000 77.662711
0.000423 0.037586 160.000000 41.517664
-0.008309 0.013781 160.000000 13.664887
0.004899 0.056095 160.000000 70.985139
-0.003837 0.001859 160.000000 15.369403
0.005139 0.041090 160.000000 51.325416
-0.008647 0.009556 160.000000 15.562085
-0.000817 0.066648 160.000000 78.634139
0.008696 0.008915 160.000000 13.643110
0.005638 0.060025 160.000000 77.064499
-0.000084 0.022048 160.000000 20.936013
-0.003162 0.011811 160.000000 9.790547
-0.001948 0.035812 160.000000 36.827034
-0.009327 0.071419 160.000000 76.148757
0.007980 0.047368 160.000000 62.974223
0.006314 0.025120 160.000000 31.562769
0.007411 0.011257 160.000000 14.952477
-0.003591 0.097611 160.000000 116.745159
-0.000171 0.059175 160.000000 69.420680
-0.003958 0.043425 160.000000 44.790180
-0.002150 0.072026 160.000000 84.329706
0.008740 0.004398 160.000000 8.694599
0.007692 0.043335 160.000000 57.278130
-0.007204 0.030757 160.000000 26.263900
0.005837 0.030306 160.000000 37.845570
-0.005824 0.050193 160.000000 51.814534
-0.000964 0.001025 160.000000 12.323404
-0.006439 0.053216 160.000000 55.162325
0.002240 0.017075 160.000000 16.796681
-0.008794 0.083062 160.000000 91.980811
-0.001219 0.018528 160.000000 15.821350
0.002624 0.026705 160.000000 29.548026
0.007991 0.079637 160.000000 105.920303
-0.009335 0.008841 160.000000 16.914381
-0.007607 0.074291 160.000000 81.627522
-0.001987 0.062659 160.000000 72.088887
0.005225 0.026800 160.000000 32.522240
0.009301 0.080703 160.000000 108.885880
-0.008841 0.001956 160.000000 22.325460
-0.004573 0.024702 160.000000 20.839590
0.006264 0.006998 160.000000 8.689563
-0.003107 0.069360 160.000000 79.774295
-0.001938 0.009722 160.000000 8.650929
0.003870 0.060241 160.000000 75.324888
-0.006770 0.054854 160.000000 56.979667
0.003420 0.044862 160.000000 54.382945
-0.002580 0.049708 160.000000 54.370427
0.009596 0.059652 160.000000 81.223493
-0.006073 0.074163 160.000000 83.023548
0.002610 0.085131 160.000000 107.027139
0.005456 0.071056 160.000000 91.538685
-0.003864 0.018229 160.000000 14.262280
0.007434 0.076104 160.000000 100.561518
-0.005660 0.010142 160.000000 11.770852
-0.008113 0.070636 160.000000 76.315647
0.007986 0.052973 160.000000 70.429573
-0.002388 0.084389 160.000000 100.484885
0.004415 0.002554 160.000000 5.487308
0.007015 0.050738 160.000000 66.315483
0.009700 0.099549 160.000000 134.457644
-0.002357 0.012959 160.000000 10.133448
-0.003790 0.043328 160.000000 44.824727
0.009552 0.060076 160.000000 81.734655
-0.006410 0.005423 160.000000 15.594617
0.008758 0.016100 160.000000 22.723620
0.001230 0.098428 160.000000 123.175320
-0.008835 0.031279 160.000000 25.941202
-0.000580 0.043392 160.000000 48.115791
0.007225 0.005292 160.000000 7.921890
0.003071 0.035337 160.000000 41.382790
-0.003932 0.012631 160.000000 10.411689
0.001850 0.006569 160.000000 6.352279
-0.000930 0.076763 160.000000 91.943390
-0.009339 0.057730 160.000000 58.316568
0.006965 0.034065 160.000000 44.131044
-0.001304 0.056865 160.000000 65.144980
-0.007189 0.051268 160.000000 51.933797
0.009325 0.041763 160.000000 57.142865
-0.003719 0.099649 160.000000 119.312696
-0.003325 0.091999 160.000000 109.575889
0.003610 0.052024 160.000000 64.107123
-0.003869 0.013097 160.000000 10.559603
0.003084 0.079570 160.000000 100.159140
0.004106 0.096957 160.000000 124.487071
-0.001595 0.095333 160.000000 115.904358
0.005471 0.090787 160.000000 117.837066
0.008266 0.068395 160.000000 91.276064
0.001086 0.096097 160.000000 119.908656
-0.003681 0.056297 160.000000 61.920253
0.004394 0.022871 160.000000 26.440018
0.008160 0.070672 160.000000 94.181415
-0.009707 0.026622 160.000000 20.776474
0.005121 0.096544 160.000000 125.104625
-0.003616 0.090773 160.000000 107.631852
-0.000422 0.046257 160.000000 52.056790
-0.004960 0.046647 160.000000 48.024972
-0.000631 0.065031 160.000000 76.690452
-0.002986 0.032100 160.000000 31.098446
0.004461 0.067765 160.000000 86.012477
0.000859 0.024565 160.000000 24.989798
-0.000155 0.021433 160.000000 20.109219
0.008345 0.008183 160.000000 12.345552
-0.001010 0.091410 160.000000 111.331583
0.003272 0.098275 160.000000 125.288921
-0.005927 0.093493 160.000000 108.762450
-0.002020 0.025863 160.000000 24.064877
0.009466 0.089837 160.000000 121.243335
0.001756 0.078521 160.000000 97.262917
0.002886 0.077074 160.000000 96.611155
0.007839 0.009486 160.000000 13.291996
0.003169 0.093451 160.000000 118.744639
-0.006297 0.074442 160.000000 83.162200
-0.008416 0.019156 160.000000 15.019536
-0.005057 0.056598 160.000000 60.928133
0.005736 0.068633 160.000000 88.635391
0.008043 0.019860 160.000000 26.720679
0.006741 0.061041 160.000000 79.698389
-0.009640 0.028646 160.000000 22.773191
-0.001896 0.085832 160.000000 102.938509
0.003700 0.084471 160.000000 107.387423
0.002566 0.059013 160.000000 72.221356
0.005950 0.099741 160.000000 130.324557
-0.008095 0.001224 160.000000 22.025048
0.009890 0.047998 160.000000 66.094547
0.005575 0.025403 160.000000 31.083265
0.007076 0.013455 160.000000 17.314752
-0.001674 0.092782 160.000000 112.424059
0.002752 0.011295 160.000000 10.353275
0.004301 0.071775 160.000000 91.167436
-0.002929 0.043552 160.000000 45.951600
0.009401 0.035202 160.000000 48.547162
-0.000431 0.021547 160.000000 20.018952
-0.007177 0.047838 160.000000 47.520957
0.001160 0.069401 160.000000 84.464938
-0.002768 0.065441 160.000000 74.943435
0.008830 0.002701 160.000000 7.322123
0.006799 0.035267 160.000000 45.528478
0.000194 0.085295 160.000000 104.532146
0.001968 0.029978 160.000000 33.142483
0.000238 0.088418 160.000000 108.737231
0.005904 0.015672 160.000000 18.792468
0.008097 0.059282 160.000000 78.949812
-0.001966 0.024956 160.000000 22.983092
0.009921 0.028307 160.000000 40.085028
0.006529 0.025246 160.000000 31.979027
-0.005201 0.048933 160.000000 50.767571
0.000767 0.035534 160.000000 39.179439
0.006066 0.041942 160.000000 53.523493
0.001376 0.041762 160.000000 48.031189
-0.008513 0.091562 160.000000 103.489458
-0.001361 0.067943 160.000000 79.763451
0.004988 0.033495 160.000000 41.090038
0.003185 0.025549 160.000000 28.631581
0.001207 0.069616 160.000000 84.801319
0.004424 0.088289 160.000000 113.301795
0.005369 0.025861 160.000000 31.450944
0.002358 0.089894 160.000000 113.084118
-0.003886 0.093981 160.000000 111.601312
-0.005664 0.006022 160.000000 14.100731
0.002860 0.052261 160.000000 63.578096
-0.000240 0.046949 160.000000 53.162268
0.004786 0.056816 160.000000 71.815019
0.005476 0.030544 160.000000 37.745613
0.002155 0.041146 160.000000 48.061237
0.001288 0.012506 160.000000 10.693471
-0.002383 0.095183 160.000000 114.837129
-0.005671 0.094494 160.000000 110.361527
-0.006448 0.009758 160.000000 12.783291
0.006257 0.055254 160.000000 71.435546
0.003026 0.004661 160.000000 5.734741
0.000270 0.023007 160.000000 22.453657
-0.009221 0.035314 160.000000 30.357345
-0.002655 0.068930 160.000000 79.684042
-0.004956 0.068989 160.000000 77.345874
-0.004120 0.040871 160.000000 41.328189
0.006744 0.046749 160.000000 60.695566
0.002551 0.030813 160.000000 34.856815
-0.002971 0.096919 160.000000 116.501134
0.008162 0.013043 160.000000 18.090123
-0.000947 0.076618 160.000000 91.732986
-0.000337 0.034656 160.000000 36.901250
0.004342 0.088697 160.000000 113.751166
-0.009162 0.023611 160.000000 18.194627
0.003892 0.076781 160.000000 97.364286
-0.008125 0.097683 160.000000 111.992819
0.004217 0.085312 160.000000 109.098921
-0.001046 0.047135 160.000000 52.561905
-0.005841 0.088579 160.000000 102.339325
-0.006665 0.031236 160.000000 27.172806
-0.006880 0.079506 160.000000 89.247574
0.005368 0.028369 160.000000 34.751221
-0.004073 0.008713 160.000000 10.568205
-0.002116 0.070870 160.000000 82.833529
0.003933 0.026281 160.000000 30.398765
0.007355 0.098148 160.000000 129.835641
0.002776 0.027325 160.000000 30.520326
-0.006348 0.063617 160.000000 68.854299
-0.004663 0.035331 160.000000 33.751101
-0.003305 0.047993 160.000000 51.389384
0.007108 0.068451 160.000000 89.990101
-0.009018 0.050554 160.000000 49.380482
0.002063 0.056461 160.000000 68.268893
-0.001843 0.001240 160.000000 13.275969
0.003673 0.052126 160.000000 64.313256
0.000909 0.072782 160.000000 88.681894
-0.003191 0.060105 160.000000 67.445172
-0.006367 0.024575 160.000000 19.780944
-0.004417 0.026393 160.000000 22.915357
0.008928 0.077965 160.000000 104.797780
-0.005974 0.058406 160.000000 62.390713
0.003103 0.098061 160.000000 124.810129
0.005251 0.034939 160.000000 43.299749
0.003517 0.080213 160.000000 101.507808
0.006526 0.023647 160.000000 29.873436
0.003620 0.028986 160.000000 33.610311
-0.007681 0.038601 160.000000 35.407367
-0.001275 0.017947 160.000000 15.126199
0.009375 0.045121 160.000000 61.656476
-0.002253 0.035663 160.000000 36.343464
0.003456 0.092797 160.000000 118.200953
-0.005777 0.007878 160.000000 12.956377
0.003599 0.002360 160.000000 6.039317
0.006051 0.044158 160.000000 56.447614
0.005846 0.047225 160.000000 60.284981
0.001069 0.008583 160.000000 7.284796
-0.004404 0.071982 160.000000 81.876482
-0.002286 0.015033 160.000000 11.727298
-0.003771 0.055904 160.000000 61.310864
-0.009861 0.044050 160.000000 40.493751
0.001173 0.028683 160.000000 30.630651
0.003503 0.038896 160.000000 46.568130
0.001096 0.052141 160.000000 61.470254
-0.007819 0.045920 160.000000 44.502709
0.007723 0.028951 160.000000 38.268946
-0.005573 0.020350 160.000000 15.820780
0.008627 0.011887 160.000000 17.206146
-0.005974 0.018252 160.000000 14.026003
0.006816 0.049529 160.000000 64.475330
0.003562 0.022137 160.000000 24.585533
-0.003301 0.076234 160.000000 88.676720
-0.003176 0.037810 160.000000 38.251522
-0.006873 0.067431 160.000000 73.341884
0.007637 0.043739 160.000000 57.750023
0.005424 0.057965 160.000000 74.076384
0.005718 0.080199 160.000000 104.017741
-0.001269 0.022527 160.000000 20.548583
0.002814 0.014276 160.000000 13.875453
0.008042 0.094450 160.000000 125.712480
0.004781 0.026819 160.000000 32.046858
-0.005088 0.045296 160.000000 46.151374
-0.008080 0.071909 160.000000 78.020926
-0.008958 0.061377 160.000000 63.397028
-0.007428 0.035951 160.000000 32.334569
0.001694 0.043982 160.000000 51.311866
0.008018 0.069651 160.000000 92.656271
0.005798 0.091425 160.000000 119.066012
-0.005052 0.073905 160.000000 83.742682
0.009783 0.023788 160.000000 33.983063
0.002840 0.022578 160.000000 24.401437
-0.005283 0.061994 160.000000 67.790763
0.006478 0.036741 160.000000 47.104639
0.002733 0.037638 160.000000 44.053249
0.009207 0.069084 160.000000 93.306548
-0.001416 0.062972 160.000000 73.112325
0.005433 0.022120 160.000000 26.617657
0.000775 0.041871 160.000000 47.533099
0.002985 0.002790 160.000000 6.278466
0.008934 0.006652 160.000000 11.300471
0.001864 0.093091 160.000000 116.783200
-0.009317 0.076118 160.000000 82.319559
0.002593 0.064450 160.000000 79.481513
0.006277 0.016395 160.000000 20.144191
0.003078 0.073293 160.000000 91.794459
0.009312 0.051012 160.000000 69.401270
-0.000766 0.060282 160.000000 70.245537
-0.006266 0.055022 160.000000 57.680608
-0.006697 0.064723 160.000000 69.960228
-0.006784 0.039462 160.000000 37.194073
0.000891 0.057481 160.000000 68.330663
0.003410 0.026127 160.000000 29.630173
0.006666 0.053375 160.000000 69.412593
0.000690 0.060605 160.000000 72.256778
0.009347 0.090018 160.000000 121.343994
-0.002979 0.086746 160.000000 102.973193
0.006815 0.056076 160.000000 73.179508
-0.006107 0.012845 160.000000 11.819004
0.006505 0.038112 160.000000 48.954521
-0.000516 0.086841 160.000000 105.799799
0.009635 0.098613 160.000000 133.133691
0.000429 0.081519 160.000000 99.768051
-0.000971 0.030443 160.000000 30.813143
0.000759 0.060134 160.000000 71.707261
-0.009592 0.066290 160.000000 69.191485
-0.008600 0.083013 160.000000 92.113154
-0.008284 0.027236 160.000000 21.805665
0.009174 0.080283 160.000000 108.176023
0.005434 0.028281 160.000000 34.711369
-0.002530 0.019770 160.000000 16.435829
-0.000405 0.032543 160.000000 34.079391
0.009266 0.014918 160.000000 21.838391
0.006561 0.075804 160.000000 99.141875
-0.004145 0.020279 160.000000 16.201508
0.007947 0.058573 160.000000 77.830011
-0.008421 0.019064 160.000000 14.971701
0.003658 0.081114 160.000000 102.869260
0.005884 0.021885 160.000000 26.823219
0.001151 0.047055 160.000000 54.790954
0.004526 0.081343 160.000000 104.167581
0.004559 0.080073 160.000000 102.513598
-0.009156 0.023902 160.000000 18.435908
-0.009164 0.067055 160.000000 70.600102
-0.008745 0.064183 160.000000 67.252675
-0.001999 0.070216 160.000000 82.091018
0.002163 0.058397 160.000000 70.953457
-0.005411 0.014480 160.000000 11.738484
-0.001843 0.042999 160.000000 46.306624
-0.008670 0.066542 160.000000 70.405423
0.006993 0.048508 160.000000 63.325682
-0.004148 0.009109 160.000000 10.516943
0.003860 0.085898 160.000000 109.471133
0.009441 0.028078 160.000000 39.195229
-0.009539 0.055505 160.000000 55.268450
-0.007650 0.099470 160.000000 114.858635
0.009879 0.048259 160.000000 66.427675
-0.009127 0.074734 160.000000 80.690430
0.001437 0.019691 160.000000 19.332899
-0.007628 0.040730 160.000000 38.102229
0.006481 0.002120 160.000000 5.366360
-0.006028 0.029668 160.000000 25.730306
0.007302 0.039282 160.000000 51.440025
-0.007776 0.067694 160.000000 72.788628
-0.000344 0.011922 160.000000 9.481181
-0.007261 0.041180 160.000000 38.965832
-0.004975 0.063370 160.000000 69.914473
-0.003150 0.015335 160.000000 11.851684
0.003551 0.094474 160.000000 120.544067
0.008496 0.048965 160.000000 65.708433
0.007689 0.084046 160.000000 111.437543
-0.000703 0.044453 160.000000 49.383801
0.007543 0.015606 160.000000 20.611569
0.000921 0.022769 160.000000 22.751219
0.002346 0.037929 160.000000 44.015178
-0.004680 0.086214 160.000000 100.438112
0.002454 0.093870 160.000000 118.490098
-0.001974 0.095016 160.000000 115.064358
0.005964 0.040326 160.000000 51.260671
-0.005035 0.018913 160.000000 14.625979
-0.009505 0.004578 160.000000 20.674506
-0.001684 0.016068 160.000000 12.899383
-0.007456 0.020282 160.000000 15.588429
-0.000392 0.075463 160.000000 90.806615
-0.001827 0.024893 160.000000 23.017160
-0.005124 0.061562 160.000000 67.383521
-0.000460 0.059981 160.000000 70.176417
-0.007962 0.028906 160.000000 23.739578
-0.000389 0.077529 160.000000 93.556906
-0.006933 0.032406 160.000000 28.390293
0.005472 0.031357 160.000000 38.815799
0.003149 0.016741 160.000000 17.241105
-0.002430 0.019253 160.000000 15.918724
0.007054 0.021384 160.000000 27.529437
0.002023 0.031425 160.000000 35.097915
-0.007514 0.075181 160.000000 82.893705
0.000326 0.043091 160.000000 48.667737
0.005412 0.026517 160.000000 32.362923
-0.009588 0.094777 160.000000 106.627321
-0.004934 0.005533 160.000000 13.515529
0.001703 0.032947 160.000000 36.760237
0.002949 0.058964 160.000000 72.585081
-0.003297 0.019365 160.000000 15.609287
0.005467 0.005288 160.000000 6.421681
-0.009483 0.023473 160.000000 18.077179
-0.005542 0.062876 160.000000 68.689624
-0.000731 0.022360 160.000000 20.776710
-0.006140 0.074438 160.000000 83.318480
-0.002289 0.059867 160.000000 68.073582
0.003612 0.003421 160.000000 5.625796
-0.009435 0.067686 160.000000 71.163429
-0.006067 0.038032 160.000000 35.984147
0.005175 0.097132 160.000000 125.949474
-0.008433 0.084947 160.000000 94.834701
-0.000927 0.063074 160.000000 73.774491
-0.005602 0.092664 160.000000 108.008923
0.002899 0.027993 160.000000 31.525570
0.000363 0.057366 160.000000 67.600411
-0.008782 0.028368 160.000000 22.797603
-0.005446 0.010592 160.000000 11.433793
-0.000625 0.096847 160.000000 118.993194
0.004593 0.033316 160.000000 40.404887
-0.007094 0.030812 160.000000 26.396831
-0.006571 0.021308 160.000000 16.496680
0.004377 0.079473 160.000000 101.505751
-0.005842 0.005520 160.000000 14.742782
-0.003683 0.042073 160.000000 43.295717
0.007237 0.015369 160.000000 19.944017
-0.003128 0.010266 160.000000 9.474923
0.009974 0.050817 160.000000 69.938187
-0.003684 0.029022 160.000000 26.646979
-0.004769 0.077256 160.000000 88.472186
0.004750 0.089508 160.000000 115.301166
0.005561 0.006142 160.000000 7.209506
0.008740 0.047998 160.000000 64.715275
0.005580 0.085182 160.000000 110.495405
-0.004000 0.018677 160.000000 14.651980
-0.008737 0.059476 160.000000 61.133823
-0.004317 0.086561 160.000000 101.286151
-0.000192 0.043486 160.000000 48.643736
0.005523 0.061330 160.000000 78.667788
-0.008924 0.055995 160.000000 56.454130
-0.003008 0.074958 160.000000 87.297157
0.002628 0.074512 160.000000 92.908700
0.009551 0.004010 160.000000 9.268158
0.009472 0.069108 160.000000 93.654293
0.001114 0.058664 160.000000 70.145110
-0.000884 0.079076 160.000000 95.068482
0.004570 0.074124 160.000000 94.603544
-0.006832 0.083603 160.000000 94.711637
-0.002537 0.056434 160.000000 63.279214
0.009621 0.081137 160.000000 109.842617
0.003354 0.008614 160.000000 7.986059
0.000881 0.071919 160.000000 87.501355
0.003647 0.007205 160.000000 6.906626
-0.000544 0.063783 160.000000 75.129097
0.000661 0.085311 160.000000 105.073683
-0.003170 0.089391 160.000000 106.280295
0.008211 0.038452 160.000000 51.417408
-0.007728 0.068928 160.000000 74.455666
0.008034 0.063902 160.000000 85.022387
0.005081 0.030495 160.000000 37.230636
-0.003526 0.016443 160.000000 12.722449
0.003747 0.066928 160.000000 84.082972
-0.002347 0.081471 160.000000 96.653229
-0.002319 0.054460 160.000000 60.900122
0.006773 0.042310 160.000000 54.836548
-0.006993 0.019523 160.000000 15.005691
0.002415 0.012371 160.000000 11.304879
-0.002229 0.063563 160.000000 73.028750
-0.006645 0.096314 160.000000 111.738189
-0.006283 0.045327 160.000000 45.094728
-0.004391 0.082121 160.000000 95.318724
0.004162 0.006085 160.000000 6.300561
-0.004785 0.036905 160.000000 35.642836
0.000760 0.050897 160.000000 59.456556
0.008724 0.005681 160.000000 9.982549
0.002102 0.097861 160.000000 123.407055
0.008909 0.048311 160.000000 65.331781
0.005877 0.065157 160.000000 84.172060
0.006262 0.076066 160.000000 99.143588
0.005980 0.019500 160.000000 23.823061
0.004558 0.095640 160.000000 123.251164
0.005802 0.014764 160.000000 17.518191
0.003566 0.023331 160.000000 26.143570
-0.008007 0.078205 160.000000 86.378249
0.007792 0.070654 160.000000 93.725086
-0.009845 0.031597 160.000000 25.803123
-0.001287 0.013450 160.000000 10.567166
0.002277 0.057276 160.000000 69.589643
0.007806 0.095452 160.000000 126.770366
0.007872 0.052061 160.000000 69.082479
0.001736 0.036364 160.000000 41.292164
0.002675 0.067795 160.000000 84.023908
0.004189 0.033711 160.000000 40.472892
-0.004431 0.059131 160.000000 64.886603
0.006316 0.035838 160.000000 45.720017
-0.002233 0.031660 160.000000 31.208774
-0.009313 0.028870 160.000000 23.119217
-0.000038 0.042511 160.000000 47.518945
-0.005987 0.061889 160.000000 66.946870
-0.009398 0.013233 160.000000 14.841801
0.005998 0.065181 160.000000 84.343320
0.007703 0.087072 160.000000 115.485794
-0.005037 0.085200 160.000000 98.713933
0.000431 0.042640 160.000000 48.182560
-0.007922 0.045670 160.000000 44.098243
0.001965 0.093993 160.000000 118.099438
-0.005389 0.012705 160.000000 11.277901
-0.006816 0.057696 160.000000 60.640342
-0.008071 0.032646 160.000000 27.939573
-0.000796 0.049712 160.000000 56.225000
0.005538 0.058878 160.000000 75.423389
0.006856 0.079834 160.000000 104.853281
-0.001183 0.062774 160.000000 73.100704
-0.005601 0.040619 160.000000 39.665082
0.009329 0.071368 160.000000 96.490326
-0.006504 0.079874 160.000000 90.122393
-0.005869 0.023496 160.000000 18.850741
-0.007832 0.014700 160.000000 13.260475
0.005858 0.058177 160.000000 74.861297
0.007624 0.066079 160.000000 87.437185
-0.005004 0.013838 160.000000 11.320447
0.000657 0.053367 160.000000 62.617567
-0.005267 0.017286 160.000000 13.292104
0.008287 0.012206 160.000000 17.188661
-0.001420 0.098853 160.000000 120.780179
-0.005123 0.070782 160.000000 79.541939
0.005089 0.026536 160.000000 32.021219
-0.007165 0.048542 160.000000 48.437888
-0.006660 0.063934 160.000000 68.961240
-0.005501 0.068729 160.000000 76.441211
-0.007310 0.020038 160.000000 15.400997
-0.007992 0.058597 160.000000 60.692364
-0.006622 0.033802 160.000000 30.296280
0.003356 0.065729 160.000000 82.042908
0.006598 0.013029 160.000000 16.222596
-0.006398 0.027513 160.000000 22.999069
-0.007573 0.056421 160.000000 58.256908
0.002542 0.092659 160.000000 116.976376
0.004875 0.095983 160.000000 124.073020
-0.008470 0.092472 160.000000 104.737336
0.009581 0.056842 160.000000 77.469311
-0.007315 0.019065 160.000000 14.719455
0.006924 0.095106 160.000000 125.279611
-0.005351 0.057431 160.000000 61.728224
-0.007047 0.039783 160.000000 37.384048
-0.006578 0.029440 160.000000 25.111593
-0.005808 0.036829 160.000000 34.683747
0.003251 0.030273 160.000000 34.901416
0.002817 0.091149 160.000000 115.277095
-0.002412 0.025121 160.000000 22.832711
0.008370 0.030572 160.000000 41.183590
-0.001490 0.005211 160.000000 9.405827
0.006437 0.059260 160.000000 76.973132
0.002771 0.019848 160.000000 20.813719
0.006003 0.045569 160.000000 58.267027
-0.001575 0.054190 160.000000 61.319846
0.007424 0.032689 160.000000 42.852103
0.006123 0.083473 160.000000 108.848159
-0.004672 0.048342 160.000000 50.505759
-0.006733 0.018125 160.000000 14.018334
-0.005534 0.023790 160.000000 19.310873
-0.009682 0.018098 160.000000 15.139484
0.005378 0.071177 160.000000 91.608056
0.004263 0.070124 160.000000 88.926034
-0.008018 0.077646 160.000000 85.630895
0.009751 0.077372 160.000000 104.984023
-0.000521 0.070728 160.000000 84.373393
-0.000417 0.082850 160.000000 100.601419
0.001228 0.078238 160.000000 96.294528
-0.000624 0.078570 160.000000 94.681268
0.007252 0.031819 160.000000 41.497905
-0.006987 0.013177 160.000000 12.535395
-0.005694 0.050642 160.000000 52.520952
0.001210 0.061331 160.000000 73.793739
-0.004949 0.082783 160.000000 95.604078
-0.006177 0.071141 160.000000 78.930961
0.004452 0.099220 160.000000 127.900451
0.002571 0.012981 160.000000 12.128275
-0.009469 0.028657 160.000000 22.842296
-0.005851 0.064540 160.000000 70.566771
0.009796 0.071569 160.000000 97.314313
-0.003335 0.094589 160.000000 113.006605
-0.003483 0.032890 160.000000 31.668242
0.006604 0.095221 160.000000 125.058976
0.002398 0.071856 160.000000 89.115311
-0.007189 0.058544 160.000000 61.388722
-0.007879 0.055027 160.000000 56.161894
-0.009225 0.068400 160.000000 72.298493
-0.002790 0.067145 160.000000 77.175452
-0.005596 0.011756 160.000000 11.410183
-0.008543 0.021463 160.000000 16.519662
0.009478 0.056266 160.000000 76.581196
-0.003252 0.097428 160.000000 116.870795
-0.003899 0.005512 160.000000 12.174982
-0.008810 0.018810 160.000000 14.980758
0.001238 0.087532 160.000000 108.676091
-0.002999 0.045673 160.000000 48.655960
-0.007707 0.007501 160.000000 15.705519
0.001619 0.077353 160.000000 95.553707
-0.005859 0.093834 160.000000 109.286123
-0.006113 0.017969 160.000000 13.833084
0.005913 0.040472 160.000000 51.394937
-0.009780 0.071853 160.000000 76.275935
0.001965 0.093397 160.000000 117.304813
0.008929 0.030911 160.000000 42.306401
0.009972 0.034849 160.000000 48.775616
-0.000042 0.010435 160.000000 8.411418
0.004687 0.043947 160.000000 54.600163
-0.008732 0.029515 160.000000 24.043961
0.007844 0.095346 160.000000 126.673122
0.006407 0.046394 160.000000 59.830790
-0.002984 0.061901 160.000000 70.033529
-0.009224 0.048593 160.000000 46.708408
0.004125 0.033918 160.000000 40.675704
-0.002169 0.071807 160.000000 84.018042
0.003446 0.059398 160.000000 73.723479
-0.008845 0.076694 160.000000 83.545955
-0.002728 0.034448 160.000000 34.333358
-0.003339 0.019081 160.000000 15.294652
0.002807 0.044575 160.000000 53.319961
0.003779 0.038764 160.000000 46.701609
-0.006521 0.098168 160.000000 114.329714
0.009858 0.089073 160.000000 120.691165
0.008662 0.049008 160.000000 65.962598
-0.006185 0.081133 160.000000 92.119493
-0.008845 0.081281 160.000000 89.583127
-0.006023 0.028420 160.000000 24.264329
-0.009991 0.070048 160.000000 73.713213
-0.008046 0.099141 160.000000 114.006194
-0.005061 0.050052 160.000000 52.360190
-0.000188 0.070032 160.000000 83.814798
-0.000855 0.004509 160.000000 9.125289
0.002691 0.004096 160.000000 5.968642
0.000912 0.068808 160.000000 83.400124
0.002774 0.002484 160.000000 6.637697
0.009435 0.021931 160.000000 31.124960
-0.002366 0.003787 160.000000 11.567444
-0.005756 0.015403 160.000000 12.263304
-0.006155 0.002940 160.000000 17.521306
-0.003104 0.083119 160.000000 98.022586
-0.005865 0.005463 160.000000 14.820578
0.002183 0.002529 160.000000 7.169639
0.001659 0.003551 160.000000 7.024870
-0.007728 0.086927 160.000000 98.175976
0.003565 0.015234 160.000000 15.758396
0.001039 0.074794 160.000000 91.502132
0.007849 0.002754 160.000000 6.436037
0.006243 0.066447 160.000000 86.312487
0.004358 0.074127 160.000000 94.363849
0.001153 0.076318 160.000000 93.656802
0.002022 0.043671 160.000000 51.257806
-0.005345 0.088931 160.000000 103.331835
0.006740 0.008514 160.000000 10.876285
0.001347 0.081508 160.000000 100.779270
0.001497 0.017490 160.000000 16.645947
-0.000124 0.047399 160.000000 53.879794
-0.008156 0.062954 160.000000 66.213773
0.004239 0.065013 160.000000 82.095414
-0.002128 0.060639 160.000000 69.266222
0.006611 0.015172 160.000000 18.959000
0.008021 0.057915 160.000000 77.041658
-0.003147 0.068046 160.000000 77.991207
-0.004391 0.045305 160.000000 46.820878
0.001171 0.071179 160.000000 86.839914
-0.009178 0.040068 160.000000 36.096092
-0.000534 0.014071 160.000000 11.379271
-0.009993 0.060327 160.000000 61.075924
0.004749 0.049875 160.000000 62.543825
-0.002857 0.033521 160.000000 33.027043
-0.008691 0.037135 160.000000 32.875873
0.001574 0.042987 160.000000 49.865115
-0.009760 0.081072 160.000000 88.388204
0.003043 0.069547 160.000000 86.770067
-0.008042 0.033162 160.000000 28.562888
-0.008844 0.076200 160.000000 82.898185
0.001037 0.097634 160.000000 121.900841
-0.004476 0.008735 160.000000 10.993129
-0.005291 0.050944 160.000000 53.301269
0.006672 0.041522 160.000000 53.671719
-0.004200 0.090260 160.000000 106.320815
0.000256 0.050487 160.000000 58.368814
-0.004141 0.038953 160.000000 38.834768
-0.006910 0.006695 160.000000 15.244913
0.005487 0.074567 160.000000 96.249031
-0.004929 0.077608 160.000000 88.770676
0.000720 0.083360 160.000000 102.543243
-0.008562 0.027247 160.000000 21.714542
0.007280 0.054839 160.000000 72.078903
-0.007364 0.019961 160.000000 15.347123
-0.009507 0.058870 160.000000 59.637259
-0.001109 0.026252 160.000000 25.328873
0.009880 0.019950 160.000000 29.097425
-0.009494 0.016044 160.000000 14.648524
0.009506 0.074307 160.000000 100.612384
-0.008421 0.056828 160.000000 57.992304
0.004507 0.030522 160.000000 36.618214
0.006794 0.049026 160.000000 63.780780
-0.003256 0.034760 160.000000 34.253922
-0.003355 0.030642 160.000000 28.937392
-0.005808 0.010457 160.000000 11.832305
-0.000227 0.071901 160.000000 86.254345
0.003392 0.038656 160.000000 46.126742
0.004753 0.002761 160.000000 5.333463
0.009632 0.082834 160.000000 112.115165
0.005975 0.099333 160.000000 129.809843
0.006698 0.095660 160.000000 125.754491
-0.004202 0.047551 160.000000 49.928374
0.005550 0.031577 160.000000 39.195315
-0.009632 0.039284 160.000000 34.821903
-0.002096 0.078754 160.000000 93.317558
-0.007338 0.015618 160.000000 13.091674
0.003234 0.078007 160.000000 98.248242
-0.002815 0.059804 160.000000 67.438557
0.009423 0.035246 160.000000 48.631766
0.006349 0.001602 160.000000 5.315484
-0.006713 0.001264 160.000000 20.016991
0.006936 0.007906 160.000000 10.393807
-0.000749 0.078517 160.000000 94.473561
0.007617 0.065529 160.000000 86.696603
0.007192 0.014989 160.000000 19.403621
0.006255 0.013088 160.000000 15.906392
-0.007521 0.053005 160.000000 53.874388
0.005054 0.069852 160.000000 89.470711
0.005400 0.006222 160.000000 7.156207
0.002204 0.028472 160.000000 31.417664
0.007600 0.053049 160.000000 70.075092
-0.005438 0.067479 160.000000 74.857705
0.009430 0.002931 160.000000 8.150288
0.008017 0.024672 160.000000 32.986790
0.005608 0.055884 160.000000 71.521703
0.001732 0.027188 160.000000 29.252916
0.007967 0.017273 160.000000 23.269809
0.002120 0.096371 160.000000 121.441972
0.008569 0.034913 160.000000 47.159428
-0.004469 0.023332 160.000000 19.344793
-0.004516 0.086313 160.000000 100.744756
-0.001561 0.035988 160.000000 37.428865
0.008275 0.041855 160.000000 56.006009
0.006257 0.088331 160.000000 115.476457
0.009989 0.082990 160.000000 112.746677
-0.004248 0.006510 160.000000 11.912142
-0.001868 0.068446 160.000000 79.884168
-0.007959 0.085123 160.000000 95.553082
-0.004161 0.039654 160.000000 39.718942
-0.006421 0.032023 160.000000 28.281604
0.004412 0.074191 160.000000 94.511254
0.000576 0.067167 160.000000 80.847564
0.009741 0.098318 160.000000 132.865594
-0.001936 0.060191 160.000000 68.876175
0.005595 0.018493 160.000000 22.078402
0.006342 0.021247 160.000000 26.517603
-0.003868 0.086834 160.000000 102.130156
0.006848 0.024853 160.000000 31.835721
0.000421 0.036810 160.000000 40.495353
-0.003438 0.010395 160.000000 9.705172
0.009418 0.019542 160.000000 27.991908
0.005336 0.080841 160.000000 104.430879
-0.002568 0.027792 160.000000 26.019227
-0.000508 0.040149 160.000000 43.923522
-0.005446 0.017384 160.000000 13.371203
0.000580 0.060836 160.000000 72.442699
-0.004866 0.056838 160.000000 61.434328
0.000831 0.069730 160.000000 84.535686
-0.008009 0.091826 160.000000 104.361021
-0.005264 0.057615 160.000000 62.056171
-0.001764 0.029500 160.000000 28.872612
-0.002501 0.006898 160.000000 9.618889
-0.005725 0.044623 160.000000 44.694151
0.006518 0.012403 160.000000 15.346105
0.008756 0.019340 160.000000 26.911819
0.001307 0.025978 160.000000 27.252037
-0.000643 0.027653 160.000000 27.534575
0.005903 0.006767 160.000000 8.106306
-0.009366 0.070528 160.000000 74.943788
0.001475 0.035366 160.000000 39.700561
-0.005859 0.051813 160.000000 53.887768
-0.002521 0.067564 160.000000 78.016267
-0.002712 0.030735 160.000000 29.603932
0.009570 0.030499 160.000000 42.542058
-0.009016 0.097230 160.000000 110.462860
0.006239 0.045596 160.000000 58.576199
0.009421 0.076966 160.000000 104.051879
0.000281 0.066042 160.000000 79.027937
0.009482 0.032493 160.000000 45.065626
0.001199 0.013239 160.000000 11.426006
0.005406 0.002846 160.000000 5.273536
-0.002219 0.090028 160.000000 108.163289
-0.008841 0.060402 160.000000 62.239214
0.001670 0.085828 160.000000 106.893097
-0.008695 0.003315 160.000000 20.741520
-0.009583 0.038154 160.000000 33.495691
0.002477 0.071708 160.000000 89.005662
0.007346 0.010866 160.000000 14.393483
0.008172 0.081959 160.000000 109.224951
-0.006665 0.026846 160.000000 22.107061
0.007258 0.053790 160.000000 70.657481
-0.008865 0.062111 160.000000 64.438735
0.003472 0.052788 160.000000 64.966149
0.008935 0.081420 160.000000 109.406694
0.004534 0.033926 160.000000 41.145547
0.007091 0.073433 160.000000 96.603412
0.005064 0.035876 160.000000 44.328225
0.008026 0.090108 160.000000 119.908404
0.002979 0.091457 160.000000 115.870962
0.002133 0.099915 160.000000 126.178003
0.002024 0.054427 160.000000 65.524685
-0.006081 0.012775 160.000000 11.795988
-0.009506 0.049227 160.000000 47.275608
-0.003939 0.095056 160.000000 112.971459
0.004755 0.064221 160.000000 81.632458
0.008628 0.066975 160.000000 89.813009
-0.001870 0.095750 160.000000 116.154634
-0.001869 0.071093 160.000000 83.393794
-0.000854 0.004828 160.000000 8.912828
0.008749 0.006455 160.000000 10.855815
-0.008572 0.098617 160.000000 112.759735
-0.007180 0.048140 160.000000 47.906770
0.008487 0.050550 160.000000 67.802502
0.008505 0.062921 160.000000 84.273105
-0.007615 0.027665 160.000000 22.545768
0.007056 0.006222 160.000000 8.680718
-0.000125 0.078659 160.000000 95.350983
-0.009871 0.056805 160.000000 56.644693
0.006964 0.087384 160.000000 115.037577
-0.005402 0.058985 160.000000 63.717095
-0.009078 0.062081 160.000000 64.198752
0.001410 0.075772 160.000000 93.216741
0.006161 0.004857 160.000000 6.578420
0.004199 0.040966 160.000000 50.091345
0.008601 0.046592 160.000000 62.681552
-0.009919 0.013980 160.000000 15.205184
0.001804 0.017657 160.000000 17.123386
0.006713 0.055383 160.000000 72.138103
0.000712 0.081663 160.000000 100.276140
-0.009441 0.003181 160.000000 21.937947
-0.005231 0.037950 160.000000 36.585934
0.007748 0.089560 160.000000 118.852797
0.001236 0.007779 160.000000 6.884053
0.008493 0.053014 160.000000 71.084067
-0.005281 0.001015 160.000000 18.256252
0.002037 0.034962 160.000000 39.767216
0.004451 0.086180 160.000000 110.524666
0.007396 0.033137 160.000000 43.410727
0.006831 0.054314 160.000000 70.854015
-0.008955 0.085069 160.000000 94.461891
-0.007697 0.042050 160.000000 39.704256
0.008728 0.040048 160.000000 54.152692
-0.006796 0.024777 160.000000 19.818532
0.001986 0.024652 160.000000 26.215523
-0.002343 0.050632 160.000000 55.829369
0.009195 0.053263 160.000000 72.251609
0.000360 0.082315 160.000000 100.750771
0.002885 0.089241 160.000000 112.812605
-0.000959 0.040329 160.000000 43.698844
0.004764 0.071246 160.000000 90.992908
-0.001417 0.045718 160.000000 50.311911
0.004208 0.044084 160.000000 54.236634
-0.005714 0.048894 160.000000 50.229338
0.005880 0.040285 160.000000 51.109392
-0.001886 0.074762 160.000000 88.244993
-0.003272 0.089605 160.000000 106.453849
-0.004355 0.088840 160.000000 104.269372
-0.002088 0.021169 160.000000 18.314855
-0.008657 0.023847 160.000000 18.436568
0.002206 0.066595 160.000000 81.899866
0.007788 0.049716 160.000000 65.866757
-0.002057 0.095479 160.000000 115.589773
0.001292 0.082106 160.000000 101.513678
-0.005111 0.014810 160.000000 11.762039
0.000115 0.043471 160.000000 48.946242
-0.005868 0.013156 160.000000 11.667068
0.004289 0.054875 160.000000 68.665060
-0.005796 0.007632 160.000000 13.132446
0.008860 0.087992 160.000000 118.070625
-0.002368 0.066222 160.000000 76.402154
0.001431 0.090564 160.000000 112.929241
-0.009735 0.086846 160.000000 96.014064
0.008636 0.062496 160.000000 83.862680
0.009254 0.027743 160.000000 38.525658
-0.007362 0.019905 160.000000 15.305625
-0.002440 0.034959 160.000000 35.258439
-0.006606 0.090052 160.000000 103.482406
-0.006916 0.082244 160.000000 92.828394
0.002622 0.005222 160.000000 5.897871
0.005470 0.017505 160.000000 20.659971
0.008755 0.077604 160.000000 104.113594
0.009323 0.030946 160.000000 42.831058
0.008743 0.004140 160.000000 8.452890
-0.009681 0.069068 160.000000 72.730595
0.004384 0.069683 160.000000 88.476739
-0.008105 0.072815 160.000000 79.186780
0.007825 0.051509 160.000000 68.292907
0.004904 0.092763 160.000000 119.816284
-0.002465 0.062527 160.000000 71.406436
-0.005073 0.022793 160.000000 18.450738
0.006371 0.065045 160.000000 84.595875
0.004732 0.001343 160.000000 5.840869
-0.004553 0.054763 160.000000 59.023073
-0.005329 0.060683 160.000000 66.020605
-0.006307 0.016041 160.000000 12.756519
-0.000711 0.001590 160.000000 11.423370
-0.005833 0.055698 160.000000 58.983937
0.008845 0.040025 160.000000 54.261256
-0.007130 0.063104 160.000000 67.408470
-0.003956 0.007564 160.000000 10.936520
-0.002307 0.095443 160.000000 115.267121
-0.001209 0.050968 160.000000 57.449140
0.008816 0.013390 160.000000 19.333537
-0.001859 0.090531 160.000000 109.225918
-0.001374 0.010035 160.000000 8.454622
0.006742 0.080015 160.000000 104.960749
-0.007693 0.054696 160.000000 55.905168
0.006592 0.026839 160.000000 34.148470
0.001151 0.087298 160.000000 108.267396
0.003349 0.020442 160.000000 22.166775
0.001143 0.020430 160.000000 19.993997
0.001268 0.068484 160.000000 83.363994
0.001927 0.064682 160.000000 79.042627
-0.008459 0.035909 160.000000 31.557812
-0.002660 0.021618 160.000000 18.461930
-0.005020 0.033040 160.000000 30.578868
-0.003444 0.096438 160.000000 115.344775
-0.005121 0.065322 160.000000 72.337842
0.005709 0.047140 160.000000 60.013900
-0.007248 0.034435 160.000000 30.617579
-0.005326 0.015260 160.000000 12.049067
0.006935 0.042780 160.000000 55.649482
0.007381 0.086547 160.000000 114.409200
-0.006773 0.070712 160.000000 77.759431
0.008430 0.054528 160.000000 73.021647
-0.004933 0.083602 160.000000 96.705582
-0.005977 0.036577 160.000000 34.228750
0.005522 0.068277 160.000000 87.913552
-0.001124 0.036045 160.000000 37.931326
0.000068 0.027717 160.000000 28.287532
0.004947 0.051770 160.000000 65.288947
-0.008057 0.086369 160.000000 97.098993
0.008295 0.095707 160.000000 127.684248
-0.004904 0.009176 160.000000 11.291263
-0.009059 0.018045 160.000000 14.781476
0.002752 0.049882 160.000000 60.299204
0.001199 0.037745 160.000000 42.541048
-0.009051 0.031074 160.000000 25.603119
0.001509 0.026884 160.000000 28.629745
-0.004019 0.053187 160.000000 57.489228
0.004335 0.064714 160.000000 81.806820
0.000644 0.043282 160.000000 49.256300
-0.007563 0.015579 160.000000 13.216002
-0.008589 0.060282 160.000000 62.320332
-0.005499 0.022025 160.000000 17.473629
-0.002263 0.049309 160.000000 54.168748
-0.004940 0.051240 160.000000 54.028099
-0.007795 0.068963 160.000000 74.434776
0.008044 0.019186 160.000000 25.844517
-0.002460 0.019679 160.000000 16.374366
-0.008086 0.004958 160.000000 18.323893
0.009656 0.096022 160.000000 129.707421
0.003083 0.059898 160.000000 73.978841
0.009217 0.015863 160.000000 22.988256
-0.004132 0.099278 160.000000 118.370871
-0.002004 0.044969 160.000000 48.729030
0.000763 0.035157 160.000000 38.678674
0.004033 0.084440 160.000000 107.726833
-0.003314 0.035494 160.000000 35.142079
0.008677 0.083170 160.000000 111.432482
0.006402 0.022868 160.000000 28.708650
0.001154 0.034208 160.000000 37.840396
0.002633 0.099624 160.000000 126.357642
-0.006799 0.079193 160.000000 88.918178
0.003925 0.028700 160.000000 33.569745
0.000607 0.047778 160.000000 55.161172
-0.000680 0.042887 160.000000 47.347429
-0.007570 0.027557 160.000000 22.449243
0.000297 0.099296 160.000000 123.282711
-0.001621 0.012779 160.000000 9.992697
0.002505 0.051803 160.000000 62.573778
0.003100 0.063700 160.000000 79.055053
0.000013 0.059997 160.000000 70.710074
0.004236 0.063865 160.000000 80.564906
-0.000020 0.087889 160.000000 107.745001
0.008089 0.005519 160.000000 9.076805
-0.004814 0.079337 160.000000 91.180675
-0.007956 0.048583 160.000000 47.785599
-0.009304 0.067880 160.000000 71.541606
-0.009854 0.035441 160.000000 30.125707
-0.009187 0.026492 160.000000 20.772143
0.003841 0.094866 160.000000 121.396158
-0.002981 0.005096 160.000000 11.311014
-0.001783 0.090956 160.000000 109.874400
0.000808 0.084154 160.000000 103.698020
0.006682 0.078365 160.000000 102.694678
-0.007423 0.087345 160.000000 99.045123
0.000579 0.033286 160.000000 36.036841
-0.009279 0.075248 160.000000 81.214634
0.007203 0.056124 160.000000 73.697656
-0.003024 0.011392 160.000000 9.598737
-0.006696 0.015877 160.000000 12.846191
0.002036 0.072380 160.000000 89.404842
0.009352 0.059786 160.000000 81.110015
0.007973 0.045730 160.000000 60.790463
0.004929 0.039153 160.000000 48.515573
-0.005887 0.069463 160.000000 77.014755
0.005782 0.029316 160.000000 36.475932
-0.005925 0.044338 160.000000 44.145129
-0.003315 0.006540 160.000000 10.747853
-0.000036 0.061857 160.000000 73.125343
0.000466 0.024958 160.000000 25.120196
-0.004563 0.033192 160.000000 31.138523
-0.007279 0.037512 160.000000 34.367609
0.002424 0.070369 160.000000 87.165510
0.002517 0.093642 160.000000 118.257265
0.002103 0.066802 160.000000 82.059731
-0.008010 0.024935 160.000000 19.574035
-0.001040 0.041471 160.000000 45.115712
0.003745 0.095991 160.000000 122.786687
-0.001811 0.065430 160.000000 75.947448
-0.007123 0.011160 160.000000 13.010624
0.007070 0.099736 160.000000 131.619617
-0.005941 0.012480 160.000000 11.678417
0.008410 0.085733 160.000000 114.532077
0.008409 0.027903 160.000000 37.709830
-0.005939 0.040769 160.000000 39.562101
-0.000510 0.072343 160.000000 86.531699
0.005975 0.041053 160.000000 52.237859
0.003880 0.008864 160.000000 8.584593
-0.008287 0.025886 160.000000 20.429503
0.007729 0.066327 160.000000 87.891468
-0.000135 0.039645 160.000000 43.646655
0.004605 0.015120 160.000000 16.671802
-0.006940 0.076763 160.000000 85.566024
-0.006358 0.045265 160.000000 44.948301
0.006808 0.041437 160.000000 53.718156
0.008426 0.021204 160.000000 28.938264
-0.009776 0.013728 160.000000 15.115201
0.006154 0.077088 160.000000 100.379314
-0.003118 0.025000 160.000000 22.155232
-0.001864 0.028312 160.000000 27.274369
0.005009 0.060022 160.000000 76.335094
-0.009915 0.072156 160.000000 76.541941
-0.009232 0.067367 160.000000 70.941242
0.007814 0.019021 160.000000 25.352581
-0.003951 0.026248 160.000000 23.062642
-0.003407 0.021953 160.000000 18.389522
-0.005986 0.026696 160.000000 22.301357
-0.001399 0.073573 160.000000 87.194978
0.001111 0.010487 160.000000 8.655354
0.002241 0.009677 160.000000 8.385040
-0.007693 0.027544 160.000000 22.379006
-0.002982 0.058785 160.000000 65.919951
-0.008380 0.011831 160.000000 14.163529
0.003614 0.061577 160.000000 76.812704
-0.007982 0.061619 160.000000 64.638555
-0.007596 0.062217 160.000000 65.793251
0.003768 0.013338 160.000000 13.612698
0.001332 0.089757 160.000000 111.744126
-0.008337 0.012919 160.000000 13.820262
-0.000370 0.029610 160.000000 30.309434
0.009505 0.001298 160.000000 7.059982
0.003355 0.014981 160.000000 15.239998
-0.000012 0.024732 160.000000 24.386574
0.009449 0.061594 160.000000 83.630195
0.009030 0.028579 160.000000 39.353464
-0.009505 0.005866 160.000000 19.499102
-0.006737 0.072662 160.000000 80.363765
0.007248 0.019482 160.000000 25.276323
0.002190 0.098747 160.000000 124.687171
-0.002786 0.091215 160.000000 109.121328
0.002762 0.038194 160.000000 44.819017
-0.004672 0.049623 160.000000 52.176726
0.001906 0.019669 160.000000 19.741964
-0.002560 0.089550 160.000000 107.155048
0.009109 0.093809 160.000000 126.112744
0.008645 0.058995 160.000000 79.218234
0.005210 0.063089 160.000000 80.647931
0.003887 0.036632 160.000000 43.999277
-0.007295 0.015208 160.000000 12.965723
-0.008633 0.012311 160.000000 14.284510
-0.005915 0.061671 160.000000 66.732089
-0.008967 0.088565 160.000000 99.062786
0.004081 0.036831 160.000000 44.479535
0.007482 0.003493 160.000000 6.624373
-0.006721 0.014955 160.000000 12.559591
-0.007133 0.015688 160.000000 12.997431
0.002571 0.037604 160.000000 43.831239
-0.006682 0.066429 160.000000 72.215747
0.003000 0.045733 160.000000 55.069900
-0.004124 0.074624 160.000000 85.668028
0.009502 0.031276 160.000000 43.483825
0.008628 0.063829 160.000000 85.627082
-0.002739 0.020746 160.000000 17.413778
-0.004260 0.067629 160.000000 76.272251
-0.000340 0.004715 160.000000 8.405756
0.004934 0.012058 160.000000 13.200077
-0.005635 0.096792 160.000000 113.448632
-0.003790 0.075929 160.000000 87.751283
0.001232 0.045180 160.000000 52.396095
-0.003151 0.076137 160.000000 88.708373
0.007292 0.060578 160.000000 79.727504
-0.000534 0.006909 160.000000 7.701529
-0.006069 0.054387 160.000000 57.043021
-0.001314 0.013485 160.000000 10.591147
0.000347 0.050016 160.000000 57.843677
-0.003622 0.063204 160.000000 71.089382
-0.005754 0.071726 160.000000 80.136113
-0.009070 0.020415 160.000000 15.909769
-0.007957 0.055104 160.000000 56.188611
-0.008420 0.089220 160.000000 100.490874
0.008070 0.085025 160.000000 113.188908
0.004581 0.016170 160.000000 17.979274
-0.001280 0.017536 160.000000 14.664070
-0.005781 0.039007 160.000000 37.458190
-0.001382 0.038405 160.000000 40.755335
-0.007660 0.082137 160.000000 91.919078
-0.001837 0.041039 160.000000 43.745506
-0.004071 0.053504 160.000000 57.852193
-0.001200 0.045814 160.000000 50.661910
0.008108 0.027217 160.000000 36.443834
0.005029 0.061911 160.000000 78.872083
0.004214 0.045698 160.000000 56.386869
-0.002808 0.071788 160.000000 83.309112
0.001921 0.056207 160.000000 67.773103
-0.004076 0.099191 160.000000 118.316379
0.003534 0.092706 160.000000 118.167520
0.003878 0.054840 160.000000 68.152366
-0.003614 0.044790 160.000000 46.897502
-0.008773 0.047110 160.000000 45.206333
0.008985 0.086170 160.000000 115.791076
-0.009163 0.075590 160.000000 81.779126
0.008586 0.059377 160.000000 79.655104
0.000691 0.040451 160.000000 45.570932
0.000315 0.080989 160.000000 98.936175
0.000115 0.033247 160.000000 35.515898
0.001309 0.091146 160.000000 113.567676
0.006519 0.068369 160.000000 89.192698
-0.009125 0.032015 160.000000 26.616064
-0.003539 0.056700 160.000000 62.595505
-0.007823 0.035541 160.000000 31.551757
0.007450 0.032377 160.000000 42.470465
0.006685 0.044645 160.000000 57.833503
0.000755 0.080699 160.000000 99.041307
-0.002297 0.010962 160.000000 9.134612
-0.007028 0.046889 160.000000 46.434396
-0.001758 0.079826 160.000000 95.108407
-0.008797 0.073012 160.000000 78.757150
-0.003420 0.035048 160.000000 34.474740
-0.006592 0.093182 160.000000 107.644348
0.001272 0.048852 160.000000 57.302497
0.004692 0.070947 160.000000 90.512839
0.003438 0.070500 160.000000 88.486329
0.007731 0.037215 160.000000 49.208056
-0.006409 0.094976 160.000000 110.215925
-0.008491 0.002551 160.000000 21.215937
-0.003125 0.022920 160.000000 19.678177
-0.002780 0.072537 160.000000 84.331796
0.003100 0.051172 160.000000 62.401191
0.003323 0.022134 160.000000 24.328794
0.005957 0.032833 160.000000 41.324190
-0.007041 0.022113 160.000000 17.139252
-0.003183 0.050704 160.000000 55.068942
-0.005803 0.094673 160.000000 110.458740
0.003177 0.060593 160.000000 75.009783
-0.009233 0.026183 160.000000 20.466214
-0.004303 0.053817 160.000000 58.030725
0.001374 0.081174 160.000000 100.364442
0.008398 0.062124 160.000000 83.086839
0.008459 0.087926 160.000000 117.510354
-0.006337 0.024383 160.000000 19.590195
0.002580 0.086102 160.000000 108.286559
0.002368 0.049299 160.000000 59.098457
0.001563 0.089571 160.000000 111.756629
0.000977 0.072643 160.000000 88.571174
0.001646 0.005157 160.000000 6.404419
0.002819 0.042957 160.000000 51.188086
0.008953 0.003126 160.000000 7.787299
-0.009916 0.078074 160.000000 84.295441
0.004925 0.003474 160.000000 5.327792
0.009142 0.019806 160.000000 27.993603
0.002812 0.055456 160.000000 67.769633
0.008338 0.093856 160.000000 125.267274
0.007393 0.024511 160.000000 32.029276
-0.003116 0.071409 160.000000 82.478243
-0.005299 0.048748 160.000000 50.433424
-0.008413 0.056083 160.000000 57.035406
-0.004126 0.063263 160.000000 70.645816
-0.004826 0.090709 160.000000 106.243744
0.002824 0.040641 160.000000 48.125045
0.003848 0.035898 160.000000 42.984133
0.000244 0.041606 160.000000 46.621965
0.001314 0.054026 160.000000 64.209181
-0.006873 0.073434 160.000000 81.243020
0.008102 0.011508 160.000000 16.091425
0.008675 0.092396 160.000000 123.720048
-0.008745 0.026209 160.000000 20.613936
0.002030 0.072944 160.000000 90.148553
0.004131 0.013345 160.000000 13.973080
0.006415 0.043815 160.000000 56.415578
0.001384 0.043380 160.000000 50.179895
0.006660 0.084330 160.000000 110.613649
0.004677 0.004693 160.000000 5.672708
0.007578 0.087498 160.000000 115.906863
0.001136 0.016354 160.000000 14.965781
0.003525 0.069217 160.000000 86.876831
-0.009637 0.015400 160.000000 14.755889
0.004002 0.066380 160.000000 83.643802
-0.002582 0.099197 160.000000 119.957494
0.004747 0.045899 160.000000 57.258928
-0.003008 0.064788 160.000000 73.825548
-0.008672 0.067042 160.000000 71.056937
0.004719 0.092837 160.000000 119.700934
0.008307 0.018852 160.000000 25.730023
0.005548 0.014646 160.000000 17.087354
0.003537 0.094097 160.000000 120.025044
0.007384 0.049262 160.000000 64.786663
-0.002703 0.010599 160.000000 9.242269
0.000568 0.006260 160.000000 6.967085
0.008694 0.010468 160.000000 15.526854
-0.004070 0.016444 160.000000 12.665171
0.009308 0.081085 160.000000 109.401918
0.005458 0.028332 160.000000 34.805586
-0.009886 0.050799 160.000000 48.950671
-0.006145 0.044963 160.000000 44.751110
0.000276 0.003140 160.000000 8.803329
-0.004019 0.042610 160.000000 43.674920
-0.008112 0.087657 160.000000 98.743514
-0.000015 0.062532 160.000000 74.043181
-0.007800 0.094180 160.000000 107.694665
0.007766 0.052834 160.000000 69.984332
0.004646 0.003526 160.000000 5.336245
0.006679 0.098023 160.000000 128.880076
-0.003817 0.070567 160.000000 80.620576
-0.006542 0.082799 160.000000 93.950155
0.006285 0.018488 160.000000 22.858222
0.008272 0.009676 160.000000 14.043166
0.009228 0.092063 160.000000 123.927917
0.001884 0.093624 160.000000 117.516178
0.000988 0.019038 160.000000 18.117118
-0.003738 0.034948 160.000000 34.065367
-0.003188 0.021102 160.000000 17.554795
0.002687 0.070133 160.000000 87.148096
0.002001 0.010030 160.000000 8.598227
0.009525 0.069680 160.000000 94.477050
0.001495 0.070010 160.000000 85.646696
0.003913 0.050715 160.000000 62.708998
-0.009477 0.019192 160.000000 15.425106
-0.000056 0.046082 160.000000 52.211087
-0.002067 0.055516 160.000000 62.556567
-0.009539 0.003581 160.000000 21.682612
-0.005116 0.086099 160.000000 99.819910
-0.009720 0.061758 160.000000 63.180383
0.004255 0.010590 160.000000 10.792044
-0.007366 0.082126 160.000000 92.207588
0.002178 0.039916 160.000000 46.458278
0.003106 0.070262 160.000000 87.792266
-0.002336 0.061545 160.000000 70.244116
0.000726 0.098205 160.000000 122.312109
-0.005501 0.046268 160.000000 47.025187
-0.007658 0.070817 160.000000 77.006986
0.005008 0.072786 160.000000 93.324856
0.009600 0.060598 160.000000 82.485137
0.004748 0.021752 160.000000 25.369127
0.009045 0.017165 160.000000 24.450255
-0.003233 0.025192 160.000000 22.302848
0.008900 0.081579 160.000000 109.577339
0.003558 0.065103 160.000000 81.439585
0.001774 0.051148 160.000000 60.895944
-0.000925 0.084213 160.000000 101.852109
0.006233 0.031604 160.000000 40.019977
0.002823 0.050169 160.000000 60.758103
-0.005304 0.008159 160.000000 12.216411
-0.001409 0.058485 160.000000 67.176776
-0.009306 0.002140 160.000000 22.800651
0.001486 0.030689 160.000000 33.571973
-0.003835 0.082204 160.000000 96.022275
0.006176 0.037519 160.000000 47.784702
0.006274 0.072168 160.000000 93.965489
0.008840 0.008962 160.000000 13.877130
0.005016 0.082082 160.000000 105.715524
-0.007069 0.082387 160.000000 92.857568
0.006069 0.076366 160.000000 99.319440
0.004966 0.087513 160.000000 112.892696
-0.007873 0.030658 160.000000 25.755927
0.008656 0.093267 160.000000 124.857532
0.007434 0.094740 160.000000 125.387833
-0.008092 0.067049 160.000000 71.633034
-0.009881 0.036022 160.000000 30.784317
0.000492 0.009824 160.000000 8.029668
-0.007727 0.095917 160.000000 110.071354
0.007780 0.039726 160.000000 52.593684
-0.002545 0.071476 160.000000 83.176065
0.000960 0.090907 160.000000 112.856436
-0.004782 0.028417 160.000000 25.084846
-0.000501 0.072696 160.000000 87.011190
0.004679 0.039300 160.000000 48.425738
-0.007529 0.070287 160.000000 76.439678
0.004538 0.001470 160.000000 5.888868
0.005588 0.002548 160.000000 5.263042
0.005421 0.034500 160.000000 42.913941
-0.005832 0.038139 160.000000 36.315207
-0.009786 0.082696 160.000000 90.497600
-0.003650 0.033116 160.000000 31.811844
-0.003575 0.097323 160.000000 116.378745
0.000678 0.048370 160.000000 56.021311
0.008891 0.079368 160.000000 106.621779
-0.003698 0.072641 160.000000 83.492336
-0.003677 0.031717 160.000000 30.019985
0.004967 0.028143 160.000000 33.998767
-0.009977 0.001059 160.000000 24.895956
0.009395 0.091154 160.000000 122.914699
-0.006076 0.019305 160.000000 14.839755
0.003359 0.032653 160.000000 38.155925
0.003564 0.072083 160.000000 90.736974
0.002664 0.031161 160.000000 35.435442
-0.001841 0.042033 160.000000 45.042647
0.009890 0.034647 160.000000 48.407741
-0.007609 0.065903 160.000000 70.605366
-0.002105 0.048596 160.000000 53.393327
-0.003768 0.026172 160.000000 23.100976
-0.001184 0.047364 160.000000 52.720247
-0.008259 0.021503 160.000000 16.535455
0.005413 0.024263 160.000000 29.400966
-0.005532 0.010364 160.000000 11.574515
0.003694 0.096174 160.000000 122.972038
-0.000280 0.046007 160.000000 51.876471
0.004652 0.057689 160.000000 72.821572
0.007885 0.041135 160.000000 54.587344
0.003197 0.087064 160.000000 110.267043
0.006065 0.061107 160.000000 78.999103
-0.006437 0.035704 160.000000 32.776975
0.003642 0.064771 160.000000 81.093079
-0.003694 0.030010 160.000000 27.866380
0.007734 0.098532 160.000000 130.790751
0.005453 0.096130 160.000000 124.935614
0.008724 0.068890 160.000000 92.475472
-0.000399 0.030873 160.000000 31.917302
0.000398 0.036728 160.000000 40.364279
-0.001756 0.052093 160.000000 58.362453
-0.009695 0.002918 160.000000 22.565673
0.000602 0.008465 160.000000 7.281278
-0.003451 0.018199 160.000000 14.360558
0.006012 0.058987 160.000000 76.115714
-0.005255 0.082385 160.000000 94.752352
-0.000053 0.066408 160.000000 79.148561
-0.005077 0.077622 160.000000 88.632923
0.008317 0.071389 160.000000 95.321459
0.005653 0.014720 160.000000 17.296681
-0.006144 0.043991 160.000000 43.502685
-0.001767 0.069881 160.000000 81.896960
0.005929 0.007499 160.000000 8.896589
-0.002545 0.086741 160.000000 103.439444
-0.007890 0.084576 160.000000 94.902970
0.001716 0.085848 160.000000 106.971575
-0.001823 0.060126 160.000000 68.909828
0.004532 0.088581 160.000000 113.816008
-0.001140 0.046322 160.000000 51.393473
-0.004635 0.068716 160.000000 77.317999
0.008382 0.032360 160.000000 43.559379
0.008486 0.033031 160.000000 44.571016
0.007561 0.043599 160.000000 57.473655
0.008729 0.014254 160.000000 20.324112
-0.007730 0.034880 160.000000 30.818444
0.005621 0.016151 160.000000 19.087423
-0.008306 0.037706 160.000000 33.840536
-0.000881 0.081281 160.000000 98.003098
-0.006556 0.086600 160.000000 98.964574
-0.007162 0.016756 160.000000 13.405938
0.007884 0.056387 160.000000 74.847353
0.007437 0.025320 160.000000 33.145599
0.005383 0.033592 160.000000 41.668974
-0.008027 0.035158 160.000000 30.948953
0.007474 0.018320 160.000000 24.034332
-0.004103 0.093760 160.000000 111.073330
0.003809 0.077416 160.000000 98.116244
0.008156 0.035277 160.000000 47.147236
-0.006560 0.082178 160.000000 93.110376
-0.002184 0.029460 160.000000 28.448969
0.002186 0.072220 160.000000 89.360615
0.006729 0.062355 160.000000 81.432933
-0.008701 0.068948 160.000000 73.523564
-0.003491 0.068550 160.000000 78.295658
0.007614 0.022705 160.000000 29.923780
0.006209 0.091830 160.000000 120.081849
-0.009733 0.054503 160.000000 53.810920
-0.007890 0.031281 160.000000 26.462115
0.004737 0.050876 160.000000 63.860340
-0.004743 0.047632 160.000000 49.512492
0.003822 0.095295 160.000000 121.947007
-0.003702 0.079625 160.000000 92.743960
0.008656 0.070750 160.000000 94.870969
-0.004959 0.030760 160.000000 27.806115
-0.004721 0.091929 160.000000 107.975605
0.006661 0.019826 160.000000 25.034182
-0.009259 0.006572 160.000000 18.548870
-0.009932 0.001484 160.000000 24.381679
-0.007404 0.071017 160.000000 77.524784
0.003453 0.007267 160.000000 6.868916
0.008613 0.063954 160.000000 85.776169
0.000879 0.083636 160.000000 103.087706
0.009454 0.017266 160.000000 25.089317
-0.001357 0.014529 160.000000 11.516142
0.004172 0.025143 160.000000 29.168638
0.002994 0.041893 160.000000 49.971353
-0.005192 0.066174 160.000000 73.389563
-0.000576 0.050968 160.000000 58.117306
0.009423 0.023641 160.000000 33.346143
0.002889 0.055407 160.000000 67.790454
0.000053 0.022284 160.000000 21.349563
-0.004478 0.044114 160.000000 45.192205
-0.001464 0.028862 160.000000 28.328879
-0.008987 0.056211 160.000000 56.675839
-0.009177 0.094292 160.000000 106.411712
0.009834 0.037999 160.000000 52.773222
-0.004511 0.005933 160.000000 12.653188
-0.001015 0.089689 160.000000 109.037793
0.002139 0.094835 160.000000 119.417241
-0.007430 0.058949 160.000000 61.684681
0.006044 0.064168 160.000000 83.048586
0.007777 0.022916 160.000000 30.394876
0.001466 0.018933 160.000000 18.408847
-0.000638 0.045918 160.000000 51.382859
0.001564 0.053811 160.000000 64.198592
0.003263 0.023776 160.000000 26.400173
0.002122 0.050886 160.000000 60.932483
-0.008205 0.021333 160.000000 16.405032
0.007717 0.020218 160.000000 26.795113
0.002768 0.022591 160.000000 24.343909
0.000211 0.042237 160.000000 47.419126
0.004655 0.073133 160.000000 93.381086
0.005408 0.076516 160.000000 98.753507
-0.005143 0.033012 160.000000 30.445597
0.000662 0.044829 160.000000 51.319075
0.004659 0.098495 160.000000 127.171830
-0.000765 0.062767 160.000000 73.541326
-0.009877 0.073347 160.000000 78.136807
-0.006811 0.050146 160.000000 50.829775
-0.001300 0.029941 160.000000 29.859918
-0.005096 0.081562 160.000000 93.829122
0.004920 0.036236 160.000000 44.640714
0.009795 0.037637 160.000000 52.246190
0.005791 0.001696 160.000000 5.316081
-0.008027 0.005504 160.000000 17.754545
0.003189 0.065157 160.000000 81.094150
0.006740 0.087057 160.000000 114.340866
0.003690 0.028752 160.000000 33.379456
-0.002053 0.032105 160.000000 31.943122
0.002110 0.043418 160.000000 51.019120
-0.004252 0.058593 160.000000 64.360927
-0.000690 0.063934 160.000000 75.170638
-0.006987 0.039661 160.000000 37.279998
-0.001201 0.060653 160.000000 70.270607
-0.007213 0.066252 160.000000 71.454038
0.004309 0.090612 160.000000 116.265621
-0.007102 0.042406 160.000000 40.648559
-0.002096 0.086154 160.000000 103.147661
-0.003620 0.018670 160.000000 14.768033
0.005409 0.070792 160.000000 91.131654
-0.001611 0.087136 160.000000 104.985479
-0.007416 0.063033 160.000000 67.034912
-0.007308 0.045641 160.000000 44.589742
0.001814 0.072451 160.000000 89.249666
-0.009791 0.063209 160.000000 64.997015
-0.008012 0.026702 160.000000 21.353696
-0.002029 0.027856 160.000000 26.553556
-0.005941 0.014103 160.000000 11.889713
-0.000157 0.085055 160.000000 103.822288
0.005850 0.042492 160.000000 54.002475
0.008451 0.096058 160.000000 128.333870
0.003921 0.084814 160.000000 108.098229
0.009607 0.084301 160.000000 114.039169
0.007426 0.095232 160.000000 126.032827
0.000284 0.026097 160.000000 26.408524
0.002167 0.072065 160.000000 89.133738
0.002419 0.064968 160.000000 79.975450
0.005295 0.077799 160.000000 100.330922
0.008837 0.067464 160.000000 90.711980
-0.001069 0.017509 160.000000 14.759547
0.005124 0.008415 160.000000 9.132117
0.007630 0.072551 160.000000 96.060297
-0.009890 0.025820 160.000000 20.014816
0.002252 0.061152 160.000000 74.712189
0.005645 0.034063 160.000000 42.592801
-0.008850 0.065715 160.000000 69.151306
-0.001392 0.082131 160.000000 98.571915
-0.002224 0.027256 160.000000 25.634831
-0.000375 0.064747 160.000000 76.591888
-0.006576 0.012231 160.000000 12.237169
0.000000 0.100000 180.000000 124.510642
-0.006475 0.004184 180.000000 16.831266
0.000287 0.065128 180.000000 78.260802
0.008232 0.001912 180.000000 6.262836
0.005733 0.086630 180.000000 113.063770
-0.006061 0.076124 180.000000 86.236786
0.001875 0.039256 180.000000 45.539171
0.001333 0.089042 180.000000 111.337289
0.003031 0.065896 180.000000 82.295270
-0.004986 0.081492 180.000000 94.470338
0.008961 0.061646 180.000000 83.402263
0.003142 0.089140 180.000000 113.485989
-0.004135 0.048347 180.000000 51.476404
0.008785 0.057056 180.000000 77.067229
-0.001525 0.088811 180.000000 107.897801
-0.000114 0.035504 180.000000 38.535935
0.003561 0.099916 180.000000 128.370843
0.006004 0.028972 180.000000 36.435463
0.004561 0.067775 180.000000 86.522562
-0.005399 0.018951 180.000000 14.968487
0.001071 0.013086 180.000000 11.360585
0.007735 0.001946 180.000000 5.917216
0.002444 0.039206 180.000000 46.081123
-0.006134 0.006613 180.000000 14.370058
0.006580 0.092528 180.000000 121.923327
-0.001123 0.079027 180.000000 95.275635
-0.001387 0.072232 180.000000 85.932361
0.008095 0.025013 180.000000 33.634469
0.002781 0.061920 180.000000 76.708436
-0.004879 0.025300 180.000000 21.720861
-0.001830 0.048207 180.000000 53.557962
-0.006982 0.015234 180.000000 13.111240
-0.000182 0.023225 180.000000 22.575754
-0.007030 0.071497 180.000000 79.140297
-0.008068 0.090455 180.000000 103.206004
0.001634 0.087962 180.000000 110.227808
-0.003430 0.042326 180.000000 44.268385
0.005017 0.090660 180.000000 117.638935
-0.002416 0.009657 180.000000 9.135481
0.002448 0.030263 180.000000 34.249195
0.008352 0.073920 180.000000 99.088686
-0.002018 0.053445 180.000000 60.297181
-0.001335 0.089549 180.000000 109.088846
0.004370 0.050439 180.000000 63.156751
-0.005489 0.049947 180.000000 52.291956
0.003992 0.042465 180.000000 52.105883
-0.002569 0.006123 180.000000 10.203288
0.005145 0.038758 180.000000 48.461621
-0.006811 0.027153 180.000000 22.805042
0.007948 0.090855 180.000000 121.264247
-0.001056 0.068463 180.000000 81.262960
0.009706 0.029872 180.000000 41.992282
0.001637 0.031650 180.000000 35.236304
-0.002829 0.041622 180.000000 43.916960
-0.004270 0.026052 180.000000 22.972262
-0.008404 0.008333 180.000000 16.166019
0.006738 0.061429 180.000000 80.526199
0.007069 0.021336 180.000000 27.585404
-0.001593 0.044147 180.000000 48.437683
0.008965 0.027750 180.000000 38.290280
-0.003675 0.002506 180.000000 14.528153
0.001956 0.012443 180.000000 11.207049
0.002782 0.068263 180.000000 85.180535
-0.007326 0.035161 180.000000 31.912714
-0.000391 0.051533 180.000000 59.444094
0.006837 0.033650 180.000000 43.601057
0.008756 0.037020 180.000000 50.332255
0.009892 0.065800 180.000000 90.047226
0.008931 0.095252 180.000000 128.287108
-0.009883 0.052708 180.000000 51.974528
-0.002664 0.088881 180.000000 106.764375
-0.002075 0.010656 180.000000 9.153333
-0.005004 0.048572 180.000000 50.949453
-0.005193 0.056435 180.000000 61.080765
-0.008732 0.059113 180.000000 61.255858
0.002714 0.008553 180.000000 7.713037
-0.004892 0.017532 180.000000 13.822947
0.001834 0.072231 180.000000 89.429160
0.003420 0.060740 180.000000 75.843568
0.009498 0.012075 180.000000 18.550582
-0.008061 0.059553 180.000000 62.446276
-0.003461 0.082609 180.000000 97.554776
0.002103 0.067435 180.000000 83.321016
-0.001313 0.081756 180.000000 98.710964
0.004130 0.015540 180.000000 16.828650
-0.002841 0.035443 180.000000 35.870493
-0.002739 0.095711 180.000000 115.796152
0.007066 0.004992 180.000000 7.493007
0.003945 0.007441 180.000000 7.338607
-0.001724 0.074325 180.000000 88.361616
-0.006883 0.051865 180.000000 53.507246
-0.005956 0.014753 180.000000 12.404474
0.004926 0.007956 180.000000 8.530846
0.007620 0.033232 180.000000 43.958941
-0.009302 0.087799 180.000000 98.439521
0.003358 0.013156 180.000000 13.135128
0.003670 0.070978 180.000000 89.799706
-0.008840 0.048685 180.000000 47.701364
-0.001063 0.055648 180.000000 64.207237
-0.000774 0.078759 180.000000 95.295027
0.009843 0.099838 180.000000 135.482381
-0.001739 0.014230 180.000000 11.395550
0.009135 0.099226 180.000000 133.839311
0.003647 0.089602 180.000000 114.671574
0.004991 0.077005 180.000000 99.347039
-0.007613 0.019067 180.000000 15.171308
-0.004698 0.077602 180.000000 89.597780
0.000370 0.073826 180.000000 89.954727
0.001591 0.062392 180.000000 76.028070
-0.003435 0.088018 180.000000 104.790291
0.008166 0.067187 180.000000 89.874532
-0.002435 0.010488 180.000000 9.281204
0.004459 0.045744 180.000000 56.994639
-0.009594 0.051083 180.000000 50.138224
0.000632 0.036593 180.000000 40.720912
0.000300 0.090791 180.000000 112.534450
0.001872 0.047674 180.000000 56.720478
0.005826 0.066799 180.000000 86.656336
0.001506 0.037320 180.000000 42.586594
-0.009481 0.085899 180.000000 95.746088
-0.008624 0.094955 180.000000 108.610799
0.000985 0.001746 180.000000 9.159003
0.001756 0.012012 180.000000 10.609417
-0.001633 0.057074 180.000000 65.506538
-0.000641 0.061814 180.000000 72.850961
-0.004519 0.065918 180.000000 74.275601
-0.009614 0.068124 180.000000 72.210358
0.001128 0.058025 180.000000 69.700987
0.008677 0.043714 180.000000 59.148417
-0.000018 0.049501 180.000000 57.137250
0.006407 0.050265 180.000000 65.238527
0.002902 0.038121 180.000000 45.133903
0.008271 0.072143 180.000000 96.620317
0.006907 0.042031 180.000000 54.833610
0.003571 0.016776 180.000000 17.841354
-0.003346 0.095026 180.000000 114.230274
0.001627 0.010743 180.000000 9.247578
-0.007591 0.049079 180.000000 49.268589
-0.005102 0.091695 180.000000 107.925781
-0.007836 0.037448 180.000000 34.356620
0.003992 0.056328 180.000000 70.592841
0.009544 0.010680 180.000000 16.868063
-0.002318 0.019372 180.000000 16.402839
0.009924 0.004315 180.000000 10.009547
0.006476 0.056263 180.000000 73.325094
0.008143 0.068727 180.000000 91.906681
0.008049 0.075703 180.000000 101.121127
-0.006387 0.089964 180.000000 104.281010
-0.004318 0.029339 180.000000 26.920764
-0.009397 0.071220 180.000000 76.474897
-0.008241 0.015910 180.000000 14.063256
-0.004779 0.017777 180.000000 14.029279
-0.006927 0.067289 180.000000 73.688047
0.005139 0.096398 180.000000 125.452834
0.000405 0.074923 180.000000 91.455849
0.004391 0.039197 180.000000 48.199496
0.002146 0.019513 180.000000 19.954587
0.008433 0.039866 180.000000 53.736457
-0.005426 0.015549 180.000000 12.551660
0.008665 0.015095 180.000000 21.364639
0.006934 0.060061 180.000000 78.925964
0.004201 0.092712 180.000000 119.457878
0.005812 0.028364 180.000000 35.410953
0.000301 0.079413 180.000000 97.338047
-0.008590 0.013052 180.000000 14.309713
-0.008478 0.078096 180.000000 86.426362
-0.000985 0.059952 180.000000 70.009207
-0.006842 0.081072 180.000000 92.004602
0.001074 0.081733 180.000000 101.283569
0.006547 0.005708 180.000000 7.680818
-0.003736 0.004373 180.000000 12.927927
0.003671 0.018730 180.000000 20.443481
-0.009038 0.070974 180.000000 76.495484
-0.002083 0.072983 180.000000 86.192667
-0.000828 0.046301 180.000000 52.056545
0.003783 0.074605 180.000000 94.774113
0.005648 0.065250 180.000000 84.381873
0.000813 0.044676 180.000000 51.606269
0.005270 0.077233 180.000000 99.968814
0.007184 0.092234 180.000000 122.226479
0.002558 0.048804 180.000000 58.969821
0.000515 0.087868 180.000000 108.864674
-0.002320 0.059039 180.000000 67.403090
-0.007647 0.033699 180.000000 29.928478
-0.005786 0.005008 180.000000 15.160865
-0.002430 0.007905 180.000000 9.304267
-0.005626 0.085620 180.000000 99.294394
0.005053 0.086694 180.000000 112.374466
-0.009418 0.068994 180.000000 73.533358
-0.006304 0.077300 180.000000 87.550158
-0.003525 0.011179 180.000000 10.063288
-0.007420 0.079984 180.000000 89.978070
0.007512 0.099329 180.000000 132.094476
-0.008672 0.099770 180.000000 114.955963
0.007842 0.069949 180.000000 93.189182
-0.004062 0.027575 180.000000 24.946103
0.002269 0.030940 180.000000 34.955729
0.008450 0.042635 180.000000 57.442706
-0.004058 0.061910 180.000000 69.434343
0.000248 0.008244 180.000000 7.446202
0.007087 0.027987 180.000000 36.378674
-0.000583 0.045116 180.000000 50.739271
-0.000642 0.063676 180.000000 75.328852
-0.002369 0.042233 180.000000 45.158281
-0.008954 0.065298 180.000000 69.126518
0.002864 0.059655 180.000000 73.776676
0.003286 0.005065 180.000000 5.769850
-0.008985 0.083610 180.000000 93.212941
0.001796 0.037846 180.000000 43.587114
-0.003208 0.089087 180.000000 106.457682
-0.001994 0.072313 180.000000 85.395044
0.004474 0.059837 180.000000 75.819628
0.003344 0.094331 180.000000 120.656302
0.002755 0.094856 180.000000 120.696632
0.005161 0.016380 180.000000 18.977511
-0.008808 0.084882 180.000000 95.071880
-0.001508 0.008598 180.000000 8.447532
0.006867 0.045119 180.000000 58.904258
0.008628 0.082879 180.000000 111.387028
-0.002977 0.051679 180.000000 56.993373
0.003183 0.029544 180.000000 34.076817
0.006271 0.067970 180.000000 88.730600
-0.003707 0.030020 180.000000 28.228653
0.001556 0.075217 180.000000 93.110879
0.003629 0.087215 180.000000 111.459561
0.001030 0.085548 180.000000 106.332774
0.001028 0.064134 180.000000 77.738518
-0.007356 0.026640 180.000000 21.999836
0.007131 0.037616 180.000000 49.215635
-0.006191 0.012782 180.000000 12.149237
-0.007081 0.098543 180.000000 114.970100
0.001766 0.054848 180.000000 66.158836
0.001410 0.039462 180.000000 45.321818
0.003685 0.086372 180.000000 110.395324
-0.001050 0.086676 180.000000 105.562655
-0.008707 0.085716 180.000000 96.277528
-0.009086 0.094351 180.000000 107.339412
-0.009766 0.049896 180.000000 48.483160
0.008912 0.085276 180.000000 114.924426
-0.001653 0.050068 180.000000 56.199576
-0.005650 0.062340 180.000000 68.413743
-0.000279 0.075151 180.000000 91.017131
0.000530 0.067014 180.000000 81.038031
-0.009621 0.045059 180.000000 42.491822
0.006193 0.045804 180.000000 59.041266
-0.004008 0.034803 180.000000 34.028246
0.003029 0.078338 180.000000 98.917833
0.000578 0.041159 180.000000 46.700225
0.004905 0.025990 180.000000 31.256093
0.001190 0.027656 180.000000 29.549803
-0.003201 0.014920 180.000000 11.814126
-0.005861 0.042648 180.000000 42.490570
-0.001287 0.066159 180.000000 77.949257
0.007773 0.092919 180.000000 123.822346
0.006763 0.077771 180.000000 102.397742
-0.006460 0.083682 180.000000 95.859218
0.006286 0.079551 180.000000 104.229945
-0.001866 0.034965 180.000000 36.143688
-0.006434 0.031275 180.000000 27.807683
0.005354 0.052658 180.000000 67.228728
0.007555 0.053663 180.000000 71.101435
-0.000795 0.015022 180.000000 12.458791
0.000897 0.058616 180.000000 70.238962
-0.004752 0.001968 180.000000 16.547780
-0.004554 0.038043 180.000000 37.705996
0.003406 0.068436 180.000000 86.106267
-0.001770 0.076905 180.000000 91.751474
-0.004938 0.075388 180.000000 86.409082
0.004526 0.060044 180.000000 76.153362
0.005083 0.021633 180.000000 25.721175
0.005001 0.046538 180.000000 58.663976
0.007076 0.041662 180.000000 54.538100
-0.008566 0.078221 180.000000 86.504704
0.003847 0.023477 180.000000 26.801308
0.007042 0.034898 180.000000 45.497407
0.006842 0.048105 180.000000 62.858491
0.008990 0.053239 180.000000 72.215879
-0.001133 0.057014 180.000000 65.948386
-0.002869 0.079253 180.000000 93.711907
0.008215 0.012286 180.000000 17.238601
0.009875 0.073244 180.000000 99.969359
0.003999 0.016708 180.000000 18.183276
0.005816 0.073095 180.000000 95.059587
-0.002239 0.028226 180.000000 27.159734
-0.006603 0.064812 180.000000 70.739169
-0.005116 0.085524 180.000000 99.696377
-0.001740 0.095502 180.000000 116.597138
-0.002113 0.078575 180.000000 93.610736
0.003280 0.091323 180.000000 116.560383
0.007825 0.036160 180.000000 48.090258
-0.007736 0.014966 180.000000 13.539960
0.009525 0.004492 180.000000 9.702645
0.007676 0.032020 180.000000 42.414757
-0.006252 0.046977 180.000000 47.732595
-0.001900 0.021871 180.000000 19.564763
-0.006931 0.095102 180.000000 110.548341
-0.002107 0.058551 180.000000 66.976153
-0.002930 0.036024 180.000000 36.540634
0.009422 0.092608 180.000000 125.322618
-0.007391 0.057711 180.000000 60.662424
0.003232 0.036231 180.000000 42.982840
-0.007461 0.090831 180.000000 104.325480
-0.002599 0.034045 180.000000 34.282267
0.008079 0.042849 180.000000 57.290305
0.001101 0.095980 180.000000 120.354835
0.001197 0.020186 180.000000 19.941358
-0.006350 0.085972 180.000000 99.012225
-0.001209 0.016233 180.000000 13.538303
-0.007965 0.034517 180.000000 30.704950
-0.007568 0.094961 180.000000 109.702410
-0.000180 0.009031 180.000000 7.861496
-0.003364 0.094085 180.000000 112.955959
0.006656 0.015281 180.000000 19.225243
-0.002127 0.009368 180.000000 8.915274
0.003797 0.019474 180.000000 21.532375
-0.005844 0.057380 180.000000 61.693683
-0.001051 0.067591 180.000000 80.108274
-0.009483 0.078757 180.000000 86.312159
0.001513 0.082215 180.000000 102.412056
0.002180 0.069400 180.000000 86.031472
-0.007002 0.042799 180.000000 41.717140
-0.008761 0.008174 180.000000 16.745560
0.009069 0.028837 180.000000 39.852649
0.008116 0.088319 180.000000 118.067285
0.009026 0.091603 180.000000 123.516902
-0.002056 0.015922 180.000000 12.883842
-0.002967 0.093866 180.000000 113.089120
0.004283 0.067209 180.000000 85.451851
-0.007206 0.099836 180.000000 116.561367
-0.005615 0.013520 180.000000 11.847069
-0.001733 0.036271 180.000000 37.968663
0.006655 0.025409 180.000000 32.469065
0.007556 0.040448 180.000000 53.481384
-0.008779 0.025919 180.000000 20.798555
-0.002597 0.050992 180.000000 56.466712
0.009712 0.069864 180.000000 95.261388
0.006320 0.071649 180.000000 93.705116
0.009967 0.027154 180.000000 38.718854
-0.006933 0.059203 180.000000 63.046962
-0.009839 0.091754 180.000000 103.137354
-0.008554 0.091477 180.000000 104.066855
-0.008361 0.023021 180.000000 18.206034
-0.002221 0.067538 180.000000 78.798278
0.009099 0.072940 180.000000 98.652594
-0.007210 0.068894 180.000000 75.526960
-0.006145 0.040186 180.000000 39.098693
-0.000965 0.095961 180.000000 118.054753
-0.004753 0.038375 180.000000 37.960198
0.009841 0.080023 180.000000 108.989476
0.002388 0.008910 180.000000 7.890182
0.005872 0.027472 180.000000 34.299920
-0.006661 0.079334 180.000000 89.884109
0.001214 0.038726 180.000000 44.141163
0.004051 0.067620 180.000000 85.739160
0.006842 0.056617 180.000000 74.220251
-0.009527 0.061166 180.000000 63.206183
-0.006526 0.055120 180.000000 58.083345
0.006844 0.062637 180.000000 82.262112
0.008371 0.086567 180.000000 116.020032
0.000598 0.088473 180.000000 109.764088
-0.009836 0.015252 180.000000 15.260283
0.002000 0.006718 180.000000 6.464939
0.003488 0.052693 180.000000 65.178263
0.004842 0.085042 180.000000 109.925645
0.001460 0.036114 180.000000 40.943216
-0.004040 0.045744 180.000000 48.159805
-0.006606 0.077531 180.000000 87.549825
0.000071 0.024625 180.000000 24.576823
0.006900 0.052885 180.000000 69.302929
-0.002139 0.092646 180.000000 112.352155
-0.000321 0.035043 180.000000 37.725441
-0.003421 0.090983 180.000000 108.757620
-0.006628 0.063540 180.000000 69.039363
-0.003388 0.075006 180.000000 87.510114
0.005282 0.092052 180.000000 119.801650
0.003842 0.073120 180.000000 92.855127
0.004414 0.093747 180.000000 121.083516
-0.000036 0.007371 180.000000 7.431942
0.000459 0.056889 180.000000 67.467540
-0.008454 0.007683 180.000000 16.683634
-0.000237 0.010634 180.000000 8.729372
-0.000068 0.022666 180.000000 21.967825
-0.006959 0.030966 180.000000 27.107901
-0.005859 0.052440 180.000000 55.203537
0.008391 0.071554 180.000000 95.973302
0.007420 0.084339 180.000000 111.939200
-0.003292 0.041007 180.000000 42.678195
0.008592 0.021009 180.000000 28.964337
0.008264 0.009628 180.000000 13.996232
0.003967 0.085077 180.000000 108.980935
0.000349 0.096130 180.000000 119.723516
-0.009375 0.094963 180.000000 107.857088
0.005910 0.069340 180.000000 90.147476
0.008250 0.019046 180.000000 25.984349
0.003499 0.097065 180.000000 124.486818
0.004230 0.099525 180.000000 128.603612
-0.002084 0.035493 180.000000 36.626602
0.004793 0.098303 180.000000 127.607828
0.009705 0.073782 180.000000 100.487772
-0.009915 0.030813 180.000000 25.450092
-0.003728 0.033272 180.000000 32.314252
0.005566 0.026245 180.000000 32.331745
0.007185 0.001134 180.000000 5.466950
0.005744 0.063838 180.000000 82.605805
0.008449 0.097249 180.000000 130.396925
0.007837 0.026063 180.000000 34.713834
0.006446 0.044208 180.000000 57.204278
-0.003211 0.023539 180.000000 20.674616
-0.003044 0.059649 180.000000 67.469705
0.004319 0.095008 180.000000 122.662423
0.001517 0.090567 180.000000 113.578767
0.000396 0.099286 180.000000 123.992324
0.004165 0.046313 180.000000 57.424707
0.003166 0.031559 180.000000 36.721053
0.007190 0.032228 180.000000 42.120939
-0.001172 0.067057 180.000000 79.268245
-0.001517 0.053184 180.000000 60.466301
-0.005372 0.033436 180.000000 31.206866
0.003363 0.024677 180.000000 27.862690
0.001233 0.039939 180.000000 45.767076
0.001973 0.080536 180.000000 100.679354
0.003169 0.024011 180.000000 26.788157
0.000110 0.088284 180.000000 108.975377
0.008742 0.052286 180.000000 70.651761
0.003739 0.033571 180.000000 40.006116
0.001463 0.078287 180.000000 97.109362
0.007108 0.096764 180.000000 128.198643
0.004059 0.083192 180.000000 106.565745
0.001926 0.094119 180.000000 118.783575
0.002289 0.011572 180.000000 10.469926
0.005163 0.037203 180.000000 46.412035
-0.008135 0.066141 180.000000 71.008362
0.007070 0.073537 180.000000 97.091842
0.000315 0.083487 180.000000 102.792159
0.001672 0.040332 180.000000 46.750450
-0.004930 0.055661 180.000000 60.318628
0.005007 0.035881 180.000000 44.478915
0.004072 0.037125 180.000000 45.089519
0.005459 0.097359 180.000000 127.103638
0.004145 0.038736 180.000000 47.312364
-0.003340 0.068048 180.000000 78.309918
0.001754 0.023421 180.000000 24.598581
-0.002866 0.093773 180.000000 113.073367
0.007690 0.008465 180.000000 11.921605
-0.003924 0.033098 180.000000 31.930367
-0.007213 0.083989 180.000000 95.496995
0.007570 0.022998 180.000000 30.357549
0.001274 0.053058 180.000000 63.242998
0.006178 0.080744 180.000000 105.700733
0.007802 0.063549 180.000000 84.590026
0.005204 0.083618 180.000000 108.433125
0.007981 0.033548 180.000000 44.801630
0.001079 0.047564 180.000000 55.723883
-0.009371 0.040859 180.000000 37.462289
0.006351 0.087407 180.000000 114.811969
-0.006741 0.072013 180.000000 80.109645
0.004006 0.012180 180.000000 12.541500
0.009016 0.072649 180.000000 98.165562
0.003131 0.039871 180.000000 47.706839
-0.009899 0.090725 180.000000 101.715985
-0.001048 0.048872 180.000000 55.234392
-0.006799 0.004377 180.000000 17.107340
-0.004926 0.024078 180.000000 20.305636
0.008365 0.021149 180.000000 28.873743
0.002403 0.078187 180.000000 98.017322
0.006941 0.047299 180.000000 61.897803
-0.007010 0.086113 180.000000 98.523035
-0.001145 0.021727 180.000000 19.935459
0.003799 0.016613 180.000000 17.860877
0.003149 0.055243 180.000000 68.204969
0.005529 0.076756 180.000000 99.627520
0.009835 0.021517 180.000000 31.145384
-0.009022 0.002647 180.000000 21.902049
0.003766 0.061057 180.000000 76.653484
0.005206 0.020746 180.000000 24.695379
-0.005583 0.065604 180.000000 72.789894
0.001912 0.061322 180.000000 74.952750
0.004650 0.004042 180.000000 5.461088
0.000061 0.084682 180.000000 104.111313
0.000774 0.086449 180.000000 107.253948
-0.001300 0.030725 180.000000 31.173464
-0.002771 0.049148 180.000000 53.858484
0.007999 0.052120 180.000000 69.560024
0.001529 0.097943 180.000000 123.453878
0.006013 0.046044 180.000000 59.155214
-0.009843 0.015810 180.000000 15.263829
-0.003823 0.058913 180.000000 65.705612
0.006480 0.097271 180.000000 128.154139
0.004822 0.048867 180.000000 61.567010
-0.006242 0.033752 180.000000 30.952651
-0.005003 0.092503 180.000000 109.105998
-0.003972 0.062985 180.000000 70.945138
-0.008655 0.095702 180.000000 109.571162
-0.001948 0.046440 180.000000 51.107162
-0.005881 0.059796 180.000000 64.836535
0.004884 0.090476 180.000000 117.240637
-0.008802 0.051252 180.000000 51.020868
-0.006420 0.033978 180.000000 31.101848
0.001364 0.009946 180.000000 8.431006
0.006128 0.011723 180.000000 14.125190
-0.000137 0.071124 180.000000 85.798489
0.005207 0.021036 180.000000 25.076694
0.000506 0.096376 180.000000 120.224912
0.003855 0.066860 180.000000 84.503759
0.008286 0.070717 180.000000 94.731745
0.003176 0.032788 180.000000 38.357992
0.001278 0.088847 180.000000 111.016472
0.002085 0.084895 180.000000 106.629865
0.004165 0.049307 180.000000 61.416530
0.008407 0.096796 180.000000 129.742046
-0.008328 0.092876 180.000000 106.152716
-0.000006 0.045317 180.000000 51.600275
0.001148 0.033514 180.000000 37.190571
0.007695 0.018787 180.000000 24.984536
0.003860 0.009836 180.000000 9.698396
-0.007035 0.096939 180.000000 112.885058
-0.002796 0.013337 180.000000 10.680653
-0.001916 0.075300 180.000000 89.457506
0.005678 0.005698 180.000000 6.939378
0.002537 0.033055 180.000000 38.029157
0.007871 0.091869 180.000000 122.531182
0.002519 0.014169 180.000000 13.636470
0.001966 0.039494 180.000000 45.951975
-0.007931 0.031682 180.000000 27.374370
0.004590 0.006837 180.000000 7.189017
-0.009653 0.033392 180.000000 28.413525
-0.008896 0.088230 180.000000 99.417393
0.007268 0.003618 180.000000 6.533728
0.000442 0.029805 180.000000 31.620933
-0.008199 0.020106 180.000000 15.959495
0.001011 0.086641 180.000000 107.772337
-0.007765 0.019680 180.000000 15.601300
-0.004826 0.011261 180.000000 11.015991
0.009945 0.010971 180.000000 17.735415
0.004570 0.073640 180.000000 94.371387
0.008945 0.058524 180.000000 79.216266
0.004336 0.058462 180.000000 73.827062
-0.007368 0.041251 180.000000 39.456647
-0.002455 0.052148 180.000000 58.137905
-0.002780 0.003728 180.000000 12.205625
-0.009058 0.071225 180.000000 76.804953
0.007305 0.022844 180.000000 29.843329
-0.000592 0.038943 180.000000 42.582897
0.000603 0.026547 180.000000 27.541343
-0.007317 0.045507 180.000000 44.913463
0.007614 0.057998 180.000000 76.956907
-0.002422 0.078326 180.000000 92.949599
-0.001529 0.082168 180.000000 99.028276
0.002487 0.016483 180.000000 16.446359
-0.001135 0.071826 180.000000 85.661163
-0.009823 0.078192 180.000000 85.237009
0.004374 0.049394 180.000000 61.767116
0.003845 0.002799 180.000000 5.708478
-0.002124 0.079085 180.000000 94.279410
-0.004318 0.071840 180.000000 82.335344
-0.004107 0.096951 180.000000 115.983187
-0.003593 0.076602 180.000000 89.418255
0.005143 0.067929 180.000000 87.387577
-0.003230 0.038192 180.000000 39.074925
0.009019 0.099221 180.000000 133.697043
0.003568 0.075612 180.000000 95.878001
0.004425 0.096377 180.000000 124.612801
0.007384 0.097417 180.000000 129.390529
0.001398 0.072610 180.000000 89.456127
-0.008145 0.007900 180.000000 16.117644
-0.000659 0.096592 180.000000 119.232538
-0.001650 0.011585 180.000000 9.447494
-0.008728 0.084809 180.000000 95.054897
-0.009603 0.060727 180.000000 62.567035
0.003938 0.020512 180.000000 23.027459
0.001789 0.005895 180.000000 6.359453
0.009275 0.069085 180.000000 93.707644
0.002219 0.059519 180.000000 72.884677
0.004105 0.036902 180.000000 44.831089
-0.008844 0.074255 180.000000 80.999644
-0.004791 0.065462 180.000000 73.397367
0.002114 0.030661 180.000000 34.426171
-0.001421 0.038170 180.000000 40.750149
-0.005914 0.069908 180.000000 78.151429
-0.004477 0.092862 180.000000 110.139893
-0.004834 0.094643 180.000000 112.134320
-0.000353 0.014978 180.000000 12.621491
-0.008453 0.080340 180.000000 89.417274
-0.001116 0.098654 180.000000 121.486884
-0.001746 0.047187 180.000000 52.296199
-0.009005 0.091245 180.000000 103.302797
0.004917 0.054466 180.000000 69.146666
0.004917 0.062379 180.000000 79.714907
-0.007174 0.062097 180.000000 66.614844
-0.003298 0.077125 180.000000 90.424150
0.001305 0.024325 180.000000 25.335140
0.006212 0.089090 180.000000 116.902997
0.006583 0.060055 180.000000 78.512771
0.002571 0.025314 180.000000 27.876881
0.004271 0.025678 180.000000 30.148794
0.000832 0.070095 180.000000 85.478417
-0.006736 0.052675 180.000000 54.696310
0.006459 0.031317 180.000000 40.065759
0.006653 0.052944 180.000000 69.097216
-0.002388 0.043287 180.000000 46.522387
0.008084 0.066792 180.000000 89.251568
-0.002429 0.027334 180.000000 25.880992
0.002762 0.037891 180.000000 44.677712
0.009333 0.080701 180.000000 109.300062
0.004435 0.041526 180.000000 51.348574
0.009558 0.055158 180.000000 75.446425
-0.006036 0.002175 180.000000 18.139578
-0.001959 0.002980 180.000000 11.776719
-0.006238 0.055517 180.000000 58.873870
-0.005775 0.051478 180.000000 54.024753
0.001043 0.040130 180.000000 45.822333
-0.008678 0.058633 180.000000 60.679649
-0.007285 0.079538 180.000000 89.524277
-0.005794 0.019177 180.000000 15.126456
0.006677 0.036327 180.000000 46.974016
-0.002562 0.016728 180.000000 13.509019
-0.007289 0.090220 180.000000 103.690144
0.003580 0.013201 180.000000 13.389357
-0.002573 0.002294 180.000000 13.232034
0.003095 0.059307 180.000000 73.568549
0.002773 0.072558 180.000000 90.907935
-0.004126 0.024671 180.000000 21.433032
-0.000140 0.096105 180.000000 119.151112
0.004735 0.079911 180.000000 102.942985
0.001086 0.011614 180.000000 9.850923
0.008790 0.034213 180.000000 46.643975
-0.001055 0.068384 180.000000 81.158767
0.000925 0.018694 180.000000 17.842983
0.008057 0.024321 180.000000 32.676124
-0.008063 0.064708 180.000000 69.195343
0.002475 0.070744 180.000000 88.153076
-0.004870 0.017612 180.000000 13.888660
-0.005109 0.078922 180.000000 90.926731
0.004188 0.070877 180.000000 90.245876
0.005474 0.075135 180.000000 97.397637
0.005668 0.033645 180.000000 42.253167
-0.007369 0.086838 180.000000 99.118383
0.001135 0.035903 180.000000 40.327115
-0.002063 0.065598 180.000000 76.384423
0.003154 0.059868 180.000000 74.382897
0.009365 0.056868 180.000000 77.500560
0.000925 0.090154 180.000000 112.372598
0.000474 0.099999 180.000000 125.032914
0.006731 0.096518 180.000000 127.435454
0.008769 0.055514 180.000000 74.991247
0.003780 0.026379 180.000000 30.542648
0.000405 0.059336 180.000000 70.668340
0.001477 0.087483 180.000000 109.412790
0.008852 0.051340 180.000000 69.520410
-0.007606 0.099608 180.000000 115.842401
0.000144 0.074375 180.000000 90.440859
0.004325 0.023877 180.000000 27.838730
0.004951 0.007604 180.000000 8.187679
-0.005542 0.044429 180.000000 45.068375
0.006236 0.076660 180.000000 100.307240
0.003013 0.062321 180.000000 77.501830
-0.001896 0.056083 180.000000 63.919656
-0.004611 0.034227 180.000000 32.796805
0.007196 0.026358 180.000000 34.350041
0.008634 0.075358 180.000000 101.340617
0.003318 0.016486 180.000000 17.226594
0.009523 0.013218 180.000000 20.026102
-0.006495 0.027453 180.000000 23.300727
0.006798 0.042562 180.000000 55.416981
0.009204 0.091757 180.000000 123.930697
0.003722 0.003774 180.000000 5.561394
0.008811 0.077856 180.000000 104.886402
0.004501 0.098436 180.000000 127.454383
0.000461 0.005932 180.000000 7.201132
-0.003625 0.084709 180.000000 100.178459
-0.007797 0.066699 180.000000 72.065805
0.001419 0.035265 180.000000 39.778891
-0.008040 0.018284 180.000000 14.838267
-0.005504 0.054843 180.000000 58.688558
0.005173 0.032290 180.000000 39.893804
0.009323 0.079300 180.000000 107.414504
0.006762 0.014288 180.000000 18.073778
0.007828 0.082607 180.000000 110.094837
-0.005339 0.057963 180.000000 62.949208
-0.001526 0.083818 180.000000 101.232334
0.005109 0.051826 180.000000 65.839697
0.001493 0.005562 180.000000 6.523495
0.000723 0.005776 180.000000 7.028592
0.007270 0.087080 180.000000 115.431446
0.002379 0.030650 180.000000 34.686469
0.000538 0.061911 180.000000 74.242701
0.003745 0.050087 180.000000 61.988110
-0.003567 0.006731 180.000000 11.042591
0.009163 0.077713 180.000000 105.106486
-0.002049 0.079408 180.000000 94.790564
-0.006321 0.052589 180.000000 54.966639
-0.007896 0.089289 180.000000 101.832876
0.001562 0.089986 180.000000 112.852778
0.008875 0.002354 180.000000 7.107226
0.007137 0.080619 180.000000 106.636872
0.004240 0.056532 180.000000 71.142357
0.001176 0.070834 180.000000 86.840330
0.000990 0.074378 180.000000 91.368844
-0.005082 0.065972 180.000000 73.777969
-0.008582 0.084005 180.000000 94.138014
0.002948 0.084628 180.000000 107.236295
-0.001699 0.089839 180.000000 109.081817
0.009941 0.016549 180.000000 24.815712
0.005156 0.050611 180.000000 64.272558
-0.002873 0.090049 180.000000 108.098094
0.004311 0.013635 180.000000 14.615675
0.009056 0.070573 180.000000 95.438492
-0.006603 0.050928 180.000000 52.542806
-0.008260 0.041234 180.000000 38.741541
-0.001948 0.076802 180.000000 91.423907
0.002915 0.074662 180.000000 93.876706
-0.001834 0.092155 180.000000 112.026684
-0.006109 0.099795 180.000000 117.654256
-0.006564 0.024965 180.000000 20.528642
-0.001119 0.001275 180.000000 12.284394
0.003127 0.032321 180.000000 37.687097
-0.005282 0.065939 180.000000 73.534629
0.001843 0.086353 180.000000 108.308489
-0.006271 0.049419 180.000000 50.883351
0.009453 0.027794 180.000000 38.937763
0.005796 0.034951 180.000000 44.134048
0.004865 0.022469 180.000000 26.579050
0.005900 0.062732 180.000000 81.305452
-0.008546 0.020624 180.000000 16.366138
0.001258 0.032681 180.000000 36.205114
-0.001746 0.045614 180.000000 50.220197
-0.009439 0.004244 180.000000 20.946342
0.003722 0.003234 180.000000 5.646371
-0.004826 0.012822 180.000000 11.204695
-0.009082 0.064899 180.000000 68.485368
0.008170 0.026712 180.000000 35.967682
-0.007000 0.038219 180.000000 35.933668
0.002584 0.036905 180.000000 43.178697
0.000755 0.017163 180.000000 15.837056
-0.009975 0.091271 180.000000 102.361736
-0.009524 0.075522 180.000000 82.009423
-0.002140 0.008459 180.000000 8.939875
-0.002458 0.080515 180.000000 95.829696
-0.006849 0.062133 180.000000 66.973299
-0.002457 0.005553 180.000000 10.414822
0.009273 0.048109 180.000000 65.710530
0.002843 0.088614 180.000000 112.447870
-0.009488 0.002958 180.000000 22.259555
-0.003548 0.012518 180.000000 10.462580
-0.000932 0.099918 180.000000 123.376762
-0.008315 0.092121 180.000000 105.164590
-0.001984 0.055097 180.000000 62.521598
0.007717 0.043487 180.000000 57.716460
0.006994 0.080351 180.000000 106.113969
-0.005347 0.094995 180.000000 112.062465
-0.004078 0.053023 180.000000 57.676637
0.005134 0.071602 180.000000 92.287085
-0.009896 0.028150 180.000000 22.709298
-0.007477 0.017140 180.000000 14.068840
0.009360 0.049625 180.000000 67.833401
0.007765 0.091195 180.000000 121.507032
-0.006192 0.009532 180.000000 12.759129
-0.000027 0.002755 180.000000 9.510507
0.008127 0.085140 180.000000 113.827814
-0.006329 0.006113 180.000000 15.003969
0.008883 0.016202 180.000000 23.057715
0.006602 0.025429 180.000000 32.433450
-0.005114 0.085337 180.000000 99.450090
0.003360 0.077364 180.000000 97.985539
-0.008674 0.092390 180.000000 105.155621
-0.009219 0.064171 180.000000 67.407367
-0.001044 0.013281 180.000000 10.706148
0.007659 0.014757 180.000000 19.721489
0.001463 0.064654 180.000000 78.905378
-0.003670 0.034271 180.000000 33.636079
-0.004095 0.026534 180.000000 23.663116
0.005809 0.015209 180.000000 18.181397
-0.003782 0.021516 180.000000 18.028446
0.008039 0.027050 180.000000 36.258332
-0.001144 0.099184 180.000000 122.164766
0.000453 0.003155 180.000000 8.618602
0.008223 0.029575 180.000000 39.817729
-0.007474 0.081734 180.000000 92.243551
-0.008050 0.047424 180.000000 46.749188
-0.004046 0.072213 180.000000 83.112971
0.004861 0.022017 180.000000 25.980166
0.008684 0.076152 180.000000 102.459345
-0.003017 0.046192 180.000000 49.727645
-0.006334 0.067520 180.000000 74.576342
0.009020 0.011256 180.000000 16.929515
-0.006578 0.084186 180.000000 96.406838
-0.004499 0.017549 180.000000 13.862162
0.000098 0.004008 180.000000 8.421128
0.002802 0.094262 180.000000 119.954347
0.008474 0.029689 180.000000 40.267627
0.000289 0.041095 180.000000 46.316185
0.006562 0.056538 180.000000 73.790837
0.001669 0.003696 180.000000 6.977458
0.003302 0.059649 180.000000 74.255490
0.004618 0.045533 180.000000 56.892973
-0.004136 0.084533 180.000000 99.404861
-0.006585 0.064632 180.000000 70.519160
0.003151 0.045257 180.000000 54.895766
-0.000539 0.044707 180.000000 50.243921
-0.007691 0.044514 180.000000 43.332891
-0.005057 0.077143 180.000000 88.617058
0.002856 0.032075 180.000000 37.071678
-0.000619 0.005611 180.000000 8.304903
0.005177 0.005110 180.000000 6.155007
0.005896 0.050772 180.000000 65.329998
0.004440 0.079999 180.000000 102.726606
0.000590 0.072305 180.000000 88.164425
-0.003153 0.018296 180.000000 14.873505
-0.003443 0.020251 180.000000 16.807749
-0.005593 0.065514 180.000000 72.661979
-0.002335 0.053750 180.000000 60.378582
-0.005120 0.055565 180.000000 60.006276
-0.003842 0.009620 180.000000 10.285057
-0.000804 0.047345 180.000000 53.463038
0.009056 0.074550 180.000000 100.754192
-0.000303 0.078422 180.000000 95.356144
0.005936 0.063707 180.000000 82.648612
0.000782 0.029980 180.000000 32.183044
0.008744 0.025929 180.000000 35.618534
-0.007568 0.082222 180.000000 92.794814
0.007564 0.018227 180.000000 24.099849
0.003300 0.071696 180.000000 90.344323
0.008497 0.068688 180.000000 92.265821
-0.006423 0.077460 180.000000 87.640926
-0.001921 0.003866 180.000000 10.972948
-0.000335 0.067155 180.000000 80.292841
-0.009052 0.071280 180.000000 76.883135
-0.005500 0.042421 180.000000 42.513148
-0.009805 0.009280 180.000000 17.383921
0.003116 0.080597 180.000000 102.033881
0.008395 0.006665 180.000000 10.671078
0.005111 0.025019 180.000000 30.203751
0.004348 0.029355 180.000000 35.088508
0.006483 0.044222 180.000000 57.265084
0.003535 0.033710 180.000000 39.968184
-0.008015 0.016945 180.000000 14.235152
0.009751 0.002562 180.000000 8.195247
-0.005695 0.046350 180.000000 47.419959
0.009898 0.035916 180.000000 50.234426
0.003724 0.056454 180.000000 70.459831
-0.003918 0.010565 180.000000 10.285254
0.008190 0.063337 180.000000 84.759200
0.006984 0.069515 180.000000 91.615675
0.001823 0.063087 180.000000 77.209648
-0.003395 0.056868 180.000000 63.431521
0.001953 0.045167 180.000000 53.472006
-0.008547 0.004773 180.000000 19.196511
-0.000931 0.043757 180.000000 48.589357
0.005727 0.030454 180.000000 38.084060
-0.004602 0.052006 180.000000 55.830821
-0.005773 0.056216 180.000000 60.233489
0.007227 0.084107 180.000000 111.406086
0.008365 0.099035 180.000000 132.688842
-0.005692 0.053929 180.000000 57.310685
0.002619 0.056485 180.000000 69.275998
0.000234 0.089500 180.000000 110.735872
-0.002416 0.038848 180.000000 40.684258
-0.003829 0.072884 180.000000 84.228265
0.001226 0.074481 180.000000 91.764655
0.003729 0.093630 180.000000 120.152112
0.003229 0.039266 180.000000 47.010254
-0.004533 0.094076 180.000000 111.697547
-0.005253 0.012270 180.000000 11.394590
-0.005922 0.059008 180.000000 63.758198
0.006527 0.060875 180.000000 79.543449
0.005729 0.057038 180.000000 73.503593
-0.001185 0.005777 180.000000 8.822851
-0.008813 0.060662 180.000000 63.200451
0.002842 0.002885 180.000000 6.369995
-0.009460 0.007821 180.000000 17.937250
0.009575 0.009451 180.000000 15.397149
0.004284 0.075013 180.000000 95.884445
-0.008047 0.017789 180.000000 14.600328
-0.003893 0.095948 180.000000 114.874291
-0.008773 0.027575 180.000000 22.459365
0.002370 0.054353 180.000000 66.159215
0.001095 0.062958 180.000000 76.242813
0.000606 0.050580 180.000000 59.229025
0.009946 0.097774 180.000000 132.843340
-0.009231 0.095405 180.000000 108.590500
0.009604 0.003715 180.000000 9.038676
0.008668 0.004546 180.000000 8.752289
-0.009507 0.066560 180.000000 70.262727
0.009142 0.064152 180.000000 86.961395
-0.008069 0.090718 180.000000 103.553541
-0.006096 0.007908 180.000000 13.464672
0.004152 0.075972 180.000000 97.017385
0.008118 0.082381 180.000000 110.129938
0.008657 0.063297 180.000000 85.251577
0.009358 0.010092 180.000000 15.908418
0.002232 0.050366 180.000000 60.695091
0.004735 0.070275 180.000000 90.060158
0.002377 0.064738 180.000000 80.023350
0.004156 0.031626 180.000000 37.884214
-0.004963 0.059088 180.000000 64.801197
0.000116 0.077164 180.000000 94.131796
-0.007454 0.062402 180.000000 66.748415
-0.007692 0.092823 180.000000 106.735198
0.003009 0.080411 180.000000 101.665577
-0.002496 0.009208 180.000000 9.179337
0.000044 0.025418 180.000000 25.566432
-0.002150 0.043843 180.000000 47.486430
-0.002370 0.064987 180.000000 75.250953
0.008894 0.055661 180.000000 75.334953
0.004367 0.010871 180.000000 11.311807
0.005332 0.057287 180.000000 73.384580
0.003788 0.099241 180.000000 127.724438
-0.005987 0.047208 180.000000 48.270028
0.003042 0.091478 180.000000 116.500996
-0.004056 0.077693 180.000000 90.386219
-0.009070 0.047335 180.000000 45.793721
-0.007610 0.054679 180.000000 56.506598
0.009211 0.082501 180.000000 111.562156
-0.005950 0.032664 180.000000 29.824855
0.000518 0.094878 180.000000 118.236546
-0.000574 0.018791 180.000000 16.812116
-0.004121 0.061680 180.000000 69.067020
0.001395 0.079746 180.000000 98.983238
-0.000183 0.056699 180.000000 66.530025
0.007324 0.042024 180.000000 55.309948
0.001926 0.025310 180.000000 27.220238
0.009687 0.027548 180.000000 38.897876
-0.008789 0.064468 180.000000 68.195644
0.006759 0.075395 180.000000 99.216859
0.006344 0.052198 180.000000 67.746114
0.006488 0.099173 180.000000 130.708264
0.002851 0.096238 180.000000 122.651540
-0.002884 0.068790 180.000000 79.769533
0.000368 0.069121 180.000000 83.672639
0.003268 0.016417 180.000000 17.091488
-0.004385 0.032118 180.000000 30.322681
0.006119 0.085750 180.000000 112.329179
0.005820 0.057444 180.000000 74.150465
-0.002650 0.064206 180.000000 73.921781
-0.003819 0.035852 180.000000 35.532358
0.005521 0.072930 180.000000 94.501860
-0.002991 0.080707 180.000000 95.517759
0.001882 0.027622 180.000000 30.196521
0.000503 0.098416 180.000000 122.948425
-0.008034 0.030459 180.000000 25.913867
-0.005396 0.067891 180.000000 76.002713
0.009240 0.010338 180.000000 16.063455
-0.004594 0.026323 180.000000 23.087307
-0.007910 0.097580 180.000000 112.830310
-0.006655 0.061805 180.000000 66.729770
0.006037 0.087292 180.000000 114.298064
0.002716 0.075607 180.000000 94.918469
0.008160 0.048245 180.000000 64.578081
0.003067 0.027013 180.000000 30.619887
-0.007440 0.002723 180.000000 19.576577
0.000911 0.020837 180.000000 20.510849
0.004793 0.023045 180.000000 27.255451
0.001323 0.099352 180.000000 125.108499
0.009232 0.036128 180.000000 49.715235
0.003219 0.086844 180.000000 110.502972
0.001020 0.026292 180.000000 27.608439
0.004379 0.027929 180.000000 33.237143
0.004874 0.008412 180.000000 8.972049
-0.004378 0.015219 180.000000 12.115379
0.009303 0.061646 180.000000 83.805700
0.004202 0.006823 180.000000 6.947294
0.000386 0.083456 180.000000 102.829941
-0.001255 0.002456 180.000000 11.329119
-0.006980 0.020348 180.000000 16.041225
0.004549 0.089397 180.000000 115.416679
0.008093 0.005463 180.000000 9.025580
0.001809 0.051351 180.000000 61.546568
0.008613 0.039937 180.000000 54.043292
-0.004658 0.034317 180.000000 32.873318
-0.006109 0.097846 180.000000 115.059185
-0.002915 0.089574 180.000000 107.418884
0.008779 0.010224 180.000000 15.353446
0.009480 0.099917 180.000000 135.164873
0.007823 0.023324 180.000000 31.084341
0.006790 0.036088 180.000000 46.787234
0.007085 0.061512 180.000000 81.038769
-0.009524 0.081649 180.000000 90.087846
0.001876 0.040821 180.000000 47.617611
-0.002353 0.092724 180.000000 112.224782
0.003736 0.064986 180.000000 81.867180
0.006787 0.092275 180.000000 121.823071
0.000302 0.021818 180.000000 21.216791
-0.006263 0.016736 180.000000 13.444617
-0.001563 0.079644 180.000000 95.624949
-0.006165 0.057002 180.000000 60.889899
-0.003387 0.005964 180.000000 11.291004
0.003453 0.040551 180.000000 48.963341
-0.002011 0.018199 180.000000 15.265771
0.005553 0.091776 180.000000 119.741619
0.006049 0.006928 180.000000 8.444391
-0.001524 0.067563 180.000000 79.568025
-0.003774 0.034918 180.000000 34.375125
-0.005624 0.019952 180.000000 15.820816
-0.002909 0.021768 180.000000 18.792502
0.006048 0.007813 180.000000 9.396790
0.003243 0.061865 180.000000 77.148360
0.009729 0.049962 180.000000 68.721420
-0.006039 0.088579 180.000000 102.800033
-0.009268 0.023435 180.000000 18.517992
0.004126 0.081907 180.000000 104.922740
-0.001049 0.064564 180.000000 76.078070
-0.008289 0.059832 180.000000 62.599484
0.004658 0.057131 180.000000 72.412045
-0.005848 0.092015 180.000000 107.569586
-0.001862 0.015931 180.000000 12.956931
0.004644 0.094139 180.000000 121.867851
0.009635 0.063840 180.000000 87.126765
-0.005703 0.096129 180.000000 113.198328
0.005909 0.050974 180.000000 65.613966
0.008815 0.032059 180.000000 43.816037
0.006645 0.026320 180.000000 33.660120
0.000059 0.085113 180.000000 104.683401
0.001731 0.031334 180.000000 34.917431
0.005585 0.045512 180.000000 57.957350
0.004791 0.053728 180.000000 68.019339
0.000139 0.005608 180.000000 7.567297
-0.003996 0.040697 180.000000 41.626119
-0.003990 0.077271 180.000000 89.894683
-0.001383 0.091468 180.000000 111.598189
0.000537 0.053706 180.000000 63.314635
0.007116 0.043791 180.000000 57.422675
0.001442 0.032421 180.000000 36.051836
-0.003456 0.059181 180.000000 66.431397
-0.003648 0.098287 180.000000 118.256798
-0.005891 0.041259 180.000000 40.682682
0.002342 0.086594 180.000000 109.187178
-0.007765 0.084170 180.000000 95.176829
0.001312 0.044817 180.000000 52.322442
0.004408 0.065148 180.000000 82.839148
-0.004273 0.037287 180.000000 36.978787
-0.003745 0.072194 180.000000 83.399523
-0.000095 0.040391 180.000000 44.992239
-0.003473 0.021796 180.000000 18.502801
0.000709 0.034207 180.000000 37.656472
0.000287 0.004364 180.000000 7.994464
-0.006602 0.038249 180.000000 36.279363
0.004240 0.040139 180.000000 49.285470
0.002276 0.036996 180.000000 42.969339
0.007774 0.098490 180.000000 131.275277
0.004528 0.034000 180.000000 41.443756
-0.003398 0.096474 180.000000 116.105420
-0.003004 0.010037 180.000000 9.576116
-0.007542 0.017190 180.000000 14.118749
0.001098 0.007856 180.000000 7.070278
0.007816 0.099367 180.000000 132.496997
-0.000284 0.097482 180.000000 120.833174
0.000686 0.038309 180.000000 43.042953
0.008050 0.072668 180.000000 97.065492
0.008498 0.015990 180.000000 22.315608
0.007097 0.070816 180.000000 93.484987
-0.001217 0.047261 180.000000 52.928489
0.001126 0.009539 180.000000 8.056685
0.001687 0.021074 180.000000 21.516730
0.009757 0.071636 180.000000 97.682444
0.004405 0.051281 180.000000 64.319376
-0.008652 0.062856 180.000000 66.214495
-0.006278 0.071752 180.000000 80.227240
-0.001610 0.033655 180.000000 34.680842
0.006855 0.068683 180.000000 90.354250
-0.002576 0.099342 180.000000 120.818384
-0.005521 0.055042 180.000000 58.933397
0.002674 0.061679 180.000000 76.268373
-0.002554 0.062694 180.000000 72.013379
0.001820 0.065784 180.000000 80.805944
-0.004402 0.095045 180.000000 113.128769
0.006977 0.021216 180.000000 27.319859
-0.008935 0.070812 180.000000 76.380149
0.006743 0.084525 180.000000 111.407267
0.008123 0.063905 180.000000 85.439622
-0.006120 0.030708 180.000000 27.331956
-0.001799 0.079923 180.000000 95.744543
0.001986 0.080172 180.000000 100.207379
0.007092 0.016474 180.000000 21.268138
0.009872 0.050210 180.000000 69.221567
-0.004851 0.085188 180.000000 99.526511
-0.002512 0.055903 180.000000 63.049470
0.006124 0.062590 180.000000 81.372393
-0.009245 0.036877 180.000000 32.714535
0.004566 0.030563 180.000000 36.927938
0.008149 0.032230 180.000000 43.250371
0.006710 0.052049 180.000000 67.968392
-0.001173 0.077409 180.000000 93.063930
0.005824 0.046083 180.000000 58.991504
0.003877 0.083141 180.000000 106.291767
0.007815 0.072625 180.000000 96.734238
0.002256 0.006311 180.000000 6.283355
0.001607 0.018840 180.000000 18.610905
0.003461 0.099435 180.000000 127.613626
-0.009868 0.018385 180.000000 15.731602
-0.003023 0.031052 180.000000 30.084913
0.008287 0.059821 180.000000 80.177069
0.009044 0.095830 180.000000 129.191740
-0.007418 0.038885 180.000000 36.446329
0.003446 0.034440 180.000000 40.839618
-0.008119 0.096194 180.000000 110.773361
0.005684 0.037865 180.000000 47.882713
-0.001226 0.083022 180.000000 100.494776
0.004579 0.062739 180.000000 79.813891
-0.004078 0.040208 180.000000 40.917834
-0.004936 0.075916 180.000000 87.112895
-0.002187 0.083853 180.000000 100.569426
0.005203 0.010120 180.000000 11.215031
-0.005511 0.061182 180.000000 67.024136
-0.009951 0.017850 180.000000 15.630261
0.001260 0.075282 180.000000 92.872631
0.004211 0.081759 180.000000 104.819280
-0.006103 0.071313 180.000000 79.821500
0.007265 0.074279 180.000000 98.308834
-0.001193 0.035950 180.000000 38.065051
-0.004076 0.017044 180.000000 13.476985
0.005102 0.010671 180.000000 11.771095
0.005859 0.076638 180.000000 99.845740
0.008011 0.071267 180.000000 95.147033
-0.009043 0.084346 180.000000 94.127783
-0.000912 0.041985 180.000000 46.269468
0.007348 0.008987 180.000000 12.147456
0.008145 0.043935 180.000000 58.816453
-0.009131 0.057306 180.000000 58.549791
0.009179 0.048697 180.000000 66.382348
-0.002175 0.007253 180.000000 9.247448
0.001175 0.074411 180.000000 91.614546
0.005003 0.065996 180.000000 84.645585
-0.004568 0.064520 180.000000 72.374991
0.004288 0.096499 180.000000 124.621897
0.004109 0.073991 180.000000 94.319683
-0.001159 0.093269 180.000000 114.247426
-0.005302 0.095835 180.000000 113.229506
0.009208 0.033327 180.000000 45.967800
-0.008608 0.016325 180.000000 14.396107
0.002600 0.080826 180.000000 101.764517
0.007267 0.038877 180.000000 51.052068
-0.003942 0.090884 180.000000 108.070517
-0.003607 0.004036 180.000000 13.040718
-0.001297 0.064916 180.000000 76.285125
0.008962 0.051616 180.000000 70.016878
0.007565 0.054286 180.000000 71.943713
-0.006588 0.008384 180.000000 13.802948
0.001693 0.060935 180.000000 74.197243
-0.007971 0.014332 180.000000 13.654456
-0.001797 0.013383 180.000000 10.683087
-0.005576 0.009704 180.000000 12.007340
0.002931 0.018342 180.000000 19.209657
-0.007163 0.042181 180.000000 40.799505
-0.006053 0.004333 180.000000 16.110906
0.008280 0.020954 180.000000 28.516116
0.002476 0.002931 180.000000 6.659485
0.005680 0.004725 180.000000 6.172540
-0.002580 0.020916 180.000000 18.004829
-0.009288 0.030568 180.000000 25.441828
0.005149 0.011739 180.000000 13.111406
-0.007857 0.067515 180.000000 73.081206
-0.006801 0.006267 180.000000 15.520377
-0.007625 0.024446 180.000000 19.646020
-0.002814 0.009550 180.000000 9.421052
0.000347 0.046341 180.000000 53.326860
-0.001297 0.079436 180.000000 95.633806
0.006694 0.080141 180.000000 105.487391
0.000461 0.007287 180.000000 7.143603
-0.005064 0.064721 180.000000 72.141853
0.006612 0.094135 180.000000 124.110311
-0.003767 0.058430 180.000000 65.122462
0.005071 0.058885 180.000000 75.222300
-0.008640 0.090644 180.000000 102.875386
0.003969 0.084505 180.000000 108.218619
-0.002036 0.024943 180.000000 23.212015
0.005081 0.031031 180.000000 38.121783
-0.003043 0.004452 180.000000 11.951572
-0.008535 0.034746 180.000000 30.618042
0.008048 0.037404 180.000000 50.005195
-0.006832 0.061699 180.000000 66.419568
0.002923 0.080271 180.000000 101.382413
0.001730 0.022297 180.000000 23.125519
0.000893 0.011920 180.000000 10.066586
0.008822 0.007665 180.000000 12.328095
-0.000103 0.029353 180.000000 30.509873
-0.001187 0.035456 180.000000 37.425928
0.000544 0.039733 180.000000 44.777327
0.001403 0.060286 180.000000 73.014607
0.007909 0.001236 180.000000 5.784783
-0.009001 0.038181 180.000000 34.445083
-0.006798 0.098940 180.000000 115.794146
-0.009077 0.059991 180.000000 62.085779
0.005818 0.084808 180.000000 110.725233
0.008639 0.043960 180.000000 59.431043
-0.005017 0.056055 180.000000 60.752422
0.002268 0.014640 180.000000 13.996279
0.003054 0.004659 180.000000 5.780135
-0.007753 0.098998 180.000000 114.878463
0.009539 0.032362 180.000000 45.086677
-0.003660 0.050019 180.000000 54.131936
0.007726 0.012678 180.000000 17.149311
0.001963 0.085048 180.000000 106.697971
0.003424 0.073975 180.000000 93.528673
0.006736 0.024609 180.000000 31.506628
-0.008631 0.013481 180.000000 14.283357
0.006082 0.054036 180.000000 69.898408
0.004333 0.063494 180.000000 80.544147
-0.001909 0.043673 180.000000 47.500853
0.000826 0.050739 180.000000 59.675372
-0.008688 0.044565 180.000000 42.593173
0.007003 0.084280 180.000000 111.378882
-0.005705 0.005980 180.000000 14.272175
-0.002080 0.086805 180.000000 104.621953
0.007892 0.058166 180.000000 77.504974
0.007176 0.058708 180.000000 77.397981
-0.009767 0.097341 180.000000 110.614733
0.001054 0.063246 180.000000 76.581929
-0.004075 0.069947 180.000000 80.071719
0.007844 0.032470 180.000000 43.208786
0.000133 0.005500 180.000000 7.611069
0.009918 0.082385 180.000000 112.235604
0.001459 0.084346 180.000000 105.200748
-0.001681 0.017714 180.000000 14.904499
0.001569 0.073525 180.000000 90.865305
-0.001563 0.069034 180.000000 81.484071
0.008265 0.031333 180.000000 42.198715
0.001515 0.034223 180.000000 38.502190
-0.005089 0.017882 180.000000 14.098009
-0.009480 0.088985 180.000000 99.831668
-0.008137 0.024708 180.000000 19.777158
0.008293 0.082223 180.000000 110.120958
0.009866 0.057304 180.000000 78.675304
0.001937 0.062671 180.000000 76.780622
0.005997 0.070053 180.000000 91.200408
-0.009661 0.016528 180.000000 15.175075
-0.007262 0.062645 180.000000 67.249570
-0.004704 0.021335 180.000000 17.428125
-0.005524 0.013608 180.000000 11.814753
-0.001364 0.019755 180.000000 17.414819
0.008652 0.030023 180.000000 40.922594
-0.006673 0.078809 180.000000 89.176301
-0.000630 0.073936 180.000000 89.016727
-0.005079 0.024929 180.000000 21.186029
-0.001046 0.030801 180.000000 31.504117
-0.004803 0.096916 180.000000 115.196206
-0.002734 0.004889 180.000000 11.217477
-0.004452 0.005498 180.000000 12.981727
0.002426 0.003863 180.000000 6.264954
-0.009291 0.047591 180.000000 45.940048
0.001554 0.013404 180.000000 12.013829
0.007639 0.023833 180.000000 31.538161
-0.004841 0.048632 180.000000 51.180320
-0.002933 0.048577 180.000000 52.946900
-0.008373 0.061456 180.000000 64.643583
-0.001774 0.013887 180.000000 11.095540
0.006060 0.043615 180.000000 55.971316
0.003397 0.096977 180.000000 124.253879
0.005669 0.081992 180.000000 106.788701
0.006085 0.009591 180.000000 11.482656
0.000220 0.023855 180.000000 23.727031
-0.008315 0.018247 180.000000 14.922681
-0.009205 0.008071 180.000000 17.411200
-0.000980 0.054252 180.000000 62.439186
-0.000457 0.041727 180.000000 46.388546
-0.007269 0.085406 180.000000 97.320060
-0.000960 0.012321 180.000000 9.923119
0.008204 0.009748 180.000000 14.071616
-0.007117 0.098179 180.000000 114.448514
0.005474 0.086774 180.000000 112.961317
0.002250 0.028452 180.000000 31.661292
0.000304 0.056809 180.000000 67.194630
0.000854 0.001964 180.000000 9.122115
0.002475 0.037018 180.000000 43.210998
0.003593 0.018754 180.000000 20.395792
-0.007568 0.049984 180.000000 50.455885
0.007079 0.094829 180.000000 125.575464
-0.006994 0.034154 180.000000 30.913837
-0.000580 0.025881 180.000000 25.600774
0.009514 0.061139 180.000000 83.377562
0.004039 0.028176 180.000000 33.191482
0.002136 0.086349 180.000000 108.630609
0.001421 0.028540 180.000000 30.934348
-0.000813 0.024248 180.000000 23.329952
0.004073 0.092599 180.000000 119.160389
-0.000321 0.005710 180.000000 7.963505
0.003614 0.091790 180.000000 117.561244
-0.006923 0.093133 180.000000 107.939735
-0.004704 0.081313 180.000000 94.525694
0.001279 0.053999 180.000000 64.501119
0.000770 0.070428 180.000000 85.854285
0.001264 0.002673 180.000000 8.061464
-0.008318 0.012952 180.000000 14.055645
-0.009089 0.063622 180.000000 66.810384
-0.004652 0.027646 180.000000 24.626572
0.003495 0.076853 180.000000 97.454956
-0.002964 0.064624 180.000000 74.151493
-0.004402 0.025236 180.000000 21.926958
0.000700 0.063837 180.000000 76.985701
0.003939 0.071373 180.000000 90.629847
-0.007510 0.025711 180.000000 20.959511
-0.007313 0.013622 180.000000 13.088817
0.004977 0.074344 180.000000 95.773548
-0.001563 0.042245 180.000000 45.963764
-0.007928 0.096715 180.000000 111.662175
-0.003812 0.071226 180.000000 82.041852
-0.009545 0.068490 180.000000 72.753339
0.000775 0.063813 180.000000 77.034284
0.000727 0.025710 180.000000 26.575576
-0.009977 0.096013 180.000000 108.640949
-0.008411 0.014826 180.000000 14.037594
-0.007496 0.008365 180.000000 14.965211
-0.004738 0.065622 180.000000 73.661087
0.002933 0.043786 180.000000 52.698453
0.003338 0.066024 180.000000 82.808828
-0.009687 0.012230 180.000000 15.724892
-0.000821 0.017158 180.000000 14.759198
-0.009497 0.091437 180.000000 103.060898
-0.006104 0.029140 180.000000 25.476198
-0.004771 0.015108 180.000000 12.129101
-0.007726 0.083397 180.000000 94.192088
-0.003046 0.052836 180.000000 58.452676
-0.007029 0.099437 180.000000 116.215004
-0.000828 0.074848 180.000000 90.020156
-0.008651 0.027332 180.000000 22.248548
-0.004243 0.092583 180.000000 110.016375
0.007458 0.075548 180.000000 100.228104
0.007102 0.076914 180.000000 101.642712
0.003686 0.067538 180.000000 85.219965
-0.009905 0.057438 180.000000 58.037000
-0.003989 0.062176 180.000000 69.856247
0.003158 0.042002 180.000000 50.570221
0.004992 0.089756 180.000000 116.401628
0.008922 0.089479 180.000000 120.554686
0.006646 0.033192 180.000000 42.771293
-0.005582 0.003739 180.000000 15.997166
0.008331 0.022783 180.000000 30.978006
-0.009614 0.076944 180.000000 83.795979
0.007021 0.063507 180.000000 83.630212
0.004966 0.092171 180.000000 119.601987
0.008230 0.099878 180.000000 133.660690
-0.003252 0.092933 180.000000 111.539060
-0.004913 0.078131 180.000000 90.078686
-0.001398 0.060118 180.000000 69.796064
-0.002407 0.096856 180.000000 117.682898
-0.004883 0.085427 180.000000 99.811049
0.009223 0.037641 180.000000 51.715145
-0.001069 0.034785 180.000000 36.662875
0.003085 0.080870 180.000000 102.365261
-0.001930 0.083549 180.000000 100.439674
-0.007231 0.021247 180.000000 16.773400
-0.004817 0.088076 180.000000 103.406421
0.002595 0.028700 180.000000 32.344126
-0.000313 0.069112 180.000000 82.926065
-0.004305 0.085504 180.000000 100.520738
-0.007720 0.088420 180.000000 100.859795
-0.007446 0.066605 180.000000 72.280709
0.001051 0.080023 180.000000 98.974463
0.001011 0.094255 180.000000 117.948794
0.004672 0.052697 180.000000 66.508481
-0.001729 0.061122 180.000000 70.783271
0.004184 0.041408 180.000000 50.911483
0.008641 0.018772 180.000000 26.099511
-0.006513 0.026341 180.000000 22.045551
-0.009570 0.048211 180.000000 46.502676
0.007434 0.077633 180.000000 102.987528
0.004821 0.090263 180.000000 116.884952
-0.009779 0.085462 180.000000 94.873619
0.008115 0.035057 180.000000 46.965273
0.005614 0.010318 180.000000 11.861927
0.007397 0.066864 180.000000 88.550913
0.003185 0.099707 180.000000 127.666572
-0.006084 0.048049 180.000000 49.273724
-0.000387 0.030555 180.000000 31.801668
-0.000020 0.090757 180.000000 112.137591
0.007147 0.030359 180.000000 39.591270
-0.006359 0.010464 180.000000 12.610642
0.003782 0.064341 180.000000 81.056410
-0.006161 0.043654 180.000000 43.524698
-0.005192 0.008186 180.000000 12.206610
0.008401 0.049629 180.000000 66.707863
0.003560 0.086448 180.000000 110.355874
-0.003979 0.064003 180.000000 72.286830
0.008190 0.032025 180.000000 43.027315
0.009808 0.037929 180.000000 52.797543
-0.004666 0.018127 180.000000 14.339487
0.002095 0.038818 180.000000 45.192494
-0.005614 0.078234 180.000000 89.493147
0.006881 0.078180 180.000000 103.080720
0.003355 0.056888 180.000000 70.628284
-0.009881 0.070889 180.000000 75.581231
0.007576 0.013415 180.000000 17.907151
0.004498 0.075150 180.000000 96.308461
-0.006015 0.042005 180.000000 41.532875
-0.002352 0.098988 180.000000 120.588047
-0.007048 0.067745 180.000000 74.170172
-0.007421 0.061718 180.000000 65.881623
0.007445 0.060177 180.000000 79.671618
-0.002209 0.001995 180.000000 13.029803
0.008586 0.062343 180.000000 83.894208
-0.008776 0.085711 180.000000 96.201979
-0.005431 0.024854 180.000000 20.918580
0.003631 0.041840 180.000000 50.873609
-0.004808 0.026463 180.000000 23.118551
0.006607 0.072918 180.000000 95.730541
-0.002608 0.025614 180.000000 23.604722
0.003302 0.022163 180.000000 24.514095
0.006024 0.051365 180.000000 66.266662
-0.003177 0.004173 180.000000 12.353294
0.004127 0.058140 180.000000 73.162037
0.000074 0.041356 180.000000 46.439523
-0.008079 0.023520 180.000000 18.678075
-0.005361 0.051007 180.000000 53.797574
0.002277 0.024934 180.000000 27.082239
-0.005645 0.044118 180.000000 44.574286
-0.009538 0.002383 180.000000 22.906357
0.007291 0.065606 180.000000 86.746853
-0.009116 0.023155 180.000000 18.292402
-0.004521 0.040367 180.000000 40.726639
-0.006233 0.037321 180.000000 35.401687
-0.008219 0.071273 180.000000 77.677831
-0.009486 0.096273 180.000000 109.483384
-0.003660 0.091424 180.000000 109.090367
-0.009947 0.016362 180.000000 15.380019
0.008878 0.086596 180.000000 116.648406
-0.001756 0.071025 180.000000 83.931720
-0.009809 0.048501 180.000000 46.679419
-0.006252 0.071298 180.000000 79.652956
-0.002476 0.066526 180.000000 77.185913
-0.006378 0.051896 180.000000 54.010270
0.000470 0.031871 180.000000 34.349521
0.008339 0.047328 180.000000 63.566224
0.009622 0.006499 180.000000 11.977304
0.002208 0.057930 180.000000 70.751292
0.007603 0.052143 180.000000 69.128061
-0.001679 0.029368 180.000000 29.089873
-0.009678 0.075355 180.000000 81.641980
-0.008365 0.031438 180.000000 26.856041
-0.002990 0.093685 180.000000 112.823167
0.009228 0.037877 180.000000 52.034256
-0.000464 0.063986 180.000000 75.931754
0.009115 0.037995 180.000000 52.055930
-0.000510 0.031633 180.000000 33.087434
0.000362 0.035508 180.000000 39.017928
-0.001958 0.069456 180.000000 81.627957
0.002084 0.047025 180.000000 56.085318
0.001159 0.080970 180.000000 100.359276
-0.002510 0.063880 180.000000 73.634397
0.008867 0.050162 180.000000 67.965431
-0.009051 0.074018 180.000000 80.486934
-0.008853 0.068957 180.000000 74.021614
0.009653 0.015977 180.000000 23.717690
0.000593 0.010051 180.000000 8.363919
0.002182 0.043608 180.000000 51.647115
-0.000488 0.075241 180.000000 90.911167
0.004459 0.085459 180.000000 110.048905
-0.002315 0.033026 180.000000 33.224304
-0.009599 0.094315 180.000000 106.772803
0.008500 0.032672 180.000000 44.252963
0.006825 0.084816 180.000000 111.890704
-0.004404 0.022198 180.000000 18.479113
0.006394 0.098870 180.000000 130.194396
-0.007537 0.020211 180.000000 15.951485
-0.001174 0.072693 180.000000 86.774323
-0.007143 0.013569 180.000000 12.947925
0.005744 0.061123 180.000000 78.978366
-0.009719 0.033785 180.000000 28.826831
0.005636 0.044239 180.000000 56.318071
0.001786 0.059619 180.000000 72.542620
0.001950 0.097333 180.000000 123.107229
-0.006322 0.080312 180.000000 91.527157
0.003620 0.025454 180.000000 29.153870
-0.001297 0.057939 180.000000 67.006068
-0.000994 0.029249 180.000000 29.548143
0.004676 0.096957 180.000000 125.674434
-0.001138 0.044344 180.000000 49.154980
-0.001842 0.054586 180.000000 61.990174
-0.006161 0.070148 180.000000 78.221428
-0.008686 0.028932 180.000000 23.920529
0.007987 0.066924 180.000000 89.315038
0.003926 0.048022 180.000000 59.436495
0.006394 0.076045 180.000000 99.666849
-0.004340 0.057675 180.000000 63.552639
0.000514 0.047222 180.000000 54.671504
-0.009137 0.029379 180.000000 24.220576
0.005808 0.089485 180.000000 116.967747
0.006615 0.013569 180.000000 16.988823
0.006286 0.086100 180.000000 112.987893
-0.006718 0.072207 180.000000 80.389142
0.003784 0.026196 180.000000 30.305211
-0.001785 0.015147 180.000000 12.221172
0.002847 0.094572 180.000000 120.419123
-0.000308 0.050619 180.000000 58.317613
0.003041 0.090207 180.000000 114.799528
-0.000683 0.086884 180.000000 106.239522
-0.004034 0.092948 180.000000 110.724510
0.004707 0.031715 180.000000 38.611030
-0.002759 0.036459 180.000000 37.259561
0.007121 0.078416 180.000000 103.673752
0.005511 0.040497 180.000000 51.190130
-0.002876 0.050071 180.000000 54.972306
0.003463 0.049168 180.000000 60.449789
-0.003666 0.044796 180.000000 47.273052
-0.006610 0.004239 180.000000 16.968455
0.007248 0.059522 180.000000 78.568343
-0.008244 0.040955 180.000000 38.404643
-0.009529 0.072656 180.000000 78.234803
0.005839 0.050532 180.000000 64.944288
0.009168 0.049659 180.000000 67.650887
0.004402 0.043118 180.000000 53.431703
-0.004963 0.069373 180.000000 78.403248
0.000768 0.067763 180.000000 82.296412
-0.005017 0.057681 180.000000 62.893123
0.001593 0.040377 180.000000 46.727019
0.008014 0.078479 180.000000 104.791122
-0.000226 0.069259 180.000000 83.215622
-0.005298 0.048584 180.000000 50.691188
-0.003946 0.009168 180.000000 10.470718
0.002437 0.048843 180.000000 58.889141
-0.007392 0.002137 180.000000 20.094362
0.009644 0.081045 180.000000 110.122641
0.009752 0.064807 180.000000 88.554981
-0.003931 0.002152 180.000000 15.224427
0.003065 0.021662 180.000000 23.620448
0.005448 0.089049 180.000000 115.974883
0.008023 0.037965 180.000000 50.722582
-0.000734 0.027637 180.000000 27.710563
-0.006731 0.030022 180.000000 26.134546
0.008833 0.047291 180.000000 64.099383
0.005906 0.035659 180.000000 45.200878
-0.009372 0.015101 180.000000 14.851940
0.006876 0.077613 180.000000 102.316544
-0.003214 0.087179 180.000000 103.906922
-0.001957 0.012351 180.000000 9.952272
-0.008135 0.051957 180.000000 52.507025
0.005824 0.086741 180.000000 113.316702
-0.009845 0.046875 180.000000 44.599002
-0.008045 0.015999 180.000000 13.957714
-0.004457 0.067611 180.000000 76.581385
-0.003450 0.058400 180.000000 65.403745
0.004961 0.088348 180.000000 114.482776
0.007226 0.025866 180.000000 33.736610
-0.000284 0.065290 180.000000 77.861977
-0.001954 0.049207 180.000000 54.754449
0.008137 0.031763 180.000000 42.617089
0.002173 0.054628 180.000000 66.310716
-0.002328 0.030516 180.000000 29.992381
0.006374 0.072573 180.000000 95.001669
0.006898 0.014667 180.000000 18.714536
-0.006354 0.097897 180.000000 114.870090
-0.009916 0.080090 180.000000 87.647676
0.007521 0.036089 180.000000 47.637602
0.008122 0.091837 180.000000 122.778932
-0.006931 0.091398 180.000000 105.624100
0.002880 0.079001 180.000000 99.637110
-0.009883 0.072912 180.000000 78.234902
-0.003077 0.006155 180.000000 10.790308
-0.006858 0.054066 180.000000 56.396965
0.006591 0.022378 180.000000 28.400098
-0.003666 0.089410 180.000000 106.399407
-0.007693 0.078930 180.000000 88.309139
0.008740 0.033537 180.000000 45.687585
0.005155 0.024026 180.000000 28.943846
-0.008921 0.061473 180.000000 64.159387
-0.001822 0.055445 180.000000 63.149501
0.009062 0.048137 180.000000 65.496884
-0.002356 0.074892 180.000000 88.445148
-0.002221 0.047745 180.000000 52.556962
0.005999 0.075007 180.000000 97.825791
-0.009496 0.042079 180.000000 38.877021
0.009049 0.067611 180.000000 91.473659
-0.001319 0.008145 180.000000 8.311801
-0.009046 0.003762 180.000000 20.844074
0.007779 0.072638 180.000000 96.710483
0.007142 0.036236 180.000000 47.392724
0.009700 0.053137 180.000000 72.918769
-0.007258 0.061033 180.000000 65.138873
0.004179 0.014590 180.000000 15.679067
-0.007932 0.058140 180.000000 60.720825
0.000082 0.051557 180.000000 59.973591
0.007975 0.099464 180.000000 132.810206
-0.009972 0.033563 180.000000 28.448081
-0.006914 0.090145 180.000000 103.975853
0.007995 0.090986 180.000000 121.493575
0.004644 0.007183 180.000000 7.542960
0.004734 0.052429 180.000000 66.220691
0.008623 0.082933 180.000000 111.453665
0.000320 0.081521 180.000000 100.173493
0.007856 0.097659 180.000000 130.258463
0.002666 0.079760 180.000000 100.412207
0.006609 0.021387 180.000000 27.118099
-0.009800 0.037385 180.000000 32.975156
0.009375 0.047213 180.000000 64.635476
-0.001843 0.073161 180.000000 86.684163
0.001390 0.086736 180.000000 108.318588
-0.006360 0.005247 180.000000 15.743617
0.008717 0.044038 180.000000 59.626704
0.000773 0.051296 180.000000 60.360932
0.003942 0.024997 180.000000 28.897633
0.007272 0.037585 180.000000 49.337870
0.008813 0.015768 180.000000 22.411815
-0.006738 0.098078 180.000000 114.709119
0.004373 0.035574 180.000000 43.362988
0.002130 0.009198 180.000000 8.042123
0.006135 0.009322 180.000000 11.216477
0.007119 0.060007 180.000000 79.066508
-0.000358 0.030585 180.000000 31.867967
0.002449 0.041556 180.000000 49.206756
-0.008827 0.064654 180.000000 68.402802
-0.003439 0.088165 180.000000 104.982216
0.006710 0.060545 180.000000 79.313493
0.005064 0.098433 180.000000 128.089037
0.007798 0.025566 180.000000 34.012034
0.001627 0.067718 180.000000 83.176051
0.002847 0.021649 180.000000 23.383233
0.000408 0.016238 180.000000 14.488275
0.009618 0.071807 180.000000 97.747179
0.005125 0.020911 180.000000 24.821633
-0.006615 0.033531 180.000000 30.416831
0.005189 0.046161 180.000000 58.373752
0.006790 0.033459 180.000000 43.291414
-0.001700 0.009590 180.000000 8.681923
-0.002695 0.060661 180.000000 69.168582
-0.001073 0.073548 180.000000 88.022696
-0.003690 0.040055 180.000000 41.072088
-0.003218 0.004987 180.000000 11.763247
0.008804 0.062933 180.000000 84.936931
-0.006453 0.076388 180.000000 86.189785
-0.002312 0.028516 180.000000 27.464168
-0.004116 0.048685 180.000000 51.937930
-0.003416 0.062210 180.000000 70.483404
-0.001519 0.007278 180.000000 8.602593
0.005424 0.051398 180.000000 65.627012
-0.009937 0.005444 180.000000 20.551274
-0.002466 0.002496 180.000000 12.895688
0.009232 0.043667 180.000000 59.743052
0.000473 0.090783 180.000000 112.713560
-0.005665 0.008989 180.000000 12.383340
-0.006163 0.002597 180.000000 17.898779
-0.008052 0.063261 180.000000 67.306603
0.006859 0.062265 180.000000 81.783897
0.007729 0.090635 180.000000 120.716538
-0.008065 0.024812 180.000000 19.893761
0.000044 0.012524 180.000000 10.317864
-0.003188 0.065250 180.000000 74.751279
0.000520 0.034063 180.000000 37.275993
-0.009482 0.063927 180.000000 66.846113
-0.008966 0.025643 180.000000 20.494368
0.002149 0.033371 180.000000 38.037945
0.001243 0.007638 180.000000 6.953369
0.007032 0.076064 180.000000 100.425247
-0.002370 0.064941 180.000000 75.190193
-0.006321 0.097171 180.000000 113.937742
0.003160 0.066978 180.000000 83.883010
0.006961 0.079499 180.000000 104.936639
0.002728 0.091471 180.000000 116.138904
-0.008924 0.084173 180.000000 94.016845
-0.009869 0.088810 180.000000 99.210789
-0.004851 0.062424 180.000000 69.317032
0.005884 0.087151 180.000000 113.933541
0.003306 0.092148 180.000000 117.693690
-0.009663 0.019965 180.000000 16.283403
0.003658 0.057451 180.000000 71.718152
0.002603 0.003417 180.000000 6.306209
-0.002350 0.075624 180.000000 89.426884
0.004255 0.007828 180.000000 7.893418
-0.006010 0.009562 180.000000 12.540063
0.000423 0.008711 180.000000 7.574582
-0.008684 0.098570 180.000000 113.350039
-0.005390 0.092068 180.000000 108.119373
-0.002877 0.079899 180.000000 94.563071
0.000111 0.007514 180.000000 7.356070
0.007350 0.012335 180.000000 16.273867
-0.002616 0.008678 180.000000 9.320937
0.000719 0.072795 180.000000 88.958067
-0.001104 0.087339 180.000000 106.389536
0.002150 0.046694 180.000000 55.716710
-0.003356 0.066280 180.000000 75.946022
-0.001122 0.095950 180.000000 117.869042
-0.000864 0.061370 180.000000 72.023570
0.006885 0.022065 180.000000 28.328743
-0.005646 0.020365 180.000000 16.195825
0.002013 0.018544 180.000000 18.603581
-0.000278 0.014876 180.000000 12.549833
0.002628 0.003380 180.000000 6.303137
0.009944 0.088816 180.000000 120.862424
-0.005142 0.072992 180.000000 83.019701
0.007215 0.063981 180.000000 84.487480
-0.006338 0.005205 180.000000 15.749428
0.006558 0.016627 180.000000 20.849793
-0.009859 0.017333 180.000000 15.452416
0.006565 0.042043 180.000000 54.455057
0.004158 0.004897 180.000000 5.700264
0.000967 0.039374 180.000000 44.741603
0.003176 0.044005 180.000000 53.255601
0.006730 0.078774 180.000000 103.700767
-0.000356 0.072154 180.000000 86.935440
0.001608 0.055733 180.000000 67.166510
0.006897 0.015029 180.000000 19.177710
0.002653 0.088874 180.000000 112.581771
-0.008190 0.033963 180.000000 29.901832
-0.008843 0.029959 180.000000 24.969087
-0.002911 0.041521 180.000000 43.706931
-0.007207 0.079966 180.000000 90.168893
0.006467 0.091440 180.000000 120.338391
0.005375 0.074208 180.000000 96.045117
-0.003333 0.071150 180.000000 82.439011
-0.007364 0.042895 180.000000 41.542245
-0.001767 0.074901 180.000000 89.084214
-0.009404 0.063621 180.000000 66.516905
0.009339 0.066836 180.000000 90.778321
0.004841 0.064981 180.000000 83.105751
0.009006 0.002828 180.000000 7.593664
-0.004317 0.031412 180.000000 29.492752
-0.009495 0.071204 180.000000 76.361501
-0.001286 0.083738 180.000000 101.385266
-0.006084 0.007025 180.000000 14.014668
0.005913 0.047210 180.000000 60.596353
0.009903 0.022303 180.000000 32.258479
-0.000431 0.041586 180.000000 46.229221
-0.005310 0.045467 180.000000 46.622866
-0.008299 0.019093 180.000000 15.358244
0.000440 0.041874 180.000000 47.503320
-0.008029 0.034603 180.000000 30.766839
0.004741 0.025143 180.000000 29.957527
0.003895 0.093979 180.000000 120.805902
0.005429 0.003419 180.000000 5.401997
0.003554 0.049578 180.000000 61.097806
0.008022 0.081249 180.000000 108.504107
0.004249 0.045149 180.000000 55.967979
-0.008178 0.053853 180.000000 54.923510
0.006111 0.054092 180.000000 70.006592
-0.003753 0.082660 180.000000 97.314425
-0.006001 0.089263 180.000000 103.749022
-0.007362 0.088792 180.000000 101.719618
-0.004132 0.050280 180.000000 54.017337
-0.006181 0.043926 180.000000 43.857871
0.000488 0.048390 180.000000 56.194192
-0.005345 0.086846 180.000000 101.217025
0.007376 0.074455 180.000000 98.672224
-0.003203 0.014521 180.000000 11.518482
-0.002887 0.057381 180.000000 64.624823
0.003377 0.048723 180.000000 59.762277
0.006672 0.062549 180.000000 81.946918
0.009250 0.052366 180.000000 71.358575
-0.002799 0.073979 180.000000 86.762017
-0.001853 0.008935 180.000000 8.701044
-0.006296 0.080535 180.000000 91.849265
-0.000597 0.023025 180.000000 21.975609
-0.006498 0.051627 180.000000 53.548350
0.005079 0.067703 180.000000 87.013360
-0.008485 0.091793 180.000000 104.556590
0.005548 0.068098 180.000000 88.074526
-0.008071 0.092664 180.000000 106.135052
0.003251 0.024035 180.000000 26.905318
0.002603 0.053683 180.000000 65.520337
0.005743 0.093527 180.000000 122.301471
-0.008438 0.054708 180.000000 55.798890
0.007713 0.003690 180.000000 6.983730
0.002187 0.002312 180.000000 7.343333
0.006347 0.009750 180.000000 11.950579
-0.000798 0.004027 180.000000 9.451768
0.006099 0.012244 180.000000 14.742664
0.007862 0.044628 180.000000 59.407722
0.003186 0.065695 180.000000 82.198603
-0.008814 0.063098 180.000000 66.379943
-0.005618 0.068651 180.000000 76.785653
0.008395 0.082266 180.000000 110.296217
-0.003713 0.096227 180.000000 115.438802
-0.000332 0.071869 180.000000 86.581484
-0.004866 0.069228 180.000000 78.310522
0.009246 0.058316 180.000000 79.292783
-0.002524 0.040434 180.000000 42.653588
0.002263 0.086370 180.000000 108.799237
-0.007250 0.091754 180.000000 105.768064
-0.009019 0.064488 180.000000 68.007059
-0.005981 0.041341 180.000000 40.711840
0.003371 0.002999 180.000000 5.924675
-0.002529 0.053970 180.000000 60.473362
0.003341 0.045746 180.000000 55.755328
-0.003158 0.029456 180.000000 27.958175
0.009552 0.038991 180.000000 53.902638
0.002834 0.075948 180.000000 95.504717
0.003837 0.095812 180.000000 123.192391
-0.009497 0.076139 180.000000 82.848059
-0.007745 0.061663 180.000000 65.502990
0.003465 0.019431 180.000000 21.137642
0.009670 0.098356 180.000000 133.299025
0.006854 0.050041 180.000000 65.454916
0.001441 0.013800 180.000000 12.385758
-0.007965 0.017449 180.000000 14.413394
-0.000486 0.072226 180.000000 86.890897
0.007745 0.075413 180.000000 100.379342
0.007598 0.059846 180.000000 79.407108
-0.007561 0.092449 180.000000 106.371962
-0.009123 0.091809 180.000000 103.931240
-0.000668 0.085248 180.000000 104.071130
0.002376 0.086450 180.000000 109.031970
0.003638 0.092363 180.000000 118.354528
-0.001149 0.052683 180.000000 60.181263
-0.007840 0.003160 180.000000 19.714499
0.003859 0.013320 180.000000 13.791795
0.001287 0.021966 180.000000 22.284864
-0.003042 0.018611 180.000000 15.239423
0.005452 0.023904 180.000000 29.115115
-0.002436 0.043019 180.000000 46.124953
-0.000186 0.034480 180.000000 37.121188
0.006029 0.001287 180.000000 5.374638
0.003597 0.054760 180.000000 68.058575
0.004951 0.011515 180.000000 12.639806
-0.008117 0.097895 180.000000 113.035304
0.002380 0.064409 180.000000 79.587133
0.004753 0.006305 180.000000 6.829559
0.002709 0.096570 180.000000 122.936270
0.003290 0.087190 180.000000 111.044996
-0.002916 0.014686 180.000000 11.640021
-0.001658 0.057625 180.000000 66.212524
-0.008744 0.045289 180.000000 43.463772
0.006578 0.022998 180.000000 29.200404
0.000560 0.032572 180.000000 35.358868
0.009636 0.098509 180.000000 133.463792
0.007464 0.052583 180.000000 69.553232
-0.008087 0.018308 180.000000 14.867297
-0.004609 0.033183 180.000000 31.482894
0.002680 0.037970 180.000000 44.693773
-0.003269 0.065358 180.000000 74.811254
0.007443 0.085231 180.000000 113.157761
0.004166 0.059457 180.000000 74.965457
-0.006506 0.012068 180.000000 12.436714
0.009246 0.098004 180.000000 132.333249
-0.006878 0.081280 180.000000 92.244806
0.008911 0.053500 180.000000 72.470604
0.006236 0.065482 180.000000 85.364682
0.009100 0.050641 180.000000 68.880327
-0.000805 0.033022 180.000000 34.615564
-0.003095 0.062672 180.000000 71.425551
0.007570 0.005642 180.000000 8.639527
-0.007655 0.096696 180.000000 111.918998
-0.009082 0.082118 180.000000 91.143941
-0.005914 0.083408 180.000000 96.056081
-0.006189 0.059909 180.000000 64.685476
0.005564 0.088341 180.000000 115.158973
0.002545 0.084812 180.000000 107.030886
0.002323 0.086337 180.000000 108.822774
0.000665 0.013533 180.000000 11.612248
0.004472 0.021466 180.000000 24.836920
-0.001316 0.043283 180.000000 47.575459
-0.005160 0.065046 180.000000 72.475369
0.007581 0.026174 180.000000 34.559700
0.006009 0.089384 180.000000 117.062545
0.003256 0.010698 180.000000 10.189187
-0.000185 0.084903 180.000000 104.136850
-0.009647 0.029319 180.000000 23.971908
0.004263 0.096962 180.000000 125.211887
-0.006530 0.067899 180.000000 74.882346
-0.004957 0.023793 180.000000 19.971980
0.001266 0.019680 180.000000 19.365138
-0.003673 0.062022 180.000000 69.972303
0.000385 0.015022 180.000000 13.082241
-0.000127 0.093093 180.000000 115.140342
-0.003265 0.007134 180.000000 10.477186
-0.002475 0.072697 180.000000 85.397383
0.007147 0.087063 180.000000 115.267650
0.005502 0.008039 180.000000 9.124196
0.009980 0.021797 180.000000 31.692232
0.004400 0.039717 180.000000 48.902594
0.009094 0.038624 180.000000 52.867997
-0.001607 0.009984 180.000000 8.732468
-0.006697 0.007135 180.000000 14.739827
-0.000781 0.023390 180.000000 22.279559
-0.009637 0.038724 180.000000 34.681696
-0.002357 0.065094 180.000000 75.406887
-0.007683 0.088520 180.000000 101.029813
-0.008686 0.064123 180.000000 67.840553
-0.005717 0.050898 180.000000 53.321803
-0.007467 0.023782 180.000000 19.039127
0.004540 0.048268 180.000000 60.451766
0.002792 0.054057 180.000000 66.227759
-0.003153 0.075027 180.000000 87.784610
-0.001693 0.090269 180.000000 109.662420
-0.009579 0.007711 180.000000 18.181177
-0.004324 0.007023 180.000000 11.790615
-0.000836 0.022288 180.000000 20.864857
-0.008567 0.051959 180.000000 52.133451
-0.005620 0.098480 180.000000 116.417405
0.008118 0.020493 180.000000 27.717210
-0.005590 0.089956 180.000000 105.099078
0.006599 0.077823 180.000000 102.278541
-0.009447 0.076525 180.000000 83.405634
0.004773 0.022783 180.000000 26.889377
-0.008219 0.004156 180.000000 19.300247
0.006114 0.013015 180.000000 15.726325
0.005399 0.029234 180.000000 36.096093
-0.006537 0.005072 180.000000 16.134804
-0.005460 0.091259 180.000000 106.968858
-0.009503 0.081964 180.000000 90.524240
0.009865 0.070677 180.000000 96.528158
0.006595 0.065980 180.000000 86.443365
0.000783 0.046444 180.000000 53.922175
0.009229 0.007745 180.000000 12.922381
-0.008369 0.086108 180.000000 97.136597
0.002282 0.085824 180.000000 108.090540
-0.001143 0.082486 180.000000 99.869518
0.004591 0.093100 180.000000 120.419024
0.002909 0.089123 180.000000 113.201604
-0.001820 0.098884 180.000000 121.026204
-0.000691 0.069483 180.000000 83.013785
-0.005070 0.008623 180.000000 11.858319
-0.006222 0.002315 180.000000 18.260400
-0.004942 0.056530 180.000000 61.450161
-0.006738 0.029350 180.000000 25.346039
0.008001 0.085068 180.000000 113.586050
-0.008657 0.030579 180.000000 25.738530
0.000843 0.012605 180.000000 10.731097
-0.007992 0.070954 180.000000 77.479137
0.008670 0.072776 180.000000 97.931868
-0.005598 0.023347 180.000000 19.196252
0.005820 0.039516 180.000000 50.234931
0.004292 0.069002 180.000000 87.859207
0.002073 0.065443 180.000000 80.628824
-0.004412 0.016958 180.000000 13.379654
-0.008005 0.056993 180.000000 59.158354
0.004704 0.042019 180.000000 52.306827
0.004994 0.028409 180.000000 34.550937
-0.007315 0.025631 180.000000 20.945182
-0.000052 0.095057 180.000000 117.847588
0.006673 0.024718 180.000000 31.577811
0.002156 0.005735 180.000000 6.191053
0.007414 0.064857 180.000000 85.887228
0.005944 0.016693 180.000000 20.240771
-0.006062 0.089707 180.000000 104.275989
0.002098 0.094505 180.000000 119.491499
-0.008824 0.056789 180.000000 58.153014
-0.006941 0.036931 180.000000 34.370733
0.006932 0.082049 180.000000 108.313593
0.000676 0.058079 180.000000 69.285362
-0.006852 0.061253 180.000000 65.814573
0.009893 0.076307 180.000000 104.083281
0.004610 0.071866 180.000000 92.045635
0.005206 0.038502 180.000000 48.189172
0.003447 0.086113 180.000000 109.781132
-0.000386 0.004573 180.000000 8.606247
0.002403 0.016068 180.000000 15.857060
-0.009085 0.028820 180.000000 23.647896
0.007916 0.058443 180.000000 77.902728
0.008000 0.053776 180.000000 71.770988
0.003010 0.066996 180.000000 83.741033
-0.009214 0.025433 180.000000 20.254571
0.009915 0.071853 180.000000 98.159201
0.002484 0.098126 180.000000 124.764850
0.005562 0.073005 180.000000 94.649936
-0.007560 0.019970 180.000000 15.776934
-0.000984 0.053652 180.000000 61.638805
0.002039 0.094135 180.000000 118.931370
-0.002545 0.016177 180.000000 12.984488
0.000846 0.056394 180.000000 67.223563
-0.009087 0.042051 180.000000 39.141127
-0.005780 0.014330 180.000000 12.169592
-0.008766 0.007212 180.000000 17.453871
0.003446 0.098420 180.000000 126.239722
0.006982 0.012108 180.000000 15.562044
0.004311 0.036519 180.000000 44.549161
0.008427 0.051088 180.000000 68.685033
-0.001970 0.078683 180.000000 93.907556
-0.009068 0.087045 180.000000 97.674776
0.003441 0.078717 180.000000 99.885274
0.006008 0.048314 180.000000 62.177579
-0.002583 0.048743 180.000000 53.512219
-0.004363 0.098745 180.000000 118.102625
0.007340 0.064274 180.000000 85.022685
0.006199 0.019218 180.000000 23.810346
0.006837 0.076698 180.000000 101.048408
-0.008641 0.009029 180.000000 16.027164
-0.009320 0.040725 180.000000 37.333403
-0.009442 0.067541 180.000000 71.606607
-0.000616 0.081354 180.000000 98.928988
-0.000920 0.067198 180.000000 79.723976
-0.004752 0.076837 180.000000 88.524692
0.003188 0.080400 180.000000 101.851818
-0.000588 0.018654 180.000000 16.640677
-0.007068 0.061310 180.000000 65.682319
0.003807 0.074669 180.000000 94.886451
0.003015 0.080963 180.000000 102.409863
-0.008987 0.062743 180.000000 65.756855
-0.009275 0.045631 180.000000 43.476761
0.007419 0.014297 180.000000 18.846902
-0.003613 0.068616 180.000000 78.781983
0.009154 0.005341 180.000000 10.132751
-0.009945 0.026130 180.000000 20.785789
-0.003441 0.045963 180.000000 49.016155
-0.004407 0.037937 180.000000 37.698581
0.005824 0.068501 180.000000 88.928068
-0.000466 0.076091 180.000000 92.068308
-0.009700 0.028519 180.000000 23.132998
0.005178 0.020357 180.000000 24.156661
-0.006536 0.027048 180.000000 22.823409
-0.007148 0.086130 180.000000 98.404078
-0.004390 0.050100 180.000000 53.532251
0.002475 0.011796 180.000000 10.842292
0.004601 0.095969 180.000000 124.267420
0.003677 0.032968 180.000000 39.138265
-0.008489 0.050933 180.000000 50.879362
-0.008656 0.020700 180.000000 16.435862
-0.001737 0.011711 180.000000 9.534455
-0.001709 0.020063 180.000000 17.552088
-0.004480 0.093852 180.000000 111.456296
-0.004471 0.093685 180.000000 111.242927
0.009439 0.094902 180.000000 128.410918
0.000880 0.081576 180.000000 100.860406
-0.006169 0.096890 180.000000 113.722135
0.009695 0.077903 180.000000 105.983143
0.001365 0.019214 180.000000 18.865941
-0.007402 0.090454 180.000000 103.884909
-0.001852 0.014588 180.000000 11.689469
0.004624 0.090401 180.000000 116.845181
-0.001476 0.003742 180.000000 10.506301
0.001089 0.073627 180.000000 90.473625
0.003071 0.088191 180.000000 112.136774
-0.006484 0.077795 180.000000 88.023741
-0.003841 0.051008 180.000000 55.255779
0.003645 0.088321 180.000000 112.956546
-0.005835 0.004731 180.000000 15.462849
-0.001825 0.072009 180.000000 85.168845
-0.009310 0.093091 180.000000 105.441922
-0.008104 0.044531 180.000000 43.017048
-0.008358 0.010577 180.000000 14.843269
0.006509 0.053185 180.000000 69.253515
-0.003125 0.029662 180.000000 28.243398
0.007426 0.025206 180.000000 33.098592
-0.002604 0.012338 180.000000 10.063741
0.006601 0.055319 180.000000 72.207947
0.001995 0.088077 180.000000 110.782803
0.008216 0.007419 180.000000 11.316529
0.005654 0.073423 180.000000 95.312826
-0.009564 0.012472 180.000000 15.501145
0.001605 0.028002 180.000000 30.414396
-0.009595 0.036041 180.000000 31.509915
0.007583 0.008818 180.000000 12.216205
-0.006439 0.050065 180.000000 51.570605
0.002957 0.012438 180.000000 11.940931
0.004605 0.007391 180.000000 7.713246
0.008641 0.084813 180.000000 113.988236
0.003768 0.056555 180.000000 70.644231
0.000071 0.010045 180.000000 8.341073
0.001338 0.054771 180.000000 65.591769
0.000297 0.031872 180.000000 34.180758
-0.007801 0.006769 180.000000 16.483543
-0.000946 0.091006 180.000000 111.457782
-0.007646 0.089073 180.000000 101.801475
0.009067 0.064523 180.000000 87.369681
-0.006278 0.087988 180.000000 101.767151
0.005877 0.004899 180.000000 6.426680
0.007125 0.082291 180.000000 108.859780
0.003219 0.081515 180.000000 103.377688
0.006681 0.021005 180.000000 26.700265
-0.007533 0.089997 180.000000 103.143189
0.004848 0.050698 180.000000 64.039502
-0.009009 0.094352 180.000000 107.418999
-0.007051 0.088644 180.000000 101.841557
-0.006714 0.068237 180.000000 75.148478
0.004646 0.013253 180.000000 14.474711
-0.006813 0.085075 180.000000 97.345815
-0.005942 0.007197 180.000000 13.716013
0.009730 0.043012 180.000000 59.465110
-0.004362 0.007309 180.000000 11.674357
-0.009035 0.057699 180.000000 59.144823
0.004290 0.086020 180.000000 110.607792
0.002250 0.010203 180.000000 9.023830
-0.001887 0.079366 180.000000 94.906883
0.009123 0.074556 180.000000 100.840007
-0.000439 0.032875 180.000000 34.774162
-0.002420 0.071398 180.000000 83.725763
-0.004004 0.087165 180.000000 103.049964
-0.009198 0.022876 180.000000 18.073240
0.007468 0.016147 180.000000 21.285337
-0.001153 0.067318 180.000000 79.635526
0.003206 0.002846 180.000000 6.105413
-0.002666 0.023508 180.000000 20.999472
-0.009017 0.069829 180.000000 75.010190
-0.009995 0.051432 180.000000 50.251841
0.004117 0.019390 180.000000 21.756456
0.009006 0.089346 180.000000 120.475994
-0.003162 0.026845 180.000000 24.705182
0.002606 0.036809 180.000000 43.074213
-0.005557 0.099407 180.000000 117.719671
-0.002718 0.028230 180.000000 26.772695
0.006556 0.063549 180.000000 83.148730
0.004336 0.020247 180.000000 23.101897
0.001127 0.020452 180.000000 20.214514
-0.004118 0.090470 180.000000 107.332246
-0.008501 0.074263 180.000000 81.345153
0.005208 0.013999 180.000000 15.990846
0.007539 0.051954 180.000000 68.801097
-0.003289 0.034801 180.000000 34.645215
-0.002018 0.048199 180.000000 53.358137
0.005818 0.069389 180.000000 90.107946
-0.006031 0.014110 180.000000 12.244965
0.003058 0.095577 180.000000 121.999765
-0.007868 0.090384 180.000000 103.315997
0.001320 0.036559 180.000000 41.384923
0.005780 0.091589 180.000000 119.751222
-0.008566 0.028268 180.000000 23.258999
-0.004052 0.055959 180.000000 61.574264
-0.003545 0.057833 180.000000 64.556720
-0.002069 0.049917 180.000000 55.576367
-0.001124 0.035526 180.000000 37.577673
-0.002539 0.002416 180.000000 13.068609
-0.000965 0.056319 180.000000 65.200846
-0.002110 0.034900 180.000000 35.832649
-0.008492 0.082977 180.000000 92.865721
-0.009789 0.014483 180.000000 15.278413
-0.009238 0.043113 180.000000 40.350142
-0.000514 0.067772 180.000000 80.922554
0.003217 0.070406 180.000000 88.527177
0.007793 0.042114 180.000000 55.976446
0.005823 0.055040 180.000000 70.942179
-0.006773 0.091367 180.000000 105.746012
-0.003514 0.071464 180.000000 82.668559
-0.000202 0.081251 180.000000 99.242011
0.009923 0.043342 180.000000 60.134717
-0.004543 0.068702 180.000000 77.940687
0.001047 0.037518 180.000000 42.369726
0.001712 0.031997 180.000000 35.770951
-0.003278 0.064324 180.000000 73.428932
-0.003696 0.069453 180.000000 79.808088
-0.007494 0.067097 180.000000 72.881096
-0.008634 0.001615 180.000000 22.399229
-0.003055 0.052731 180.000000 58.305362
-0.004335 0.076691 180.000000 88.763646
0.008008 0.088046 180.000000 117.576314
0.001304 0.060265 180.000000 72.878204
-0.005738 0.068700 180.000000 76.729702
-0.005756 0.073923 180.000000 83.629674
0.009566 0.038459 180.000000 53.212123
-0.004561 0.067666 180.000000 76.549603
0.005124 0.023854 180.000000 28.683516
0.008070 0.091524 180.000000 122.300017
-0.008640 0.017897 180.000000 14.909921
0.001867 0.002843 180.000000 7.297709
0.006812 0.099421 180.000000 131.411920
0.004963 0.032292 180.000000 39.661798
-0.003579 0.063864 180.000000 72.510196
-0.004547 0.054634 180.000000 59.339521
-0.004254 0.096687 180.000000 115.475683
0.001305 0.006316 180.000000 6.620641
-0.000444 0.036174 180.000000 39.089214
-0.001517 0.049274 180.000000 55.286602
-0.002796 0.078970 180.000000 93.411791
0.007218 0.036928 180.000000 48.401931
-0.000508 0.095955 180.000000 118.547793
-0.002631 0.040049 180.000000 42.048916
-0.004732 0.070047 180.000000 79.532260
-0.009779 0.099956 180.000000 114.071484
-0.000967 0.070020 180.000000 83.432793
-0.004199 0.004768 180.000000 13.219417
0.004408 0.068507 180.000000 87.327416
0.000053 0.091645 180.000000 113.403330
0.001222 0.027246 180.000000 29.046447
0.003666 0.034294 180.000000 40.884898
-0.005902 0.096038 180.000000 112.869128
-0.001417 0.081876 180.000000 98.760268
-0.006313 0.027607 180.000000 23.573383
-0.009200 0.014112 180.000000 14.754263
0.009247 0.082965 180.000000 112.224281
0.009709 0.047573 180.000000 65.513812
0.002996 0.078859 180.000000 99.576248
0.007722 0.055161 180.000000 73.295024
0.005446 0.010687 180.000000 12.135040
0.001721 0.076149 180.000000 94.538110
0.007232 0.052554 180.000000 69.245505
-0.005678 0.031695 180.000000 28.831461
-0.009614 0.073006 180.000000 78.614280
-0.005111 0.089064 180.000000 104.413906
-0.001406 0.086640 180.000000 105.128916
0.008840 0.087228 180.000000 117.448824
0.003361 0.007434 180.000000 7.048972
-0.005793 0.044367 180.000000 44.764919
-0.005266 0.080230 180.000000 92.501520
0.002992 0.023052 180.000000 25.355066
0.005795 0.040647 180.000000 51.713538
0.006626 0.047367 180.000000 61.624268
0.003749 0.026746 180.000000 30.992540
0.005771 0.004811 180.000000 6.290580
0.009896 0.076985 180.000000 104.992907
0.005190 0.074950 180.000000 96.826512
-0.002218 0.036127 180.000000 37.326329
-0.000441 0.012782 180.000000 10.408805
-0.005365 0.064304 180.000000 71.289645
-0.009547 0.035587 180.000000 31.003999
0.003988 0.018938 180.000000 21.037956
-0.004136 0.022745 180.000000 19.217861
0.000722 0.010856 180.000000 9.025533
-0.005051 0.066256 180.000000 74.186060
-0.001482 0.085474 180.000000 103.490092
0.009024 0.001794 180.000000 6.885940
0.004857 0.023116 180.000000 27.419405
0.003058 0.009570 180.000000 8.850160
0.007276 0.065203 180.000000 86.190771
0.003401 0.033966 180.000000 40.161225
0.000312 0.080815 180.000000 99.220893
0.009083 0.040290 180.000000 55.070596
-0.006748 0.050647 180.000000 52.046009
-0.001682 0.004164 180.000000 10.435403
-0.007275 0.099234 180.000000 115.688312
0.009727 0.085424 180.000000 116.074434
-0.000721 0.051624 180.000000 59.221109
-0.003415 0.038727 180.000000 39.600178
0.007722 0.089283 180.000000 118.899953
0.001299 0.020863 180.000000 20.889984
-0.008416 0.030249 180.000000 25.486292
0.002104 0.032542 180.000000 36.895141
0.004788 0.084602 180.000000 109.275714
0.009195 0.077757 180.000000 105.202535
0.006442 0.077469 180.000000 101.624873
0.009017 0.026938 180.000000 37.280070
-0.001824 0.062252 180.000000 72.186742
0.003770 0.031376 180.000000 37.130935
0.007513 0.011185 180.000000 15.023352
-0.009597 0.074525 180.000000 80.627588
-0.007152 0.057078 180.000000 60.058063
-0.005876 0.044788 180.000000 45.235533
0.005369 0.066739 180.000000 86.055147
-0.001599 0.088032 180.000000 106.778050
-0.005440 0.021382 180.000000 17.225720
-0.004309 0.008686 180.000000 10.987693
0.007331 0.052170 180.000000 68.848345
0.009010 0.065374 180.000000 88.439065
0.002554 0.046985 180.000000 56.542530
0.005276 0.088202 180.000000 114.644907
-0.008795 0.058012 180.000000 59.766351
0.004260 0.074512 180.000000 95.186782
0.008209 0.010293 180.000000 14.745450
0.003160 0.076545 180.000000 96.667253
-0.008467 0.001737 180.000000 22.035279
-0.009035 0.052846 180.000000 52.870549
0.005236 0.074958 180.000000 96.889071
0.002561 0.084060 180.000000 106.043349
0.006906 0.011306 180.000000 14.473338
0.000951 0.063400 180.000000 76.675752
0.001235 0.007431 180.000000 6.879245
0.005097 0.054872 180.000000 69.892675
0.004802 0.098681 180.000000 128.123079
0.009962 0.014982 180.000000 22.826764
0.003039 0.044299 180.000000 53.496927
0.004852 0.054236 180.000000 68.765763
0.004321 0.067226 180.000000 85.518186
-0.007750 0.083957 180.000000 94.909847
-0.002655 0.063090 180.000000 72.434709
0.007038 0.069255 180.000000 91.329931
-0.001041 0.093671 180.000000 114.913185
0.000836 0.088797 180.000000 110.459532
-0.009516 0.044969 180.000000 42.459229
0.001422 0.051858 180.000000 61.804106
-0.008662 0.014447 180.000000 14.240114
0.007653 0.082524 180.000000 109.781191
-0.007344 0.088818 180.000000 101.772329
0.003917 0.009124 180.000000 8.972498
-0.004961 0.064024 180.000000 71.323597
-0.000227 0.065202 180.000000 77.805447
-0.002122 0.042258 180.000000 45.431128
-0.005027 0.071513 180.000000 81.175231
0.007210 0.008807 180.000000 11.776579
-0.003311 0.079858 180.000000 94.048528
-0.000398 0.020523 180.000000 19.033727
-0.001681 0.094439 180.000000 115.241830
0.007340 0.008877 180.000000 12.008214
-0.005389 0.063284 180.000000 69.918206
0.006733 0.077594 180.000000 102.127520
-0.005698 0.056828 180.000000 61.109914
0.006496 0.049094 180.000000 63.778287
0.006106 0.063869 180.000000 83.060717
-0.007101 0.022530 180.000000 17.929337
-0.009318 0.028288 180.000000 23.015725
0.003409 0.037508 180.000000 44.871022
0.007651 0.090217 180.000000 120.066236
-0.008313 0.062284 180.000000 65.781929
0.009355 0.086016 180.000000 116.429765
0.008691 0.063574 180.000000 85.661368
-0.008108 0.023166 180.000000 18.356221
0.009884 0.040944 180.000000 56.897853
-0.005237 0.066921 180.000000 74.879529
-0.003443 0.093959 180.000000 112.702511
-0.001353 0.043285 180.000000 47.541873
0.003340 0.041778 180.000000 50.471960
0.005185 0.087501 180.000000 113.604886
-0.007461 0.081635 180.000000 92.125491
-0.004409 0.081172 180.000000 94.646145
0.002883 0.054573 180.000000 67.017063
0.008949 0.063755 180.000000 86.205575
0.005868 0.031101 180.000000 39.102879
-0.005056 0.046109 180.000000 47.688281
-0.009880 0.026457 180.000000 21.093310
0.005999 0.085731 180.000000 112.166721
0.002794 0.075073 180.000000 94.291444
-0.007422 0.070713 180.000000 77.719232
-0.009037 0.022454 180.000000 17.739846
-0.005715 0.017776 180.000000 14.025236
0.009467 0.077811 180.000000 105.593344
-0.008018 0.074980 180.000000 82.765545
-0.000049 0.049423 180.000000 57.002352
0.004350 0.098517 180.000000 127.391252
-0.004809 0.099336 180.000000 118.416279
-0.004664 0.001054 180.000000 17.360386
-0.007496 0.054102 180.000000 55.860335
-0.008595 0.079261 180.000000 87.850265
-0.005548 0.022282 180.000000 18.101156
-0.009067 0.075007 180.000000 81.774392
-0.008425 0.066297 180.000000 70.936372
-0.003695 0.067760 180.000000 77.561129
0.003860 0.063256 180.000000 79.695343
-0.009579 0.018624 180.000000 15.657379
0.009871 0.076418 180.000000 104.206190
0.000906 0.024916 180.000000 25.719165
-0.007764 0.014678 180.000000 13.520515
-0.009429 0.087577 180.000000 98.019082
-0.008894 0.082542 180.000000 91.891009
-0.005998 0.005499 180.000000 15.043300
0.005562 0.078529 180.000000 102.035197
0.007098 0.090294 180.000000 119.530541
-0.006648 0.063318 180.000000 68.726792
0.001240 0.032861 180.000000 36.424064
0.009987 0.085881 180.000000 116.988881
0.009359 0.055038 180.000000 75.052372
0.009300 0.037295 180.000000 51.346079
0.003511 0.027002 180.000000 31.075550
-0.004112 0.068984 180.000000 78.756683
0.001053 0.036068 180.000000 40.459985
-0.002651 0.037601 180.000000 38.840325
0.004364 0.018153 180.000000 20.415857
-0.009937 0.083141 180.000000 91.651978
0.007535 0.040836 180.000000 53.972342
0.006697 0.053327 180.000000 69.659714
-0.000804 0.046760 180.000000 52.687576
0.000205 0.051026 180.000000 59.397302
0.004907 0.001991 180.000000 5.473539
-0.004727 0.007699 180.000000 11.902274
-0.003653 0.074720 180.000000 86.853005
-0.003813 0.033099 180.000000 32.024287
-0.001143 0.061452 180.000000 71.836964
0.004834 0.075945 180.000000 97.751850
-0.005767 0.033192 180.000000 30.607488
-0.007900 0.082327 180.000000 92.599036
0.002922 0.016140 180.000000 16.416010
-0.005925 0.076498 180.000000 86.871791
-0.008535 0.096641 180.000000 110.939956
0.003785 0.019259 180.000000 21.243212
0.007245 0.092366 180.000000 122.472019
0.008193 0.088228 180.000000 118.034779
-0.001319 0.039565 180.000000 42.680145
-0.009269 0.058353 180.000000 59.783814
0.002209 0.096818 180.000000 122.709200
0.007421 0.007153 180.000000 10.102895
0.002562 0.067844 180.000000 84.375396
0.007375 0.099915 180.000000 132.720611
0.001245 0.061689 180.000000 74.713029
-0.009259 0.050493 180.000000 49.662586
-0.002467 0.029645 180.000000 28.765779
-0.008642 0.088381 180.000000 99.872944
0.000419 0.080464 180.000000 98.870229
-0.000509 0.049737 180.000000 56.938294
-0.009399 0.082430 180.000000 91.242626
-0.005579 0.033744 180.000000 31.432039
0.006091 0.071231 180.000000 92.882022
0.008219 0.025512 180.000000 34.440706
-0.001825 0.054924 180.000000 62.455869
0.002526 0.083453 180.000000 105.192559
0.007188 0.092290 180.000000 122.304691
-0.009359 0.076532 180.000000 83.499760
0.007169 0.005096 180.000000 7.689957
-0.002692 0.007802 180.000000 9.592049
0.004806 0.046404 180.000000 58.264800
-0.008905 0.029262 180.000000 24.186979
0.008816 0.070771 180.000000 95.422253
0.007095 0.056882 180.000000 74.865872
-0.009210 0.050411 180.000000 49.598378
-0.001112 0.079860 180.000000 96.398874
0.007941 0.014458 180.000000 19.673526
0.006014 0.045243 180.000000 58.089086
-0.007857 0.057245 180.000000 59.622911
0.002531 0.050961 180.000000 61.813751
0.004226 0.041302 180.000000 50.817636
-0.008894 0.051488 180.000000 51.245232
-0.006689 0.039029 180.000000 37.192363
-0.008383 0.047752 180.000000 46.889324
0.009414 0.036020 180.000000 49.789425
-0.004605 0.043523 180.000000 44.739417
-0.008586 0.056298 180.000000 57.728964
0.005823 0.076864 180.000000 100.107498
-0.003645 0.080547 180.000000 94.615810
0.001625 0.070231 180.000000 86.527464
-0.007355 0.096373 180.000000 111.800080
-0.004850 0.085037 180.000000 99.326531
0.004047 0.017867 180.000000 19.716956
-0.000546 0.001073 180.000000 11.731585
-0.001744 0.022824 180.000000 20.828390
0.008623 0.057973 180.000000 78.101873
-0.006846 0.074606 180.000000 83.435390
0.008749 0.041845 180.000000 56.742855
-0.008359 0.030728 180.000000 26.052563
0.007649 0.035799 180.000000 47.403532
0.006261 0.023928 180.000000 30.062692
-0.000206 0.075164 180.000000 91.114194
0.004038 0.052063 180.000000 64.950605
0.006150 0.046516 180.000000 59.941852
-0.006147 0.069421 180.000000 77.274433
0.003600 0.054614 180.000000 67.865465
0.006850 0.022233 180.000000 28.508615
0.002317 0.082396 180.000000 103.547223
-0.002401 0.081443 180.000000 97.126742
0.001904 0.015443 180.000000 14.667551
-0.009814 0.090630 180.000000 101.674290
-0.004580 0.069161 180.000000 78.512590
0.001693 0.094157 180.000000 118.574623
-0.008612 0.027259 180.000000 22.186025
0.006971 0.032452 180.000000 42.163595
-0.000757 0.019630 180.000000 17.683248
0.004950 0.063123 180.000000 80.746710
-0.000924 0.062736 180.000000 73.777830
0.006501 0.040565 180.000000 52.412645
0.007602 0.052737 180.000000 69.918964
-0.006076 0.013018 180.000000 12.078361
-0.005224 0.058671 180.000000 63.995464
0.004648 0.031876 180.000000 38.759082
0.005588 0.054222 180.000000 69.583563
-0.001585 0.092490 180.000000 112.743910
0.009233 0.022830 180.000000 32.129814
-0.008886 0.037808 180.000000 34.069969
0.006841 0.064321 180.000000 84.509355
0.005891 0.087824 180.000000 114.842270
0.009400 0.005981 180.000000 11.124656
0.003246 0.031534 180.000000 36.773478
0.002202 0.069262 180.000000 85.870930
0.004625 0.045577 180.000000 56.958818
0.003154 0.066960 180.000000 83.853443
0.008673 0.062364 180.000000 84.023536
0.001418 0.032588 180.000000 36.247195
0.003143 0.060337 180.000000 74.996290
-0.000294 0.056919 180.000000 66.705107
-0.006349 0.074771 180.000000 84.152296
0.008141 0.009134 180.000000 13.251608
0.009175 0.092436 180.000000 124.805100
0.008395 0.090483 180.000000 121.285143
-0.001918 0.091282 180.000000 110.770769
0.008534 0.025272 180.000000 34.499921
0.000757 0.064793 180.000000 78.322602
-0.009970 0.020466 180.000000 16.651612
0.004533 0.082314 180.000000 105.927280
0.000863 0.008998 180.000000 7.675823
0.006186 0.093150 180.000000 122.303538
-0.009014 0.085314 180.000000 95.438629
0.006958 0.091474 180.000000 120.949339
0.001946 0.087767 180.000000 110.314112
-0.004301 0.022912 180.000000 19.319186
0.007531 0.089904 180.000000 119.508682
0.008974 0.067040 180.000000 90.622528
-0.001158 0.047820 180.000000 53.728809
-0.000617 0.062358 180.000000 73.599990
0.001285 0.053881 180.000000 64.349814
-0.001324 0.064701 180.000000 75.969356
-0.002701 0.038364 180.000000 39.785721
-0.006743 0.013740 180.000000 12.650941
0.005309 0.008703 180.000000 9.681717
0.005421 0.004126 180.000000 5.680839
0.003280 0.014395 180.000000 14.577992
-0.009835 0.029113 180.000000 23.697092
0.003590 0.009055 180.000000 8.668817
-0.000668 0.020331 180.000000 18.593244
0.004060 0.043575 180.000000 53.659278
0.005678 0.029521 180.000000 36.793057
-0.009616 0.092142 180.000000 103.876275
-0.009817 0.091300 180.000000 102.558566
0.009281 0.061769 180.000000 83.943783
0.003035 0.071827 180.000000 90.222387
-0.007882 0.084981 180.000000 96.133751
-0.005506 0.075296 180.000000 85.704403
-0.009880 0.012096 180.000000 15.998896
0.004941 0.071411 180.000000 91.812669
0.001190 0.090839 180.000000 113.580985
0.004408 0.073489 180.000000 93.986345
-0.004188 0.046325 180.000000 48.779249
0.003629 0.095886 180.000000 123.056343
0.001817 0.083485 180.000000 104.447513
-0.003899 0.083751 180.000000 98.613679
0.000090 0.073794 180.000000 89.605628
-0.009368 0.038218 180.000000 34.246031
-0.003227 0.089185 180.000000 106.567226
0.008691 0.032528 180.000000 44.290673
-0.000304 0.083474 180.000000 102.098997
-0.001093 0.022905 180.000000 21.425803
0.006693 0.067022 180.000000 87.948566
-0.000421 0.095145 180.000000 117.559862
0.004762 0.010239 180.000000 10.934566
0.001210 0.040265 180.000000 46.174701
0.007433 0.067626 180.000000 89.610032
0.009054 0.030708 180.000000 42.311545
-0.001174 0.089709 180.000000 109.477636
0.009515 0.073373 180.000000 99.719700
0.003228 0.024896 180.000000 28.009310
0.005914 0.052977 180.000000 68.293180
-0.009826 0.015298 180.000000 15.250182
-0.003706 0.007409 180.000000 10.850011
-0.009603 0.063765 180.000000 66.522550
-0.000868 0.092631 180.000000 113.712137
0.009133 0.003948 180.000000 8.708498
0.000054 0.015817 180.000000 13.773444
-0.001209 0.012119 180.000000 9.757429
0.002722 0.008355 180.000000 7.549049
0.003788 0.095552 180.000000 122.788983
0.006354 0.028146 180.000000 35.742175
0.001204 0.087757 180.000000 109.477125
0.002271 0.075074 180.000000 93.710225
-0.004146 0.066196 180.000000 75.023247
-0.007761 0.031227 180.000000 26.942562
-0.000004 0.076860 180.000000 93.595579
0.001402 0.073818 180.000000 91.072621
-0.008128 0.093555 180.000000 107.258781
0.006251 0.036083 180.000000 46.159399
0.009825 0.054928 180.000000 75.455560
-0.006838 0.009775 180.000000 13.403764
0.005045 0.012472 180.000000 13.909547
0.002627 0.048280 180.000000 58.347798
0.002684 0.026405 180.000000 29.421929
0.008295 0.032717 180.000000 44.069686
-0.000530 0.084154 180.000000 102.760059
0.006239 0.053423 180.000000 69.261000
0.005316 0.089337 180.000000 116.209538
0.005954 0.067490 180.000000 87.725593
0.007996 0.056720 180.000000 75.695506
-0.000974 0.038216 180.000000 41.247873
-0.009242 0.016507 180.000000 14.865645
0.000665 0.031809 180.000000 34.461359
-0.003892 0.067277 180.000000 76.716322
0.002297 0.080985 180.000000 101.638728
0.006647 0.029541 180.000000 37.926450
-0.004777 0.082043 180.000000 95.419031
-0.001965 0.056070 180.000000 63.831849
-0.007264 0.008681 180.000000 14.479352
0.008862 0.084862 180.000000 114.311996
-0.008878 0.068971 180.000000 74.015646
-0.004195 0.059832 180.000000 66.547716
0.005627 0.091825 180.000000 119.891707
-0.006797 0.042809 180.000000 41.900197
0.005378 0.072987 180.000000 94.414984
0.009708 0.079434 180.000000 108.044863
0.000116 0.032528 180.000000 34.861616
-0.000476 0.067098 180.000000 80.065621
-0.003961 0.054532 180.000000 59.780048
0.008435 0.069075 180.000000 92.711032
0.008361 0.091608 180.000000 122.749758
-0.005415 0.067321 180.000000 75.229617
-0.005155 0.012511 180.000000 11.354509
-0.007328 0.078414 180.000000 87.992391
-0.002825 0.075118 180.000000 88.251338
0.007231 0.046425 180.000000 61.068525
0.005044 0.047723 180.000000 60.293275
-0.008064 0.054310 180.000000 55.616267
-0.004454 0.076896 180.000000 88.911895
0.002196 0.063418 180.000000 78.060890
0.000423 0.037586 180.000000 41.818293
-0.008309 0.013781 180.000000 13.950676
0.004899 0.056095 180.000000 71.301479
-0.003837 0.001859 180.000000 15.386646
0.005139 0.041090 180.000000 51.559919
-0.008647 0.009556 180.000000 15.721869
-0.000817 0.066648 180.000000 79.100845
0.008696 0.008915 180.000000 13.657140
0.005638 0.060025 180.000000 77.389776
-0.000084 0.022048 180.000000 21.179040
-0.003162 0.011811 180.000000 10.032139
-0.001948 0.035812 180.000000 37.168886
-0.009327 0.071419 180.000000 76.803467
0.007980 0.047368 180.000000 63.198466
0.006314 0.025120 180.000000 31.695050
0.007411 0.011257 180.000000 14.993998
-0.003591 0.097611 180.000000 117.416552
-0.000171 0.059175 180.000000 69.838403
-0.003958 0.043425 180.000000 45.208437
-0.002150 0.072026 180.000000 84.847226
0.008740 0.004398 180.000000 8.689268
0.007692 0.043335 180.000000 57.485446
-0.007204 0.030757 180.000000 26.716049
0.005837 0.030306 180.000000 38.012646
-0.005824 0.050193 180.000000 52.302257
-0.000964 0.001025 180.000000 12.331536
-0.006439 0.053216 180.000000 55.676274
0.002240 0.017075 180.000000 16.964535
-0.008794 0.083062 180.000000 92.677840
-0.001219 0.018528 180.000000 16.080422
0.002624 0.026705 180.000000 29.753117
0.007991 0.079637 180.000000 106.312752
-0.009335 0.008841 180.000000 17.052812
-0.007607 0.074291 180.000000 82.260041
-0.001987 0.062659 180.000000 72.557099
0.005225 0.026800 180.000000 32.680916
0.009301 0.080703 180.000000 109.265112
-0.008841 0.001956 180.000000 22.343967
-0.004573 0.024702 180.000000 21.205676
0.006264 0.006998 180.000000 8.722677
-0.003107 0.069360 180.000000 80.296213
-0.001938 0.009722 180.000000 8.841628
0.003870 0.060241 180.000000 75.679161
-0.006770 0.054854 180.000000 57.507773
0.003420 0.044862 180.000000 54.665309
-0.002580 0.049708 180.000000 54.787907
0.009596 0.059652 180.000000 81.489014
-0.006073 0.074163 180.000000 83.625171
0.002610 0.085131 180.000000 107.530458
0.005456 0.071056 180.000000 91.924207
-0.003864 0.018229 180.000000 14.586933
0.007434 0.076104 180.000000 100.943676
-0.005660 0.010142 180.000000 11.963204
-0.008113 0.070636 180.000000 76.941662
0.007986 0.052973 180.000000 70.683008
-0.002388 0.084389 180.000000 101.068541
0.004415 0.002554 180.000000 5.503757
0.007015 0.050738 180.000000 66.571457
0.009700 0.099549 180.000000 134.929328
-0.002357 0.012959 180.000000 10.385785
-0.003790 0.043328 180.000000 45.238911
0.009552 0.060076 180.000000 82.002992
-0.006410 0.005423 180.000000 15.664855
0.008758 0.016100 180.000000 22.773596
0.001230 0.098428 180.000000 123.769597
-0.008835 0.031279 180.000000 26.437105
-0.000580 0.043392 180.000000 48.463807
0.007225 0.005292 180.000000 7.932747
0.003071 0.035337 180.000000 41.622611
-0.003932 0.012631 180.000000 10.673940
0.001850 0.006569 180.000000 6.453005
-0.000930 0.076763 180.000000 92.463021
-0.009339 0.057730 180.000000 58.913432
0.006965 0.034065 180.000000 44.300480
-0.001304 0.056865 180.000000 65.572041
-0.007189 0.051268 180.000000 52.456222
0.009325 0.041763 180.000000 57.319025
-0.003719 0.099649 180.000000 119.996612
-0.003325 0.091999 180.000000 110.214359
0.003610 0.052024 180.000000 64.423167
-0.003869 0.013097 180.000000 10.830569
0.003084 0.079570 180.000000 100.626095
0.004106 0.096957 180.000000 125.028122
-0.001595 0.095333 180.000000 116.529720
0.005471 0.090787 180.000000 118.325078
0.008266 0.068395 180.000000 91.605933
0.001086 0.096097 180.000000 120.493253
-0.003681 0.056297 180.000000 62.390503
0.004394 0.022871 180.000000 26.592668
0.008160 0.070672 180.000000 94.524680
-0.009707 0.026622 180.000000 21.276158
0.005121 0.096544 180.000000 125.627925
-0.003616 0.090773 180.000000 108.269303
-0.000422 0.046257 180.000000 52.415512
-0.004960 0.046647 180.000000 48.478808
-0.000631 0.065031 180.000000 77.145716
-0.002986 0.032100 180.000000 31.448908
0.004461 0.067765 180.000000 86.396345
0.000859 0.024565 180.000000 25.221494
-0.000155 0.021433 180.000000 20.351620
0.008345 0.008183 180.000000 12.359568
-0.001010 0.091410 180.000000 111.926990
0.003272 0.098275 180.000000 125.849828
-0.005927 0.093493 180.000000 109.455158
-0.002020 0.025863 180.000000 24.369188
0.009466 0.089837 180.000000 121.667789
0.001756 0.078521 180.000000 97.746021
0.002886 0.077074 180.000000 97.068371
0.007839 0.009486 180.000000 13.318440
0.003169 0.093451 180.000000 119.282138
-0.006297 0.074442 180.000000 83.769511
-0.008416 0.019156 180.000000 15.428704
-0.005057 0.056598 180.000000 61.427690
0.005736 0.068633 180.000000 89.004012
0.008043 0.019860 180.000000 26.799702
0.006741 0.061041 180.000000 80.012232
-0.009640 0.028646 180.000000 23.280545
-0.001896 0.085832 180.000000 103.520831
0.003700 0.084471 180.000000 107.869983
0.002566 0.059013 180.000000 72.590736
0.005950 0.099741 180.000000 130.851944
-0.008095 0.001224 180.000000 22.035942
0.009890 0.047998 180.000000 66.295463
0.005575 0.025403 180.000000 31.228854
0.007076 0.013455 180.000000 17.372978
-0.001674 0.092782 180.000000 113.037780
0.002752 0.011295 180.000000 10.482062
0.004301 0.071775 180.000000 91.574654
-0.002929 0.043552 180.000000 46.348259
0.009401 0.035202 180.000000 48.688165
-0.000431 0.021547 180.000000 20.268537
-0.007177 0.047838 180.000000 48.029468
0.001160 0.069401 180.000000 84.911195
-0.002768 0.065441 180.000000 75.439841
0.008830 0.002701 180.000000 7.313424
0.006799 0.035267 180.000000 45.706704
0.000194 0.085295 180.000000 105.075979
0.001968 0.029978 180.000000 33.376273
0.000238 0.088418 180.000000 109.296324
0.005904 0.015672 180.000000 18.880999
0.008097 0.059282 180.000000 79.234581
-0.001966 0.024956 180.000000 23.282901
0.009921 0.028307 180.000000 40.183567
0.006529 0.025246 180.000000 32.108634
-0.005201 0.048933 180.000000 51.236379
0.000767 0.035534 180.000000 39.463503
0.006066 0.041942 180.000000 53.747848
0.001376 0.041762 180.000000 48.334022
-0.008513 0.091562 180.000000 104.221295
-0.001361 0.067943 180.000000 80.246381
0.004988 0.033495 180.000000 41.287497
0.003185 0.025549 180.000000 28.820165
0.001207 0.069616 180.000000 85.247885
0.004424 0.088289 180.000000 113.792878
0.005369 0.025861 180.000000 31.602324
0.002358 0.089894 180.000000 113.616114
-0.003886 0.093981 180.000000 112.259649
-0.005664 0.006022 180.000000 14.184387
0.002860 0.052261 180.000000 63.907892
-0.000240 0.046949 180.000000 53.520871
0.004786 0.056816 180.000000 72.136894
0.005476 0.030544 180.000000 37.919722
0.002155 0.041146 180.000000 48.346780
0.001288 0.012506 180.000000 10.864141
-0.002383 0.095183 180.000000 115.475236
-0.005671 0.094494 180.000000 111.054501
-0.006448 0.009758 180.000000 12.959993
0.006257 0.055254 180.000000 71.726491
0.003026 0.004661 180.000000 5.790493
0.000270 0.023007 180.000000 22.692122
-0.009221 0.035314 180.000000 30.874680
-0.002655 0.068930 180.000000 80.195455
-0.004956 0.068989 180.000000 77.901155
-0.004120 0.040871 180.000000 41.739380
0.006744 0.046749 180.000000 60.934741
0.002551 0.030813 180.000000 35.083505
-0.002971 0.096919 180.000000 117.158212
0.008162 0.013043 180.000000 18.131493
-0.000947 0.076618 180.000000 92.252176
-0.000337 0.034656 180.000000 37.203580
0.004342 0.088697 180.000000 114.245643
-0.009162 0.023611 180.000000 18.663949
0.003892 0.076781 180.000000 97.803933
-0.008125 0.097683 180.000000 112.746858
0.004217 0.085312 180.000000 109.577757
-0.001046 0.047135 180.000000 52.936897
-0.005841 0.088579 180.000000 103.006275
-0.006665 0.031236 180.000000 27.612319
-0.006880 0.079506 180.000000 89.890296
0.005368 0.028369 180.000000 34.915729
-0.004073 0.008713 180.000000 10.726588
-0.002116 0.070870 180.000000 83.344675
0.003933 0.026281 180.000000 30.577180
0.007355 0.098148 180.000000 130.333860
0.002776 0.027325 180.000000 30.725518
-0.006348 0.063617 180.000000 69.412248
-0.004663 0.035331 180.000000 34.153505
-0.003305 0.047993 180.000000 51.813785
0.007108 0.068451 180.000000 90.337155
-0.009018 0.050554 180.000000 49.942139
0.002063 0.056461 180.000000 68.633694
-0.001843 0.001240 180.000000 13.286355
0.003673 0.052126 180.000000 64.628784
0.000909 0.072782 180.000000 89.149679
-0.003191 0.060105 180.000000 67.923834
-0.006367 0.024575 180.000000 20.192896
-0.004417 0.026393 180.000000 23.282372
0.008928 0.077965 180.000000 105.168054
-0.005974 0.058406 180.000000 62.917403
0.003103 0.098061 180.000000 125.372579
0.005251 0.034939 180.000000 43.500426
0.003517 0.080213 180.000000 101.971187
0.006526 0.023647 180.000000 29.994637
0.003620 0.028986 180.000000 33.808121
-0.007681 0.038601 180.000000 35.895094
-0.001275 0.017947 180.000000 15.384723
0.009375 0.045121 180.000000 61.849432
-0.002253 0.035663 180.000000 36.691397
0.003456 0.092797 180.000000 118.730546
-0.005777 0.007878 180.000000 13.083983
0.003599 0.002360 180.000000 6.056923
0.006051 0.044158 180.000000 56.683784
0.005846 0.047225 180.000000 60.540325
0.001069 0.008583 180.000000 7.428044
-0.004404 0.071982 180.000000 82.435554
-0.002286 0.015033 180.000000 11.997525
-0.003771 0.055904 180.000000 61.781089
-0.009861 0.044050 180.000000 41.053355
0.001173 0.028683 180.000000 30.874250
0.003503 0.038896 180.000000 46.818495
0.001096 0.052141 180.000000 61.830021
-0.007819 0.045920 180.000000 45.018969
0.007723 0.028951 180.000000 38.400397
-0.005573 0.020350 180.000000 16.195617
0.008627 0.011887 180.000000 17.235884
-0.005974 0.018252 180.000000 14.393021
0.006816 0.049529 180.000000 64.727948
0.003562 0.022137 180.000000 24.749920
-0.003301 0.076234 180.000000 89.236060
-0.003176 0.037810 180.000000 38.628976
-0.006873 0.067431 180.000000 73.927960
0.007637 0.043739 180.000000 57.960249
0.005424 0.057965 180.000000 74.394243
0.005718 0.080199 180.000000 104.446871
-0.001269 0.022527 180.000000 20.822517
0.002814 0.014276 180.000000 14.017417
0.008042 0.094450 180.000000 126.181377
0.004781 0.026819 180.000000 32.213124
-0.005088 0.045296 180.000000 46.602410
-0.008080 0.071909 180.000000 78.652045
-0.008958 0.061377 180.000000 64.000422
-0.007428 0.035951 180.000000 32.807630
0.001694 0.043982 180.000000 51.619939
0.008018 0.069651 180.000000 92.996263
0.005798 0.091425 180.000000 119.552390
-0.005052 0.073905 180.000000 84.323391
0.009783 0.023788 180.000000 34.060085
0.002840 0.022578 180.000000 24.582179
-0.005283 0.061994 180.000000 68.319635
0.006478 0.036741 180.000000 47.295460
0.002733 0.037638 180.000000 44.310742
0.009207 0.069084 180.000000 93.626604
-0.001416 0.062972 180.000000 73.571535
0.005433 0.022120 180.000000 26.748351
0.000775 0.041871 180.000000 47.847696
0.002985 0.002790 180.000000 6.303512
0.008934 0.006652 180.000000 11.301947
0.001864 0.093091 180.000000 117.339666
-0.009317 0.076118 180.000000 82.995141
0.002593 0.064450 180.000000 79.878383
0.006277 0.016395 180.000000 20.230584
0.003078 0.073293 180.000000 92.229037
0.009312 0.051012 180.000000 69.625758
-0.000766 0.060282 180.000000 70.679543
-0.006266 0.055022 180.000000 58.198582
-0.006697 0.064723 180.000000 70.530355
-0.006784 0.039462 180.000000 37.662461
0.000891 0.057481 180.000000 68.720967
0.003410 0.026127 180.000000 29.817408
0.006666 0.053375 180.000000 69.687545
0.000690 0.060605 180.000000 72.666396
0.009347 0.090018 180.000000 121.771079
-0.002979 0.086746 180.000000 103.579147
0.006815 0.056076 180.000000 73.466339
-0.006107 0.012845 180.000000 12.087571
0.006505 0.038112 180.000000 49.152109
-0.000516 0.086841 180.000000 106.363519
0.009635 0.098613 180.000000 133.601431
0.000429 0.081519 180.000000 100.288618
-0.000971 0.030443 180.000000 31.110629
0.000759 0.060134 180.000000 72.113289
-0.009592 0.066290 180.000000 69.829483
-0.008600 0.083013 180.000000 92.806115
-0.008284 0.027236 180.000000 22.274735
0.009174 0.080283 180.000000 108.554871
0.005434 0.028281 180.000000 34.874326
-0.002530 0.019770 180.000000 16.733241
-0.000405 0.032543 180.000000 34.373627
0.009266 0.014918 180.000000 21.876261
0.006561 0.075804 180.000000 99.535408
-0.004145 0.020279 180.000000 16.542102
0.007947 0.058573 180.000000 78.113246
-0.008421 0.019064 180.000000 15.379493
0.003658 0.081114 180.000000 103.335069
0.005884 0.021885 180.000000 26.945233
0.001151 0.047055 180.000000 55.124246
0.004526 0.081343 180.000000 104.620984
0.004559 0.080073 180.000000 102.959880
-0.009156 0.023902 180.000000 18.907326
-0.009164 0.067055 180.000000 71.232210
-0.008745 0.064183 180.000000 67.863392
-0.001999 0.070216 180.000000 82.596797
0.002163 0.058397 180.000000 71.326456
-0.005411 0.014480 180.000000 12.045135
-0.001843 0.042999 180.000000 46.678166
-0.008670 0.066542 180.000000 71.024796
0.006993 0.048508 180.000000 63.570318
-0.004148 0.009109 180.000000 10.686489
0.003860 0.085898 180.000000 109.958595
0.009441 0.028078 180.000000 39.298707
-0.009539 0.055505 180.000000 55.861067
-0.007650 0.099470 180.000000 115.612526
0.009879 0.048259 180.000000 66.630090
-0.009127 0.074734 180.000000 81.355833
0.001437 0.019691 180.000000 19.530547
-0.007628 0.040730 180.000000 38.595603
0.006481 0.002120 180.000000 5.368062
-0.006028 0.029668 180.000000 26.148744
0.007302 0.039282 180.000000 51.631827
-0.007776 0.067694 180.000000 73.394419
-0.000344 0.011922 180.000000 9.686692
-0.007261 0.041180 180.000000 39.451779
-0.004975 0.063370 180.000000 70.443577
-0.003150 0.015335 180.000000 12.141955
0.003551 0.094474 180.000000 121.080867
0.008496 0.048965 180.000000 65.933645
0.007689 0.084046 180.000000 111.857372
-0.000703 0.044453 180.000000 49.739296
0.007543 0.015606 180.000000 20.674826
0.000921 0.022769 180.000000 22.973770
0.002346 0.037929 180.000000 44.281107
-0.004680 0.086214 180.000000 101.072030
0.002454 0.093870 180.000000 119.041122
-0.001974 0.095016 180.000000 115.694572
0.005964 0.040326 180.000000 51.478168
-0.005035 0.018913 180.000000 14.980605
-0.009505 0.004578 180.000000 20.727271
-0.001684 0.016068 180.000000 13.161131
-0.007456 0.020282 180.000000 15.999335
-0.000392 0.075463 180.000000 91.310324
-0.001827 0.024893 180.000000 23.313286
-0.005124 0.061562 180.000000 67.907183
-0.000460 0.059981 180.000000 70.603378
-0.007962 0.028906 180.000000 24.206020
-0.000389 0.077529 180.000000 94.071041
-0.006933 0.032406 180.000000 28.840120
0.005472 0.031357 180.000000 38.994214
0.003149 0.016741 180.000000 17.387368
-0.002430 0.019253 180.000000 16.211804
0.007054 0.021384 180.000000 27.630631
0.002023 0.031425 180.000000 35.337675
-0.007514 0.075181 180.000000 83.528508
0.000326 0.043091 180.000000 48.996796
0.005412 0.026517 180.000000 32.517028
-0.009588 0.094777 180.000000 107.395265
-0.004934 0.005533 180.000000 13.590298
0.001703 0.032947 180.000000 37.013586
0.002949 0.058964 180.000000 72.947822
-0.003297 0.019365 180.000000 15.925044
0.005467 0.005288 180.000000 6.454633
-0.009483 0.023473 180.000000 18.551050
-0.005542 0.062876 180.000000 69.227776
-0.000731 0.022360 180.000000 21.036669
-0.006140 0.074438 180.000000 83.922709
-0.002289 0.059867 180.000000 68.533828
0.003612 0.003421 180.000000 5.657532
-0.009435 0.067686 180.000000 71.804065
-0.006067 0.038032 180.000000 36.430097
0.005175 0.097132 180.000000 126.475015
-0.008433 0.084947 180.000000 95.533497
-0.000927 0.063074 180.000000 74.225306
-0.005602 0.092664 180.000000 108.691588
0.002899 0.027993 180.000000 31.731727
0.000363 0.057366 180.000000 67.999495
-0.008782 0.028368 180.000000 23.283010
-0.005446 0.010592 180.000000 11.640621
-0.000625 0.096847 180.000000 119.609909
0.004593 0.033316 180.000000 40.607981
-0.007094 0.030812 180.000000 26.846258
-0.006571 0.021308 180.000000 16.898792
0.004377 0.079473 180.000000 101.951752
-0.005842 0.005520 180.000000 14.815754
-0.003683 0.042073 180.000000 43.702221
0.007237 0.015369 180.000000 20.010320
-0.003128 0.010266 180.000000 9.680192
0.009974 0.050817 180.000000 70.152600
-0.003684 0.029022 180.000000 27.003497
-0.004769 0.077256 180.000000 89.063769
0.004750 0.089508 180.000000 115.793552
0.005561 0.006142 180.000000 7.247552
0.008740 0.047998 180.000000 64.932006
0.005580 0.085182 180.000000 110.952574
-0.004000 0.018677 180.000000 14.982073
-0.008737 0.059476 180.000000 61.724407
-0.004317 0.086561 180.000000 101.915175
-0.000192 0.043486 180.000000 48.984643
0.005523 0.061330 180.000000 79.001641
-0.008924 0.055995 180.000000 57.034670
-0.003008 0.074958 180.000000 87.844829
0.002628 0.074512 180.000000 93.356864
0.009551 0.004010 180.000000 9.257655
0.009472 0.069108 180.000000 93.970749
0.001114 0.058664 180.000000 70.537503
-0.000884 0.079076 180.000000 95.599015
0.004570 0.074124 180.000000 95.018748
-0.006832 0.083603 180.000000 95.373060
-0.002537 0.056434 180.000000 63.727641
0.009621 0.081137 180.000000 110.219591
0.003354 0.008614 180.000000 8.084634
0.000881 0.071919 180.000000 87.965211
0.003647 0.007205 180.000000 6.987718
-0.000544 0.063783 180.000000 75.576558
0.000661 0.085311 180.000000 105.609802
-0.003170 0.089391 180.000000 106.902903
0.008211 0.038452 180.000000 51.591735
-0.007728 0.068928 180.000000 75.066022
0.008034 0.063902 180.000000 85.332170
0.005081 0.030495 180.000000 37.410959
-0.003526 0.016443 180.000000 13.028799
0.003747 0.066928 180.000000 84.473838
-0.002347 0.081471 180.000000 97.221506
-0.002319 0.054460 180.000000 61.334885
0.006773 0.042310 180.000000 55.052063
-0.006993 0.019523 180.000000 15.401719
0.002415 0.012371 180.000000 11.447165
-0.002229 0.063563 180.000000 73.505892
-0.006645 0.096314 180.000000 112.458006
-0.006283 0.045327 180.000000 45.572895
-0.004391 0.082121 180.000000 95.927128
0.004162 0.006085 180.000000 6.361490
-0.004785 0.036905 180.000000 36.053919
0.000760 0.050897 180.000000 59.816107
0.008724 0.005681 180.000000 9.981749
0.002102 0.097861 180.000000 123.984357
0.008909 0.048311 180.000000 65.547777
0.005877 0.065157 180.000000 84.520413
0.006262 0.076066 180.000000 99.542967
0.005980 0.019500 180.000000 23.930858
0.004558 0.095640 180.000000 123.778384
0.005802 0.014764 180.000000 17.603506
0.003566 0.023331 180.000000 26.313861
-0.008007 0.078205 180.000000 87.036963
0.007792 0.070654 180.000000 94.073590
-0.009845 0.031597 180.000000 26.325783
-0.001287 0.013450 180.000000 10.804612
0.002277 0.057276 180.000000 69.954989
0.007806 0.095452 180.000000 127.247932
0.007872 0.052061 180.000000 69.332803
0.001736 0.036364 180.000000 41.561598
0.002675 0.067795 180.000000 84.436651
0.004189 0.033711 180.000000 40.684881
-0.004431 0.059131 180.000000 65.385077
0.006316 0.035838 180.000000 45.908588
-0.002233 0.031660 180.000000 31.539909
-0.009313 0.028870 180.000000 23.619486
-0.000038 0.042511 180.000000 47.852187
-0.005987 0.061889 180.000000 67.489548
-0.009398 0.013233 180.000000 15.104585
0.005998 0.065181 180.000000 84.689967
0.007703 0.087072 180.000000 115.921187
-0.005037 0.085200 180.000000 99.349405
0.000431 0.042640 180.000000 48.507427
-0.007922 0.045670 180.000000 44.616023
0.001965 0.093993 180.000000 118.658936
-0.005389 0.012705 180.000000 11.544224
-0.006816 0.057696 180.000000 61.181682
-0.008071 0.032646 180.000000 28.419569
-0.000796 0.049712 180.000000 56.607597
0.005538 0.058878 180.000000 75.744236
0.006856 0.079834 180.000000 105.263423
-0.001183 0.062774 180.000000 73.554671
-0.005601 0.040619 180.000000 40.109310
0.009329 0.071368 180.000000 96.820566
-0.006504 0.079874 180.000000 90.759609
-0.005869 0.023496 180.000000 19.246416
-0.007832 0.014700 180.000000 13.574100
0.005858 0.058177 180.000000 75.173567
0.007624 0.066079 180.000000 87.764270
-0.005004 0.013838 180.000000 11.612333
0.000657 0.053367 180.000000 62.991339
-0.005267 0.017286 180.000000 13.637973
0.008287 0.012206 180.000000 17.224081
-0.001420 0.098853 180.000000 121.420519
-0.005123 0.070782 180.000000 80.109006
0.005089 0.026536 180.000000 32.180787
-0.007165 0.048542 180.000000 48.948882
-0.006660 0.063934 180.000000 69.527030
-0.005501 0.068729 180.000000 77.005900
-0.007310 0.020038 180.000000 15.807193
-0.007992 0.058597 180.000000 61.262939
-0.006622 0.033802 180.000000 30.742279
0.003356 0.065729 180.000000 82.433881
0.006598 0.013029 180.000000 16.285598
-0.006398 0.027513 180.000000 23.420955
-0.007573 0.056421 180.000000 58.809153
0.002542 0.092659 180.000000 117.519724
0.004875 0.095983 180.000000 124.597165
-0.008470 0.092472 180.000000 105.472720
0.009581 0.056842 180.000000 77.720426
-0.007315 0.019065 180.000000 15.115142
0.006924 0.095106 180.000000 125.768335
-0.005351 0.057431 180.000000 62.237614
-0.007047 0.039783 180.000000 37.859968
-0.006578 0.029440 180.000000 25.543711
-0.005808 0.036829 180.000000 35.119230
0.003251 0.030273 180.000000 35.112427
0.002817 0.091149 180.000000 115.808246
-0.002412 0.025121 180.000000 23.144268
0.008370 0.030572 180.000000 41.314432
-0.001490 0.005211 180.000000 9.479827
0.006437 0.059260 180.000000 77.282255
0.002771 0.019848 180.000000 20.982789
0.006003 0.045569 180.000000 58.511301
-0.001575 0.054190 180.000000 61.738995
0.007424 0.032689 180.000000 43.007525
0.006123 0.083473 180.000000 109.288225
-0.004672 0.048342 180.000000 50.960583
-0.006733 0.018125 180.000000 14.394896
-0.005534 0.023790 180.000000 19.699057
-0.009682 0.018098 180.000000 15.534844
0.005378 0.071177 180.000000 91.995410
0.004263 0.070124 180.000000 89.325283
-0.008018 0.077646 180.000000 86.287216
0.009751 0.077372 180.000000 105.339587
-0.000521 0.070728 180.000000 84.855377
-0.000417 0.082850 180.000000 101.143115
0.001228 0.078238 180.000000 96.784901
-0.000624 0.078570 180.000000 95.204749
0.007252 0.031819 180.000000 41.651287
-0.006987 0.013177 180.000000 12.810090
-0.005694 0.050642 180.000000 53.007749
0.001210 0.061331 180.000000 74.198000
-0.004949 0.082783 180.000000 96.226045
-0.006177 0.071141 180.000000 79.520326
0.004452 0.099220 180.000000 128.447915
0.002571 0.012981 180.000000 12.269774
-0.009469 0.028657 180.000000 23.345567
-0.005851 0.064540 180.000000 71.118849
0.009796 0.071569 180.000000 97.639056
-0.003335 0.094589 180.000000 113.658277
-0.003483 0.032890 180.000000 32.033473
0.006604 0.095221 180.000000 125.553046
0.002398 0.071856 180.000000 89.553532
-0.007189 0.058544 180.000000 61.941707
-0.007879 0.055027 180.000000 56.715088
-0.009225 0.068400 180.000000 72.937752
-0.002790 0.067145 180.000000 77.680615
-0.005596 0.011756 180.000000 11.650210
-0.008543 0.021463 180.000000 16.959408
0.009478 0.056266 180.000000 76.830727
-0.003252 0.097428 180.000000 117.535333
-0.003899 0.005512 180.000000 12.251228
-0.008810 0.018810 180.000000 15.387255
0.001238 0.087532 180.000000 109.214082
-0.002999 0.045673 180.000000 49.063553
-0.007707 0.007501 180.000000 15.817110
0.001619 0.077353 180.000000 96.033057
-0.005859 0.093834 180.000000 109.979268
-0.006113 0.017969 180.000000 14.199296
0.005913 0.040472 180.000000 51.613992
-0.009780 0.071853 180.000000 76.942092
0.001965 0.093397 180.000000 117.861229
0.008929 0.030911 180.000000 42.431374
0.009972 0.034849 180.000000 48.907274
-0.000042 0.010435 180.000000 8.596418
0.004687 0.043947 180.000000 54.856801
-0.008732 0.029515 180.000000 24.531912
0.007844 0.095346 180.000000 127.149579
0.006407 0.046394 180.000000 60.073195
-0.002984 0.061901 180.000000 70.516843
-0.009224 0.048593 180.000000 47.267782
0.004125 0.033918 180.000000 40.889837
-0.002169 0.071807 180.000000 84.534816
0.003446 0.059398 180.000000 74.080273
-0.008845 0.076694 180.000000 84.214514
-0.002728 0.034448 180.000000 34.686981
-0.003339 0.019081 180.000000 15.610404
0.002807 0.044575 180.000000 53.611353
0.003779 0.038764 180.000000 46.946564
-0.006521 0.098168 180.000000 115.056376
0.009858 0.089073 180.000000 121.106105
0.008662 0.049008 180.000000 66.185700
-0.006185 0.081133 180.000000 92.756662
-0.008845 0.081281 180.000000 90.272867
-0.006023 0.028420 180.000000 24.679053
-0.009991 0.070048 180.000000 74.375951
-0.008046 0.099141 180.000000 114.765863
-0.005061 0.050052 180.000000 52.830779
-0.000188 0.070032 180.000000 84.287442
-0.000855 0.004509 180.000000 9.184676
0.002691 0.004096 180.000000 6.016171
0.000912 0.068808 180.000000 83.847582
0.002774 0.002484 180.000000 6.659071
0.009435 0.021931 180.000000 31.196721
-0.002366 0.003787 180.000000 11.611923
-0.005756 0.015403 180.000000 12.589255
-0.006155 0.002940 180.000000 17.551766
-0.003104 0.083119 180.000000 98.612605
-0.005865 0.005463 180.000000 14.892385
0.002183 0.002529 180.000000 7.192724
0.001659 0.003551 180.000000 7.065081
-0.007728 0.086927 180.000000 98.870537
0.003565 0.015234 180.000000 15.888510
0.001039 0.074794 180.000000 91.978021
0.007849 0.002754 180.000000 6.431817
0.006243 0.066447 180.000000 86.662016
0.004358 0.074127 180.000000 94.782380
0.001153 0.076318 180.000000 94.138581
0.002022 0.043671 180.000000 51.558440
-0.005345 0.088931 180.000000 103.991358
0.006740 0.008514 180.000000 10.911660
0.001347 0.081508 180.000000 101.284465
0.001497 0.017490 180.000000 16.832903
-0.000124 0.047399 180.000000 54.238381
-0.008156 0.062954 180.000000 66.806563
0.004239 0.065013 180.000000 82.468518
-0.002128 0.060639 180.000000 69.727173
0.006611 0.015172 180.000000 19.033531
0.008021 0.057915 180.000000 77.320392
-0.003147 0.068046 180.000000 78.507451
-0.004391 0.045305 180.000000 47.256585
0.001171 0.071179 180.000000 87.295075
-0.009178 0.040068 180.000000 36.626125
-0.000534 0.014071 180.000000 11.603024
-0.009993 0.060327 180.000000 61.697963
0.004749 0.049875 180.000000 62.830232
-0.002857 0.033521 180.000000 33.379974
-0.008691 0.037135 180.000000 33.384722
0.001574 0.042987 180.000000 50.170394
-0.009760 0.081072 180.000000 89.095391
0.003043 0.069547 180.000000 87.185847
-0.008042 0.033162 180.000000 29.043598
-0.008844 0.076200 180.000000 83.564461
0.001037 0.097634 180.000000 122.494156
-0.004476 0.008735 180.000000 11.150285
-0.005291 0.050944 180.000000 53.780650
0.006672 0.041522 180.000000 53.884631
-0.004200 0.090260 180.000000 106.966140
0.000256 0.050487 180.000000 58.735521
-0.004141 0.038953 180.000000 39.238703
-0.006910 0.006695 180.000000 15.340371
0.005487 0.074567 180.000000 96.652354
-0.004929 0.077608 180.000000 89.366971
0.000720 0.083360 180.000000 103.068361
-0.008562 0.027247 180.000000 22.190472
0.007280 0.054839 180.000000 72.352371
-0.007364 0.019961 180.000000 15.753405
-0.009507 0.058870 180.000000 60.242488
-0.001109 0.026252 180.000000 25.612595
0.009880 0.019950 180.000000 29.153685
-0.009494 0.016044 180.000000 14.992981
0.009506 0.074307 180.000000 100.955430
-0.008421 0.056828 180.000000 58.564962
0.004507 0.030522 180.000000 36.808314
0.006794 0.049026 180.000000 64.031110
-0.003256 0.034760 180.000000 34.620941
-0.003355 0.030642 180.000000 29.291351
-0.005808 0.010457 180.000000 12.033203
-0.000227 0.071901 180.000000 86.737131
0.003392 0.038656 180.000000 46.377791
0.004753 0.002761 180.000000 5.350128
0.009632 0.082834 180.000000 112.500822
0.005975 0.099333 180.000000 130.334731
0.006698 0.095660 180.000000 126.249454
-0.004202 0.047551 180.000000 50.369685
0.005550 0.031577 180.000000 39.373632
-0.009632 0.039284 180.000000 35.361160
-0.002096 0.078754 180.000000 93.867743
-0.007338 0.015618 180.000000 13.428457
0.003234 0.078007 180.000000 98.704707
-0.002815 0.059804 180.000000 67.908526
0.009423 0.035246 180.000000 48.772692
0.006349 0.001602 180.000000 5.316236
-0.006713 0.001264 180.000000 20.028206
0.006936 0.007906 180.000000 10.422956
-0.000749 0.078517 180.000000 94.998933
0.007617 0.065529 180.000000 87.020923
0.007192 0.014989 180.000000 19.468520
0.006255 0.013088 180.000000 15.975079
-0.007521 0.053005 180.000000 54.411315
0.005054 0.069852 180.000000 89.856167
0.005400 0.006222 180.000000 7.197421
0.002204 0.028472 180.000000 31.639553
0.007600 0.053049 180.000000 70.334515
-0.005438 0.067479 180.000000 75.415261
0.009430 0.002931 180.000000 8.139449
0.008017 0.024672 180.000000 33.091561
0.005608 0.055884 180.000000 71.825870
0.001732 0.027188 180.000000 29.478065
0.007967 0.017273 180.000000 23.336162
0.002120 0.096371 180.000000 122.011280
0.008569 0.034913 180.000000 47.310227
-0.004469 0.023332 180.000000 19.704028
-0.004516 0.086313 180.000000 101.376166
-0.001561 0.035988 180.000000 37.763075
0.008275 0.041855 180.000000 56.197221
0.006257 0.088331 180.000000 115.939809
0.009989 0.082990 180.000000 113.128140
-0.004248 0.006510 180.000000 12.010436
-0.001868 0.068446 180.000000 80.378774
-0.007959 0.085123 180.000000 96.243483
-0.004161 0.039654 180.000000 40.126140
-0.006421 0.032023 180.000000 28.717113
0.004412 0.074191 180.000000 94.929281
0.000576 0.067167 180.000000 81.292427
0.009741 0.098318 180.000000 133.330300
-0.001936 0.060191 180.000000 69.331342
0.005595 0.018493 180.000000 22.187216
0.006342 0.021247 180.000000 26.628925
-0.003868 0.086834 180.000000 102.752429
0.006848 0.024853 180.000000 31.958392
0.000421 0.036810 180.000000 40.792333
-0.003438 0.010395 180.000000 9.913542
0.009418 0.019542 180.000000 28.051584
0.005336 0.080841 180.000000 104.869172
-0.002568 0.027792 180.000000 26.343853
-0.000508 0.040149 180.000000 44.254779
-0.005446 0.017384 180.000000 13.720936
0.000580 0.060836 180.000000 72.855427
-0.004866 0.056838 180.000000 61.931039
0.000831 0.069730 180.000000 84.989223
-0.008009 0.091826 180.000000 105.084502
-0.005264 0.057615 180.000000 62.564601
-0.001764 0.029500 180.000000 29.184353
-0.002501 0.006898 180.000000 9.732638
-0.005725 0.044623 180.000000 45.156781
0.006518 0.012403 180.000000 15.406867
0.008756 0.019340 180.000000 26.978697
0.001307 0.025978 180.000000 27.480371
-0.000643 0.027653 180.000000 27.813046
0.005903 0.006767 180.000000 8.143355
-0.009366 0.070528 180.000000 75.595382
0.001475 0.035366 180.000000 39.970051
-0.005859 0.051813 180.000000 54.383155
-0.002521 0.067564 180.000000 78.518494
-0.002712 0.030735 180.000000 29.942761
0.009570 0.030499 180.000000 42.656420
-0.009016 0.097230 180.000000 111.231570
0.006239 0.045596 180.000000 58.816995
0.009421 0.076966 180.000000 104.409955
0.000281 0.066042 180.000000 79.472213
0.009482 0.032493 180.000000 45.191482
0.001199 0.013239 180.000000 11.602390
0.005406 0.002846 180.000000 5.286456
-0.002219 0.090028 180.000000 108.772442
-0.008841 0.060402 180.000000 62.835967
0.001670 0.085828 180.000000 107.415237
-0.008695 0.003315 180.000000 20.776461
-0.009583 0.038154 180.000000 34.030423
0.002477 0.071708 180.000000 89.441828
0.007346 0.010866 180.000000 14.433725
0.008172 0.081959 180.000000 109.626879
-0.006665 0.026846 180.000000 22.533917
0.007258 0.053790 180.000000 70.925804
-0.008865 0.062111 180.000000 65.043196
0.003472 0.052788 180.000000 65.288411
0.008935 0.081420 180.000000 109.794862
0.004534 0.033926 180.000000 41.352801
0.007091 0.073433 180.000000 96.976691
0.005064 0.035876 180.000000 44.536817
0.008026 0.090108 180.000000 120.354921
0.002979 0.091457 180.000000 116.401136
0.002133 0.099915 180.000000 126.765434
0.002024 0.054427 180.000000 65.879788
-0.006081 0.012775 180.000000 12.062738
-0.009506 0.049227 180.000000 47.843995
-0.003939 0.095056 180.000000 113.636139
0.004755 0.064221 180.000000 81.993297
0.008628 0.066975 180.000000 90.130290
-0.001870 0.095750 180.000000 116.786806
-0.001869 0.071093 180.000000 83.901592
-0.000854 0.004828 180.000000 8.979107
0.008749 0.006455 180.000000 10.857979
-0.008572 0.098617 180.000000 113.526730
-0.007180 0.048140 180.000000 48.416543
0.008487 0.050550 180.000000 68.036121
0.008505 0.062921 180.000000 84.570998
-0.007615 0.027665 180.000000 22.999499
0.007056 0.006222 180.000000 8.698636
-0.000125 0.078659 180.000000 95.866334
-0.009871 0.056805 180.000000 57.249987
0.006964 0.087384 180.000000 115.485463
-0.005402 0.058985 180.000000 64.234584
-0.009078 0.062081 180.000000 64.807732
0.001410 0.075772 180.000000 93.691427
0.006161 0.004857 180.000000 6.598828
0.004199 0.040966 180.000000 50.340563
0.008601 0.046592 180.000000 62.892900
-0.009919 0.013980 180.000000 15.487234
0.001804 0.017657 180.000000 17.303839
0.006713 0.055383 180.000000 72.422847
0.000712 0.081663 180.000000 100.792699
-0.009441 0.003181 180.000000 21.970981
-0.005231 0.037950 180.000000 37.011482
0.007748 0.089560 180.000000 119.300494
0.001236 0.007779 180.000000 7.012732
0.008493 0.053014 180.000000 71.330459
-0.005281 0.001015 180.000000 18.264949
0.002037 0.034962 180.000000 40.024083
0.004451 0.086180 180.000000 111.004370
0.007396 0.033137 180.000000 43.568919
0.006831 0.054314 180.000000 71.131415
-0.008955 0.085069 180.000000 95.171527
-0.007697 0.042050 180.000000 40.203808
0.008728 0.040048 180.000000 54.328106
-0.006796 0.024777 180.000000 20.241934
0.001986 0.024652 180.000000 26.423552
-0.002343 0.050632 180.000000 56.246448
0.009195 0.053263 180.000000 72.489433
0.000360 0.082315 180.000000 101.276574
0.002885 0.089241 180.000000 113.332796
-0.000959 0.040329 180.000000 44.040032
0.004764 0.071246 180.000000 91.390125
-0.001417 0.045718 180.000000 50.687484
0.004208 0.044084 180.000000 54.501821
-0.005714 0.048894 180.000000 50.709193
0.005880 0.040285 180.000000 51.327994
-0.001886 0.074762 180.000000 88.771417
-0.003272 0.089605 180.000000 107.079343
-0.004355 0.088840 180.000000 104.910410
-0.002088 0.021169 180.000000 18.605230
-0.008657 0.023847 180.000000 18.897854
0.002206 0.066595 180.000000 82.314179
0.007788 0.049716 180.000000 66.106034
-0.002057 0.095479 180.000000 116.223773
0.001292 0.082106 180.000000 102.022876
-0.005111 0.014810 180.000000 12.072806
0.000115 0.043471 180.000000 49.281167
-0.005868 0.013156 180.000000 11.944381
0.004289 0.054875 180.000000 68.984793
-0.005796 0.007632 180.000000 13.253611
0.008860 0.087992 180.000000 118.494092
-0.002368 0.066222 180.000000 76.894938
0.001431 0.090564 180.000000 113.479692
-0.009735 0.086846 180.000000 96.747458
0.008636 0.062496 180.000000 84.156492
0.009254 0.027743 180.000000 38.629824
-0.007362 0.019905 180.000000 15.711294
-0.002440 0.034959 180.000000 35.607617
-0.006606 0.090052 180.000000 104.170807
-0.006916 0.082244 180.000000 93.484888
0.002622 0.005222 180.000000 5.966807
0.005470 0.017505 180.000000 20.765650
0.008755 0.077604 180.000000 104.484449
0.009323 0.030946 180.000000 42.950964
0.008743 0.004140 180.000000 8.446825
-0.009681 0.069068 180.000000 73.382481
0.004384 0.069683 180.000000 88.871782
-0.008105 0.072815 180.000000 79.822545
0.007825 0.051509 180.000000 68.541016
0.004904 0.092763 180.000000 120.323223
-0.002465 0.062527 180.000000 71.882947
-0.005073 0.022793 180.000000 18.823846
0.006371 0.065045 180.000000 84.936157
0.004732 0.001343 180.000000 5.846080
-0.004553 0.054763 180.000000 59.503918
-0.005329 0.060683 180.000000 66.544346
-0.006307 0.016041 180.000000 13.097609
-0.000711 0.001590 180.000000 11.437052
-0.005833 0.055698 180.000000 59.495655
0.008845 0.040025 180.000000 54.434931
-0.007130 0.063104 180.000000 67.980271
-0.003956 0.007564 180.000000 11.063033
-0.002307 0.095443 180.000000 115.905236
-0.001209 0.050968 180.000000 57.845704
0.008816 0.013390 180.000000 19.368804
-0.001859 0.090531 180.000000 109.831397
-0.001374 0.010035 180.000000 8.649494
0.006742 0.080015 180.000000 105.373530
-0.007693 0.054696 180.000000 56.452875
0.006592 0.026839 180.000000 34.285515
0.001151 0.087298 180.000000 108.805611
0.003349 0.020442 180.000000 22.326918
0.001143 0.020430 180.000000 20.201550
0.001268 0.068484 180.000000 83.803748
0.001927 0.064682 180.000000 79.451798
-0.008459 0.035909 180.000000 32.057129
-0.002660 0.021618 180.000000 18.768643
-0.005020 0.033040 180.000000 30.982052
-0.003444 0.096438 180.000000 116.007687
-0.005121 0.065322 180.000000 72.879003
0.005709 0.047140 180.000000 60.270925
-0.007248 0.034435 180.000000 31.081486
-0.005326 0.015260 180.000000 12.369166
0.006935 0.042780 180.000000 55.865031
0.007381 0.086547 180.000000 114.846582
-0.006773 0.070712 180.000000 78.358634
0.008430 0.054528 180.000000 73.276834
-0.004933 0.083602 180.000000 97.331284
-0.005977 0.036577 180.000000 34.667510
0.005522 0.068277 180.000000 88.283599
-0.001124 0.036045 180.000000 38.256427
0.000068 0.027717 180.000000 28.550359
0.004947 0.051770 180.000000 65.582055
-0.008057 0.086369 180.000000 97.797222
0.008295 0.095707 180.000000 128.156040
-0.004904 0.009176 180.000000 11.459111
-0.009059 0.018045 180.000000 15.174457
0.002752 0.049882 180.000000 60.618631
0.001199 0.037745 180.000000 42.827415
-0.009051 0.031074 180.000000 26.103976
0.001509 0.026884 180.000000 28.858057
-0.004019 0.053187 180.000000 57.951932
0.004335 0.064714 180.000000 82.176840
0.000644 0.043282 180.000000 49.580275
-0.007563 0.015579 180.000000 13.552079
-0.008589 0.060282 180.000000 62.911054
-0.005499 0.022025 180.000000 17.854578
-0.002263 0.049309 180.000000 54.578029
-0.004940 0.051240 180.000000 54.501278
-0.007795 0.068963 180.000000 75.046685
0.008044 0.019186 180.000000 25.919958
-0.002460 0.019679 180.000000 16.669649
-0.008086 0.004958 180.000000 18.383857
0.009656 0.096022 180.000000 130.161374
0.003083 0.059898 180.000000 74.344171
0.009217 0.015863 180.000000 23.031497
-0.004132 0.099278 180.000000 119.060168
-0.002004 0.044969 180.000000 49.112908
0.000763 0.035157 180.000000 38.961031
0.004033 0.084440 180.000000 108.204001
-0.003314 0.035494 180.000000 35.513329
0.008677 0.083170 180.000000 111.833457
0.006402 0.022868 180.000000 28.827646
0.001154 0.034208 180.000000 38.110507
0.002633 0.099624 180.000000 126.935618
-0.006799 0.079193 180.000000 89.557842
0.003925 0.028700 180.000000 33.760619
0.000607 0.047778 180.000000 55.508001
-0.000680 0.042887 180.000000 47.695014
-0.007570 0.027557 180.000000 22.901481
0.000297 0.099296 180.000000 123.896694
-0.001621 0.012779 180.000000 10.230936
0.002505 0.051803 180.000000 62.907249
0.003100 0.063700 180.000000 79.439717
0.000013 0.059997 180.000000 71.128604
0.004236 0.063865 180.000000 80.932093
-0.000020 0.087889 180.000000 108.305704
0.008089 0.005519 180.000000 9.080518
-0.004814 0.079337 180.000000 91.783261
-0.007956 0.048583 180.000000 48.315019
-0.009304 0.067880 180.000000 72.180289
-0.009854 0.035441 180.000000 30.659792
-0.009187 0.026492 180.000000 21.259590
0.003841 0.094866 180.000000 121.930471
-0.002981 0.005096 180.000000 11.379996
-0.001783 0.090956 180.000000 110.480721
0.000808 0.084154 180.000000 104.225744
0.006682 0.078365 180.000000 103.099750
-0.007423 0.087345 180.000000 99.735829
0.000579 0.033286 180.000000 36.314028
-0.009279 0.075248 180.000000 81.885495
0.007203 0.056124 180.000000 73.978977
-0.003024 0.011392 180.000000 9.830839
-0.006696 0.015877 180.000000 13.186532
0.002036 0.072380 180.000000 89.851714
0.009352 0.059786 180.000000 81.379620
0.007973 0.045730 180.000000 61.006248
0.004929 0.039153 180.000000 48.743405
-0.005887 0.069463 180.000000 77.590497
0.005782 0.029316 180.000000 36.638695
-0.005925 0.044338 180.000000 44.611196
-0.003315 0.006540 180.000000 10.849680
-0.000036 0.061857 180.000000 73.554080
0.000466 0.024958 180.000000 25.362317
-0.004563 0.033192 180.000000 31.530941
-0.007279 0.037512 180.000000 34.841784
0.002424 0.070369 180.000000 87.595638
0.002517 0.093642 180.000000 118.806099
0.002103 0.066802 180.000000 82.476832
-0.008010 0.024935 180.000000 20.027232
-0.001040 0.041471 180.000000 45.463844
0.003745 0.095991 180.000000 123.328327
-0.001811 0.065430 180.000000 76.426064
-0.007123 0.011160 180.000000 13.225020
0.007070 0.099736 180.000000 132.130297
-0.005941 0.012480 180.000000 11.937499
0.008410 0.085733 180.000000 114.950235
0.008409 0.027903 180.000000 37.826141
-0.005939 0.040769 180.000000 40.014855
-0.000510 0.072343 180.000000 87.021657
0.005975 0.041053 180.000000 52.458989
0.003880 0.008864 180.000000 8.673505
-0.008287 0.025886 180.000000 20.893388
0.007729 0.066327 180.000000 88.218325
-0.000135 0.039645 180.000000 43.968096
0.004605 0.015120 180.000000 16.780478
-0.006940 0.076763 180.000000 86.196894
-0.006358 0.045265 180.000000 45.427950
0.006808 0.041437 180.000000 53.928584
0.008426 0.021204 180.000000 29.019205
-0.009776 0.013728 180.000000 15.390538
0.006154 0.077088 180.000000 100.785651
-0.003118 0.025000 180.000000 22.484377
-0.001864 0.028312 180.000000 27.583881
0.005009 0.060022 180.000000 76.670131
-0.009915 0.072156 180.000000 77.212266
-0.009232 0.067367 180.000000 71.576147
0.007814 0.019021 180.000000 25.430293
-0.003951 0.026248 180.000000 23.417128
-0.003407 0.021953 180.000000 18.716812
-0.005986 0.026696 180.000000 22.710151
-0.001399 0.073573 180.000000 87.706779
0.001111 0.010487 180.000000 8.817960
0.002241 0.009677 180.000000 8.516127
-0.007693 0.027544 180.000000 22.834349
-0.002982 0.058785 180.000000 66.388245
-0.008380 0.011831 180.000000 14.390379
0.003614 0.061577 180.000000 77.178031
-0.007982 0.061619 180.000000 65.221846
-0.007596 0.062217 180.000000 66.370910
0.003768 0.013338 180.000000 13.728983
0.001332 0.089757 180.000000 112.292033
-0.008337 0.012919 180.000000 14.080258
-0.000370 0.029610 180.000000 30.590059
0.009505 0.001298 180.000000 7.052163
0.003355 0.014981 180.000000 15.373324
-0.000012 0.024732 180.000000 24.638614
0.009449 0.061594 180.000000 83.907873
0.009030 0.028579 180.000000 39.464924
-0.009505 0.005866 180.000000 19.573439
-0.006737 0.072662 180.000000 80.971352
0.007248 0.019482 180.000000 25.364533
0.002190 0.098747 180.000000 125.267649
-0.002786 0.091215 180.000000 109.746379
0.002762 0.038194 180.000000 45.078806
-0.004672 0.049623 180.000000 52.637123
0.001906 0.019669 180.000000 19.928904
-0.002560 0.089550 180.000000 107.767742
0.009109 0.093809 180.000000 126.562952
0.008645 0.058995 180.000000 79.493662
0.005210 0.063089 180.000000 80.995786
0.003887 0.036632 180.000000 44.231432
-0.007295 0.015208 180.000000 13.292955
-0.008633 0.012311 180.000000 14.524262
-0.005915 0.061671 180.000000 67.272313
-0.008967 0.088565 180.000000 99.789145
0.004081 0.036831 180.000000 44.709407
0.007482 0.003493 180.000000 6.624508
-0.006721 0.014955 180.000000 12.880507
-0.007133 0.015688 180.000000 13.335411
0.002571 0.037604 180.000000 44.091468
-0.006682 0.066429 180.000000 72.793334
0.003000 0.045733 180.000000 55.363883
-0.004124 0.074624 180.000000 86.234686
0.009502 0.031276 180.000000 43.603099
0.008628 0.063829 180.000000 85.927965
-0.002739 0.020746 180.000000 17.719795
-0.004260 0.067629 180.000000 76.807584
-0.000340 0.004715 180.000000 8.470038
0.004934 0.012058 180.000000 13.286063
-0.005635 0.096792 180.000000 114.152351
-0.003790 0.075929 180.000000 88.318119
0.001232 0.045180 180.000000 52.718561
-0.003151 0.076137 180.000000 89.264493
0.007292 0.060578 180.000000 80.030759
-0.000534 0.006909 180.000000 7.819868
-0.006069 0.054387 180.000000 57.554013
-0.001314 0.013485 180.000000 10.829437
0.000347 0.050016 180.000000 58.206366
-0.003622 0.063204 180.000000 71.591205
-0.005754 0.071726 180.000000 80.719953
-0.009070 0.020415 180.000000 16.343784
-0.007957 0.055104 180.000000 56.743868
-0.008420 0.089220 180.000000 101.209722
0.008070 0.085025 180.000000 113.608298
0.004581 0.016170 180.000000 18.093892
-0.001280 0.017536 180.000000 14.921267
-0.005781 0.039007 180.000000 37.900720
-0.001382 0.038405 180.000000 41.096445
-0.007660 0.082137 180.000000 92.589460
-0.001837 0.041039 180.000000 44.108010
-0.004071 0.053504 180.000000 58.317415
-0.001200 0.045814 180.000000 51.033623
0.008108 0.027217 180.000000 36.560713
0.005029 0.061911 180.000000 79.216627
0.004214 0.045698 180.000000 56.660307
-0.002808 0.071788 180.000000 83.837450
0.001921 0.056207 180.000000 68.139054
-0.004076 0.099191 180.000000 119.004255
0.003534 0.092706 180.000000 118.695424
0.003878 0.054840 180.000000 68.478564
-0.003614 0.044790 180.000000 47.314192
-0.008773 0.047110 180.000000 45.749613
0.008985 0.086170 180.000000 116.203268
-0.009163 0.075590 180.000000 82.449139
0.008586 0.059377 180.000000 79.933367
0.000691 0.040451 180.000000 45.880179
0.000315 0.080989 180.000000 99.455957
0.000115 0.033247 180.000000 35.802408
0.001309 0.091146 180.000000 114.123109
0.006519 0.068369 180.000000 89.548094
-0.009125 0.032015 180.000000 27.121582
-0.003539 0.056700 180.000000 63.064826
-0.007823 0.035541 180.000000 32.033672
0.007450 0.032377 180.000000 42.623866
0.006685 0.044645 180.000000 58.062557
0.000755 0.080699 180.000000 99.552210
-0.002297 0.010962 180.000000 9.354056
-0.007028 0.046889 180.000000 46.935794
-0.001758 0.079826 180.000000 95.658005
-0.008797 0.073012 180.000000 79.407989
-0.003420 0.035048 180.000000 34.846692
-0.006592 0.093182 180.000000 108.347793
0.001272 0.048852 180.000000 57.642593
0.004692 0.070947 180.000000 90.909616
0.003438 0.070500 180.000000 88.900656
0.007731 0.037215 180.000000 49.382764
-0.006409 0.094976 180.000000 110.924796
-0.008491 0.002551 180.000000 21.241262
-0.003125 0.022920 180.000000 20.001069
-0.002780 0.072537 180.000000 84.863310
0.003100 0.051172 180.000000 62.721352
0.003323 0.022134 180.000000 24.497797
0.005957 0.032833 180.000000 41.502604
-0.007041 0.022113 180.000000 17.556190
-0.003183 0.050704 180.000000 55.503225
-0.005803 0.094673 180.000000 111.155012
0.003177 0.060593 180.000000 75.377152
-0.009233 0.026183 180.000000 20.953186
-0.004303 0.053817 180.000000 58.502131
0.001374 0.081174 180.000000 100.867490
0.008398 0.062124 180.000000 83.382112
0.008459 0.087926 180.000000 117.939234
-0.006337 0.024383 180.000000 20.000731
0.002580 0.086102 180.000000 108.795376
0.002368 0.049299 180.000000 59.421509
0.001563 0.089571 180.000000 112.299812
0.000977 0.072643 180.000000 89.037097
0.001646 0.005157 180.000000 6.477364
0.002819 0.042957 180.000000 51.471031
0.008953 0.003126 180.000000 7.778352
-0.009916 0.078074 180.000000 84.992174
0.004925 0.003474 180.000000 5.350478
0.009142 0.019806 180.000000 28.058028
0.002812 0.055456 180.000000 68.116624
0.008338 0.093856 180.000000 125.728799
0.007393 0.024511 180.000000 32.142067
-0.003116 0.071409 180.000000 83.010395
-0.005299 0.048748 180.000000 50.903566
-0.008413 0.056083 180.000000 57.604831
-0.004126 0.063263 180.000000 71.157685
-0.004826 0.090709 180.000000 106.902596
0.002824 0.040641 180.000000 48.396134
0.003848 0.035898 180.000000 43.213195
0.000244 0.041606 180.000000 46.945395
0.001314 0.054026 180.000000 64.574602
-0.006873 0.073434 180.000000 81.856911
0.008102 0.011508 180.000000 16.125417
0.008675 0.092396 180.000000 124.169098
-0.008745 0.026209 180.000000 21.089947
0.002030 0.072944 180.000000 90.598425
0.004131 0.013345 180.000000 14.081829
0.006415 0.043815 180.000000 56.644379
0.001384 0.043380 180.000000 50.490615
0.006660 0.084330 180.000000 111.050143
0.004677 0.004693 180.000000 5.711215
0.007578 0.087498 180.000000 116.346303
0.001136 0.016354 180.000000 15.156816
0.003525 0.069217 180.000000 87.283120
-0.009637 0.015400 180.000000 15.081734
0.004002 0.066380 180.000000 84.027760
-0.002582 0.099197 180.000000 120.619391
0.004747 0.045899 180.000000 57.524731
-0.003008 0.064788 180.000000 74.323295
-0.008672 0.067042 180.000000 71.678554
0.004719 0.092837 180.000000 120.211107
0.008307 0.018852 180.000000 25.800180
0.005548 0.014646 180.000000 17.176350
0.003537 0.094097 180.000000 120.560111
0.007384 0.049262 180.000000 65.029472
-0.002703 0.010599 180.000000 9.455463
0.000568 0.006260 180.000000 7.068268
0.008694 0.010468 180.000000 15.548620
-0.004070 0.016444 180.000000 12.982281
0.009308 0.081085 180.000000 109.783033
0.005458 0.028332 180.000000 34.968420
-0.009886 0.050799 180.000000 49.533786
-0.006145 0.044963 180.000000 45.224682
0.000276 0.003140 180.000000 8.837402
-0.004019 0.042610 180.000000 44.091070
-0.008112 0.087657 180.000000 99.448945
-0.000015 0.062532 180.000000 74.474952
-0.007800 0.094180 180.000000 108.425567
0.007766 0.052834 180.000000 70.240225
0.004646 0.003526 180.000000 5.361963
0.006679 0.098023 180.000000 129.387629
-0.003817 0.070567 180.000000 81.161690
-0.006542 0.082799 180.000000 94.602159
0.006285 0.018488 180.000000 22.955730
0.008272 0.009676 180.000000 14.065562
0.009228 0.092063 180.000000 124.367341
0.001884 0.093624 180.000000 118.075072
0.000988 0.019038 180.000000 18.322552
-0.003738 0.034948 180.000000 34.444362
-0.003188 0.021102 180.000000 17.873690
0.002687 0.070133 180.000000 87.572698
0.002001 0.010030 180.000000 8.737304
0.009525 0.069680 180.000000 94.795748
0.001495 0.070010 180.000000 86.090426
0.003913 0.050715 180.000000 63.013309
-0.009477 0.019192 180.000000 15.842338
-0.000056 0.046082 180.000000 52.561963
-0.002067 0.055516 180.000000 62.991522
-0.009539 0.003581 180.000000 21.720921
-0.005116 0.086099 180.000000 100.461274
-0.009720 0.061758 180.000000 63.802139
0.004255 0.010590 180.000000 10.883378
-0.007366 0.082126 180.000000 92.872206
0.002178 0.039916 180.000000 46.737235
0.003106 0.070262 180.000000 88.210714
-0.002336 0.061545 180.000000 70.713400
0.000726 0.098205 180.000000 122.913434
-0.005501 0.046268 180.000000 47.489431
-0.007658 0.070817 180.000000 77.624535
0.005008 0.072786 180.000000 93.726295
0.009600 0.060598 180.000000 82.755529
0.004748 0.021752 180.000000 25.509696
0.009045 0.017165 180.000000 24.502237
-0.003233 0.025192 180.000000 22.635564
0.008900 0.081579 180.000000 109.966825
0.003558 0.065103 180.000000 81.824050
0.001774 0.051148 180.000000 61.238719
-0.000925 0.084213 180.000000 102.409430
0.006233 0.031604 180.000000 40.187637
0.002823 0.050169 180.000000 61.077802
-0.005304 0.008159 180.000000 12.353518
-0.001409 0.058485 180.000000 67.613732
-0.009306 0.002140 180.000000 22.821194
0.001486 0.030689 180.000000 33.818687
-0.003835 0.082204 180.000000 96.620927
0.006176 0.037519 180.000000 47.984242
0.006274 0.072168 180.000000 94.344372
0.008840 0.008962 180.000000 13.889945
0.005016 0.082082 180.000000 106.165188
-0.007069 0.082387 180.000000 93.517699
0.006069 0.076366 180.000000 99.723289
0.004966 0.087513 180.000000 113.371378
-0.007873 0.030658 180.000000 26.225179
0.008656 0.093267 180.000000 125.311391
0.007434 0.094740 180.000000 125.867124
-0.008092 0.067049 180.000000 72.242490
-0.009881 0.036022 180.000000 31.320704
0.000492 0.009824 180.000000 8.198288
-0.007727 0.095917 180.000000 110.809338
0.007780 0.039726 180.000000 52.780837
-0.002545 0.071476 180.000000 83.698040
0.000960 0.090907 180.000000 113.416367
-0.004782 0.028417 180.000000 25.467345
-0.000501 0.072696 180.000000 87.502767
0.004679 0.039300 180.000000 48.658410
-0.007529 0.070287 180.000000 77.052162
0.004538 0.001470 180.000000 5.895400
0.005588 0.002548 180.000000 5.272437
0.005421 0.034500 180.000000 43.109587
-0.005832 0.038139 180.000000 36.755854
-0.009786 0.082696 180.000000 91.212774
-0.003650 0.033116 180.000000 32.181890
-0.003575 0.097323 180.000000 117.048413
0.000678 0.048370 180.000000 56.369765
0.008891 0.079368 180.000000 106.999884
-0.003698 0.072641 180.000000 84.041342
-0.003677 0.031717 180.000000 30.385615
0.004967 0.028143 180.000000 34.168761
-0.009977 0.001059 180.000000 24.905333
0.009395 0.091154 180.000000 123.347005
-0.006076 0.019305 180.000000 15.217987
0.003359 0.032653 180.000000 38.377007
0.003564 0.072083 180.000000 91.157475
0.002664 0.031161 180.000000 35.661735
-0.001841 0.042033 180.000000 45.409730
0.009890 0.034647 180.000000 48.539418
-0.007609 0.065903 180.000000 71.199637
-0.002105 0.048596 180.000000 53.796112
-0.003768 0.026172 180.000000 23.450499
-0.001184 0.047364 180.000000 53.099025
-0.008259 0.021503 180.000000 16.971059
0.005413 0.024263 180.000000 29.543242
-0.005532 0.010364 180.000000 11.774128
0.003694 0.096174 180.000000 123.515427
-0.000280 0.046007 180.000000 52.231246
0.004652 0.057689 180.000000 73.150108
0.007885 0.041135 180.000000 54.780365
0.003197 0.087064 180.000000 110.771002
0.006065 0.061107 180.000000 79.323481
-0.006437 0.035704 180.000000 33.224245
0.003642 0.064771 180.000000 81.474485
-0.003694 0.030010 180.000000 28.226462
0.007734 0.098532 180.000000 131.285407
0.005453 0.096130 180.000000 125.451707
0.008724 0.068890 180.000000 92.801359
-0.000399 0.030873 180.000000 32.204040
0.000398 0.036728 180.000000 40.661319
-0.001756 0.052093 180.000000 58.774976
-0.009695 0.002918 180.000000 22.595343
0.000602 0.008465 180.000000 7.428962
-0.003451 0.018199 180.000000 14.675302
0.006012 0.058987 180.000000 76.429854
-0.005255 0.082385 180.000000 95.378054
-0.000053 0.066408 180.000000 79.600539
-0.005077 0.077622 180.000000 89.232089
0.008317 0.071389 180.000000 95.666200
0.005653 0.014720 180.000000 17.384277
-0.006144 0.043991 180.000000 43.972440
-0.001767 0.069881 180.000000 82.396873
0.005929 0.007499 180.000000 8.937983
-0.002545 0.086741 180.000000 104.037708
-0.007890 0.084576 180.000000 95.589433
0.001716 0.085848 180.000000 107.493059
-0.001823 0.060126 180.000000 69.362559
0.004532 0.088581 180.000000 114.306936
-0.001140 0.046322 180.000000 51.766429
-0.004635 0.068716 180.000000 77.865759
0.008382 0.032360 180.000000 43.699417
0.008486 0.033031 180.000000 44.713131
0.007561 0.043599 180.000000 57.684256
0.008729 0.014254 180.000000 20.364860
-0.007730 0.034880 180.000000 31.296033
0.005621 0.016151 180.000000 19.183286
-0.008306 0.037706 180.000000 34.341260
-0.000881 0.081281 180.000000 98.544775
-0.006556 0.086600 180.000000 99.635237
-0.007162 0.016756 180.000000 13.765418
0.007884 0.056387 180.000000 75.120088
0.007437 0.025320 180.000000 33.262028
0.005383 0.033592 180.000000 41.860498
-0.008027 0.035158 180.000000 31.434973
0.007474 0.018320 180.000000 24.113086
-0.004103 0.093760 180.000000 111.734405
0.003809 0.077416 180.000000 98.560483
0.008156 0.035277 180.000000 47.305721
-0.006560 0.082178 180.000000 93.759730
-0.002184 0.029460 180.000000 28.770437
0.002186 0.072220 180.000000 89.804191
0.006729 0.062355 180.000000 81.753810
-0.008701 0.068948 180.000000 74.154201
-0.003491 0.068550 180.000000 78.820820
0.007614 0.022705 180.000000 30.023833
0.006209 0.091830 180.000000 120.564159
-0.009733 0.054503 180.000000 54.404155
-0.007890 0.031281 180.000000 26.933566
0.004737 0.050876 180.000000 64.152133
-0.004743 0.047632 180.000000 49.965798
0.003822 0.095295 180.000000 122.483848
-0.003702 0.079625 180.000000 93.327406
0.008656 0.070750 180.000000 95.207517
-0.004959 0.030760 180.000000 28.200378
-0.004721 0.091929 180.000000 108.638629
0.006661 0.019826 180.000000 25.132989
-0.009259 0.006572 180.000000 18.636930
-0.009932 0.001484 180.000000 24.395239
-0.007404 0.071017 180.000000 78.138084
0.003453 0.007267 180.000000 6.954343
0.008613 0.063954 180.000000 86.077906
0.000879 0.083636 180.000000 103.611607
0.009454 0.017266 180.000000 25.136936
-0.001357 0.014529 180.000000 11.762175
0.004172 0.025143 180.000000 29.336937
0.002994 0.041893 180.000000 50.245834
-0.005192 0.066174 180.000000 73.936119
-0.000576 0.050968 180.000000 58.501851
0.009423 0.023641 180.000000 33.426877
0.002889 0.055407 180.000000 68.135895
0.000053 0.022284 180.000000 21.590233
-0.004478 0.044114 180.000000 45.624795
-0.001464 0.028862 180.000000 28.631125
-0.008987 0.056211 180.000000 57.258668
-0.009177 0.094292 180.000000 107.169394
0.009834 0.037999 180.000000 52.922998
-0.004511 0.005933 180.000000 12.737385
-0.001015 0.089689 180.000000 109.624513
0.002139 0.094835 180.000000 119.978299
-0.007430 0.058949 180.000000 62.244598
0.006044 0.064168 180.000000 83.389248
0.007777 0.022916 180.000000 30.493733
0.001466 0.018933 180.000000 18.602609
-0.000638 0.045918 180.000000 51.744094
0.001564 0.053811 180.000000 64.558547
0.003263 0.023776 180.000000 26.578479
0.002122 0.050886 180.000000 61.267878
-0.008205 0.021333 180.000000 16.838160
0.007717 0.020218 180.000000 26.880542
0.002768 0.022591 180.000000 24.526177
0.000211 0.042237 180.000000 47.746250
0.004655 0.073133 180.000000 93.789799
0.005408 0.076516 180.000000 99.168199
-0.005143 0.033012 180.000000 30.851768
0.000662 0.044829 180.000000 51.650317
0.004659 0.098495 180.000000 127.712339
-0.000765 0.062767 180.000000 73.987683
-0.009877 0.073347 180.000000 78.811581
-0.006811 0.050146 180.000000 51.339179
-0.001300 0.029941 180.000000 30.162727
-0.005096 0.081562 180.000000 94.447847
0.004920 0.036236 180.000000 44.853528
0.009795 0.037637 180.000000 52.394607
0.005791 0.001696 180.000000 5.319503
-0.008027 0.005504 180.000000 17.824148
0.003189 0.065157 180.000000 81.484877
0.006740 0.087057 180.000000 114.790366
0.003690 0.028752 180.000000 33.574812
-0.002053 0.032105 180.000000 32.271899
0.002110 0.043418 180.000000 51.316907
-0.004252 0.058593 180.000000 64.853299
-0.000690 0.063934 180.000000 75.621476
-0.006987 0.039661 180.000000 37.754015
-0.001201 0.060653 180.000000 70.714394
-0.007213 0.066252 180.000000 72.041708
0.004309 0.090612 180.000000 116.770548
-0.007102 0.042406 180.000000 41.134975
-0.002096 0.086154 180.000000 103.735096
-0.003620 0.018670 180.000000 15.089011
0.005409 0.070792 180.000000 91.516531
-0.001611 0.087136 180.000000 105.569449
-0.007416 0.063033 180.000000 67.612375
-0.007308 0.045641 180.000000 45.092901
0.001814 0.072451 180.000000 89.700590
-0.009791 0.063209 180.000000 65.626353
-0.008012 0.026702 180.000000 21.814151
-0.002029 0.027856 180.000000 26.865310
-0.005941 0.014103 180.000000 12.190077
-0.000157 0.085055 180.000000 104.370806
0.005850 0.042492 180.000000 54.233060
0.008451 0.096058 180.000000 128.805234
0.003921 0.084814 180.000000 108.579095
0.009607 0.084301 180.000000 114.432813
0.007426 0.095232 180.000000 126.514802
0.000284 0.026097 180.000000 26.659581
0.002167 0.072065 180.000000 89.576833
0.002419 0.064968 180.000000 80.377863
0.005295 0.077799 180.000000 100.754021
0.008837 0.067464 180.000000 91.028830
-0.001069 0.017509 180.000000 15.011179
0.005124 0.008415 180.000000 9.193228
0.007630 0.072551 180.000000 96.421052
-0.009890 0.025820 180.000000 20.513739
0.002252 0.061152 180.000000 75.097807
0.005645 0.034063 180.000000 42.782586
-0.008850 0.065715 180.000000 69.770890
-0.001392 0.082131 180.000000 99.126738
-0.002224 0.027256 180.000000 25.949128
-0.000375 0.064747 180.000000 77.041172
-0.006576 0.012231 180.000000 12.486522
0.000000 0.100000 200.000000 124.724685
-0.006475 0.004184 200.000000 16.898864
0.000287 0.065128 200.000000 78.440206
0.008232 0.001912 200.000000 6.255102
0.005733 0.086630 200.000000 113.166768
-0.006061 0.076124 200.000000 86.551653
0.001875 0.039256 200.000000 45.668703
0.001333 0.089042 200.000000 111.517738
0.003031 0.065896 200.000000 82.424728
-0.004986 0.081492 200.000000 94.765522
0.008961 0.061646 200.000000 83.429912
0.003142 0.089140 200.000000 113.634877
-0.004135 0.048347 200.000000 51.741290
0.008785 0.057056 200.000000 77.093137
-0.001525 0.088811 200.000000 108.130344
-0.000114 0.035504 200.000000 38.706476
0.003561 0.099916 200.000000 128.522709
0.006004 0.028972 200.000000 36.478675
0.004561 0.067775 200.000000 86.627113
-0.005399 0.018951 200.000000 15.306561
0.001071 0.013086 200.000000 11.512460
0.007735 0.001946 200.000000 5.912173
0.002444 0.039206 200.000000 46.199244
-0.006134 0.006613 200.000000 14.493216
0.006580 0.092528 200.000000 122.018255
-0.001123 0.079027 200.000000 95.492782
-0.001387 0.072232 200.000000 86.149451
0.008095 0.025013 200.000000 33.639920
0.002781 0.061920 200.000000 76.838824
-0.004879 0.025300 200.000000 22.030623
-0.001830 0.048207 200.000000 53.770287
-0.006982 0.015234 200.000000 13.451855
-0.000182 0.023225 200.000000 22.750971
-0.007030 0.071497 200.000000 79.474559
-0.008068 0.090455 200.000000 103.570077
0.001634 0.087962 200.000000 110.401938
-0.003430 0.042326 200.000000 44.517056
0.005017 0.090660 200.000000 117.757591
-0.002416 0.009657 200.000000 9.342632
0.002448 0.030263 200.000000 34.361549
0.008352 0.073920 200.000000 99.137550
-0.002018 0.053445 200.000000 60.515640
-0.001335 0.089549 200.000000 109.318420
0.004370 0.050439 200.000000 63.248489
-0.005489 0.049947 200.000000 52.589106
0.003992 0.042465 200.000000 52.197234
-0.002569 0.006123 200.000000 10.320640
0.005145 0.038758 200.000000 48.528973
-0.006811 0.027153 200.000000 23.169977
0.007948 0.090855 200.000000 121.335801
-0.001056 0.068463 200.000000 81.470854
0.009706 0.029872 200.000000 41.978990
0.001637 0.031650 200.000000 35.366667
-0.002829 0.041622 200.000000 44.151238
-0.004270 0.026052 200.000000 23.261437
-0.008404 0.008333 200.000000 16.328358
0.006738 0.061429 200.000000 80.588499
0.007069 0.021336 200.000000 27.603293
-0.001593 0.044147 200.000000 48.643553
0.008965 0.027750 200.000000 38.285521
-0.003675 0.002506 200.000000 14.565044
0.001956 0.012443 200.000000 11.333072
0.002782 0.068263 200.000000 85.316547
-0.007326 0.035161 200.000000 32.273880
-0.000391 0.051533 200.000000 59.627445
0.006837 0.033650 200.000000 43.634795
0.008756 0.037020 200.000000 50.339340
0.009892 0.065800 200.000000 90.064842
0.008931 0.095252 200.000000 128.347620
-0.009883 0.052708 200.000000 52.382268
-0.002664 0.088881 200.000000 107.018607
-0.002075 0.010656 200.000000 9.374912
-0.005004 0.048572 200.000000 51.235101
-0.005193 0.056435 200.000000 61.370602
-0.008732 0.059113 200.000000 61.629972
0.002714 0.008553 200.000000 7.816480
-0.004892 0.017532 200.000000 14.146438
0.001834 0.072231 200.000000 89.585719
0.003420 0.060740 200.000000 75.961464
0.009498 0.012075 200.000000 18.526125
-0.008061 0.059553 200.000000 62.803805
-0.003461 0.082609 200.000000 97.819982
0.002103 0.067435 200.000000 83.468511
-0.001313 0.081756 200.000000 98.933874
0.004130 0.015540 200.000000 16.897362
-0.002841 0.035443 200.000000 36.106950
-0.002739 0.095711 200.000000 116.057123
0.007066 0.004992 200.000000 7.494372
0.003945 0.007441 200.000000 7.407006
-0.001724 0.074325 200.000000 88.586800
-0.006883 0.051865 200.000000 53.838115
-0.005956 0.014753 200.000000 12.728221
0.004926 0.007956 200.000000 8.576221
0.007620 0.033232 200.000000 43.979720
-0.009302 0.087799 200.000000 98.828898
0.003358 0.013156 200.000000 13.221941
0.003670 0.070978 200.000000 89.922585
-0.008840 0.048685 200.000000 48.085143
-0.001063 0.055648 200.000000 64.406793
-0.000774 0.078759 200.000000 95.505344
0.009843 0.099838 200.000000 135.533349
-0.001739 0.014230 200.000000 11.631041
0.009135 0.099226 200.000000 133.900523
0.003647 0.089602 200.000000 114.812260
0.004991 0.077005 200.000000 99.453086
-0.007613 0.019067 200.000000 15.561637
-0.004698 0.077602 200.000000 89.884799
0.000370 0.073826 200.000000 90.139539
0.001591 0.062392 200.000000 76.180666
-0.003435 0.088018 200.000000 105.058807
0.008166 0.067187 200.000000 89.919766
-0.002435 0.010488 200.000000 9.504133
0.004459 0.045744 200.000000 57.080518
-0.009594 0.051083 200.000000 50.539817
0.000632 0.036593 200.000000 40.875151
0.000300 0.090791 200.000000 112.734989
0.001872 0.047674 200.000000 56.856017
0.005826 0.066799 200.000000 86.738723
0.001506 0.037320 200.000000 42.722534
-0.009481 0.085899 200.000000 96.138748
-0.008624 0.094955 200.000000 108.988804
0.000985 0.001746 200.000000 9.181801
0.001756 0.012012 200.000000 10.741728
-0.001633 0.057074 200.000000 65.718681
-0.000641 0.061814 200.000000 73.045979
-0.004519 0.065918 200.000000 74.553055
-0.009614 0.068124 200.000000 72.603831
0.001128 0.058025 200.000000 69.858781
0.008677 0.043714 200.000000 59.163105
-0.000018 0.049501 200.000000 57.311727
0.006407 0.050265 200.000000 65.295425
0.002902 0.038121 200.000000 45.242239
0.008271 0.072143 200.000000 96.668720
0.006907 0.042031 200.000000 54.874372
0.003571 0.016776 200.000000 17.923328
-0.003346 0.095026 200.000000 114.502286
0.001627 0.010743 200.000000 9.384268
-0.007591 0.049079 200.000000 49.618976
-0.005102 0.091695 200.000000 108.229750
-0.007836 0.037448 200.000000 34.728308
0.003992 0.056328 200.000000 70.696606
0.009544 0.010680 200.000000 16.842537
-0.002318 0.019372 200.000000 16.647627
0.009924 0.004315 200.000000 9.985316
0.006476 0.056263 200.000000 73.386653
0.008143 0.068727 200.000000 91.953758
0.008049 0.075703 200.000000 101.176427
-0.006387 0.089964 200.000000 104.609877
-0.004318 0.029339 200.000000 27.204584
-0.009397 0.071220 200.000000 76.863072
-0.008241 0.015910 200.000000 14.424131
-0.004779 0.017777 200.000000 14.350106
-0.006927 0.067289 200.000000 74.019014
0.005139 0.096398 200.000000 125.574980
0.000405 0.074923 200.000000 91.640925
0.004391 0.039197 200.000000 48.280722
0.002146 0.019513 200.000000 20.071083
0.008433 0.039866 200.000000 53.751134
-0.005426 0.015549 200.000000 12.877156
0.008665 0.015095 200.000000 21.352668
0.006934 0.060061 200.000000 78.983772
0.004201 0.092712 200.000000 119.592121
0.005812 0.028364 200.000000 35.456943
0.000301 0.079413 200.000000 97.528798
-0.008590 0.013052 200.000000 14.604366
-0.008478 0.078096 200.000000 86.794576
-0.000985 0.059952 200.000000 70.209843
-0.006842 0.081072 200.000000 92.338316
0.001074 0.081733 200.000000 101.462198
0.006547 0.005708 200.000000 7.690754
-0.003736 0.004373 200.000000 13.001401
0.003671 0.018730 200.000000 20.523861
-0.009038 0.070974 200.000000 76.875275
-0.002083 0.072983 200.000000 86.423961
-0.000828 0.046301 200.000000 52.246368
0.003783 0.074605 200.000000 94.898407
0.005648 0.065250 200.000000 84.465732
0.000813 0.044676 200.000000 51.760828
0.005270 0.077233 200.000000 100.070433
0.007184 0.092234 200.000000 122.311446
0.002558 0.048804 200.000000 59.093126
0.000515 0.087868 200.000000 109.058785
-0.002320 0.059039 200.000000 67.630632
-0.007647 0.033699 200.000000 30.302445
-0.005786 0.005008 200.000000 15.246418
-0.002430 0.007905 200.000000 9.469499
-0.005626 0.085620 200.000000 99.605115
0.005053 0.086694 200.000000 112.488735
-0.009418 0.068994 200.000000 73.922108
-0.006304 0.077300 200.000000 87.870724
-0.003525 0.011179 200.000000 10.307393
-0.007420 0.079984 200.000000 90.323723
0.007512 0.099329 200.000000 132.181117
-0.008672 0.099770 200.000000 115.337469
0.007842 0.069949 200.000000 93.242152
-0.004062 0.027575 200.000000 25.225734
0.002269 0.030940 200.000000 35.072210
0.008450 0.042635 200.000000 57.459801
-0.004058 0.061910 200.000000 69.700224
0.000248 0.008244 200.000000 7.602821
0.007087 0.027987 200.000000 36.402814
-0.000583 0.045116 200.000000 50.923314
-0.000642 0.063676 200.000000 75.525198
-0.002369 0.042233 200.000000 45.381657
-0.008954 0.065298 200.000000 69.504586
0.002864 0.059655 200.000000 73.903565
0.003286 0.005065 200.000000 5.837844
-0.008985 0.083610 200.000000 93.593972
0.001796 0.037846 200.000000 43.717383
-0.003208 0.089087 200.000000 106.722560
-0.001994 0.072313 200.000000 85.624109
0.004474 0.059837 200.000000 75.918228
0.003344 0.094331 200.000000 120.806584
0.002755 0.094856 200.000000 120.857502
0.005161 0.016380 200.000000 19.024915
-0.008808 0.084882 200.000000 95.449463
-0.001508 0.008598 200.000000 8.627410
0.006867 0.045119 200.000000 58.948655
0.008628 0.082879 200.000000 111.440277
-0.002977 0.051679 200.000000 57.232128
0.003183 0.029544 200.000000 34.173508
0.006271 0.067970 200.000000 88.806803
-0.003707 0.030020 200.000000 28.493739
0.001556 0.075217 200.000000 93.275090
0.003629 0.087215 200.000000 111.598308
0.001030 0.085548 200.000000 106.515547
0.001028 0.064134 200.000000 77.903076
-0.007356 0.026640 200.000000 22.383046
0.007131 0.037616 200.000000 49.248469
-0.006191 0.012782 200.000000 12.438186
-0.007081 0.098543 200.000000 115.318263
0.001766 0.054848 200.000000 66.301987
0.001410 0.039462 200.000000 45.460985
0.003685 0.086372 200.000000 110.532324
-0.001050 0.086676 200.000000 105.784560
-0.008707 0.085716 200.000000 96.653217
-0.009086 0.094351 200.000000 107.726872
-0.009766 0.049896 200.000000 48.890698
0.008912 0.085276 200.000000 114.975602
-0.001653 0.050068 200.000000 56.408744
-0.005650 0.062340 200.000000 68.714917
-0.000279 0.075151 200.000000 91.215212
0.000530 0.067014 200.000000 81.214310
-0.009621 0.045059 200.000000 42.901806
0.006193 0.045804 200.000000 59.097406
-0.004008 0.034803 200.000000 34.295845
0.003029 0.078338 200.000000 99.058668
0.000578 0.041159 200.000000 46.857677
0.004905 0.025990 200.000000 31.316371
0.001190 0.027656 200.000000 29.689117
-0.003201 0.014920 200.000000 12.089705
-0.005861 0.042648 200.000000 42.800561
-0.001287 0.066159 200.000000 78.160076
0.007773 0.092919 200.000000 123.898648
0.006763 0.077771 200.000000 102.475451
-0.006460 0.083682 200.000000 96.186135
0.006286 0.079551 200.000000 104.317090
-0.001866 0.034965 200.000000 36.355829
-0.006434 0.031275 200.000000 28.150573
0.005354 0.052658 200.000000 67.305516
0.007555 0.053663 200.000000 71.143126
-0.000795 0.015022 200.000000 12.665248
0.000897 0.058616 200.000000 70.401634
-0.004752 0.001968 200.000000 16.575708
-0.004554 0.038043 200.000000 37.985260
0.003406 0.068436 200.000000 86.231414
-0.001770 0.076905 200.000000 91.979450
-0.004938 0.075388 200.000000 86.699882
0.004526 0.060044 200.000000 76.251273
0.005083 0.021633 200.000000 25.774392
0.005001 0.046538 200.000000 58.741058
0.007076 0.041662 200.000000 54.575772
-0.008566 0.078221 200.000000 86.874910
0.003847 0.023477 200.000000 26.880480
0.007042 0.034898 200.000000 45.529032
0.006842 0.048105 200.000000 62.906189
0.008990 0.053239 200.000000 72.234994
-0.001133 0.057014 200.000000 66.150190
-0.002869 0.079253 200.000000 93.963075
0.008215 0.012286 200.000000 17.230364
0.009875 0.073244 200.000000 99.994343
0.003999 0.016708 200.000000 18.255451
0.005816 0.073095 200.000000 95.148199
-0.002239 0.028226 200.000000 27.386059
-0.006603 0.064812 200.000000 71.062365
-0.005116 0.085524 200.000000 99.996661
-0.001740 0.095502 200.000000 116.839174
-0.002113 0.078575 200.000000 93.846604
0.003280 0.091323 200.000000 116.708942
0.007825 0.036160 200.000000 48.110691
-0.007736 0.014966 200.000000 13.880255
0.009525 0.004492 200.000000 9.680436
0.007676 0.032020 200.000000 42.433476
-0.006252 0.046977 200.000000 48.049851
-0.001900 0.021871 200.000000 19.791107
-0.006931 0.095102 200.000000 110.891364
-0.002107 0.058551 200.000000 67.198981
-0.002930 0.036024 200.000000 36.779063
0.009422 0.092608 200.000000 125.373053
-0.007391 0.057711 200.000000 61.004097
0.003232 0.036231 200.000000 43.083338
-0.007461 0.090831 200.000000 104.677018
-0.002599 0.034045 200.000000 34.513311
0.008079 0.042849 200.000000 57.313303
0.001101 0.095980 200.000000 120.545639
0.001197 0.020186 200.000000 20.081964
-0.006350 0.085972 200.000000 99.338075
-0.001209 0.016233 200.000000 13.755407
-0.007965 0.034517 200.000000 31.086624
-0.007568 0.094961 200.000000 110.058415
-0.000180 0.009031 200.000000 8.034823
-0.003364 0.094085 200.000000 113.227597
0.006656 0.015281 200.000000 19.243973
-0.002127 0.009368 200.000000 9.114823
0.003797 0.019474 200.000000 21.610316
-0.005844 0.057380 200.000000 61.998657
-0.001051 0.067591 200.000000 80.315426
-0.009483 0.078757 200.000000 86.703040
0.001513 0.082215 200.000000 102.583204
0.002180 0.069400 200.000000 86.179289
-0.007002 0.042799 200.000000 42.057437
-0.008761 0.008174 200.000000 16.902731
0.009069 0.028837 200.000000 39.847414
0.008116 0.088319 200.000000 118.133756
0.009026 0.091603 200.000000 123.572425
-0.002056 0.015922 200.000000 13.127564
-0.002967 0.093866 200.000000 113.352996
0.004283 0.067209 200.000000 85.560638
-0.007206 0.099836 200.000000 116.912863
-0.005615 0.013520 200.000000 12.148304
-0.001733 0.036271 200.000000 38.177253
0.006655 0.025409 200.000000 32.497783
0.007556 0.040448 200.000000 53.510209
-0.008779 0.025919 200.000000 21.226350
-0.002597 0.050992 200.000000 56.696820
0.009712 0.069864 200.000000 95.285585
0.006320 0.071649 200.000000 93.784073
0.009967 0.027154 200.000000 38.699614
-0.006933 0.059203 200.000000 63.377485
-0.009839 0.091754 200.000000 103.539867
-0.008554 0.091477 200.000000 104.441705
-0.008361 0.023021 200.000000 18.624427
-0.002221 0.067538 200.000000 79.028705
0.009099 0.072940 200.000000 98.689014
-0.007210 0.068894 200.000000 75.864633
-0.006145 0.040186 200.000000 39.418562
-0.000965 0.095961 200.000000 118.282815
-0.004753 0.038375 200.000000 38.244445
0.009841 0.080023 200.000000 109.021447
0.002388 0.008910 200.000000 8.003317
0.005872 0.027472 200.000000 34.344010
-0.006661 0.079334 200.000000 90.213191
0.001214 0.038726 200.000000 44.283989
0.004051 0.067620 200.000000 85.852328
0.006842 0.056617 200.000000 74.276199
-0.009527 0.061166 200.000000 63.599264
-0.006526 0.055120 200.000000 58.404598
0.006844 0.062637 200.000000 82.323871
0.008371 0.086567 200.000000 116.080835
0.000598 0.088473 200.000000 109.957221
-0.009836 0.015252 200.000000 15.610282
0.002000 0.006718 200.000000 6.574005
0.003488 0.052693 200.000000 65.287753
0.004842 0.085042 200.000000 110.041842
0.001460 0.036114 200.000000 41.079479
-0.004040 0.045744 200.000000 48.422652
-0.006606 0.077531 200.000000 87.876958
0.000071 0.024625 200.000000 24.744293
0.006900 0.052885 200.000000 69.354337
-0.002139 0.092646 200.000000 112.599345
-0.000321 0.035043 200.000000 37.900656
-0.003421 0.090983 200.000000 109.028031
-0.006628 0.063540 200.000000 69.362947
-0.003388 0.075006 200.000000 87.768826
0.005282 0.092052 200.000000 119.917271
0.003842 0.073120 200.000000 92.977032
0.004414 0.093747 200.000000 121.215170
-0.000036 0.007371 200.000000 7.576828
0.000459 0.056889 200.000000 67.637399
-0.008454 0.007683 200.000000 16.828836
-0.000237 0.010634 200.000000 8.917109
-0.000068 0.022666 200.000000 22.140445
-0.006959 0.030966 200.000000 27.467484
-0.005859 0.052440 200.000000 55.509172
0.008391 0.071554 200.000000 96.019269
0.007420 0.084339 200.000000 112.012779
-0.003292 0.041007 200.000000 42.923792
0.008592 0.021009 200.000000 28.958660
0.008264 0.009628 200.000000 13.985239
0.003967 0.085077 200.000000 109.111915
0.000349 0.096130 200.000000 119.927867
-0.009375 0.094963 200.000000 108.250970
0.005910 0.069340 200.000000 90.230930
0.008250 0.019046 200.000000 25.981787
0.003499 0.097065 200.000000 124.637040
0.004230 0.099525 200.000000 128.743854
-0.002084 0.035493 200.000000 36.843976
0.004793 0.098303 200.000000 127.737527
0.009705 0.073782 200.000000 100.515826
-0.009915 0.030813 200.000000 25.901255
-0.003728 0.033272 200.000000 32.575837
0.005566 0.026245 200.000000 32.380110
0.007185 0.001134 200.000000 5.465844
0.005744 0.063838 200.000000 82.686710
0.008449 0.097249 200.000000 130.466835
0.007837 0.026063 200.000000 34.724244
0.006446 0.044208 200.000000 57.254682
-0.003211 0.023539 200.000000 20.937205
-0.003044 0.059649 200.000000 67.712844
0.004319 0.095008 200.000000 122.796871
0.001517 0.090567 200.000000 113.757334
0.000396 0.099286 200.000000 124.198645
0.004165 0.046313 200.000000 57.516342
0.003166 0.031559 200.000000 36.819434
0.007190 0.032228 200.000000 42.147579
-0.001172 0.067057 200.000000 79.477406
-0.001517 0.053184 200.000000 60.673991
-0.005372 0.033436 200.000000 31.514190
0.003363 0.024677 200.000000 27.952688
0.001233 0.039939 200.000000 45.910185
0.001973 0.080536 200.000000 100.840783
0.003169 0.024011 200.000000 26.881935
0.000110 0.088284 200.000000 109.177202
0.008742 0.052286 200.000000 70.673726
0.003739 0.033571 200.000000 40.094765
0.001463 0.078287 200.000000 97.277940
0.007108 0.096764 200.000000 128.289207
0.004059 0.083192 200.000000 106.693371
0.001926 0.094119 200.000000 118.958166
0.002289 0.011572 200.000000 10.586801
0.005163 0.037203 200.000000 46.477638
-0.008135 0.066141 200.000000 71.366983
0.007070 0.073537 200.000000 97.160528
0.000315 0.083487 200.000000 102.986126
0.001672 0.040332 200.000000 46.884797
-0.004930 0.055661 200.000000 60.602334
0.005007 0.035881 200.000000 44.546075
0.004072 0.037125 200.000000 45.174801
0.005459 0.097359 200.000000 127.221441
0.004145 0.038736 200.000000 47.397686
-0.003340 0.068048 200.000000 78.563527
0.001754 0.023421 200.000000 24.724333
-0.002866 0.093773 200.000000 113.335240
0.007690 0.008465 200.000000 11.917357
-0.003924 0.033098 200.000000 32.197479
-0.007213 0.083989 200.000000 95.839932
0.007570 0.022998 200.000000 30.369095
0.001274 0.053058 200.000000 63.394164
0.006178 0.080744 200.000000 105.790790
0.007802 0.063549 200.000000 84.637428
0.005204 0.083618 200.000000 108.541941
0.007981 0.033548 200.000000 44.817106
0.001079 0.047564 200.000000 55.874927
-0.009371 0.040859 200.000000 37.872368
0.006351 0.087407 200.000000 114.905637
-0.006741 0.072013 200.000000 80.437666
0.004006 0.012180 200.000000 12.611899
0.009016 0.072649 200.000000 98.202973
0.003131 0.039871 200.000000 47.812114
-0.009899 0.090725 200.000000 102.119411
-0.001048 0.048872 200.000000 55.430076
-0.006799 0.004377 200.000000 17.178628
-0.004926 0.024078 200.000000 20.620022
0.008365 0.021149 200.000000 28.871481
0.002403 0.078187 200.000000 98.169014
0.006941 0.047299 200.000000 61.943121
-0.007010 0.086113 200.000000 98.862708
-0.001145 0.021727 200.000000 20.139671
0.003799 0.016613 200.000000 17.937531
0.003149 0.055243 200.000000 68.322837
0.005529 0.076756 200.000000 99.724381
0.009835 0.021517 200.000000 31.123216
-0.009022 0.002647 200.000000 21.940884
0.003766 0.061057 200.000000 76.765549
0.005206 0.020746 200.000000 24.745511
-0.005583 0.065604 200.000000 73.090421
0.001912 0.061322 200.000000 75.098490
0.004650 0.004042 200.000000 5.497425
0.000061 0.084682 200.000000 104.310949
0.000774 0.086449 200.000000 107.442126
-0.001300 0.030725 200.000000 31.372994
-0.002771 0.049148 200.000000 54.092000
0.007999 0.052120 200.000000 69.593253
0.001529 0.097943 200.000000 123.638930
0.006013 0.046044 200.000000 59.214582
-0.009843 0.015810 200.000000 15.627274
-0.003823 0.058913 200.000000 65.965289
0.006480 0.097271 200.000000 128.255261
0.004822 0.048867 200.000000 61.649381
-0.006242 0.033752 200.000000 31.284648
-0.005003 0.092503 200.000000 109.408545
-0.003972 0.062985 200.000000 71.209602
-0.008655 0.095702 200.000000 109.950191
-0.001948 0.046440 200.000000 51.321557
-0.005881 0.059796 200.000000 65.142542
0.004884 0.090476 200.000000 117.361329
-0.008802 0.051252 200.000000 51.401265
-0.006420 0.033978 200.000000 31.438651
0.001364 0.009946 200.000000 8.574618
0.006128 0.011723 200.000000 14.149706
-0.000137 0.071124 200.000000 85.990661
0.005207 0.021036 200.000000 25.127050
0.000506 0.096376 200.000000 120.426665
0.003855 0.066860 200.000000 84.619623
0.008286 0.070717 200.000000 94.778527
0.003176 0.032788 200.000000 38.457044
0.001278 0.088847 200.000000 111.197721
0.002085 0.084895 200.000000 106.793247
0.004165 0.049307 200.000000 61.510860
0.008407 0.096796 200.000000 129.812186
-0.008328 0.092876 200.000000 106.523461
-0.000006 0.045317 200.000000 51.772162
0.001148 0.033514 200.000000 37.332343
0.007695 0.018787 200.000000 24.990015
0.003860 0.009836 200.000000 9.771748
-0.007035 0.096939 200.000000 113.231297
-0.002796 0.013337 200.000000 10.940430
-0.001916 0.075300 200.000000 89.687140
0.005678 0.005698 200.000000 6.964609
0.002537 0.033055 200.000000 38.141280
0.007871 0.091869 200.000000 122.604933
0.002519 0.014169 200.000000 13.745229
0.001966 0.039494 200.000000 46.079837
-0.007931 0.031682 200.000000 27.761988
0.004590 0.006837 200.000000 7.240255
-0.009653 0.033392 200.000000 28.849736
-0.008896 0.088230 200.000000 99.798145
0.007268 0.003618 200.000000 6.531631
0.000442 0.029805 200.000000 31.777922
-0.008199 0.020106 200.000000 16.367094
0.001011 0.086641 200.000000 107.956418
-0.007765 0.019680 200.000000 15.997916
-0.004826 0.011261 200.000000 11.267240
0.009945 0.010971 200.000000 17.705730
0.004570 0.073640 200.000000 94.481332
0.008945 0.058524 200.000000 79.241145
0.004336 0.058462 200.000000 73.926774
-0.007368 0.041251 200.000000 39.808863
-0.002455 0.052148 200.000000 58.365286
-0.002780 0.003728 200.000000 12.265888
-0.009058 0.071225 200.000000 77.185224
0.007305 0.022844 200.000000 29.858914
-0.000592 0.038943 200.000000 42.764987
0.000603 0.026547 200.000000 27.694690
-0.007317 0.045507 200.000000 45.259543
0.007614 0.057998 200.000000 77.001885
-0.002422 0.078326 200.000000 93.191332
-0.001529 0.082168 200.000000 99.255608
0.002487 0.016483 200.000000 16.554973
-0.001135 0.071826 200.000000 85.873047
-0.009823 0.078192 200.000000 85.635530
0.004374 0.049394 200.000000 61.857814
0.003845 0.002799 200.000000 5.739660
-0.002124 0.079085 200.000000 94.515860
-0.004318 0.071840 200.000000 82.611340
-0.004107 0.096951 200.000000 116.271328
-0.003593 0.076602 200.000000 89.682134
0.005143 0.067929 200.000000 87.482426
-0.003230 0.038192 200.000000 39.319929
0.009019 0.099221 200.000000 133.760027
0.003568 0.075612 200.000000 96.006951
0.004425 0.096377 200.000000 124.746780
0.007384 0.097417 200.000000 129.477337
0.001398 0.072610 200.000000 89.620933
-0.008145 0.007900 200.000000 16.269264
-0.000659 0.096592 200.000000 119.455539
-0.001650 0.011585 200.000000 9.672088
-0.008728 0.084809 200.000000 95.430718
-0.009603 0.060727 200.000000 62.962192
0.003938 0.020512 200.000000 23.102912
0.001789 0.005895 200.000000 6.459703
0.009275 0.069085 200.000000 93.737678
0.002219 0.059519 200.000000 73.023223
0.004105 0.036902 200.000000 44.915564
-0.008844 0.074255 200.000000 81.375280
-0.004791 0.065462 200.000000 73.680498
0.002114 0.030661 200.000000 34.545802
-0.001421 0.038170 200.000000 40.951189
-0.005914 0.069908 200.000000 78.460624
-0.004477 0.092862 200.000000 110.432292
-0.004834 0.094643 200.000000 112.434996
-0.000353 0.014978 200.000000 12.814302
-0.008453 0.080340 200.000000 89.785581
-0.001116 0.098654 200.000000 121.720010
-0.001746 0.047187 200.000000 52.506328
-0.009005 0.091245 200.000000 103.687149
0.004917 0.054466 200.000000 69.232619
0.004917 0.062379 200.000000 79.808311
-0.007174 0.062097 200.000000 66.950976
-0.003298 0.077125 200.000000 90.682425
0.001305 0.024325 200.000000 25.471664
0.006212 0.089090 200.000000 117.000546
0.006583 0.060055 200.000000 78.576250
0.002571 0.025314 200.000000 27.984254
0.004271 0.025678 200.000000 30.220996
0.000832 0.070095 200.000000 85.651540
-0.006736 0.052675 200.000000 55.023270
0.006459 0.031317 200.000000 40.103493
0.006653 0.052944 200.000000 69.152674
-0.002388 0.043287 200.000000 46.746257
0.008084 0.066792 200.000000 89.297699
-0.002429 0.027334 200.000000 26.113712
0.002762 0.037891 200.000000 44.788623
0.009333 0.080701 200.000000 109.340380
0.004435 0.041526 200.000000 51.431075
0.009558 0.055158 200.000000 75.458878
-0.006036 0.002175 200.000000 18.170850
-0.001959 0.002980 200.000000 11.822281
-0.006238 0.055517 200.000000 59.188175
-0.005775 0.051478 200.000000 54.328519
0.001043 0.040130 200.000000 45.969480
-0.008678 0.058633 200.000000 61.052608
-0.007285 0.079538 200.000000 89.866825
-0.005794 0.019177 200.000000 15.475195
0.006677 0.036327 200.000000 47.012990
-0.002562 0.016728 200.000000 13.766949
-0.007289 0.090220 200.000000 104.037789
0.003580 0.013201 200.000000 13.470510
-0.002573 0.002294 200.000000 13.265243
0.003095 0.059307 200.000000 73.690968
0.002773 0.072558 200.000000 91.047987
-0.004126 0.024671 200.000000 21.721064
-0.000140 0.096105 200.000000 119.364258
0.004735 0.079911 200.000000 103.056088
0.001086 0.011614 200.000000 10.003611
0.008790 0.034213 200.000000 46.647869
-0.001055 0.068384 200.000000 81.366581
0.000925 0.018694 200.000000 17.992076
0.008057 0.024321 200.000000 32.681481
-0.008063 0.064708 200.000000 69.552304
0.002475 0.070744 200.000000 88.296786
-0.004870 0.017612 200.000000 14.211682
-0.005109 0.078922 200.000000 91.222996
0.004188 0.070877 200.000000 90.359730
0.005474 0.075135 200.000000 97.493850
0.005668 0.033645 200.000000 42.306626
-0.007369 0.086838 200.000000 99.465972
0.001135 0.035903 200.000000 40.470180
-0.002063 0.065598 200.000000 76.610427
0.003154 0.059868 200.000000 74.504768
0.009365 0.056868 200.000000 77.517519
0.000925 0.090154 200.000000 112.561327
0.000474 0.099999 200.000000 125.238470
0.006731 0.096518 200.000000 127.531812
0.008769 0.055514 200.000000 75.015905
0.003780 0.026379 200.000000 30.625113
0.000405 0.059336 200.000000 70.841066
0.001477 0.087483 200.000000 109.589279
0.008852 0.051340 200.000000 69.539786
-0.007606 0.099608 200.000000 116.201884
0.000144 0.074375 200.000000 90.630347
0.004325 0.023877 200.000000 27.908496
0.004951 0.007604 200.000000 8.231979
-0.005542 0.044429 200.000000 45.368919
0.006236 0.076660 200.000000 100.392408
0.003013 0.062321 200.000000 77.628403
-0.001896 0.056083 200.000000 64.136769
-0.004611 0.034227 200.000000 33.081540
0.007196 0.026358 200.000000 34.370836
0.008634 0.075358 200.000000 101.386508
0.003318 0.016486 200.000000 17.314470
0.009523 0.013218 200.000000 20.001950
-0.006495 0.027453 200.000000 23.655051
0.006798 0.042562 200.000000 55.460019
0.009204 0.091757 200.000000 123.983646
0.003722 0.003774 200.000000 5.607023
0.008811 0.077856 200.000000 104.931973
0.004501 0.098436 200.000000 127.589056
0.000461 0.005932 200.000000 7.312048
-0.003625 0.084709 200.000000 100.448363
-0.007797 0.066699 200.000000 72.416589
0.001419 0.035265 200.000000 39.915581
-0.008040 0.018284 200.000000 15.230010
-0.005504 0.054843 200.000000 58.985535
0.005173 0.032290 200.000000 39.954744
0.009323 0.079300 200.000000 107.453636
0.006762 0.014288 200.000000 18.089715
0.007828 0.082607 200.000000 110.160294
-0.005339 0.057963 200.000000 63.242580
-0.001526 0.083818 200.000000 101.460913
0.005109 0.051826 200.000000 65.919882
0.001493 0.005562 200.000000 6.620419
0.000723 0.005776 200.000000 7.134816
0.007270 0.087080 200.000000 115.510059
0.002379 0.030650 200.000000 34.800485
0.000538 0.061911 200.000000 74.414807
0.003745 0.050087 200.000000 62.090658
-0.003567 0.006731 200.000000 11.174370
0.009163 0.077713 200.000000 105.146522
-0.002049 0.079408 200.000000 95.025796
-0.006321 0.052589 200.000000 55.283439
-0.007896 0.089289 200.000000 102.192770
0.001562 0.089986 200.000000 113.030019
0.008875 0.002354 200.000000 7.094743
0.007137 0.080619 200.000000 106.711352
0.004240 0.056532 200.000000 71.241965
0.001176 0.070834 200.000000 87.007702
0.000990 0.074378 200.000000 91.542641
-0.005082 0.065972 200.000000 74.067626
-0.008582 0.084005 200.000000 94.510361
0.002948 0.084628 200.000000 107.384341
-0.001699 0.089839 200.000000 109.318457
0.009941 0.016549 200.000000 24.788601
0.005156 0.050611 200.000000 64.350784
-0.002873 0.090049 200.000000 108.357240
0.004311 0.013635 200.000000 14.679410
0.009056 0.070573 200.000000 95.473285
-0.006603 0.050928 200.000000 52.867072
-0.008260 0.041234 200.000000 39.118865
-0.001948 0.076802 200.000000 91.655257
0.002915 0.074662 200.000000 94.016172
-0.001834 0.092155 200.000000 112.267744
-0.006109 0.099795 200.000000 117.983702
-0.006564 0.024965 200.000000 20.891698
-0.001119 0.001275 200.000000 12.301126
0.003127 0.032321 200.000000 37.786792
-0.005282 0.065939 200.000000 73.828642
0.001843 0.086353 200.000000 108.477479
-0.006271 0.049419 200.000000 51.199929
0.009453 0.027794 200.000000 38.926132
0.005796 0.034951 200.000000 44.186515
0.004865 0.022469 200.000000 26.637140
0.005900 0.062732 200.000000 81.382712
-0.008546 0.020624 200.000000 16.783342
0.001258 0.032681 200.000000 36.344173
-0.001746 0.045614 200.000000 50.429856
-0.009439 0.004244 200.000000 21.013498
0.003722 0.003234 200.000000 5.684511
-0.004826 0.012822 200.000000 11.487900
-0.009082 0.064899 200.000000 68.866549
0.008170 0.026712 200.000000 35.973644
-0.007000 0.038219 200.000000 36.279879
0.002584 0.036905 200.000000 43.292408
0.000755 0.017163 200.000000 15.992706
-0.009975 0.091271 200.000000 102.767014
-0.009524 0.075522 200.000000 82.400786
-0.002140 0.008459 200.000000 9.118920
-0.002458 0.080515 200.000000 96.073705
-0.006849 0.062133 200.000000 67.301861
-0.002457 0.005553 200.000000 10.517589
0.009273 0.048109 200.000000 65.720496
0.002843 0.088614 200.000000 112.601421
-0.009488 0.002958 200.000000 22.303531
-0.003548 0.012518 200.000000 10.727932
-0.000932 0.099918 200.000000 123.607617
-0.008315 0.092121 200.000000 105.534690
-0.001984 0.055097 200.000000 62.740083
0.007717 0.043487 200.000000 57.745713
0.006994 0.080351 200.000000 106.190471
-0.005347 0.094995 200.000000 112.373531
-0.004078 0.053023 200.000000 57.940488
0.005134 0.071602 200.000000 92.385592
-0.009896 0.028150 200.000000 23.165960
-0.007477 0.017140 200.000000 14.440793
0.009360 0.049625 200.000000 67.843520
0.007765 0.091195 200.000000 121.581796
-0.006192 0.009532 200.000000 12.962021
-0.000027 0.002755 200.000000 9.551362
0.008127 0.085140 200.000000 113.891040
-0.006329 0.006113 200.000000 15.114395
0.008883 0.016202 200.000000 23.043748
0.006602 0.025429 200.000000 32.463083
-0.005114 0.085337 200.000000 99.750211
0.003360 0.077364 200.000000 98.119720
-0.008674 0.092390 200.000000 105.533443
-0.009219 0.064171 200.000000 67.791988
-0.001044 0.013281 200.000000 10.921532
0.007659 0.014757 200.000000 19.723574
0.001463 0.064654 200.000000 79.062248
-0.003670 0.034271 200.000000 33.895103
-0.004095 0.026534 200.000000 23.945910
0.005809 0.015209 200.000000 18.215221
-0.003782 0.021516 200.000000 18.313729
0.008039 0.027050 200.000000 36.266605
-0.001144 0.099184 200.000000 122.398868
0.000453 0.003155 200.000000 8.666886
0.008223 0.029575 200.000000 39.825664
-0.007474 0.081734 200.000000 92.591062
-0.008050 0.047424 200.000000 47.113029
-0.004046 0.072213 200.000000 83.383500
0.004861 0.022017 200.000000 26.037981
0.008684 0.076152 200.000000 102.505231
-0.003017 0.046192 200.000000 49.966305
-0.006334 0.067520 200.000000 74.894062
0.009020 0.011256 200.000000 16.910211
-0.006578 0.084186 200.000000 96.736479
-0.004499 0.017549 200.000000 14.175324
0.000098 0.004008 200.000000 8.487717
0.002802 0.094262 200.000000 120.113866
0.008474 0.029689 200.000000 40.271902
0.000289 0.041095 200.000000 46.479743
0.006562 0.056538 200.000000 73.851264
0.001669 0.003696 200.000000 7.034730
0.003302 0.059649 200.000000 74.374503
0.004618 0.045533 200.000000 56.975837
-0.004136 0.084533 200.000000 99.684781
-0.006585 0.064632 200.000000 70.841922
0.003151 0.045257 200.000000 55.005036
-0.000539 0.044707 200.000000 50.426841
-0.007691 0.044514 200.000000 43.690019
-0.005057 0.077143 200.000000 88.911267
0.002856 0.032075 200.000000 37.176671
-0.000619 0.005611 200.000000 8.410255
0.005177 0.005110 200.000000 6.188182
0.005896 0.050772 200.000000 65.395846
0.004440 0.079999 200.000000 102.844763
0.000590 0.072305 200.000000 88.343877
-0.003153 0.018296 200.000000 15.146722
-0.003443 0.020251 200.000000 17.085583
-0.005593 0.065514 200.000000 72.962690
-0.002335 0.053750 200.000000 60.603970
-0.005120 0.055565 200.000000 60.294359
-0.003842 0.009620 200.000000 10.494990
-0.000804 0.047345 200.000000 53.652818
0.009056 0.074550 200.000000 100.792816
-0.000303 0.078422 200.000000 95.557317
0.005936 0.063707 200.000000 82.726219
0.000782 0.029980 200.000000 32.332118
0.008744 0.025929 200.000000 35.615268
-0.007568 0.082222 200.000000 93.144546
0.007564 0.018227 200.000000 24.106796
0.003300 0.071696 200.000000 90.474314
0.008497 0.068688 200.000000 92.307378
-0.006423 0.077460 200.000000 87.964104
-0.001921 0.003866 200.000000 11.036446
-0.000335 0.067155 200.000000 80.485753
-0.009052 0.071280 200.000000 77.263270
-0.005500 0.042421 200.000000 42.813885
-0.009805 0.009280 200.000000 17.567569
0.003116 0.080597 200.000000 102.175286
0.008395 0.006665 200.000000 10.657056
0.005111 0.025019 200.000000 30.259346
0.004348 0.029355 200.000000 35.162123
0.006483 0.044222 200.000000 57.314893
0.003535 0.033710 200.000000 40.060867
-0.008015 0.016945 200.000000 14.610975
0.009751 0.002562 200.000000 8.178050
-0.005695 0.046350 200.000000 47.723414
0.009898 0.035916 200.000000 50.223916
0.003724 0.056454 200.000000 70.568467
-0.003918 0.010565 200.000000 10.518344
0.008190 0.063337 200.000000 84.800337
0.006984 0.069515 200.000000 91.681837
0.001823 0.063087 200.000000 77.358526
-0.003395 0.056868 200.000000 63.681117
0.001953 0.045167 200.000000 53.604103
-0.008547 0.004773 200.000000 19.274613
-0.000931 0.043757 200.000000 48.780407
0.005727 0.030454 200.000000 38.133488
-0.004602 0.052006 200.000000 56.106654
-0.005773 0.056216 200.000000 60.536772
0.007227 0.084107 200.000000 111.482503
0.008365 0.099035 200.000000 132.761796
-0.005692 0.053929 200.000000 57.612133
0.002619 0.056485 200.000000 69.404601
0.000234 0.089500 200.000000 110.936496
-0.002416 0.038848 200.000000 40.908969
-0.003829 0.072884 200.000000 84.494701
0.001226 0.074481 200.000000 91.934223
0.003729 0.093630 200.000000 120.295200
0.003229 0.039266 200.000000 47.113162
-0.004533 0.094076 200.000000 111.991903
-0.005253 0.012270 200.000000 11.669572
-0.005922 0.059008 200.000000 64.065090
0.006527 0.060875 200.000000 79.608629
0.005729 0.057038 200.000000 73.578242
-0.001185 0.005777 200.000000 8.932494
-0.008813 0.060662 200.000000 63.576059
0.002842 0.002885 200.000000 6.407925
-0.009460 0.007821 200.000000 18.083607
0.009575 0.009451 200.000000 15.371042
0.004284 0.075013 200.000000 96.000538
-0.008047 0.017789 200.000000 14.987078
-0.003893 0.095948 200.000000 115.157541
-0.008773 0.027575 200.000000 22.883662
0.002370 0.054353 200.000000 66.290613
0.001095 0.062958 200.000000 76.405164
0.000606 0.050580 200.000000 59.391565
0.009946 0.097774 200.000000 132.890753
-0.009231 0.095405 200.000000 108.981528
0.009604 0.003715 200.000000 9.017898
0.008668 0.004546 200.000000 8.736346
-0.009507 0.066560 200.000000 70.653855
0.009142 0.064152 200.000000 86.988708
-0.008069 0.090718 200.000000 103.917766
-0.006096 0.007908 200.000000 13.622144
0.004152 0.075972 200.000000 97.136632
0.008118 0.082381 200.000000 110.190624
0.008657 0.063297 200.000000 85.285452
0.009358 0.010092 200.000000 15.884737
0.002232 0.050366 200.000000 60.825817
0.004735 0.070275 200.000000 90.164118
0.002377 0.064738 200.000000 80.163527
0.004156 0.031626 200.000000 37.963324
-0.004963 0.059088 200.000000 65.086222
0.000116 0.077164 200.000000 94.324110
-0.007454 0.062402 200.000000 67.091104
-0.007692 0.092823 200.000000 107.092598
0.003009 0.080411 200.000000 101.808673
-0.002496 0.009208 200.000000 9.377047
0.000044 0.025418 200.000000 25.734182
-0.002150 0.043843 200.000000 47.704867
-0.002370 0.064987 200.000000 75.482837
0.008894 0.055661 200.000000 75.357855
0.004367 0.010871 200.000000 11.372927
0.005332 0.057287 200.000000 73.466123
0.003788 0.099241 200.000000 127.871826
-0.005987 0.047208 200.000000 48.580434
0.003042 0.091478 200.000000 116.653783
-0.004056 0.077693 200.000000 90.660159
-0.009070 0.047335 200.000000 46.185236
-0.007610 0.054679 200.000000 56.854487
0.009211 0.082501 200.000000 111.606076
-0.005950 0.032664 200.000000 30.150366
0.000518 0.094878 200.000000 118.436758
-0.000574 0.018791 200.000000 17.004471
-0.004121 0.061680 200.000000 69.334182
0.001395 0.079746 200.000000 99.154322
-0.000183 0.056699 200.000000 66.712440
0.007324 0.042024 200.000000 55.343988
0.001926 0.025310 200.000000 27.342139
0.009687 0.027548 200.000000 38.882782
-0.008789 0.064468 200.000000 68.569862
0.006759 0.075395 200.000000 99.292327
0.006344 0.052198 200.000000 67.805914
0.006488 0.099173 200.000000 130.811090
0.002851 0.096238 200.000000 122.812061
-0.002884 0.068790 200.000000 80.014196
0.000368 0.069121 200.000000 83.853663
0.003268 0.016417 200.000000 17.180559
-0.004385 0.032118 200.000000 30.603927
0.006119 0.085750 200.000000 112.425013
0.005820 0.057444 200.000000 74.223974
-0.002650 0.064206 200.000000 74.158966
-0.003819 0.035852 200.000000 35.793973
0.005521 0.072930 200.000000 94.595190
-0.002991 0.080707 200.000000 95.772359
0.001882 0.027622 200.000000 30.320009
0.000503 0.098416 200.000000 123.152058
-0.008034 0.030459 200.000000 26.307877
-0.005396 0.067891 200.000000 76.299906
0.009240 0.010338 200.000000 16.041160
-0.004594 0.026323 200.000000 23.385735
-0.007910 0.097580 200.000000 113.194858
-0.006655 0.061805 200.000000 67.053818
0.006037 0.087292 200.000000 114.396722
0.002716 0.075607 200.000000 95.062294
0.008160 0.048245 200.000000 64.605060
0.003067 0.027013 200.000000 30.717411
-0.007440 0.002723 200.000000 19.616869
0.000911 0.020837 200.000000 20.658599
0.004793 0.023045 200.000000 27.315410
0.001323 0.099352 200.000000 125.298451
0.009232 0.036128 200.000000 49.714462
0.003219 0.086844 200.000000 110.648388
0.001020 0.026292 200.000000 27.751722
0.004379 0.027929 200.000000 33.309010
0.004874 0.008412 200.000000 9.019200
-0.004378 0.015219 200.000000 12.419011
0.009303 0.061646 200.000000 83.828163
0.004202 0.006823 200.000000 7.007746
0.000386 0.083456 200.000000 103.022575
-0.001255 0.002456 200.000000 11.364956
-0.006980 0.020348 200.000000 16.421744
0.004549 0.089397 200.000000 115.541941
0.008093 0.005463 200.000000 9.014720
0.001809 0.051351 200.000000 61.686140
0.008613 0.039937 200.000000 54.055317
-0.004658 0.034317 200.000000 33.159226
-0.006109 0.097846 200.000000 115.387332
-0.002915 0.089574 200.000000 107.678470
0.008779 0.010224 200.000000 15.336433
0.009480 0.099917 200.000000 135.221454
0.007823 0.023324 200.000000 31.092299
0.006790 0.036088 200.000000 46.824121
0.007085 0.061512 200.000000 81.095557
-0.009524 0.081649 200.000000 90.480273
0.001876 0.040821 200.000000 47.748151
-0.002353 0.092724 200.000000 112.476083
0.003736 0.064986 200.000000 81.983390
0.006787 0.092275 200.000000 121.914427
0.000302 0.021818 200.000000 21.380123
-0.006263 0.016736 200.000000 13.794206
-0.001563 0.079644 200.000000 95.850990
-0.006165 0.057002 200.000000 61.202395
-0.003387 0.005964 200.000000 11.402889
0.003453 0.040551 200.000000 49.063051
-0.002011 0.018199 200.000000 15.503700
0.005553 0.091776 200.000000 119.852512
0.006049 0.006928 200.000000 8.464821
-0.001524 0.067563 200.000000 79.784506
-0.003774 0.034918 200.000000 34.636331
-0.005624 0.019952 200.000000 16.164938
-0.002909 0.021768 200.000000 19.049922
0.006048 0.007813 200.000000 9.418466
0.003243 0.061865 200.000000 77.270423
0.009729 0.049962 200.000000 68.726417
-0.006039 0.088579 200.000000 103.120947
-0.009268 0.023435 200.000000 18.959962
0.004126 0.081907 200.000000 105.048022
-0.001049 0.064564 200.000000 76.283074
-0.008289 0.059832 200.000000 62.962507
0.004658 0.057131 200.000000 72.504957
-0.005848 0.092015 200.000000 107.888733
-0.001862 0.015931 200.000000 13.194744
0.004644 0.094139 200.000000 121.996043
0.009635 0.063840 200.000000 87.146345
-0.005703 0.096129 200.000000 113.517236
0.005909 0.050974 200.000000 65.679788
0.008815 0.032059 200.000000 43.817514
0.006645 0.026320 200.000000 33.689904
0.000059 0.085113 200.000000 104.883447
0.001731 0.031334 200.000000 35.045620
0.005585 0.045512 200.000000 58.023441
0.004791 0.053728 200.000000 68.106773
0.000139 0.005608 200.000000 7.671611
-0.003996 0.040697 200.000000 41.889324
-0.003990 0.077271 200.000000 90.167010
-0.001383 0.091468 200.000000 111.830247
0.000537 0.053706 200.000000 63.480698
0.007116 0.043791 200.000000 57.461767
0.001442 0.032421 200.000000 36.186762
-0.003456 0.059181 200.000000 66.683180
-0.003648 0.098287 200.000000 118.537103
-0.005891 0.041259 200.000000 40.994631
0.002342 0.086594 200.000000 109.347590
-0.007765 0.084170 200.000000 95.531615
0.001312 0.044817 200.000000 52.466970
0.004408 0.065148 200.000000 82.943859
-0.004273 0.037287 200.000000 37.251249
-0.003745 0.072194 200.000000 83.663824
-0.000095 0.040391 200.000000 45.163791
-0.003473 0.021796 200.000000 18.777702
0.000709 0.034207 200.000000 37.808165
0.000287 0.004364 200.000000 8.068982
-0.006602 0.038249 200.000000 36.614290
0.004240 0.040139 200.000000 49.370273
0.002276 0.036996 200.000000 43.089289
0.007774 0.098490 200.000000 131.356973
0.004528 0.034000 200.000000 41.517930
-0.003398 0.096474 200.000000 116.379545
-0.003004 0.010037 200.000000 9.794223
-0.007542 0.017190 200.000000 14.492135
0.001098 0.007856 200.000000 7.208271
0.007816 0.099367 200.000000 132.578867
-0.000284 0.097482 200.000000 121.050128
0.000686 0.038309 200.000000 43.196731
0.008050 0.072668 200.000000 97.117834
0.008498 0.015990 200.000000 22.306694
0.007097 0.070816 200.000000 93.550599
-0.001217 0.047261 200.000000 53.127103
0.001126 0.009539 200.000000 8.205683
0.001687 0.021074 200.000000 21.644375
0.009757 0.071636 200.000000 97.707657
0.004405 0.051281 200.000000 64.411257
-0.008652 0.062856 200.000000 66.585678
-0.006278 0.071752 200.000000 80.545030
-0.001610 0.033655 200.000000 34.887039
0.006855 0.068683 200.000000 90.421691
-0.002576 0.099342 200.000000 121.079184
-0.005521 0.055042 200.000000 59.230792
0.002674 0.061679 200.000000 76.400484
-0.002554 0.062694 200.000000 72.247729
0.001820 0.065784 200.000000 80.957181
-0.004402 0.095045 200.000000 113.421255
0.006977 0.021216 200.000000 27.339144
-0.008935 0.070812 200.000000 76.757557
0.006743 0.084525 200.000000 111.491835
0.008123 0.063905 200.000000 85.482344
-0.006120 0.030708 200.000000 27.666643
-0.001799 0.079923 200.000000 95.975329
0.001986 0.080172 200.000000 100.368248
0.007092 0.016474 200.000000 21.280829
0.009872 0.050210 200.000000 69.224709
-0.004851 0.085188 200.000000 99.821215
-0.002512 0.055903 200.000000 63.279580
0.006124 0.062590 200.000000 81.445827
-0.009245 0.036877 200.000000 33.129384
0.004566 0.030563 200.000000 36.998454
0.008149 0.032230 200.000000 43.261995
0.006710 0.052049 200.000000 68.022056
-0.001173 0.077409 200.000000 93.280773
0.005824 0.046083 200.000000 59.054087
0.003877 0.083141 200.000000 106.422443
0.007815 0.072625 200.000000 96.790231
0.002256 0.006311 200.000000 6.383189
0.001607 0.018840 200.000000 18.741457
0.003461 0.099435 200.000000 127.766730
-0.009868 0.018385 200.000000 16.145575
-0.003023 0.031052 200.000000 30.329633
0.008287 0.059821 200.000000 80.213288
0.009044 0.095830 200.000000 129.251067
-0.007418 0.038885 200.000000 36.803421
0.003446 0.034440 200.000000 40.934592
-0.008119 0.096194 200.000000 111.141448
0.005684 0.037865 200.000000 47.939858
-0.001226 0.083022 200.000000 100.717043
0.004579 0.062739 200.000000 79.913404
-0.004078 0.040208 200.000000 41.183347
-0.004936 0.075916 200.000000 87.403924
-0.002187 0.083853 200.000000 100.810659
0.005203 0.010120 200.000000 11.256485
-0.005511 0.061182 200.000000 67.321933
-0.009951 0.017850 200.000000 16.035973
0.001260 0.075282 200.000000 93.042260
0.004211 0.081759 200.000000 104.942988
-0.006103 0.071313 200.000000 80.135320
0.007265 0.074279 200.000000 98.375126
-0.001193 0.035950 200.000000 38.260711
-0.004076 0.017044 200.000000 13.778450
0.005102 0.010671 200.000000 11.815221
0.005859 0.076638 200.000000 99.937055
0.008011 0.071267 200.000000 95.198632
-0.009043 0.084346 200.000000 94.510332
-0.000912 0.041985 200.000000 46.459530
0.007348 0.008987 200.000000 12.148614
0.008145 0.043935 200.000000 58.839476
-0.009131 0.057306 200.000000 58.934663
0.009179 0.048697 200.000000 66.394274
-0.002175 0.007253 200.000000 9.395471
0.001175 0.074411 200.000000 91.784989
0.005003 0.065996 200.000000 84.740962
-0.004568 0.064520 200.000000 72.652938
0.004288 0.096499 200.000000 124.758283
0.004109 0.073991 200.000000 94.437802
-0.001159 0.093269 200.000000 114.476798
-0.005302 0.095835 200.000000 113.540247
0.009208 0.033327 200.000000 45.964745
-0.008608 0.016325 200.000000 14.766637
0.002600 0.080826 200.000000 101.915128
0.007267 0.038877 200.000000 51.083955
-0.003942 0.090884 200.000000 108.351005
-0.003607 0.004036 200.000000 13.107030
-0.001297 0.064916 200.000000 76.495288
0.008962 0.051616 200.000000 70.034865
0.007565 0.054286 200.000000 71.985858
-0.006588 0.008384 200.000000 13.972105
0.001693 0.060935 200.000000 74.346724
-0.007971 0.014332 200.000000 13.981820
-0.001797 0.013383 200.000000 10.919259
-0.005576 0.009704 200.000000 12.216926
0.002931 0.018342 200.000000 19.307034
-0.007163 0.042181 200.000000 41.144875
-0.006053 0.004333 200.000000 16.181818
0.008280 0.020954 200.000000 28.514925
0.002476 0.002931 200.000000 6.699589
0.005680 0.004725 200.000000 6.195061
-0.002580 0.020916 200.000000 18.254096
-0.009288 0.030568 200.000000 25.874355
0.005149 0.011739 200.000000 13.155399
-0.007857 0.067515 200.000000 73.433454
-0.006801 0.006267 200.000000 15.633716
-0.007625 0.024446 200.000000 20.042404
-0.002814 0.009550 200.000000 9.627631
0.000347 0.046341 200.000000 53.491964
-0.001297 0.079436 200.000000 95.854584
0.006694 0.080141 200.000000 105.568504
0.000461 0.007287 200.000000 7.282438
-0.005064 0.064721 200.000000 72.430685
0.006612 0.094135 200.000000 124.206276
-0.003767 0.058430 200.000000 65.380748
0.005071 0.058885 200.000000 75.309793
-0.008640 0.090644 200.000000 103.251677
0.003969 0.084505 200.000000 108.349019
-0.002036 0.024943 200.000000 23.436986
0.005081 0.031031 200.000000 38.183237
-0.003043 0.004452 200.000000 12.027336
-0.008535 0.034746 200.000000 31.016440
0.008048 0.037404 200.000000 50.023388
-0.006832 0.061699 200.000000 66.747696
0.002923 0.080271 200.000000 101.526872
0.001730 0.022297 200.000000 23.251900
0.000893 0.011920 200.000000 10.224933
0.008822 0.007665 200.000000 12.309612
-0.000103 0.029353 200.000000 30.679988
-0.001187 0.035456 200.000000 37.621473
0.000544 0.039733 200.000000 44.934814
0.001403 0.060286 200.000000 73.168992
0.007909 0.001236 200.000000 5.780566
-0.009001 0.038181 200.000000 34.849686
-0.006798 0.098940 200.000000 116.136832
-0.009077 0.059991 200.000000 62.468129
0.005818 0.084808 200.000000 110.825074
0.008639 0.043960 200.000000 59.446543
-0.005017 0.056055 200.000000 61.038168
0.002268 0.014640 200.000000 14.111636
0.003054 0.004659 200.000000 5.845886
-0.007753 0.098998 200.000000 115.240600
0.009539 0.032362 200.000000 45.077995
-0.003660 0.050019 200.000000 54.385821
0.007726 0.012678 200.000000 17.148393
0.001963 0.085048 200.000000 106.863656
0.003424 0.073975 200.000000 93.658604
0.006736 0.024609 200.000000 31.533216
-0.008631 0.013481 200.000000 14.589415
0.006082 0.054036 200.000000 69.964299
0.004333 0.063494 200.000000 80.648601
-0.001909 0.043673 200.000000 47.713745
0.000826 0.050739 200.000000 59.833640
-0.008688 0.044565 200.000000 42.977667
0.007003 0.084280 200.000000 111.459035
-0.005705 0.005980 200.000000 14.380437
-0.002080 0.086805 200.000000 104.863403
0.007892 0.058166 200.000000 77.545738
0.007176 0.058708 200.000000 77.450603
-0.009767 0.097341 200.000000 111.018015
0.001054 0.063246 200.000000 76.745274
-0.004075 0.069947 200.000000 80.341653
0.007844 0.032470 200.000000 43.225329
0.000133 0.005500 200.000000 7.712795
0.009918 0.082385 200.000000 112.268690
0.001459 0.084346 200.000000 105.374751
-0.001681 0.017714 200.000000 15.133178
0.001569 0.073525 200.000000 91.027804
-0.001563 0.069034 200.000000 81.702342
0.008265 0.031333 200.000000 42.207699
0.001515 0.034223 200.000000 38.636347
-0.005089 0.017882 200.000000 14.427036
-0.009480 0.088985 200.000000 100.225356
-0.008137 0.024708 200.000000 20.188158
0.008293 0.082223 200.000000 110.178762
0.009866 0.057304 200.000000 78.685234
0.001937 0.062671 200.000000 76.927041
0.005997 0.070053 200.000000 91.283120
-0.009661 0.016528 200.000000 15.554092
-0.007262 0.062645 200.000000 67.587766
-0.004704 0.021335 200.000000 17.742584
-0.005524 0.013608 200.000000 12.116835
-0.001364 0.019755 200.000000 17.629226
0.008652 0.030023 200.000000 40.924539
-0.006673 0.078809 200.000000 89.505407
-0.000630 0.073936 200.000000 89.220507
-0.005079 0.024929 200.000000 21.502968
-0.001046 0.030801 200.000000 31.697210
-0.004803 0.096916 200.000000 115.497880
-0.002734 0.004889 200.000000 11.303617
-0.004452 0.005498 200.000000 13.080300
0.002426 0.003863 200.000000 6.322411
-0.009291 0.047591 200.000000 46.337327
0.001554 0.013404 200.000000 12.150791
0.007639 0.023833 200.000000 31.549450
-0.004841 0.048632 200.000000 51.462019
-0.002933 0.048577 200.000000 53.183957
-0.008373 0.061456 200.000000 65.008273
-0.001774 0.013887 200.000000 11.331810
0.006060 0.043615 200.000000 56.027559
0.003397 0.096977 200.000000 124.405758
0.005669 0.081992 200.000000 106.888274
0.006085 0.009591 200.000000 11.505739
0.000220 0.023855 200.000000 23.891077
-0.008315 0.018247 200.000000 15.318008
-0.009205 0.008071 200.000000 17.564544
-0.000980 0.054252 200.000000 62.636245
-0.000457 0.041727 200.000000 46.568497
-0.007269 0.085406 200.000000 97.664849
-0.000960 0.012321 200.000000 10.134963
0.008204 0.009748 200.000000 14.061480
-0.007117 0.098179 200.000000 114.797178
0.005474 0.086774 200.000000 113.068695
0.002250 0.028452 200.000000 31.776985
0.000304 0.056809 200.000000 67.367487
0.000854 0.001964 200.000000 9.148485
0.002475 0.037018 200.000000 43.326972
0.003593 0.018754 200.000000 20.477911
-0.007568 0.049984 200.000000 50.805077
0.007079 0.094829 200.000000 125.664629
-0.006994 0.034154 200.000000 31.267226
-0.000580 0.025881 200.000000 25.784494
0.009514 0.061139 200.000000 83.396378
0.004039 0.028176 200.000000 33.270132
0.002136 0.086349 200.000000 108.794411
0.001421 0.028540 200.000000 31.068501
-0.000813 0.024248 200.000000 23.521387
0.004073 0.092599 200.000000 119.296688
-0.000321 0.005710 200.000000 8.071106
0.003614 0.091790 200.000000 117.704536
-0.006923 0.093133 200.000000 108.281428
-0.004704 0.081313 200.000000 94.815011
0.001279 0.053999 200.000000 64.652905
0.000770 0.070428 200.000000 86.028835
0.001264 0.002673 200.000000 8.099629
-0.008318 0.012952 200.000000 14.348206
-0.009089 0.063622 200.000000 67.191978
-0.004652 0.027646 200.000000 24.923747
0.003495 0.076853 200.000000 97.586313
-0.002964 0.064624 200.000000 74.395425
-0.004402 0.025236 200.000000 22.222121
0.000700 0.063837 200.000000 77.156226
0.003939 0.071373 200.000000 90.748441
-0.007510 0.025711 200.000000 21.349790
-0.007313 0.013622 200.000000 13.398922
0.004977 0.074344 200.000000 95.877300
-0.001563 0.042245 200.000000 46.168522
-0.007928 0.096715 200.000000 112.026606
-0.003812 0.071226 200.000000 82.307005
-0.009545 0.068490 200.000000 73.145125
0.000775 0.063813 200.000000 77.203368
0.000727 0.025710 200.000000 26.726038
-0.009977 0.096013 200.000000 109.048144
-0.008411 0.014826 200.000000 14.376826
-0.007496 0.008365 200.000000 15.131062
-0.004738 0.065622 200.000000 73.943144
0.002933 0.043786 200.000000 52.810613
0.003338 0.066024 200.000000 82.932966
-0.009687 0.012230 200.000000 15.992718
-0.000821 0.017158 200.000000 14.962322
-0.009497 0.091437 200.000000 103.455882
-0.006104 0.029140 200.000000 25.814075
-0.004771 0.015108 200.000000 12.439603
-0.007726 0.083397 200.000000 94.545707
-0.003046 0.052836 200.000000 58.693292
-0.007029 0.099437 200.000000 116.562663
-0.000828 0.074848 200.000000 90.228418
-0.008651 0.027332 200.000000 22.669731
-0.004243 0.092583 200.000000 110.303975
0.007458 0.075548 200.000000 100.292564
0.007102 0.076914 200.000000 101.714155
0.003686 0.067538 200.000000 85.339397
-0.009905 0.057438 200.000000 58.441573
-0.003989 0.062176 200.000000 70.120740
0.003158 0.042002 200.000000 50.676682
0.004992 0.089756 200.000000 116.519833
0.008922 0.089479 200.000000 120.609771
0.006646 0.033192 200.000000 42.807736
-0.005582 0.003739 200.000000 16.056415
0.008331 0.022783 200.000000 30.977800
-0.009614 0.076944 200.000000 84.189551
0.007021 0.063507 200.000000 83.689963
0.004966 0.092171 200.000000 119.722938
0.008230 0.099878 200.000000 133.736559
-0.003252 0.092933 200.000000 111.807673
-0.004913 0.078131 200.000000 90.370450
-0.001398 0.060118 200.000000 70.005164
-0.002407 0.096856 200.000000 117.938515
-0.004883 0.085427 200.000000 100.106552
0.009223 0.037641 200.000000 51.715918
-0.001069 0.034785 200.000000 36.855653
0.003085 0.080870 200.000000 102.507457
-0.001930 0.083549 200.000000 100.675740
-0.007231 0.021247 200.000000 17.161250
-0.004817 0.088076 200.000000 103.702289
0.002595 0.028700 200.000000 32.452532
-0.000313 0.069112 200.000000 83.120033
-0.004305 0.085504 200.000000 100.804677
-0.007720 0.088420 200.000000 101.215554
-0.007446 0.066605 200.000000 72.623394
0.001051 0.080023 200.000000 99.152011
0.001011 0.094255 200.000000 118.139653
0.004672 0.052697 200.000000 66.597014
-0.001729 0.061122 200.000000 70.999727
0.004184 0.041408 200.000000 50.998418
0.008641 0.018772 200.000000 26.091095
-0.006513 0.026341 200.000000 22.403411
-0.009570 0.048211 200.000000 46.906847
0.007434 0.077633 200.000000 103.054384
0.004821 0.090263 200.000000 117.006491
-0.009779 0.085462 200.000000 95.272708
0.008115 0.035057 200.000000 46.980147
0.005614 0.010318 200.000000 11.894979
0.007397 0.066864 200.000000 88.607919
0.003185 0.099707 200.000000 127.824623
-0.006084 0.048049 200.000000 49.586201
-0.000387 0.030555 200.000000 31.978511
-0.000020 0.090757 200.000000 112.343913
0.007147 0.030359 200.000000 39.616771
-0.006359 0.010464 200.000000 12.839478
0.003782 0.064341 200.000000 81.171215
-0.006161 0.043654 200.000000 43.841775
-0.005192 0.008186 200.000000 12.374416
0.008401 0.049629 200.000000 66.732461
0.003560 0.086448 200.000000 110.495080
-0.003979 0.064003 200.000000 72.551880
0.008190 0.032025 200.000000 43.038105
0.009808 0.037929 200.000000 52.790157
-0.004666 0.018127 200.000000 14.657400
0.002095 0.038818 200.000000 45.317296
-0.005614 0.078234 200.000000 89.799558
0.006881 0.078180 200.000000 103.156932
0.003355 0.056888 200.000000 70.743894
-0.009881 0.070889 200.000000 75.980811
0.007576 0.013415 200.000000 17.909188
0.004498 0.075150 200.000000 96.421043
-0.006015 0.042005 200.000000 41.847481
-0.002352 0.098988 200.000000 120.844364
-0.007048 0.067745 200.000000 74.503969
-0.007421 0.061718 200.000000 66.223549
0.007445 0.060177 200.000000 79.721383
-0.002209 0.001995 200.000000 13.057965
0.008586 0.062343 200.000000 83.928259
-0.008776 0.085711 200.000000 96.579164
-0.005431 0.024854 200.000000 21.246698
0.003631 0.041840 200.000000 50.971082
-0.004808 0.026463 200.000000 23.423210
0.006607 0.072918 200.000000 95.806071
-0.002608 0.025614 200.000000 23.845147
0.003302 0.022163 200.000000 24.604107
0.006024 0.051365 200.000000 66.330955
-0.003177 0.004173 200.000000 12.422804
0.004127 0.058140 200.000000 73.265103
0.000074 0.041356 200.000000 46.607812
-0.008079 0.023520 200.000000 19.088716
-0.005361 0.051007 200.000000 54.091430
0.002277 0.024934 200.000000 27.196047
-0.005645 0.044118 200.000000 44.877664
-0.009538 0.002383 200.000000 22.940831
0.007291 0.065606 200.000000 86.804322
-0.009116 0.023155 200.000000 18.730201
-0.004521 0.040367 200.000000 41.003380
-0.006233 0.037321 200.000000 35.727567
-0.008219 0.071273 200.000000 78.038800
-0.009486 0.096273 200.000000 109.880214
-0.003660 0.091424 200.000000 109.365746
-0.009947 0.016362 200.000000 15.756140
0.008878 0.086596 200.000000 116.701387
-0.001756 0.071025 200.000000 84.155187
-0.009809 0.048501 200.000000 47.089815
-0.006252 0.071298 200.000000 79.970015
-0.002476 0.066526 200.000000 77.420882
-0.006378 0.051896 200.000000 54.328651
0.000470 0.031871 200.000000 34.506060
0.008339 0.047328 200.000000 63.589547
0.009622 0.006499 200.000000 11.951638
0.002208 0.057930 200.000000 70.888714
0.007603 0.052143 200.000000 69.167523
-0.001679 0.029368 200.000000 29.300057
-0.009678 0.075355 200.000000 82.036858
-0.008365 0.031438 200.000000 27.257669
-0.002990 0.093685 200.000000 113.087335
0.009228 0.037877 200.000000 52.035182
-0.000464 0.063986 200.000000 76.124820
0.009115 0.037995 200.000000 52.058624
-0.000510 0.031633 200.000000 33.267088
0.000362 0.035508 200.000000 39.177748
-0.001958 0.069456 200.000000 81.854362
0.002084 0.047025 200.000000 56.216268
0.001159 0.080970 200.000000 100.535688
-0.002510 0.063880 200.000000 73.868498
0.008867 0.050162 200.000000 67.983459
-0.009051 0.074018 200.000000 80.867269
-0.008853 0.068957 200.000000 74.397061
0.009653 0.015977 200.000000 23.693698
0.000593 0.010051 200.000000 8.528577
0.002182 0.043608 200.000000 51.773577
-0.000488 0.075241 200.000000 91.113258
0.004459 0.085459 200.000000 110.171920
-0.002315 0.033026 200.000000 33.448617
-0.009599 0.094315 200.000000 107.171174
0.008500 0.032672 200.000000 44.259707
0.006825 0.084816 200.000000 111.974235
-0.004404 0.022198 200.000000 18.782110
0.006394 0.098870 200.000000 130.298443
-0.007537 0.020211 200.000000 16.345138
-0.001174 0.072693 200.000000 86.987612
-0.007143 0.013569 200.000000 13.256563
0.005744 0.061123 200.000000 79.056669
-0.009719 0.033785 200.000000 29.264008
0.005636 0.044239 200.000000 56.382084
0.001786 0.059619 200.000000 72.689280
0.001950 0.097333 200.000000 123.284353
-0.006322 0.080312 200.000000 91.849494
0.003620 0.025454 200.000000 29.238987
-0.001297 0.057939 200.000000 67.211786
-0.000994 0.029249 200.000000 29.740587
0.004676 0.096957 200.000000 125.804783
-0.001138 0.044344 200.000000 49.350781
-0.001842 0.054586 200.000000 62.205415
-0.006161 0.070148 200.000000 78.536118
-0.008686 0.028932 200.000000 24.338813
0.007987 0.066924 200.000000 89.362802
0.003926 0.048022 200.000000 59.533952
0.006394 0.076045 200.000000 99.748851
-0.004340 0.057675 200.000000 63.823353
0.000514 0.047222 200.000000 54.833723
-0.009137 0.029379 200.000000 24.651564
0.005808 0.089485 200.000000 117.072265
0.006615 0.013569 200.000000 17.006541
0.006286 0.086100 200.000000 113.081359
-0.006718 0.072207 200.000000 80.716727
0.003784 0.026196 200.000000 30.387478
-0.001785 0.015147 200.000000 12.457657
0.002847 0.094572 200.000000 120.578152
-0.000308 0.050619 200.000000 58.498715
0.003041 0.090207 200.000000 114.951151
-0.000683 0.086884 200.000000 106.454745
-0.004034 0.092948 200.000000 111.008278
0.004707 0.031715 200.000000 38.679910
-0.002759 0.036459 200.000000 37.493442
0.007121 0.078416 200.000000 103.746346
0.005511 0.040497 200.000000 51.252747
-0.002876 0.050071 200.000000 55.208389
0.003463 0.049168 200.000000 60.556639
-0.003666 0.044796 200.000000 47.527049
-0.006610 0.004239 200.000000 17.037078
0.007248 0.059522 200.000000 78.620595
-0.008244 0.040955 200.000000 38.781971
-0.009529 0.072656 200.000000 78.626083
0.005839 0.050532 200.000000 65.010862
0.009168 0.049659 200.000000 67.663909
0.004402 0.043118 200.000000 53.516229
-0.004963 0.069373 200.000000 78.691689
0.000768 0.067763 200.000000 82.468816
-0.005017 0.057681 200.000000 63.179095
0.001593 0.040377 200.000000 46.862990
0.008014 0.078479 200.000000 104.849669
-0.000226 0.069259 200.000000 83.408039
-0.005298 0.048584 200.000000 50.983985
-0.003946 0.009168 200.000000 10.668687
0.002437 0.048843 200.000000 59.014768
-0.007392 0.002137 200.000000 20.124985
0.009644 0.081045 200.000000 110.158573
0.009752 0.064807 200.000000 88.573742
-0.003931 0.002152 200.000000 15.255338
0.003065 0.021662 200.000000 23.715491
0.005448 0.089049 200.000000 116.084877
0.008023 0.037965 200.000000 50.741706
-0.000734 0.027637 200.000000 27.897198
-0.006731 0.030022 200.000000 26.489473
0.008833 0.047291 200.000000 64.115156
0.005906 0.035659 200.000000 45.252139
-0.009372 0.015101 200.000000 15.198367
0.006876 0.077613 200.000000 102.392283
-0.003214 0.087179 200.000000 104.170512
-0.001957 0.012351 200.000000 10.188341
-0.008135 0.051957 200.000000 52.869541
0.005824 0.086741 200.000000 113.418306
-0.009845 0.046875 200.000000 45.012585
-0.008045 0.015999 200.000000 14.318975
-0.004457 0.067611 200.000000 76.858247
-0.003450 0.058400 200.000000 65.655095
0.004961 0.088348 200.000000 114.600149
0.007226 0.025866 200.000000 33.756425
-0.000284 0.065290 200.000000 78.052502
-0.001954 0.049207 200.000000 54.969832
0.008137 0.031763 200.000000 42.628442
0.002173 0.054628 200.000000 66.446029
-0.002328 0.030516 200.000000 30.218858
0.006374 0.072573 200.000000 95.080647
0.006898 0.014667 200.000000 18.728589
-0.006354 0.097897 200.000000 115.203179
-0.009916 0.080090 200.000000 88.048598
0.007521 0.036089 200.000000 47.662742
0.008122 0.091837 200.000000 122.848714
-0.006931 0.091398 200.000000 105.964970
0.002880 0.079001 200.000000 99.781151
-0.009883 0.072912 200.000000 78.634438
-0.003077 0.006155 200.000000 10.907690
-0.006858 0.054066 200.000000 56.726502
0.006591 0.022378 200.000000 28.426937
-0.003666 0.089410 200.000000 106.673437
-0.007693 0.078930 200.000000 88.660316
0.008740 0.033537 200.000000 45.691575
0.005155 0.024026 200.000000 28.997757
-0.008921 0.061473 200.000000 64.537418
-0.001822 0.055445 200.000000 63.364740
0.009062 0.048137 200.000000 65.510035
-0.002356 0.074892 200.000000 88.683153
-0.002221 0.047745 200.000000 52.777787
0.005999 0.075007 200.000000 97.913233
-0.009496 0.042079 200.000000 39.288448
0.009049 0.067611 200.000000 91.505710
-0.001319 0.008145 200.000000 8.480831
-0.009046 0.003762 200.000000 20.902374
0.007779 0.072638 200.000000 96.767050
0.007142 0.036236 200.000000 47.424041
0.009700 0.053137 200.000000 72.927207
-0.007258 0.061033 200.000000 65.476981
0.004179 0.014590 200.000000 15.746252
-0.007932 0.058140 200.000000 61.075565
0.000082 0.051557 200.000000 60.147299
0.007975 0.099464 200.000000 132.889682
-0.009972 0.033563 200.000000 28.893677
-0.006914 0.090145 200.000000 104.315679
0.007995 0.090986 200.000000 121.564528
0.004644 0.007183 200.000000 7.593680
0.004734 0.052429 200.000000 66.307902
0.008623 0.082933 200.000000 111.507039
0.000320 0.081521 200.000000 100.365676
0.007856 0.097659 200.000000 130.338062
0.002666 0.079760 200.000000 100.560695
0.006609 0.021387 200.000000 27.143668
-0.009800 0.037385 200.000000 33.405582
0.009375 0.047213 200.000000 64.643090
-0.001843 0.073161 200.000000 86.910844
0.001390 0.086736 200.000000 108.495955
-0.006360 0.005247 200.000000 15.833853
0.008717 0.044038 200.000000 59.641110
0.000773 0.051296 200.000000 60.520625
0.003942 0.024997 200.000000 28.975876
0.007272 0.037585 200.000000 49.368422
0.008813 0.015768 200.000000 22.398426
-0.006738 0.098078 200.000000 115.050059
0.004373 0.035574 200.000000 43.441374
0.002130 0.009198 200.000000 8.162980
0.006135 0.009322 200.000000 11.238325
0.007119 0.060007 200.000000 79.121303
-0.000358 0.030585 200.000000 32.044109
0.002449 0.041556 200.000000 49.326495
-0.008827 0.064654 200.000000 68.777906
-0.003439 0.088165 200.000000 105.250908
0.006710 0.060545 200.000000 79.375380
0.005064 0.098433 200.000000 128.214371
0.007798 0.025566 200.000000 34.022565
0.001627 0.067718 200.000000 83.332479
0.002847 0.021649 200.000000 23.483187
0.000408 0.016238 200.000000 14.655537
0.009618 0.071807 200.000000 97.774649
0.005125 0.020911 200.000000 24.873448
-0.006615 0.033531 200.000000 30.760270
0.005189 0.046161 200.000000 58.447227
0.006790 0.033459 200.000000 43.325745
-0.001700 0.009590 200.000000 8.882575
-0.002695 0.060661 200.000000 69.404821
-0.001073 0.073548 200.000000 88.234671
-0.003690 0.040055 200.000000 41.327880
-0.003218 0.004987 200.000000 11.851205
0.008804 0.062933 200.000000 84.968214
-0.006453 0.076388 200.000000 86.513145
-0.002312 0.028516 200.000000 27.692199
-0.004116 0.048685 200.000000 52.202357
-0.003416 0.062210 200.000000 70.735641
-0.001519 0.007278 200.000000 8.751157
0.005424 0.051398 200.000000 65.701415
-0.009937 0.005444 200.000000 20.642065
-0.002466 0.002496 200.000000 12.932395
0.009232 0.043667 200.000000 59.749408
0.000473 0.090783 200.000000 112.910973
-0.005665 0.008989 200.000000 12.572406
-0.006163 0.002597 200.000000 17.937067
-0.008052 0.063261 200.000000 67.663388
0.006859 0.062265 200.000000 81.845047
0.007729 0.090635 200.000000 120.791323
-0.008065 0.024812 200.000000 20.302481
0.000044 0.012524 200.000000 10.501441
-0.003188 0.065250 200.000000 75.000207
0.000520 0.034063 200.000000 37.431865
-0.009482 0.063927 200.000000 67.237189
-0.008966 0.025643 200.000000 20.927970
0.002149 0.033371 200.000000 38.158273
0.001243 0.007638 200.000000 7.086338
0.007032 0.076064 200.000000 100.496989
-0.002370 0.064941 200.000000 75.422049
-0.006321 0.097171 200.000000 114.269692
0.003160 0.066978 200.000000 84.011166
0.006961 0.079499 200.000000 105.012850
0.002728 0.091471 200.000000 116.297101
-0.008924 0.084173 200.000000 94.396729
-0.009869 0.088810 200.000000 99.612904
-0.004851 0.062424 200.000000 69.600440
0.005884 0.087151 200.000000 114.034567
0.003306 0.092148 200.000000 117.842574
-0.009663 0.019965 200.000000 16.715200
0.003658 0.057451 200.000000 71.828852
0.002603 0.003417 200.000000 6.354513
-0.002350 0.075624 200.000000 89.665280
0.004255 0.007828 200.000000 7.954741
-0.006010 0.009562 200.000000 12.744368
0.000423 0.008711 200.000000 7.733956
-0.008684 0.098570 200.000000 113.731148
-0.005390 0.092068 200.000000 108.429342
-0.002877 0.079899 200.000000 94.814854
0.000111 0.007514 200.000000 7.502464
0.007350 0.012335 200.000000 16.278303
-0.002616 0.008678 200.000000 9.506178
0.000719 0.072795 200.000000 89.135536
-0.001104 0.087339 200.000000 106.612984
0.002150 0.046694 200.000000 55.846122
-0.003356 0.066280 200.000000 76.198995
-0.001122 0.095950 200.000000 118.099985
-0.000864 0.061370 200.000000 72.222709
0.006885 0.022065 200.000000 28.350372
-0.005646 0.020365 200.000000 16.540234
0.002013 0.018544 200.000000 18.723707
-0.000278 0.014876 200.000000 12.740497
0.002628 0.003380 200.000000 6.350642
0.009944 0.088816 200.000000 120.901277
-0.005142 0.072992 200.000000 83.313584
0.007215 0.063981 200.000000 84.544588
-0.006338 0.005205 200.000000 15.838755
0.006558 0.016627 200.000000 20.871552
-0.009859 0.017333 200.000000 15.848207
0.006565 0.042043 200.000000 54.501408
0.004158 0.004897 200.000000 5.751756
0.000967 0.039374 200.000000 44.889938
0.003176 0.044005 200.000000 53.363365
0.006730 0.078774 200.000000 103.779983
-0.000356 0.072154 200.000000 87.132588
0.001608 0.055733 200.000000 67.313367
0.006897 0.015029 200.000000 19.192147
0.002653 0.088874 200.000000 112.738863
-0.008190 0.033963 200.000000 30.291629
-0.008843 0.029959 200.000000 25.389502
-0.002911 0.041521 200.000000 43.943191
-0.007207 0.079966 200.000000 90.509946
0.006467 0.091440 200.000000 120.434090
0.005375 0.074208 200.000000 96.142081
-0.003333 0.071150 200.000000 82.694253
-0.007364 0.042895 200.000000 41.892284
-0.001767 0.074901 200.000000 89.310652
-0.009404 0.063621 200.000000 66.906172
0.009339 0.066836 200.000000 90.805222
0.004841 0.064981 200.000000 83.202908
0.009006 0.002828 200.000000 7.578878
-0.004317 0.031412 200.000000 29.773118
-0.009495 0.071204 200.000000 76.751961
-0.001286 0.083738 200.000000 101.609227
-0.006084 0.007025 200.000000 14.148519
0.005913 0.047210 200.000000 60.658512
0.009903 0.022303 200.000000 32.236058
-0.000431 0.041586 200.000000 46.408548
-0.005310 0.045467 200.000000 46.917016
-0.008299 0.019093 200.000000 15.761164
0.000440 0.041874 200.000000 47.664047
-0.008029 0.034603 200.000000 31.150254
0.004741 0.025143 200.000000 30.020204
0.003895 0.093979 200.000000 120.946500
0.005429 0.003419 200.000000 5.422729
0.003554 0.049578 200.000000 61.203348
0.008022 0.081249 200.000000 108.565206
0.004249 0.045149 200.000000 56.057057
-0.008178 0.053853 200.000000 55.286022
0.006111 0.054092 200.000000 70.072064
-0.003753 0.082660 200.000000 97.585454
-0.006001 0.089263 200.000000 104.069566
-0.007362 0.088792 200.000000 102.068034
-0.004132 0.050280 200.000000 54.282148
-0.006181 0.043926 200.000000 44.175269
0.000488 0.048390 200.000000 56.357673
-0.005345 0.086846 200.000000 101.522760
0.007376 0.074455 200.000000 98.736927
-0.003203 0.014521 200.000000 11.792881
-0.002887 0.057381 200.000000 64.863608
0.003377 0.048723 200.000000 59.870308
0.006672 0.062549 200.000000 82.011360
0.009250 0.052366 200.000000 71.372958
-0.002799 0.073979 200.000000 87.008214
-0.001853 0.008935 200.000000 8.889977
-0.006296 0.080535 200.000000 92.171158
-0.000597 0.023025 200.000000 22.162387
-0.006498 0.051627 200.000000 53.869773
0.005079 0.067703 200.000000 87.109075
-0.008485 0.091793 200.000000 104.930126
0.005548 0.068098 200.000000 88.162774
-0.008071 0.092664 200.000000 106.500295
0.003251 0.024035 200.000000 26.997346
0.002603 0.053683 200.000000 65.646865
0.005743 0.093527 200.000000 122.410931
-0.008438 0.054708 200.000000 56.167564
0.007713 0.003690 200.000000 6.977062
0.002187 0.002312 200.000000 7.373627
0.006347 0.009750 200.000000 11.969019
-0.000798 0.004027 200.000000 9.519032
0.006099 0.012244 200.000000 14.768231
0.007862 0.044628 200.000000 59.435812
0.003186 0.065695 200.000000 82.325134
-0.008814 0.063098 200.000000 66.754988
-0.005618 0.068651 200.000000 77.087941
0.008395 0.082266 200.000000 110.352490
-0.003713 0.096227 200.000000 115.718795
-0.000332 0.071869 200.000000 86.777955
-0.004866 0.069228 200.000000 78.596813
0.009246 0.058316 200.000000 79.312913
-0.002524 0.040434 200.000000 42.880693
0.002263 0.086370 200.000000 108.960842
-0.007250 0.091754 200.000000 106.115721
-0.009019 0.064488 200.000000 68.386791
-0.005981 0.041341 200.000000 41.026126
0.003371 0.002999 200.000000 5.961789
-0.002529 0.053970 200.000000 60.703031
0.003341 0.045746 200.000000 55.861467
-0.003158 0.029456 200.000000 28.208560
0.009552 0.038991 200.000000 53.899907
0.002834 0.075948 200.000000 95.646779
0.003837 0.095812 200.000000 123.335708
-0.009497 0.076139 200.000000 83.238864
-0.007745 0.061663 200.000000 65.852614
0.003465 0.019431 200.000000 21.222905
0.009670 0.098356 200.000000 133.351196
0.006854 0.050041 200.000000 65.504299
0.001441 0.013800 200.000000 12.525619
-0.007965 0.017449 200.000000 14.795164
-0.000486 0.072226 200.000000 87.090597
0.007745 0.075413 200.000000 100.439141
0.007598 0.059846 200.000000 79.454123
-0.007561 0.092449 200.000000 106.726441
-0.009123 0.091809 200.000000 104.318354
-0.000668 0.085248 200.000000 104.284732
0.002376 0.086450 200.000000 109.191667
0.003638 0.092363 200.000000 118.497955
-0.001149 0.052683 200.000000 60.380971
-0.007840 0.003160 200.000000 19.762291
0.003859 0.013320 200.000000 13.866087
0.001287 0.021966 200.000000 22.422319
-0.003042 0.018611 200.000000 15.508570
0.005452 0.023904 200.000000 29.163421
-0.002436 0.043019 200.000000 46.349914
-0.000186 0.034480 200.000000 37.293201
0.006029 0.001287 200.000000 5.378953
0.003597 0.054760 200.000000 68.167936
0.004951 0.011515 200.000000 12.687898
-0.008117 0.097895 200.000000 113.404300
0.002380 0.064409 200.000000 79.726958
0.004753 0.006305 200.000000 6.875661
0.002709 0.096570 200.000000 123.099536
0.003290 0.087190 200.000000 111.189527
-0.002916 0.014686 200.000000 11.907851
-0.001658 0.057625 200.000000 66.425489
-0.008744 0.045289 200.000000 43.848858
0.006578 0.022998 200.000000 29.228068
0.000560 0.032572 200.000000 35.513466
0.009636 0.098509 200.000000 133.516636
0.007464 0.052583 200.000000 69.595323
-0.008087 0.018308 200.000000 15.259980
-0.004609 0.033183 200.000000 31.768939
0.002680 0.037970 200.000000 44.806357
-0.003269 0.065358 200.000000 75.061928
0.007443 0.085231 200.000000 113.231845
0.004166 0.059457 200.000000 75.069051
-0.006506 0.012068 200.000000 12.708654
0.009246 0.098004 200.000000 132.391581
-0.006878 0.081280 200.000000 92.579373
0.008911 0.053500 200.000000 72.491174
0.006236 0.065482 200.000000 85.439069
0.009100 0.050641 200.000000 68.895304
-0.000805 0.033022 200.000000 34.802171
-0.003095 0.062672 200.000000 71.671209
0.007570 0.005642 200.000000 8.634807
-0.007655 0.096696 200.000000 112.277776
-0.009082 0.082118 200.000000 91.526644
-0.005914 0.083408 200.000000 96.371477
-0.006189 0.059909 200.000000 64.998598
0.005564 0.088341 200.000000 115.266388
0.002545 0.084812 200.000000 107.186125
0.002323 0.086337 200.000000 108.983284
0.000665 0.013533 200.000000 11.775933
0.004472 0.021466 200.000000 24.901991
-0.001316 0.043283 200.000000 47.774901
-0.005160 0.065046 200.000000 72.766396
0.007581 0.026174 200.000000 34.574194
0.006009 0.089384 200.000000 117.163685
0.003256 0.010698 200.000000 10.278889
-0.000185 0.084903 200.000000 104.341209
-0.009647 0.029319 200.000000 24.418616
0.004263 0.096962 200.000000 125.349131
-0.006530 0.067899 200.000000 75.204542
-0.004957 0.023793 200.000000 20.288080
0.001266 0.019680 200.000000 19.504226
-0.003673 0.062022 200.000000 70.229947
0.000385 0.015022 200.000000 13.252203
-0.000127 0.093093 200.000000 115.350632
-0.003265 0.007134 200.000000 10.620518
-0.002475 0.072697 200.000000 85.636260
0.007147 0.087063 200.000000 115.348199
0.005502 0.008039 200.000000 9.157039
0.009980 0.021797 200.000000 31.668409
0.004400 0.039717 200.000000 48.984108
0.009094 0.038624 200.000000 52.871603
-0.001607 0.009984 200.000000 8.938565
-0.006697 0.007135 200.000000 14.875098
-0.000781 0.023390 200.000000 22.471053
-0.009637 0.038724 200.000000 35.104088
-0.002357 0.065094 200.000000 75.638566
-0.007683 0.088520 200.000000 101.384843
-0.008686 0.064123 200.000000 68.212338
-0.005717 0.050898 200.000000 53.624272
-0.007467 0.023782 200.000000 19.432000
0.004540 0.048268 200.000000 60.538518
0.002792 0.054057 200.000000 66.351115
-0.003153 0.075027 200.000000 88.038608
-0.001693 0.090269 200.000000 109.899295
-0.009579 0.007711 200.000000 18.324504
-0.004324 0.007023 200.000000 11.928603
-0.000836 0.022288 200.000000 21.059289
-0.008567 0.051959 200.000000 52.507139
-0.005620 0.098480 200.000000 116.736250
0.008118 0.020493 200.000000 27.717968
-0.005590 0.089956 200.000000 105.411712
0.006599 0.077823 200.000000 102.358947
-0.009447 0.076525 200.000000 83.795347
0.004773 0.022783 200.000000 26.949516
-0.008219 0.004156 200.000000 19.366331
0.006114 0.013015 200.000000 15.752391
0.005399 0.029234 200.000000 36.150201
-0.006537 0.005072 200.000000 16.220976
-0.005460 0.091259 200.000000 107.279710
-0.009503 0.081964 200.000000 90.916264
0.009865 0.070677 200.000000 96.550833
0.006595 0.065980 200.000000 86.512379
0.000783 0.046444 200.000000 54.078440
0.009229 0.007745 200.000000 12.899729
-0.008369 0.086108 200.000000 97.505141
0.002282 0.085824 200.000000 108.251313
-0.001143 0.082486 200.000000 100.089782
0.004591 0.093100 200.000000 120.547099
0.002909 0.089123 200.000000 113.354495
-0.001820 0.098884 200.000000 121.272522
-0.000691 0.069483 200.000000 83.215323
-0.005070 0.008623 200.000000 12.038787
-0.006222 0.002315 200.000000 18.293964
-0.004942 0.056530 200.000000 61.734249
-0.006738 0.029350 200.000000 25.702895
0.008001 0.085068 200.000000 113.651181
-0.008657 0.030579 200.000000 26.151534
0.000843 0.012605 200.000000 10.890436
-0.007992 0.070954 200.000000 77.834883
0.008670 0.072776 200.000000 97.974695
-0.005598 0.023347 200.000000 19.533485
0.005820 0.039516 200.000000 50.291319
0.004292 0.069002 200.000000 87.969509
0.002073 0.065443 200.000000 80.775131
-0.004412 0.016958 200.000000 13.689941
-0.008005 0.056993 200.000000 59.515216
0.004704 0.042019 200.000000 52.384968
0.004994 0.028409 200.000000 34.611649
-0.007315 0.025631 200.000000 21.329689
-0.000052 0.095057 200.000000 118.058226
0.006673 0.024718 200.000000 31.605556
0.002156 0.005735 200.000000 6.284330
0.007414 0.064857 200.000000 85.942023
0.005944 0.016693 200.000000 20.273483
-0.006062 0.089707 200.000000 104.598062
0.002098 0.094505 200.000000 119.663430
-0.008824 0.056789 200.000000 58.530386
-0.006941 0.036931 200.000000 34.717371
0.006932 0.082049 200.000000 108.392730
0.000676 0.058079 200.000000 69.451890
-0.006852 0.061253 200.000000 66.143158
0.009893 0.076307 200.000000 104.110926
0.004610 0.071866 200.000000 92.153217
0.005206 0.038502 200.000000 48.255221
0.003447 0.086113 200.000000 109.921961
-0.000386 0.004573 200.000000 8.686067
0.002403 0.016068 200.000000 15.967998
-0.009085 0.028820 200.000000 24.078691
0.007916 0.058443 200.000000 77.943388
0.008000 0.053776 200.000000 71.805804
0.003010 0.066996 200.000000 83.871863
-0.009214 0.025433 200.000000 20.695444
0.009915 0.071853 200.000000 98.182251
0.002484 0.098126 200.000000 124.933440
0.005562 0.073005 200.000000 94.742648
-0.007560 0.019970 200.000000 16.170344
-0.000984 0.053652 200.000000 61.835598
0.002039 0.094135 200.000000 119.104000
-0.002545 0.016177 200.000000 13.242571
0.000846 0.056394 200.000000 67.385531
-0.009087 0.042051 200.000000 39.540770
-0.005780 0.014330 200.000000 12.485425
-0.008766 0.007212 200.000000 17.586565
0.003446 0.098420 200.000000 126.392132
0.006982 0.012108 200.000000 15.572101
0.004311 0.036519 200.000000 44.629503
0.008427 0.051088 200.000000 68.710640
-0.001970 0.078683 200.000000 94.140728
-0.009068 0.087045 200.000000 98.058809
0.003441 0.078717 200.000000 100.019309
0.006008 0.048314 200.000000 62.239202
-0.002583 0.048743 200.000000 53.741417
-0.004363 0.098745 200.000000 118.397053
0.007340 0.064274 200.000000 85.078086
0.006199 0.019218 200.000000 23.840865
0.006837 0.076698 200.000000 101.123893
-0.008641 0.009029 200.000000 16.207649
-0.009320 0.040725 200.000000 37.742243
-0.009442 0.067541 200.000000 71.996057
-0.000616 0.081354 200.000000 99.138416
-0.000920 0.067198 200.000000 79.928280
-0.004752 0.076837 200.000000 88.812413
0.003188 0.080400 200.000000 101.991781
-0.000588 0.018654 200.000000 16.833711
-0.007068 0.061310 200.000000 66.015970
0.003807 0.074669 200.000000 95.010394
0.003015 0.080963 200.000000 102.553364
-0.008987 0.062743 200.000000 66.136160
-0.009275 0.045631 200.000000 43.876155
0.007419 0.014297 200.000000 18.852217
-0.003613 0.068616 200.000000 79.041559
0.009154 0.005341 200.000000 10.111976
-0.009945 0.026130 200.000000 21.246418
-0.003441 0.045963 200.000000 49.264735
-0.004407 0.037937 200.000000 37.974038
0.005824 0.068501 200.000000 89.012128
-0.000466 0.076091 200.000000 92.270669
-0.009700 0.028519 200.000000 23.583095
0.005178 0.020357 200.000000 24.206985
-0.006536 0.027048 200.000000 23.180074
-0.007148 0.086130 200.000000 98.746660
-0.004390 0.050100 200.000000 53.803099
0.002475 0.011796 200.000000 10.953670
0.004601 0.095969 200.000000 124.398072
0.003677 0.032968 200.000000 39.227633
-0.008489 0.050933 200.000000 51.251801
-0.008656 0.020700 200.000000 16.855691
-0.001737 0.011711 200.000000 9.761721
-0.001709 0.020063 200.000000 17.776401
-0.004480 0.093852 200.000000 111.749442
-0.004471 0.093685 200.000000 111.535792
0.009439 0.094902 200.000000 128.463289
0.000880 0.081576 200.000000 101.042415
-0.006169 0.096890 200.000000 114.050870
0.009695 0.077903 200.000000 106.015288
0.001365 0.019214 200.000000 19.002699
-0.007402 0.090454 200.000000 104.235033
-0.001852 0.014588 200.000000 11.928214
0.004624 0.090401 200.000000 116.970145
-0.001476 0.003742 200.000000 10.567278
0.001089 0.073627 200.000000 90.644968
0.003071 0.088191 200.000000 112.286006
-0.006484 0.077795 200.000000 88.348362
-0.003841 0.051008 200.000000 55.513936
0.003645 0.088321 200.000000 113.096047
-0.005835 0.004731 200.000000 15.542305
-0.001825 0.072009 200.000000 85.394361
-0.009310 0.093091 200.000000 105.833583
-0.008104 0.044531 200.000000 43.385431
-0.008358 0.010577 200.000000 15.068518
0.006509 0.053185 200.000000 69.311555
-0.003125 0.029662 200.000000 28.492581
0.007426 0.025206 200.000000 33.114573
-0.002604 0.012338 200.000000 10.312526
0.006601 0.055319 200.000000 72.266556
0.001995 0.088077 200.000000 110.950669
0.008216 0.007419 200.000000 11.304800
0.005654 0.073423 200.000000 95.404422
-0.009564 0.012472 200.000000 15.776410
0.001605 0.028002 200.000000 30.544233
-0.009595 0.036041 200.000000 31.937419
0.007583 0.008818 200.000000 12.213767
-0.006439 0.050065 200.000000 51.891114
0.002957 0.012438 200.000000 12.038517
0.004605 0.007391 200.000000 7.765285
0.008641 0.084813 200.000000 114.043151
0.003768 0.056555 200.000000 70.752178
0.000071 0.010045 200.000000 8.518424
0.001338 0.054771 200.000000 65.743026
0.000297 0.031872 200.000000 34.341284
-0.007801 0.006769 200.000000 16.607273
-0.000946 0.091006 200.000000 111.681318
-0.007646 0.089073 200.000000 102.156000
0.009067 0.064523 200.000000 87.398489
-0.006278 0.087988 200.000000 102.092629
0.005877 0.004899 200.000000 6.446287
0.007125 0.082291 200.000000 108.936070
0.003219 0.081515 200.000000 103.518148
0.006681 0.021005 200.000000 26.724237
-0.007533 0.089997 200.000000 103.495808
0.004848 0.050698 200.000000 64.123121
-0.009009 0.094352 200.000000 107.804820
-0.007051 0.088644 200.000000 102.183410
-0.006714 0.068237 200.000000 75.474853
0.004646 0.013253 200.000000 14.530682
-0.006813 0.085075 200.000000 97.680846
-0.005942 0.007197 200.000000 13.854722
0.009730 0.043012 200.000000 59.463556
-0.004362 0.007309 200.000000 11.820049
-0.009035 0.057699 200.000000 59.527097
0.004290 0.086020 200.000000 110.734185
0.002250 0.010203 200.000000 9.142174
-0.001887 0.079366 200.000000 95.138949
0.009123 0.074556 200.000000 100.877620
-0.000439 0.032875 200.000000 34.952030
-0.002420 0.071398 200.000000 83.962684
-0.004004 0.087165 200.000000 103.329047
-0.009198 0.022876 200.000000 18.512531
0.007468 0.016147 200.000000 21.291728
-0.001153 0.067318 200.000000 79.844495
0.003206 0.002846 200.000000 6.141034
-0.002666 0.023508 200.000000 21.245576
-0.009017 0.069829 200.000000 75.389482
-0.009995 0.051432 200.000000 50.663877
0.004117 0.019390 200.000000 21.827468
0.009006 0.089346 200.000000 120.529651
-0.003162 0.026845 200.000000 24.959665
0.002606 0.036809 200.000000 43.187430
-0.005557 0.099407 200.000000 118.037912
-0.002718 0.028230 200.000000 27.012351
0.006556 0.063549 200.000000 83.216031
0.004336 0.020247 200.000000 23.168874
0.001127 0.020452 200.000000 20.356812
-0.004118 0.090470 200.000000 107.615892
-0.008501 0.074263 200.000000 81.713012
0.005208 0.013999 200.000000 16.035392
0.007539 0.051954 200.000000 68.841391
-0.003289 0.034801 200.000000 34.893702
-0.002018 0.048199 200.000000 53.574601
0.005818 0.069389 200.000000 90.192958
-0.006031 0.014110 200.000000 12.559472
0.003058 0.095577 200.000000 122.156117
-0.007868 0.090384 200.000000 103.675826
0.001320 0.036559 200.000000 41.524379
0.005780 0.091589 200.000000 119.858214
-0.008566 0.028268 200.000000 23.675295
-0.004052 0.055959 200.000000 61.838112
-0.003545 0.057833 200.000000 64.809932
-0.002069 0.049917 200.000000 55.794526
-0.001124 0.035526 200.000000 37.771710
-0.002539 0.002416 200.000000 13.103928
-0.000965 0.056319 200.000000 65.398800
-0.002110 0.034900 200.000000 36.050875
-0.008492 0.082977 200.000000 93.235759
-0.009789 0.014483 200.000000 15.608779
-0.009238 0.043113 200.000000 40.752331
-0.000514 0.067772 200.000000 81.119380
0.003217 0.070406 200.000000 88.657447
0.007793 0.042114 200.000000 56.003171
0.005823 0.055040 200.000000 71.013345
-0.006773 0.091367 200.000000 106.083606
-0.003514 0.071464 200.000000 82.927693
-0.000202 0.081251 200.000000 99.443623
0.009923 0.043342 200.000000 60.130691
-0.004543 0.068702 200.000000 78.219870
0.001047 0.037518 200.000000 42.515435
0.001712 0.031997 200.000000 35.899841
-0.003278 0.064324 200.000000 73.679273
-0.003696 0.069453 200.000000 80.069848
-0.007494 0.067097 200.000000 73.224956
-0.008634 0.001615 200.000000 22.421740
-0.003055 0.052731 200.000000 58.546132
-0.004335 0.076691 200.000000 89.042676
0.008008 0.088046 200.000000 117.644216
0.001304 0.060265 200.000000 73.034433
-0.005738 0.068700 200.000000 77.034629
-0.005756 0.073923 200.000000 83.937042
0.009566 0.038459 200.000000 53.208690
-0.004561 0.067666 200.000000 76.828698
0.005124 0.023854 200.000000 28.737858
0.008070 0.091524 200.000000 122.370316
-0.008640 0.017897 200.000000 15.305170
0.001867 0.002843 200.000000 7.337917
0.006812 0.099421 200.000000 131.509788
0.004963 0.032292 200.000000 39.726513
-0.003579 0.063864 200.000000 72.766665
-0.004547 0.054634 200.000000 59.614314
-0.004254 0.096687 200.000000 115.766467
0.001305 0.006316 200.000000 6.733453
-0.000444 0.036174 200.000000 39.267405
-0.001517 0.049274 200.000000 55.492515
-0.002796 0.078970 200.000000 93.661328
0.007218 0.036928 200.000000 48.432700
-0.000508 0.095955 200.000000 118.767489
-0.002631 0.040049 200.000000 42.278644
-0.004732 0.070047 200.000000 79.816083
-0.009779 0.099956 200.000000 114.476239
-0.000967 0.070020 200.000000 83.640082
-0.004199 0.004768 200.000000 13.301260
0.004408 0.068507 200.000000 87.435277
0.000053 0.091645 200.000000 113.609101
0.001222 0.027246 200.000000 29.184969
0.003666 0.034294 200.000000 40.975511
-0.005902 0.096038 200.000000 113.191944
-0.001417 0.081876 200.000000 98.985241
-0.006313 0.027607 200.000000 23.921641
-0.009200 0.014112 200.000000 15.075931
0.009247 0.082965 200.000000 112.268102
0.009709 0.047573 200.000000 65.516852
0.002996 0.078859 200.000000 99.718143
0.007722 0.055161 200.000000 73.335542
0.005446 0.010687 200.000000 12.171879
0.001721 0.076149 200.000000 94.700151
0.007232 0.052554 200.000000 69.291261
-0.005678 0.031695 200.000000 29.150826
-0.009614 0.073006 200.000000 79.007538
-0.005111 0.089064 200.000000 104.716312
-0.001406 0.086640 200.000000 105.357469
0.008840 0.087228 200.000000 117.503002
0.003361 0.007434 200.000000 7.132297
-0.005793 0.044367 200.000000 45.071940
-0.005266 0.080230 200.000000 92.801759
0.002992 0.023052 200.000000 25.452252
0.005795 0.040647 200.000000 51.771427
0.006626 0.047367 200.000000 61.674777
0.003749 0.026746 200.000000 31.075882
0.005771 0.004811 200.000000 6.311785
0.009896 0.076985 200.000000 105.021146
0.005190 0.074950 200.000000 96.927278
-0.002218 0.036127 200.000000 37.546839
-0.000441 0.012782 200.000000 10.606642
-0.005365 0.064304 200.000000 71.584974
-0.009547 0.035587 200.000000 31.431195
0.003988 0.018938 200.000000 21.111465
-0.004136 0.022745 200.000000 19.511045
0.000722 0.010856 200.000000 9.188642
-0.005051 0.066256 200.000000 74.475147
-0.001482 0.085474 200.000000 103.719149
0.009024 0.001794 200.000000 6.875157
0.004857 0.023116 200.000000 27.478184
0.003058 0.009570 200.000000 8.945163
0.007276 0.065203 200.000000 86.248096
0.003401 0.033966 200.000000 40.256716
0.000312 0.080815 200.000000 99.412630
0.009083 0.040290 200.000000 55.075942
-0.006748 0.050647 200.000000 52.374015
-0.001682 0.004164 200.000000 10.505540
-0.007275 0.099234 200.000000 116.040836
0.009727 0.085424 200.000000 116.113309
-0.000721 0.051624 200.000000 59.411319
-0.003415 0.038727 200.000000 39.849623
0.007722 0.089283 200.000000 118.973541
0.001299 0.020863 200.000000 21.027566
-0.008416 0.030249 200.000000 25.892704
0.002104 0.032542 200.000000 37.015959
0.004788 0.084602 200.000000 109.392406
0.009195 0.077757 200.000000 105.242123
0.006442 0.077469 200.000000 101.707478
0.009017 0.026938 200.000000 37.273807
-0.001824 0.062252 200.000000 72.405824
0.003770 0.031376 200.000000 37.217275
0.007513 0.011185 200.000000 15.024167
-0.009597 0.074525 200.000000 81.020535
-0.007152 0.057078 200.000000 60.394074
-0.005876 0.044788 200.000000 45.544437
0.005369 0.066739 200.000000 86.145072
-0.001599 0.088032 200.000000 107.011355
-0.005440 0.021382 200.000000 17.562544
-0.004309 0.008686 200.000000 11.171843
0.007331 0.052170 200.000000 68.892134
0.009010 0.065374 200.000000 88.469560
0.002554 0.046985 200.000000 56.664456
0.005276 0.088202 200.000000 114.756933
-0.008795 0.058012 200.000000 60.142456
0.004260 0.074512 200.000000 95.302808
0.008209 0.010293 200.000000 14.735662
0.003160 0.076545 200.000000 96.804154
-0.008467 0.001737 200.000000 22.059638
-0.009035 0.052846 200.000000 53.255798
0.005236 0.074958 200.000000 96.989070
0.002561 0.084060 200.000000 106.197607
0.006906 0.011306 200.000000 14.483817
0.000951 0.063400 200.000000 76.841174
0.001235 0.007431 200.000000 7.009910
0.005097 0.054872 200.000000 69.975933
0.004802 0.098681 200.000000 128.252981
0.009962 0.014982 200.000000 22.798465
0.003039 0.044299 200.000000 53.607504
0.004852 0.054236 200.000000 68.852625
0.004321 0.067226 200.000000 85.626335
-0.007750 0.083957 200.000000 95.264211
-0.002655 0.063090 200.000000 72.671376
0.007038 0.069255 200.000000 91.394983
-0.001041 0.093671 200.000000 115.140715
0.000836 0.088797 200.000000 110.648661
-0.009516 0.044969 200.000000 42.866387
0.001422 0.051858 200.000000 61.951511
-0.008662 0.014447 200.000000 14.570697
0.007653 0.082524 200.000000 109.849323
-0.007344 0.088818 200.000000 102.120385
0.003917 0.009124 200.000000 9.043935
-0.004961 0.064024 200.000000 71.609926
-0.000227 0.065202 200.000000 77.994799
-0.002122 0.042258 200.000000 45.648734
-0.005027 0.071513 200.000000 81.466000
0.007210 0.008807 200.000000 11.779645
-0.003311 0.079858 200.000000 94.308882
-0.000398 0.020523 200.000000 19.218076
-0.001681 0.094439 200.000000 115.481881
0.007340 0.008877 200.000000 12.009372
-0.005389 0.063284 200.000000 70.213776
0.006733 0.077594 200.000000 102.205537
-0.005698 0.056828 200.000000 61.411459
0.006496 0.049094 200.000000 63.832588
0.006106 0.063869 200.000000 83.135677
-0.007101 0.022530 200.000000 18.313246
-0.009318 0.028288 200.000000 23.454859
0.003409 0.037508 200.000000 44.969103
0.007651 0.090217 200.000000 120.141855
-0.008313 0.062284 200.000000 66.145045
0.009355 0.086016 200.000000 116.474870
0.008691 0.063574 200.000000 85.695000
-0.008108 0.023166 200.000000 18.767811
0.009884 0.040944 200.000000 56.892165
-0.005237 0.066921 200.000000 75.172898
-0.003443 0.093959 200.000000 112.975588
-0.001353 0.043285 200.000000 47.742140
0.003340 0.041778 200.000000 50.574805
0.005185 0.087501 200.000000 113.717737
-0.007461 0.081635 200.000000 92.472680
-0.004409 0.081172 200.000000 94.929380
0.002883 0.054573 200.000000 67.139182
0.008949 0.063755 200.000000 86.235435
0.005868 0.031101 200.000000 39.150474
-0.005056 0.046109 200.000000 47.975861
-0.009880 0.026457 200.000000 21.551892
0.005999 0.085731 200.000000 112.264495
0.002794 0.075073 200.000000 94.433400
-0.007422 0.070713 200.000000 78.062048
-0.009037 0.022454 200.000000 18.174383
-0.005715 0.017776 200.000000 14.369350
0.009467 0.077811 200.000000 105.628858
-0.008018 0.074980 200.000000 83.122702
-0.000049 0.049423 200.000000 57.177418
0.004350 0.098517 200.000000 127.528523
-0.004809 0.099336 200.000000 118.719813
-0.004664 0.001054 200.000000 17.374470
-0.007496 0.054102 200.000000 56.205602
-0.008595 0.079261 200.000000 88.221384
-0.005548 0.022282 200.000000 18.439391
-0.009067 0.075007 200.000000 82.155235
-0.008425 0.066297 200.000000 71.301800
-0.003695 0.067760 200.000000 77.821963
0.003860 0.063256 200.000000 79.807778
-0.009579 0.018624 200.000000 16.072252
0.009871 0.076418 200.000000 104.234262
0.000906 0.024916 200.000000 25.865356
-0.007764 0.014678 200.000000 13.854987
-0.009429 0.087577 200.000000 98.411155
-0.008894 0.082542 200.000000 92.269690
-0.005998 0.005499 200.000000 15.139722
0.005562 0.078529 200.000000 102.133208
0.007098 0.090294 200.000000 119.615014
-0.006648 0.063318 200.000000 69.050814
0.001240 0.032861 200.000000 36.563582
0.009987 0.085881 200.000000 117.024275
0.009359 0.055038 200.000000 75.067671
0.009300 0.037295 200.000000 51.345416
0.003511 0.027002 200.000000 31.163888
-0.004112 0.068984 200.000000 79.026899
0.001053 0.036068 200.000000 40.604887
-0.002651 0.037601 200.000000 39.071107
0.004364 0.018153 200.000000 20.480881
-0.009937 0.083141 200.000000 92.053992
0.007535 0.040836 200.000000 54.001882
0.006697 0.053327 200.000000 69.714828
-0.000804 0.046760 200.000000 52.877090
0.000205 0.051026 200.000000 59.568193
0.004907 0.001991 200.000000 5.488595
-0.004727 0.007699 200.000000 12.057796
-0.003653 0.074720 200.000000 87.116925
-0.003813 0.033099 200.000000 32.288364
-0.001143 0.061452 200.000000 72.041757
0.004834 0.075945 200.000000 97.859523
-0.005767 0.033192 200.000000 30.926651
-0.007900 0.082327 200.000000 92.955966
0.002922 0.016140 200.000000 16.513599
-0.005925 0.076498 200.000000 87.183914
-0.008535 0.096641 200.000000 111.316951
0.003785 0.019259 200.000000 21.321308
0.007245 0.092366 200.000000 122.556147
0.008193 0.088228 200.000000 118.099953
-0.001319 0.039565 200.000000 42.878910
-0.009269 0.058353 200.000000 60.171650
0.002209 0.096818 200.000000 122.881338
0.007421 0.007153 200.000000 10.101275
0.002562 0.067844 200.000000 84.514966
0.007375 0.099915 200.000000 132.809987
0.001245 0.061689 200.000000 74.871530
-0.009259 0.050493 200.000000 50.055798
-0.002467 0.029645 200.000000 28.996832
-0.008642 0.088381 200.000000 100.248306
0.000419 0.080464 200.000000 99.059698
-0.000509 0.049737 200.000000 57.123062
-0.009399 0.082430 200.000000 91.632463
-0.005579 0.033744 200.000000 31.744808
0.006091 0.071231 200.000000 92.964326
0.008219 0.025512 200.000000 34.444777
-0.001825 0.054924 200.000000 62.670924
0.002526 0.083453 200.000000 105.346886
0.007188 0.092290 200.000000 122.389655
-0.009359 0.076532 200.000000 83.887467
0.007169 0.005096 200.000000 7.690028
-0.002692 0.007802 200.000000 9.754427
0.004806 0.046404 200.000000 58.345159
-0.008905 0.029262 200.000000 24.611142
0.008816 0.070771 200.000000 95.460914
0.007095 0.056882 200.000000 74.918019
-0.009210 0.050411 200.000000 49.990363
-0.001112 0.079860 200.000000 96.616471
0.007941 0.014458 200.000000 19.671133
0.006014 0.045243 200.000000 58.147667
-0.007857 0.057245 200.000000 59.976062
0.002531 0.050961 200.000000 61.939337
0.004226 0.041302 200.000000 50.903722
-0.008894 0.051488 200.000000 51.627847
-0.006689 0.039029 200.000000 37.528633
-0.008383 0.047752 200.000000 47.261764
0.009414 0.036020 200.000000 49.785913
-0.004605 0.043523 200.000000 45.016722
-0.008586 0.056298 200.000000 58.100575
0.005823 0.076864 200.000000 100.199618
-0.003645 0.080547 200.000000 94.883269
0.001625 0.070231 200.000000 86.686091
-0.007355 0.096373 200.000000 112.152516
-0.004850 0.085037 200.000000 99.621116
0.004047 0.017867 200.000000 19.788637
-0.000546 0.001073 200.000000 11.745259
-0.001744 0.022824 200.000000 21.048315
0.008623 0.057973 200.000000 78.131138
-0.006846 0.074606 200.000000 83.766566
0.008749 0.041845 200.000000 56.754671
-0.008359 0.030728 200.000000 26.455912
0.007649 0.035799 200.000000 47.426366
0.006261 0.023928 200.000000 30.096654
-0.000206 0.075164 200.000000 91.310894
0.004038 0.052063 200.000000 65.049691
0.006150 0.046516 200.000000 59.999389
-0.006147 0.069421 200.000000 77.588572
0.003600 0.054614 200.000000 67.974653
0.006850 0.022233 200.000000 28.530978
0.002317 0.082396 200.000000 103.704245
-0.002401 0.081443 200.000000 97.370316
0.001904 0.015443 200.000000 14.792396
-0.009814 0.090630 200.000000 102.075844
-0.004580 0.069161 200.000000 78.792769
0.001693 0.094157 200.000000 118.753339
-0.008612 0.027259 200.000000 22.606187
0.006971 0.032452 200.000000 42.193992
-0.000757 0.019630 200.000000 17.879581
0.004950 0.063123 200.000000 80.840252
-0.000924 0.062736 200.000000 73.979101
0.006501 0.040565 200.000000 52.458626
0.007602 0.052737 200.000000 69.959022
-0.006076 0.013018 200.000000 12.372183
-0.005224 0.058671 200.000000 64.286307
0.004648 0.031876 200.000000 38.829200
0.005588 0.054222 200.000000 69.657876
-0.001585 0.092490 200.000000 112.980562
0.009233 0.022830 200.000000 32.116805
-0.008886 0.037808 200.000000 34.471934
0.006841 0.064321 200.000000 84.572783
0.005891 0.087824 200.000000 114.943828
0.009400 0.005981 200.000000 11.101254
0.003246 0.031534 200.000000 36.870246
0.002202 0.069262 200.000000 86.018240
0.004625 0.045577 200.000000 57.041595
0.003154 0.066960 200.000000 83.981689
0.008673 0.062364 200.000000 84.056273
0.001418 0.032588 200.000000 36.382707
0.003143 0.060337 200.000000 75.118770
-0.000294 0.056919 200.000000 66.889879
-0.006349 0.074771 200.000000 84.472769
0.008141 0.009134 200.000000 13.241846
0.009175 0.092436 200.000000 124.859141
0.008395 0.090483 200.000000 121.349362
-0.001918 0.091282 200.000000 111.012692
0.008534 0.025272 200.000000 34.499087
0.000757 0.064793 200.000000 78.492807
-0.009970 0.020466 200.000000 17.092715
0.004533 0.082314 200.000000 106.046068
0.000863 0.008998 200.000000 7.828556
0.006186 0.093150 200.000000 122.405429
-0.009014 0.085314 200.000000 95.820853
0.006958 0.091474 200.000000 121.037177
0.001946 0.087767 200.000000 110.482556
-0.004301 0.022912 200.000000 19.617107
0.007531 0.089904 200.000000 119.585897
0.008974 0.067040 200.000000 90.655171
-0.001158 0.047820 200.000000 53.926370
-0.000617 0.062358 200.000000 73.794915
0.001285 0.053881 200.000000 64.501396
-0.001324 0.064701 200.000000 76.179919
-0.002701 0.038364 200.000000 40.017514
-0.006743 0.013740 200.000000 12.962312
0.005309 0.008703 200.000000 9.719461
0.005421 0.004126 200.000000 5.705406
0.003280 0.014395 200.000000 14.666706
-0.009835 0.029113 200.000000 24.149956
0.003590 0.009055 200.000000 8.748877
-0.000668 0.020331 200.000000 18.785746
0.004060 0.043575 200.000000 53.750368
0.005678 0.029521 200.000000 36.842469
-0.009616 0.092142 200.000000 104.274105
-0.009817 0.091300 200.000000 102.960419
0.009281 0.061769 200.000000 83.966705
0.003035 0.071827 200.000000 90.357154
-0.007882 0.084981 200.000000 96.491380
-0.005506 0.075296 200.000000 86.007085
-0.009880 0.012096 200.000000 16.262099
0.004941 0.071411 200.000000 91.914231
0.001190 0.090839 200.000000 113.765585
0.004408 0.073489 200.000000 94.098895
-0.004188 0.046325 200.000000 49.045564
0.003629 0.095886 200.000000 123.203254
0.001817 0.083485 200.000000 104.614362
-0.003899 0.083751 200.000000 98.888356
0.000090 0.073794 200.000000 89.795669
-0.009368 0.038218 200.000000 34.661498
-0.003227 0.089185 200.000000 106.832545
0.008691 0.032528 200.000000 44.294424
-0.000304 0.083474 200.000000 102.304360
-0.001093 0.022905 200.000000 21.626715
0.006693 0.067022 200.000000 88.017009
-0.000421 0.095145 200.000000 117.777276
0.004762 0.010239 200.000000 10.985979
0.001210 0.040265 200.000000 46.318465
0.007433 0.067626 200.000000 89.667210
0.009054 0.030708 200.000000 42.308260
-0.001174 0.089709 200.000000 109.704341
0.009515 0.073373 200.000000 99.750215
0.003228 0.024896 200.000000 28.102273
0.005914 0.052977 200.000000 68.360843
-0.009826 0.015298 200.000000 15.601310
-0.003706 0.007409 200.000000 10.999983
-0.009603 0.063765 200.000000 66.916639
-0.000868 0.092631 200.000000 113.935608
0.009133 0.003948 200.000000 8.690006
0.000054 0.015817 200.000000 13.952162
-0.001209 0.012119 200.000000 9.975073
0.002722 0.008355 200.000000 7.651820
0.003788 0.095552 200.000000 122.932878
0.006354 0.028146 200.000000 35.778612
0.001204 0.087757 200.000000 109.658740
0.002271 0.075074 200.000000 93.861459
-0.004146 0.066196 200.000000 75.292829
-0.007761 0.031227 200.000000 27.326118
-0.000004 0.076860 200.000000 93.789885
0.001402 0.073818 200.000000 91.238403
-0.008128 0.093555 200.000000 107.625675
0.006251 0.036083 200.000000 46.205219
0.009825 0.054928 200.000000 75.463854
-0.006838 0.009775 200.000000 13.611465
0.005045 0.012472 200.000000 13.956315
0.002627 0.048280 200.000000 58.469376
0.002684 0.026405 200.000000 29.527297
0.008295 0.032717 200.000000 44.079556
-0.000530 0.084154 200.000000 102.970186
0.006239 0.053423 200.000000 69.323705
0.005316 0.089337 200.000000 116.321986
0.005954 0.067490 200.000000 87.806543
0.007996 0.056720 200.000000 75.733251
-0.000974 0.038216 200.000000 41.438521
-0.009242 0.016507 200.000000 15.242741
0.000665 0.031809 200.000000 34.613416
-0.003892 0.067277 200.000000 76.981055
0.002297 0.080985 200.000000 101.794825
0.006647 0.029541 200.000000 37.959327
-0.004777 0.082043 200.000000 95.710292
-0.001965 0.056070 200.000000 64.050408
-0.007264 0.008681 200.000000 14.654629
0.008862 0.084862 200.000000 114.363542
-0.008878 0.068971 200.000000 74.391678
-0.004195 0.059832 200.000000 66.815841
0.005627 0.091825 200.000000 120.001438
-0.006797 0.042809 200.000000 42.234953
0.005378 0.072987 200.000000 94.510740
0.009708 0.079434 200.000000 108.078279
0.000116 0.032528 200.000000 35.026410
-0.000476 0.067098 200.000000 80.261206
-0.003961 0.054532 200.000000 60.041535
0.008435 0.069075 200.000000 92.753919
0.008361 0.091608 200.000000 122.815583
-0.005415 0.067321 200.000000 75.527020
-0.005155 0.012511 200.000000 11.634028
-0.007328 0.078414 200.000000 88.335434
-0.002825 0.075118 200.000000 88.498813
0.007231 0.046425 200.000000 61.108327
0.005044 0.047723 200.000000 60.370720
-0.008064 0.054310 200.000000 55.975691
-0.004454 0.076896 200.000000 89.193489
0.002196 0.063418 200.000000 78.203211
0.000423 0.037586 200.000000 41.977457
-0.008309 0.013781 200.000000 14.264897
0.004899 0.056095 200.000000 71.389267
-0.003837 0.001859 200.000000 15.412786
0.005139 0.041090 200.000000 51.629534
-0.008647 0.009556 200.000000 15.916965
-0.000817 0.066648 200.000000 79.302749
0.008696 0.008915 200.000000 13.640446
0.005638 0.060025 200.000000 77.468792
-0.000084 0.022048 200.000000 21.352676
-0.003162 0.011811 200.000000 10.283234
-0.001948 0.035812 200.000000 37.382823
-0.009327 0.071419 200.000000 77.190004
0.007980 0.047368 200.000000 63.227381
0.006314 0.025120 200.000000 31.729260
0.007411 0.011257 200.000000 14.996430
-0.003591 0.097611 200.000000 117.695244
-0.000171 0.059175 200.000000 70.022288
-0.003958 0.043425 200.000000 45.469750
-0.002150 0.072026 200.000000 85.079182
0.008740 0.004398 200.000000 8.672909
0.007692 0.043335 200.000000 57.514944
-0.007204 0.030757 200.000000 27.083669
0.005837 0.030306 200.000000 38.060028
-0.005824 0.050193 200.000000 52.607509
-0.000964 0.001025 200.000000 12.344650
-0.006439 0.053216 200.000000 55.995797
0.002240 0.017075 200.000000 17.079333
-0.008794 0.083062 200.000000 93.054491
-0.001219 0.018528 200.000000 16.292951
0.002624 0.026705 200.000000 29.859935
0.007991 0.079637 200.000000 106.372774
-0.009335 0.008841 200.000000 17.226049
-0.007607 0.074291 200.000000 82.607879
-0.001987 0.062659 200.000000 72.779756
0.005225 0.026800 200.000000 32.735969
0.009301 0.080703 200.000000 109.305921
-0.008841 0.001956 200.000000 22.371701
-0.004573 0.024702 200.000000 21.507474
0.006264 0.006998 200.000000 8.739291
-0.003107 0.069360 200.000000 80.545768
-0.001938 0.009722 200.000000 9.046720
0.003870 0.060241 200.000000 75.788660
-0.006770 0.054854 200.000000 57.834974
0.003420 0.044862 200.000000 54.769246
-0.002580 0.049708 200.000000 55.017273
0.009596 0.059652 200.000000 81.505184
-0.006073 0.074163 200.000000 83.939451
0.002610 0.085131 200.000000 107.684847
0.005456 0.071056 200.000000 92.016810
-0.003864 0.018229 200.000000 14.881779
0.007434 0.076104 200.000000 101.009051
-0.005660 0.010142 200.000000 12.184853
-0.008113 0.070636 200.000000 77.300126
0.007986 0.052973 200.000000 70.717268
-0.002388 0.084389 200.000000 101.314054
0.004415 0.002554 200.000000 5.527849
0.007015 0.050738 200.000000 66.618923
0.009700 0.099549 200.000000 134.982193
-0.002357 0.012959 200.000000 10.633971
-0.003790 0.043328 200.000000 45.496147
0.009552 0.060076 200.000000 82.020223
-0.006410 0.005423 200.000000 15.759012
0.008758 0.016100 200.000000 22.761223
0.001230 0.098428 200.000000 123.960342
-0.008835 0.031279 200.000000 26.853704
-0.000580 0.043392 200.000000 48.647058
0.007225 0.005292 200.000000 7.932240
0.003071 0.035337 200.000000 41.725574
-0.003932 0.012631 200.000000 10.945545
0.001850 0.006569 200.000000 6.562690
-0.000930 0.076763 200.000000 92.674725
-0.009339 0.057730 200.000000 59.303359
0.006965 0.034065 200.000000 44.332547
-0.001304 0.056865 200.000000 65.777275
-0.007189 0.051268 200.000000 52.795016
0.009325 0.041763 200.000000 57.322210
-0.003719 0.099649 200.000000 120.279330
-0.003325 0.091999 200.000000 110.483688
0.003610 0.052024 200.000000 64.529856
-0.003869 0.013097 200.000000 11.107310
0.003084 0.079570 200.000000 100.767111
0.004106 0.096957 200.000000 125.167997
-0.001595 0.095333 200.000000 116.768914
0.005471 0.090787 200.000000 118.436369
0.008266 0.068395 200.000000 91.650783
0.001086 0.096097 200.000000 120.684436
-0.003681 0.056297 200.000000 62.646188
0.004394 0.022871 200.000000 26.660316
0.008160 0.070672 200.000000 94.573380
-0.009707 0.026622 200.000000 21.729705
0.005121 0.096544 200.000000 125.750505
-0.003616 0.090773 200.000000 108.543349
-0.000422 0.046257 200.000000 52.596658
-0.004960 0.046647 200.000000 48.763840
-0.000631 0.065031 200.000000 77.342797
-0.002986 0.032100 200.000000 31.691588
0.004461 0.067765 200.000000 86.502593
0.000859 0.024565 200.000000 25.368942
-0.000155 0.021433 200.000000 20.527900
0.008345 0.008183 200.000000 12.346671
-0.001010 0.091410 200.000000 112.152055
0.003272 0.098275 200.000000 126.005054
-0.005927 0.093493 200.000000 109.776826
-0.002020 0.025863 200.000000 24.592346
0.009466 0.089837 200.000000 121.714884
0.001756 0.078521 200.000000 97.909541
0.002886 0.077074 200.000000 97.210543
0.007839 0.009486 200.000000 13.312996
0.003169 0.093451 200.000000 119.434584
-0.006297 0.074442 200.000000 84.088724
-0.008416 0.019156 200.000000 15.834070
-0.005057 0.056598 200.000000 61.714429
0.005736 0.068633 200.000000 89.089655
0.008043 0.019860 200.000000 26.800969
0.006741 0.061041 200.000000 80.074099
-0.009640 0.028646 200.000000 23.728583
-0.001896 0.085832 200.000000 103.758030
0.003700 0.084471 200.000000 108.004934
0.002566 0.059013 200.000000 72.722495
0.005950 0.099741 200.000000 130.964019
-0.008095 0.001224 200.000000 22.052659
0.009890 0.047998 200.000000 66.296267
0.005575 0.025403 200.000000 31.276298
0.007076 0.013455 200.000000 17.382881
-0.001674 0.092782 200.000000 113.276340
0.002752 0.011295 200.000000 10.585741
0.004301 0.071775 200.000000 91.687416
-0.002929 0.043552 200.000000 46.584790
0.009401 0.035202 200.000000 48.684080
-0.000431 0.021547 200.000000 20.452450
-0.007177 0.047838 200.000000 48.369975
0.001160 0.069401 200.000000 85.077644
-0.002768 0.065441 200.000000 75.680155
0.008830 0.002701 200.000000 7.300003
0.006799 0.035267 200.000000 45.742638
0.000194 0.085295 200.000000 105.273694
0.001968 0.029978 200.000000 33.498746
0.000238 0.088418 200.000000 109.495925
0.005904 0.015672 200.000000 18.913478
0.008097 0.059282 200.000000 79.273233
-0.001966 0.024956 200.000000 23.505835
0.009921 0.028307 200.000000 40.165950
0.006529 0.025246 200.000000 32.139309
-0.005201 0.048933 200.000000 51.526747
0.000767 0.035534 200.000000 39.614373
0.006066 0.041942 200.000000 53.802387
0.001376 0.041762 200.000000 48.475296
-0.008513 0.091562 200.000000 104.595302
-0.001361 0.067943 200.000000 80.459896
0.004988 0.033495 200.000000 41.352840
0.003185 0.025549 200.000000 28.914391
0.001207 0.069616 200.000000 85.413657
0.004424 0.088289 200.000000 113.919180
0.005369 0.025861 200.000000 31.653910
0.002358 0.089894 200.000000 113.779283
-0.003886 0.093981 200.000000 112.541301
-0.005664 0.006022 200.000000 14.293761
0.002860 0.052261 200.000000 64.028468
-0.000240 0.046949 200.000000 53.698529
0.004786 0.056816 200.000000 72.227299
0.005476 0.030544 200.000000 37.973655
0.002155 0.041146 200.000000 48.471997
0.001288 0.012506 200.000000 11.010059
-0.002383 0.095183 200.000000 115.729060
-0.005671 0.094494 200.000000 111.371683
-0.006448 0.009758 200.000000 13.168500
0.006257 0.055254 200.000000 71.790666
0.003026 0.004661 200.000000 5.856619
0.000270 0.023007 200.000000 22.855403
-0.009221 0.035314 200.000000 31.292598
-0.002655 0.068930 200.000000 80.435526
-0.004956 0.068989 200.000000 78.189277
-0.004120 0.040871 200.000000 42.005627
0.006744 0.046749 200.000000 60.982729
0.002551 0.030813 200.000000 35.193993
-0.002971 0.096919 200.000000 117.424538
0.008162 0.013043 200.000000 18.124656
-0.000947 0.076618 200.000000 92.464085
-0.000337 0.034656 200.000000 37.379110
0.004342 0.088697 200.000000 114.373713
-0.009162 0.023611 200.000000 19.103468
0.003892 0.076781 200.000000 97.928397
-0.008125 0.097683 200.000000 113.115885
0.004217 0.085312 200.000000 109.704725
-0.001046 0.047135 200.000000 53.131761
-0.005841 0.088579 200.000000 103.323157
-0.006665 0.031236 200.000000 27.962292
-0.006880 0.079506 200.000000 90.224133
0.005368 0.028369 200.000000 34.969604
-0.004073 0.008713 200.000000 10.911955
-0.002116 0.070870 200.000000 83.575161
0.003933 0.026281 200.000000 30.656519
0.007355 0.098148 200.000000 130.421847
0.002776 0.027325 200.000000 30.829370
-0.006348 0.063617 200.000000 69.729462
-0.004663 0.035331 200.000000 34.438329
-0.003305 0.047993 200.000000 52.059260
0.007108 0.068451 200.000000 90.400306
-0.009018 0.050554 200.000000 50.328845
0.002063 0.056461 200.000000 68.772566
-0.001843 0.001240 200.000000 13.302747
0.003673 0.052126 200.000000 64.734429
0.000909 0.072782 200.000000 89.323615
-0.003191 0.060105 200.000000 68.170327
-0.006367 0.024575 200.000000 20.550833
-0.004417 0.026393 200.000000 23.575259
0.008928 0.077965 200.000000 105.211939
-0.005974 0.058406 200.000000 63.225439
0.003103 0.098061 200.000000 125.530485
0.005251 0.034939 200.000000 43.562390
0.003517 0.080213 200.000000 102.105300
0.006526 0.023647 200.000000 30.023817
0.003620 0.028986 200.000000 33.895636
-0.007681 0.038601 200.000000 36.260201
-0.001275 0.017947 200.000000 15.600238
0.009375 0.045121 200.000000 61.855061
-0.002253 0.035663 200.000000 36.912916
0.003456 0.092797 200.000000 118.877480
-0.005777 0.007878 200.000000 13.241552
0.003599 0.002360 200.000000 6.083410
0.006051 0.044158 200.000000 56.740707
0.005846 0.047225 200.000000 60.603618
0.001069 0.008583 200.000000 7.573273
-0.004404 0.071982 200.000000 82.713413
-0.002286 0.015033 200.000000 12.248692
-0.003771 0.055904 200.000000 62.038663
-0.009861 0.044050 200.000000 41.471843
0.001173 0.028683 200.000000 31.014094
0.003503 0.038896 200.000000 46.915908
0.001096 0.052141 200.000000 61.983974
-0.007819 0.045920 200.000000 45.378090
0.007723 0.028951 200.000000 38.415396
-0.005573 0.020350 200.000000 16.537952
0.008627 0.011887 200.000000 17.221860
-0.005974 0.018252 200.000000 14.744634
0.006816 0.049529 200.000000 64.777452
0.003562 0.022137 200.000000 24.834285
-0.003301 0.076234 200.000000 89.493804
-0.003176 0.037810 200.000000 38.872797
-0.006873 0.067431 200.000000 74.257745
0.007637 0.043739 200.000000 57.991001
0.005424 0.057965 200.000000 74.474885
0.005718 0.080199 200.000000 104.543918
-0.001269 0.022527 200.000000 21.029056
0.002814 0.014276 200.000000 14.118204
0.008042 0.094450 200.000000 126.254936
0.004781 0.026819 200.000000 32.276432
-0.005088 0.045296 200.000000 46.891087
-0.008080 0.071909 200.000000 79.009947
-0.008958 0.061377 200.000000 64.379384
-0.007428 0.035951 200.000000 33.170235
0.001694 0.043982 200.000000 51.756275
0.008018 0.069651 200.000000 93.046185
0.005798 0.091425 200.000000 119.658932
-0.005052 0.073905 200.000000 84.615832
0.009783 0.023788 200.000000 34.040464
0.002840 0.022578 200.000000 24.682582
-0.005283 0.061994 200.000000 68.612510
0.006478 0.036741 200.000000 47.338118
0.002733 0.037638 200.000000 44.422031
0.009207 0.069084 200.000000 93.657665
-0.001416 0.062972 200.000000 73.782795
0.005433 0.022120 200.000000 26.795412
0.000775 0.041871 200.000000 48.001410
0.002985 0.002790 200.000000 6.339271
0.008934 0.006652 200.000000 11.282353
0.001864 0.093091 200.000000 117.514402
-0.009317 0.076118 200.000000 83.381838
0.002593 0.064450 200.000000 80.014392
0.006277 0.016395 200.000000 20.257011
0.003078 0.073293 200.000000 92.364389
0.009312 0.051012 200.000000 69.637925
-0.000766 0.060282 200.000000 70.876005
-0.006266 0.055022 200.000000 58.513622
-0.006697 0.064723 200.000000 70.855677
-0.006784 0.039462 200.000000 38.000801
0.000891 0.057481 200.000000 68.882883
0.003410 0.026127 200.000000 29.907268
0.006666 0.053375 200.000000 69.743208
0.000690 0.060605 200.000000 72.834573
0.009347 0.090018 200.000000 121.820165
-0.002979 0.086746 200.000000 103.837861
0.006815 0.056076 200.000000 73.522206
-0.006107 0.012845 200.000000 12.377724
0.006505 0.038112 200.000000 49.195640
-0.000516 0.086841 200.000000 106.575618
0.009635 0.098613 200.000000 133.654394
0.000429 0.081519 200.000000 100.478811
-0.000971 0.030443 200.000000 31.301975
0.000759 0.060134 200.000000 72.279780
-0.009592 0.066290 200.000000 70.222722
-0.008600 0.083013 200.000000 93.178503
-0.008284 0.027236 200.000000 22.684966
0.009174 0.080283 200.000000 108.597219
0.005434 0.028281 200.000000 34.926923
-0.002530 0.019770 200.000000 16.983699
-0.000405 0.032543 200.000000 34.550686
0.009266 0.014918 200.000000 21.856329
0.006561 0.075804 200.000000 99.614478
-0.004145 0.020279 200.000000 16.841706
0.007947 0.058573 200.000000 78.153549
-0.008421 0.019064 200.000000 15.784173
0.003658 0.081114 200.000000 103.467588
0.005884 0.021885 200.000000 26.983874
0.001151 0.047055 200.000000 55.273520
0.004526 0.081343 200.000000 104.738970
0.004559 0.080073 200.000000 103.076100
-0.009156 0.023902 200.000000 19.346915
-0.009164 0.067055 200.000000 71.615074
-0.008745 0.064183 200.000000 68.236594
-0.001999 0.070216 200.000000 82.824519
0.002163 0.058397 200.000000 71.465086
-0.005411 0.014480 200.000000 12.358992
-0.001843 0.042999 200.000000 46.889452
-0.008670 0.066542 200.000000 71.395991
0.006993 0.048508 200.000000 63.615964
-0.004148 0.009109 200.000000 10.882618
0.003860 0.085898 200.000000 110.092169
0.009441 0.028078 200.000000 39.287499
-0.009539 0.055505 200.000000 56.257473
-0.007650 0.099470 200.000000 115.972825
0.009879 0.048259 200.000000 66.631294
-0.009127 0.074734 200.000000 81.737998
0.001437 0.019691 200.000000 19.665113
-0.007628 0.040730 200.000000 38.955806
0.006481 0.002120 200.000000 5.372028
-0.006028 0.029668 200.000000 26.483022
0.007302 0.039282 200.000000 51.663558
-0.007776 0.067694 200.000000 73.744819
-0.000344 0.011922 200.000000 9.881148
-0.007261 0.041180 200.000000 39.801114
-0.004975 0.063370 200.000000 70.730007
-0.003150 0.015335 200.000000 12.417035
0.003551 0.094474 200.000000 121.227760
0.008496 0.048965 200.000000 65.956143
0.007689 0.084046 200.000000 111.926414
-0.000703 0.044453 200.000000 49.925652
0.007543 0.015606 200.000000 20.679521
0.000921 0.022769 200.000000 23.120248
0.002346 0.037929 200.000000 44.400273
-0.004680 0.086214 200.000000 101.363940
0.002454 0.093870 200.000000 119.206281
-0.001974 0.095016 200.000000 115.940567
0.005964 0.040326 200.000000 51.532885
-0.005035 0.018913 200.000000 15.308655
-0.009505 0.004578 200.000000 20.800852
-0.001684 0.016068 200.000000 13.393278
-0.007456 0.020282 200.000000 16.391307
-0.000392 0.075463 200.000000 91.510789
-0.001827 0.024893 200.000000 23.532330
-0.005124 0.061562 200.000000 68.196390
-0.000460 0.059981 200.000000 70.793545
-0.007962 0.028906 200.000000 24.602008
-0.000389 0.077529 200.000000 94.273098
-0.006933 0.032406 200.000000 29.195491
0.005472 0.031357 200.000000 39.048962
0.003149 0.016741 200.000000 17.479345
-0.002430 0.019253 200.000000 16.460372
0.007054 0.021384 200.000000 27.648820
0.002023 0.031425 200.000000 35.459634
-0.007514 0.075181 200.000000 83.874547
0.000326 0.043091 200.000000 49.160553
0.005412 0.026517 200.000000 32.568429
-0.009588 0.094777 200.000000 107.793606
-0.004934 0.005533 200.000000 13.689012
0.001703 0.032947 200.000000 37.143117
0.002949 0.058964 200.000000 73.072575
-0.003297 0.019365 200.000000 16.200419
0.005467 0.005288 200.000000 6.482817
-0.009483 0.023473 200.000000 18.998362
-0.005542 0.062876 200.000000 69.526641
-0.000731 0.022360 200.000000 21.228028
-0.006140 0.074438 200.000000 84.238536
-0.002289 0.059867 200.000000 68.761154
0.003612 0.003421 200.000000 5.699255
-0.009435 0.067686 200.000000 72.193328
-0.006067 0.038032 200.000000 36.750361
0.005175 0.097132 200.000000 126.597277
-0.008433 0.084947 200.000000 95.902967
-0.000927 0.063074 200.000000 74.426855
-0.005602 0.092664 200.000000 109.006192
0.002899 0.027993 200.000000 31.833349
0.000363 0.057366 200.000000 68.171586
-0.008782 0.028368 200.000000 23.705690
-0.005446 0.010592 200.000000 11.874982
-0.000625 0.096847 200.000000 119.832521
0.004593 0.033316 200.000000 40.680356
-0.007094 0.030812 200.000000 27.210341
-0.006571 0.021308 200.000000 17.268729
0.004377 0.079473 200.000000 102.070479
-0.005842 0.005520 200.000000 14.912870
-0.003683 0.042073 200.000000 43.957147
0.007237 0.015369 200.000000 20.019570
-0.003128 0.010266 200.000000 9.903755
0.009974 0.050817 200.000000 70.154821
-0.003684 0.029022 200.000000 27.269477
-0.004769 0.077256 200.000000 89.352068
0.004750 0.089508 200.000000 115.915559
0.005561 0.006142 200.000000 7.276050
0.008740 0.047998 200.000000 64.949861
0.005580 0.085182 200.000000 111.056679
-0.004000 0.018677 200.000000 15.280331
-0.008737 0.059476 200.000000 62.098514
-0.004317 0.086561 200.000000 102.200057
-0.000192 0.043486 200.000000 49.159571
0.005523 0.061330 200.000000 79.083834
-0.008924 0.055995 200.000000 57.414983
-0.003008 0.074958 200.000000 88.095865
0.002628 0.074512 200.000000 93.501252
0.009551 0.004010 200.000000 9.236379
0.009472 0.069108 200.000000 93.997820
0.001114 0.058664 200.000000 70.696070
-0.000884 0.079076 200.000000 95.811656
0.004570 0.074124 200.000000 95.129151
-0.006832 0.083603 200.000000 95.707761
-0.002537 0.056434 200.000000 63.958519
0.009621 0.081137 200.000000 110.255955
0.003354 0.008614 200.000000 8.170638
0.000881 0.071919 200.000000 88.138949
0.003647 0.007205 200.000000 7.063060
-0.000544 0.063783 200.000000 75.771040
0.000661 0.085311 200.000000 105.799032
-0.003170 0.089391 200.000000 107.167269
0.008211 0.038452 200.000000 51.608439
-0.007728 0.068928 200.000000 75.415449
0.008034 0.063902 200.000000 85.376281
0.005081 0.030495 200.000000 37.471933
-0.003526 0.016443 200.000000 13.314964
0.003747 0.066928 200.000000 84.591629
-0.002347 0.081471 200.000000 97.464060
-0.002319 0.054460 200.000000 61.560238
0.006773 0.042310 200.000000 55.095264
-0.006993 0.019523 200.000000 15.780788
0.002415 0.012371 200.000000 11.559910
-0.002229 0.063563 200.000000 73.734033
-0.006645 0.096314 200.000000 112.795964
-0.006283 0.045327 200.000000 45.891954
-0.004391 0.082121 200.000000 96.210596
0.004162 0.006085 200.000000 6.420216
-0.004785 0.036905 200.000000 36.340387
0.000760 0.050897 200.000000 59.975782
0.008724 0.005681 200.000000 9.964480
0.002102 0.097861 200.000000 124.159317
0.008909 0.048311 200.000000 65.563381
0.005877 0.065157 200.000000 84.600377
0.006262 0.076066 200.000000 99.627136
0.005980 0.019500 200.000000 23.965538
0.004558 0.095640 200.000000 123.909437
0.005802 0.014764 200.000000 17.637053
0.003566 0.023331 200.000000 26.398806
-0.008007 0.078205 200.000000 87.394784
0.007792 0.070654 200.000000 94.128028
-0.009845 0.031597 200.000000 26.772736
-0.001287 0.013450 200.000000 11.026971
0.002277 0.057276 200.000000 70.090583
0.007806 0.095452 200.000000 127.326181
0.007872 0.052061 200.000000 69.367962
0.001736 0.036364 200.000000 41.692219
0.002675 0.067795 200.000000 84.574155
0.004189 0.033711 200.000000 40.765109
-0.004431 0.059131 200.000000 65.658220
0.006316 0.035838 200.000000 45.953075
-0.002233 0.031660 200.000000 31.762973
-0.009313 0.028870 200.000000 24.057118
-0.000038 0.042511 200.000000 48.023390
-0.005987 0.061889 200.000000 67.798259
-0.009398 0.013233 200.000000 15.401987
0.005998 0.065181 200.000000 84.767971
0.007703 0.087072 200.000000 115.992935
-0.005037 0.085200 200.000000 99.647873
0.000431 0.042640 200.000000 48.668748
-0.007922 0.045670 200.000000 44.978160
0.001965 0.093993 200.000000 118.832725
-0.005389 0.012705 200.000000 11.828777
-0.006816 0.057696 200.000000 61.509555
-0.008071 0.032646 200.000000 28.808993
-0.000796 0.049712 200.000000 56.798352
0.005538 0.058878 200.000000 75.823829
0.006856 0.079834 200.000000 105.341636
-0.001183 0.062774 200.000000 73.761120
-0.005601 0.040619 200.000000 40.414136
0.009329 0.071368 200.000000 96.851982
-0.006504 0.079874 200.000000 91.085593
-0.005869 0.023496 200.000000 19.591673
-0.007832 0.014700 200.000000 13.909248
0.005858 0.058177 200.000000 75.247146
0.007624 0.066079 200.000000 87.816917
-0.005004 0.013838 200.000000 11.912918
0.000657 0.053367 200.000000 63.154792
-0.005267 0.017286 200.000000 13.970122
0.008287 0.012206 200.000000 17.214801
-0.001420 0.098853 200.000000 121.659416
-0.005123 0.070782 200.000000 80.401472
0.005089 0.026536 200.000000 32.238101
-0.007165 0.048542 200.000000 49.288604
-0.006660 0.063934 200.000000 69.851400
-0.005501 0.068729 200.000000 77.305678
-0.007310 0.020038 200.000000 16.195113
-0.007992 0.058597 200.000000 61.619014
-0.006622 0.033802 200.000000 31.085385
0.003356 0.065729 200.000000 82.557435
0.006598 0.013029 200.000000 16.303054
-0.006398 0.027513 200.000000 23.772084
-0.007573 0.056421 200.000000 59.155563
0.002542 0.092659 200.000000 117.682237
0.004875 0.095983 200.000000 124.723282
-0.008470 0.092472 200.000000 105.846253
0.009581 0.056842 200.000000 77.734147
-0.007315 0.019065 200.000000 15.499496
0.006924 0.095106 200.000000 125.860239
-0.005351 0.057431 200.000000 62.531195
-0.007047 0.039783 200.000000 38.205216
-0.006578 0.029440 200.000000 25.895422
-0.005808 0.036829 200.000000 35.433889
0.003251 0.030273 200.000000 35.208231
0.002817 0.091149 200.000000 115.964602
-0.002412 0.025121 200.000000 23.379839
0.008370 0.030572 200.000000 41.321104
-0.001490 0.005211 200.000000 9.574921
0.006437 0.059260 200.000000 77.347350
0.002771 0.019848 200.000000 21.084125
0.006003 0.045569 200.000000 58.570374
-0.001575 0.054190 200.000000 61.948418
0.007424 0.032689 200.000000 43.030872
0.006123 0.083473 200.000000 109.381805
-0.004672 0.048342 200.000000 51.238258
-0.006733 0.018125 200.000000 14.762538
-0.005534 0.023790 200.000000 20.033166
-0.009682 0.018098 200.000000 15.942840
0.005378 0.071177 200.000000 92.089436
0.004263 0.070124 200.000000 89.437147
-0.008018 0.077646 200.000000 86.645102
0.009751 0.077372 200.000000 105.370380
-0.000521 0.070728 200.000000 85.054581
-0.000417 0.082850 200.000000 101.350060
0.001228 0.078238 200.000000 96.957678
-0.000624 0.078570 200.000000 95.412083
0.007252 0.031819 200.000000 41.676535
-0.006987 0.013177 200.000000 13.109410
-0.005694 0.050642 200.000000 53.309725
0.001210 0.061331 200.000000 74.356862
-0.004949 0.082783 200.000000 96.521244
-0.006177 0.071141 200.000000 79.835694
0.004452 0.099220 200.000000 128.584149
0.002571 0.012981 200.000000 12.377748
-0.009469 0.028657 200.000000 23.788423
-0.005851 0.064540 200.000000 71.425037
0.009796 0.071569 200.000000 97.663617
-0.003335 0.094589 200.000000 113.929750
-0.003483 0.032890 200.000000 32.288801
0.006604 0.095221 200.000000 125.650195
0.002398 0.071856 200.000000 89.699617
-0.007189 0.058544 200.000000 62.278381
-0.007879 0.055027 200.000000 57.069539
-0.009225 0.068400 200.000000 73.321949
-0.002790 0.067145 200.000000 77.922379
-0.005596 0.011756 200.000000 11.914288
-0.008543 0.021463 200.000000 17.379837
0.009478 0.056266 200.000000 76.845423
-0.003252 0.097428 200.000000 117.807401
-0.003899 0.005512 200.000000 12.350960
-0.008810 0.018810 200.000000 15.795317
0.001238 0.087532 200.000000 109.394879
-0.002999 0.045673 200.000000 49.301763
-0.007707 0.007501 200.000000 15.959431
0.001619 0.077353 200.000000 96.198003
-0.005859 0.093834 200.000000 110.299790
-0.006113 0.017969 200.000000 14.553126
0.005913 0.040472 200.000000 51.669714
-0.009780 0.071853 200.000000 77.339243
0.001965 0.093397 200.000000 118.034472
0.008929 0.030911 200.000000 42.430094
0.009972 0.034849 200.000000 48.894760
-0.000042 0.010435 200.000000 8.778514
0.004687 0.043947 200.000000 54.936995
-0.008732 0.029515 200.000000 24.950093
0.007844 0.095346 200.000000 127.227126
0.006407 0.046394 200.000000 60.126356
-0.002984 0.061901 200.000000 70.759787
-0.009224 0.048593 200.000000 47.662029
0.004125 0.033918 200.000000 40.971421
-0.002169 0.071807 200.000000 84.767000
0.003446 0.059398 200.000000 74.196493
-0.008845 0.076694 200.000000 84.590602
-0.002728 0.034448 200.000000 34.921099
-0.003339 0.019081 200.000000 15.887748
0.002807 0.044575 200.000000 53.726540
0.003779 0.038764 200.000000 47.038681
-0.006521 0.098168 200.000000 115.392986
0.009858 0.089073 200.000000 121.146500
0.008662 0.049008 200.000000 66.205719
-0.006185 0.081133 200.000000 93.076522
-0.008845 0.081281 200.000000 90.650092
-0.006023 0.028420 200.000000 25.016234
-0.009991 0.070048 200.000000 74.778204
-0.008046 0.099141 200.000000 115.134091
-0.005061 0.050052 200.000000 53.117566
-0.000188 0.070032 200.000000 84.479732
-0.000855 0.004509 200.000000 9.262992
0.002691 0.004096 200.000000 6.076183
0.000912 0.068808 200.000000 84.018153
0.002774 0.002484 200.000000 6.690645
0.009435 0.021931 200.000000 31.180180
-0.002366 0.003787 200.000000 11.673598
-0.005756 0.015403 200.000000 12.918486
-0.006155 0.002940 200.000000 17.596008
-0.003104 0.083119 200.000000 98.871130
-0.005865 0.005463 200.000000 14.988146
0.002183 0.002529 200.000000 7.226663
0.001659 0.003551 200.000000 7.119445
-0.007728 0.086927 200.000000 99.225765
0.003565 0.015234 200.000000 15.970281
0.001039 0.074794 200.000000 92.151277
0.007849 0.002754 200.000000 6.424727
0.006243 0.066447 200.000000 86.737216
0.004358 0.074127 200.000000 94.896381
0.001153 0.076318 200.000000 94.311057
0.002022 0.043671 200.000000 51.688093
-0.005345 0.088931 200.000000 104.298396
0.006740 0.008514 200.000000 10.921911
0.001347 0.081508 200.000000 101.457958
0.001497 0.017490 200.000000 16.967325
-0.000124 0.047399 200.000000 54.413843
-0.008156 0.062954 200.000000 67.165836
0.004239 0.065013 200.000000 82.576012
-0.002128 0.060639 200.000000 69.951554
0.006611 0.015172 200.000000 19.052924
0.008021 0.057915 200.000000 77.358906
-0.003147 0.068046 200.000000 78.757076
-0.004391 0.045305 200.000000 47.528030
0.001171 0.071179 200.000000 87.462826
-0.009178 0.040068 200.000000 37.032094
-0.000534 0.014071 200.000000 11.802807
-0.009993 0.060327 200.000000 62.103117
0.004749 0.049875 200.000000 62.914801
-0.002857 0.033521 200.000000 33.618073
-0.008691 0.037135 200.000000 33.782323
0.001574 0.042987 200.000000 50.308448
-0.009760 0.081072 200.000000 89.492975
0.003043 0.069547 200.000000 87.318395
-0.008042 0.033162 200.000000 29.430858
-0.008844 0.076200 200.000000 83.940426
0.001037 0.097634 200.000000 122.687589
-0.004476 0.008735 200.000000 11.335439
-0.005291 0.050944 200.000000 54.072829
0.006672 0.041522 200.000000 53.928720
-0.004200 0.090260 200.000000 107.251254
0.000256 0.050487 200.000000 58.905033
-0.004141 0.038953 200.000000 39.506532
-0.006910 0.006695 200.000000 15.464009
0.005487 0.074567 200.000000 96.747805
-0.004929 0.077608 200.000000 89.658765
0.000720 0.083360 200.000000 103.254816
-0.008562 0.027247 200.000000 22.609147
0.007280 0.054839 200.000000 72.399567
-0.007364 0.019961 200.000000 16.142343
-0.009507 0.058870 200.000000 60.636076
-0.001109 0.026252 200.000000 25.810146
0.009880 0.019950 200.000000 29.129717
-0.009494 0.016044 200.000000 15.361251
0.009506 0.074307 200.000000 100.986984
-0.008421 0.056828 200.000000 58.932224
0.004507 0.030522 200.000000 36.879885
0.006794 0.049026 200.000000 64.080493
-0.003256 0.034760 200.000000 34.868586
-0.003355 0.030642 200.000000 29.545690
-0.005808 0.010457 200.000000 12.263227
-0.000227 0.071901 200.000000 86.931634
0.003392 0.038656 200.000000 46.477107
0.004753 0.002761 200.000000 5.373568
0.009632 0.082834 200.000000 112.538652
0.005975 0.099333 200.000000 130.446006
0.006698 0.095660 200.000000 126.345517
-0.004202 0.047551 200.000000 50.636201
0.005550 0.031577 200.000000 39.427219
-0.009632 0.039284 200.000000 35.782175
-0.002096 0.078754 200.000000 94.103418
-0.007338 0.015618 200.000000 13.778157
0.003234 0.078007 200.000000 98.841672
-0.002815 0.059804 200.000000 68.146881
0.009423 0.035246 200.000000 48.768322
0.006349 0.001602 200.000000 5.319857
-0.006713 0.001264 200.000000 20.045460
0.006936 0.007906 200.000000 10.429343
-0.000749 0.078517 200.000000 95.208585
0.007617 0.065529 200.000000 87.073149
0.007192 0.014989 200.000000 19.478112
0.006255 0.013088 200.000000 15.998638
-0.007521 0.053005 200.000000 54.757661
0.005054 0.069852 200.000000 89.954344
0.005400 0.006222 200.000000 7.229376
0.002204 0.028472 200.000000 31.756263
0.007600 0.053049 200.000000 70.374896
-0.005438 0.067479 200.000000 75.713214
0.009430 0.002931 200.000000 8.122134
0.008017 0.024672 200.000000 33.097872
0.005608 0.055884 200.000000 71.901428
0.001732 0.027188 200.000000 29.604813
0.007967 0.017273 200.000000 23.336079
0.002120 0.096371 200.000000 122.184555
0.008569 0.034913 200.000000 47.318087
-0.004469 0.023332 200.000000 20.006098
-0.004516 0.086313 200.000000 101.664850
-0.001561 0.035988 200.000000 37.967564
0.008275 0.041855 200.000000 56.216234
0.006257 0.088331 200.000000 116.035892
0.009989 0.082990 200.000000 113.160731
-0.004248 0.006510 200.000000 12.134910
-0.001868 0.068446 200.000000 80.602697
-0.007959 0.085123 200.000000 96.602829
-0.004161 0.039654 200.000000 40.394073
-0.006421 0.032023 200.000000 29.057943
0.004412 0.074191 200.000000 95.042432
0.000576 0.067167 200.000000 81.467952
0.009741 0.098318 200.000000 133.381364
-0.001936 0.060191 200.000000 69.551510
0.005595 0.018493 200.000000 22.228035
0.006342 0.021247 200.000000 26.658909
-0.003868 0.086834 200.000000 103.028603
0.006848 0.024853 200.000000 31.983368
0.000421 0.036810 200.000000 40.951262
-0.003438 0.010395 200.000000 10.141238
0.009418 0.019542 200.000000 28.033269
0.005336 0.080841 200.000000 104.973139
-0.002568 0.027792 200.000000 26.579878
-0.000508 0.040149 200.000000 44.435333
-0.005446 0.017384 200.000000 14.057554
0.000580 0.060836 200.000000 73.025908
-0.004866 0.056838 200.000000 62.213436
0.000831 0.069730 200.000000 85.162065
-0.008009 0.091826 200.000000 105.448025
-0.005264 0.057615 200.000000 62.856212
-0.001764 0.029500 200.000000 29.396669
-0.002501 0.006898 200.000000 9.870787
-0.005725 0.044623 200.000000 45.461903
0.006518 0.012403 200.000000 15.425066
0.008756 0.019340 200.000000 26.969193
0.001307 0.025978 200.000000 27.616794
-0.000643 0.027653 200.000000 27.997307
0.005903 0.006767 200.000000 8.166304
-0.009366 0.070528 200.000000 75.982835
0.001475 0.035366 200.000000 40.105604
-0.005859 0.051813 200.000000 54.688902
-0.002521 0.067564 200.000000 78.755016
-0.002712 0.030735 200.000000 30.179368
0.009570 0.030499 200.000000 42.645603
-0.009016 0.097230 200.000000 111.618932
0.006239 0.045596 200.000000 58.872164
0.009421 0.076966 200.000000 104.445342
0.000281 0.066042 200.000000 79.652443
0.009482 0.032493 200.000000 45.183731
0.001199 0.013239 200.000000 11.750183
0.005406 0.002846 200.000000 5.303953
-0.002219 0.090028 200.000000 109.019065
-0.008841 0.060402 200.000000 63.212356
0.001670 0.085828 200.000000 107.586813
-0.008695 0.003315 200.000000 20.826798
-0.009583 0.038154 200.000000 34.452497
0.002477 0.071708 200.000000 89.586378
0.007346 0.010866 200.000000 14.436753
0.008172 0.081959 200.000000 109.686320
-0.006665 0.026846 200.000000 22.895160
0.007258 0.053790 200.000000 70.972342
-0.008865 0.062111 200.000000 65.419697
0.003472 0.052788 200.000000 65.398264
0.008935 0.081420 200.000000 109.841970
0.004534 0.033926 200.000000 41.426801
0.007091 0.073433 200.000000 97.044934
0.005064 0.035876 200.000000 44.602954
0.008026 0.090108 200.000000 120.424539
0.002979 0.091457 200.000000 116.554988
0.002133 0.099915 200.000000 126.941755
0.002024 0.054427 200.000000 66.017727
-0.006081 0.012775 200.000000 12.351283
-0.009506 0.049227 200.000000 48.245199
-0.003939 0.095056 200.000000 113.919625
0.004755 0.064221 200.000000 82.091194
0.008628 0.066975 200.000000 90.168174
-0.001870 0.095750 200.000000 117.031465
-0.001869 0.071093 200.000000 84.127339
-0.000854 0.004828 200.000000 9.065064
0.008749 0.006455 200.000000 10.840239
-0.008572 0.098617 200.000000 113.905538
-0.007180 0.048140 200.000000 48.756933
0.008487 0.050550 200.000000 68.060295
0.008505 0.062921 200.000000 84.606852
-0.007615 0.027665 200.000000 23.388040
0.007056 0.006222 200.000000 8.701377
-0.000125 0.078659 200.000000 96.064363
-0.009871 0.056805 200.000000 57.654089
0.006964 0.087384 200.000000 115.569249
-0.005402 0.058985 200.000000 64.529539
-0.009078 0.062081 200.000000 65.189441
0.001410 0.075772 200.000000 93.858753
0.006161 0.004857 200.000000 6.613536
0.004199 0.040966 200.000000 50.426829
0.008601 0.046592 200.000000 62.911513
-0.009919 0.013980 200.000000 15.803746
0.001804 0.017657 200.000000 17.429859
0.006713 0.055383 200.000000 72.479700
0.000712 0.081663 200.000000 100.977838
-0.009441 0.003181 200.000000 22.018799
-0.005231 0.037950 200.000000 37.308943
0.007748 0.089560 200.000000 119.373937
0.001236 0.007779 200.000000 7.147377
0.008493 0.053014 200.000000 71.356922
-0.005281 0.001015 200.000000 18.278532
0.002037 0.034962 200.000000 40.147651
0.004451 0.086180 200.000000 111.128209
0.007396 0.033137 200.000000 43.593158
0.006831 0.054314 200.000000 71.185324
-0.008955 0.085069 200.000000 95.552393
-0.007697 0.042050 200.000000 40.564097
0.008728 0.040048 200.000000 54.338502
-0.006796 0.024777 200.000000 20.612601
0.001986 0.024652 200.000000 26.543960
-0.002343 0.050632 200.000000 56.470855
0.009195 0.053263 200.000000 72.505493
0.000360 0.082315 200.000000 101.468711
0.002885 0.089241 200.000000 113.486209
-0.000959 0.040329 200.000000 44.230731
0.004764 0.071246 200.000000 91.494521
-0.001417 0.045718 200.000000 50.889898
0.004208 0.044084 200.000000 54.590695
-0.005714 0.048894 200.000000 51.012133
0.005880 0.040285 200.000000 51.384103
-0.001886 0.074762 200.000000 89.000082
-0.003272 0.089605 200.000000 107.345850
-0.004355 0.088840 200.000000 105.197593
-0.002088 0.021169 200.000000 18.838736
-0.008657 0.023847 200.000000 19.324227
0.002206 0.066595 200.000000 82.459063
0.007788 0.049716 200.000000 66.140221
-0.002057 0.095479 200.000000 116.471706
0.001292 0.082106 200.000000 102.197904
-0.005111 0.014810 200.000000 12.386340
0.000115 0.043471 200.000000 49.449558
-0.005868 0.013156 200.000000 12.240241
0.004289 0.054875 200.000000 69.082021
-0.005796 0.007632 200.000000 13.404395
0.008860 0.087992 200.000000 118.548696
-0.002368 0.066222 200.000000 77.127516
0.001431 0.090564 200.000000 113.659774
-0.009735 0.086846 200.000000 97.145989
0.008636 0.062496 200.000000 84.189922
0.009254 0.027743 200.000000 38.620937
-0.007362 0.019905 200.000000 16.100003
-0.002440 0.034959 200.000000 35.834110
-0.006606 0.090052 200.000000 104.504222
-0.006916 0.082244 200.000000 93.820706
0.002622 0.005222 200.000000 6.046300
0.005470 0.017505 200.000000 20.807959
0.008755 0.077604 200.000000 104.530638
0.009323 0.030946 200.000000 42.944040
0.008743 0.004140 200.000000 8.430786
-0.009681 0.069068 200.000000 73.777467
0.004384 0.069683 200.000000 88.981155
-0.008105 0.072815 200.000000 80.181178
0.007825 0.051509 200.000000 68.576365
0.004904 0.092763 200.000000 120.445766
-0.002465 0.062527 200.000000 72.115379
-0.005073 0.022793 200.000000 19.146179
0.006371 0.065045 200.000000 85.007905
0.004732 0.001343 200.000000 5.856207
-0.004553 0.054763 200.000000 59.778865
-0.005329 0.060683 200.000000 66.837936
-0.006307 0.016041 200.000000 13.441498
-0.000711 0.001590 200.000000 11.458384
-0.005833 0.055698 200.000000 59.800367
0.008845 0.040025 200.000000 54.443558
-0.007130 0.063104 200.000000 68.315403
-0.003956 0.007564 200.000000 11.216733
-0.002307 0.095443 200.000000 116.157833
-0.001209 0.050968 200.000000 58.045794
0.008816 0.013390 200.000000 19.353468
-0.001859 0.090531 200.000000 110.071619
-0.001374 0.010035 200.000000 8.853351
0.006742 0.080015 200.000000 105.453755
-0.007693 0.054696 200.000000 56.802830
0.006592 0.026839 200.000000 34.316678
0.001151 0.087298 200.000000 108.987755
0.003349 0.020442 200.000000 22.415151
0.001143 0.020430 200.000000 20.343422
0.001268 0.068484 200.000000 83.967445
0.001927 0.064682 200.000000 79.600127
-0.008459 0.035909 200.000000 32.450501
-0.002660 0.021618 200.000000 19.018727
-0.005020 0.033040 200.000000 31.279930
-0.003444 0.096438 200.000000 116.282674
-0.005121 0.065322 200.000000 73.169289
0.005709 0.047140 200.000000 60.336444
-0.007248 0.034435 200.000000 31.441861
-0.005326 0.015260 200.000000 12.690419
0.006935 0.042780 200.000000 55.906058
0.007381 0.086547 200.000000 114.922922
-0.006773 0.070712 200.000000 78.686977
0.008430 0.054528 200.000000 73.305729
-0.004933 0.083602 200.000000 97.626666
-0.005977 0.036577 200.000000 34.987256
0.005522 0.068277 200.000000 88.372453
-0.001124 0.036045 200.000000 38.450447
0.000068 0.027717 200.000000 28.716645
0.004947 0.051770 200.000000 65.664969
-0.008057 0.086369 200.000000 98.159191
0.008295 0.095707 200.000000 128.226871
-0.004904 0.009176 200.000000 11.655586
-0.009059 0.018045 200.000000 15.576105
0.002752 0.049882 200.000000 60.739189
0.001199 0.037745 200.000000 42.970017
-0.009051 0.031074 200.000000 26.527833
0.001509 0.026884 200.000000 28.989867
-0.004019 0.053187 200.000000 58.214454
0.004335 0.064714 200.000000 82.282393
0.000644 0.043282 200.000000 49.737497
-0.007563 0.015579 200.000000 13.902815
-0.008589 0.060282 200.000000 63.281286
-0.005499 0.022025 200.000000 18.191890
-0.002263 0.049309 200.000000 54.800254
-0.004940 0.051240 200.000000 54.785062
-0.007795 0.068963 200.000000 75.397667
0.008044 0.019186 200.000000 25.920560
-0.002460 0.019679 200.000000 16.918130
-0.008086 0.004958 200.000000 18.466148
0.009656 0.096022 200.000000 130.211518
0.003083 0.059898 200.000000 74.467328
0.009217 0.015863 200.000000 23.012884
-0.004132 0.099278 200.000000 119.350533
-0.002004 0.044969 200.000000 49.328208
0.000763 0.035157 200.000000 39.111866
0.004033 0.084440 200.000000 108.333248
-0.003314 0.035494 200.000000 35.761977
0.008677 0.083170 200.000000 111.886233
0.006402 0.022868 200.000000 28.858176
0.001154 0.034208 200.000000 38.252424
0.002633 0.099624 200.000000 127.103040
-0.006799 0.079193 200.000000 89.889812
0.003925 0.028700 200.000000 33.841879
0.000607 0.047778 200.000000 55.668683
-0.000680 0.042887 200.000000 47.880254
-0.007570 0.027557 200.000000 23.288909
0.000297 0.099296 200.000000 124.104790
-0.001621 0.012779 200.000000 10.461037
0.002505 0.051803 200.000000 63.034021
0.003100 0.063700 200.000000 79.565972
0.000013 0.059997 200.000000 71.309447
0.004236 0.063865 200.000000 81.038558
-0.000020 0.087889 200.000000 108.509560
0.008089 0.005519 200.000000 9.069700
-0.004814 0.079337 200.000000 92.073674
-0.007956 0.048583 200.000000 48.675343
-0.009304 0.067880 200.000000 72.566416
-0.009854 0.035441 200.000000 31.096768
-0.009187 0.026492 200.000000 21.698360
0.003841 0.094866 200.000000 122.072833
-0.002981 0.005096 200.000000 11.470820
-0.001783 0.090956 200.000000 110.719851
0.000808 0.084154 200.000000 104.411291
0.006682 0.078365 200.000000 103.179337
-0.007423 0.087345 200.000000 100.084794
0.000579 0.033286 200.000000 36.468360
-0.009279 0.075248 200.000000 82.271208
0.007203 0.056124 200.000000 74.028655
-0.003024 0.011392 200.000000 10.074216
-0.006696 0.015877 200.000000 13.533615
0.002036 0.072380 200.000000 90.004752
0.009352 0.059786 200.000000 81.399567
0.007973 0.045730 200.000000 61.033685
0.004929 0.039153 200.000000 48.814943
-0.005887 0.069463 200.000000 77.898939
0.005782 0.029316 200.000000 36.686100
-0.005925 0.044338 200.000000 44.921646
-0.003315 0.006540 200.000000 10.976826
-0.000036 0.061857 200.000000 73.737231
0.000466 0.024958 200.000000 25.519492
-0.004563 0.033192 200.000000 31.815671
-0.007279 0.037512 200.000000 35.197168
0.002424 0.070369 200.000000 87.739929
0.002517 0.093642 200.000000 118.969954
0.002103 0.066802 200.000000 82.623777
-0.008010 0.024935 200.000000 20.434137
-0.001040 0.041471 200.000000 45.656636
0.003745 0.095991 200.000000 123.473363
-0.001811 0.065430 200.000000 76.646864
-0.007123 0.011160 200.000000 13.471245
0.007070 0.099736 200.000000 132.224344
-0.005941 0.012480 200.000000 12.219078
0.008410 0.085733 200.000000 115.009620
0.008409 0.027903 200.000000 37.829662
-0.005939 0.040769 200.000000 40.328568
-0.000510 0.072343 200.000000 87.221903
0.005975 0.041053 200.000000 52.514220
0.003880 0.008864 200.000000 8.745695
-0.008287 0.025886 200.000000 21.306736
0.007729 0.066327 200.000000 88.269562
-0.000135 0.039645 200.000000 44.140234
0.004605 0.015120 200.000000 16.838496
-0.006940 0.076763 200.000000 86.530904
-0.006358 0.045265 200.000000 45.748996
0.006808 0.041437 200.000000 53.970374
0.008426 0.021204 200.000000 29.016112
-0.009776 0.013728 200.000000 15.700527
0.006154 0.077088 200.000000 100.872570
-0.003118 0.025000 200.000000 22.741017
-0.001864 0.028312 200.000000 27.799890
0.005009 0.060022 200.000000 76.759750
-0.009915 0.072156 200.000000 77.612571
-0.009232 0.067367 200.000000 71.960596
0.007814 0.019021 200.000000 25.434185
-0.003951 0.026248 200.000000 23.696195
-0.003407 0.021953 200.000000 18.989277
-0.005986 0.026696 200.000000 23.050652
-0.001399 0.073573 200.000000 87.925084
0.001111 0.010487 200.000000 8.969542
0.002241 0.009677 200.000000 8.634436
-0.007693 0.027544 200.000000 23.225642
-0.002982 0.058785 200.000000 66.629678
-0.008380 0.011831 200.000000 14.651568
0.003614 0.061577 200.000000 77.293252
-0.007982 0.061619 200.000000 65.577124
-0.007596 0.062217 200.000000 66.716942
0.003768 0.013338 200.000000 13.805486
0.001332 0.089757 200.000000 112.473144
-0.008337 0.012919 200.000000 14.371892
-0.000370 0.029610 200.000000 30.766695
0.009505 0.001298 200.000000 7.042648
0.003355 0.014981 200.000000 15.460169
-0.000012 0.024732 200.000000 24.808190
0.009449 0.061594 200.000000 83.928104
0.009030 0.028579 200.000000 39.459996
-0.009505 0.005866 200.000000 19.673710
-0.006737 0.072662 200.000000 81.299501
0.007248 0.019482 200.000000 25.377708
0.002190 0.098747 200.000000 125.441899
-0.002786 0.091215 200.000000 110.004750
0.002762 0.038194 200.000000 45.189940
-0.004672 0.049623 200.000000 52.914659
0.001906 0.019669 200.000000 20.051403
-0.002560 0.089550 200.000000 108.020503
0.009109 0.093809 200.000000 126.619341
0.008645 0.058995 200.000000 79.523568
0.005210 0.063089 200.000000 81.084910
0.003887 0.036632 200.000000 44.319742
-0.007295 0.015208 200.000000 13.635425
-0.008633 0.012311 200.000000 14.798222
-0.005915 0.061671 200.000000 67.579365
-0.008967 0.088565 200.000000 100.171570
0.004081 0.036831 200.000000 44.794262
0.007482 0.003493 200.000000 6.620160
-0.006721 0.014955 200.000000 13.214482
-0.007133 0.015688 200.000000 13.684458
0.002571 0.037604 200.000000 44.205930
-0.006682 0.066429 200.000000 73.118598
0.003000 0.045733 200.000000 55.476376
-0.004124 0.074624 200.000000 86.508194
0.009502 0.031276 200.000000 43.593945
0.008628 0.063829 200.000000 85.962810
-0.002739 0.020746 200.000000 17.974390
-0.004260 0.067629 200.000000 77.080256
-0.000340 0.004715 200.000000 8.553226
0.004934 0.012058 200.000000 13.334914
-0.005635 0.096792 200.000000 114.470354
-0.003790 0.075929 200.000000 88.585561
0.001232 0.045180 200.000000 52.864954
-0.003151 0.076137 200.000000 89.519164
0.007292 0.060578 200.000000 80.083334
-0.000534 0.006909 200.000000 7.957282
-0.006069 0.054387 200.000000 57.864404
-0.001314 0.013485 200.000000 11.052589
0.000347 0.050016 200.000000 58.373724
-0.003622 0.063204 200.000000 71.848278
-0.005754 0.071726 200.000000 81.026375
-0.009070 0.020415 200.000000 16.769850
-0.007957 0.055104 200.000000 57.100249
-0.008420 0.089220 200.000000 101.580689
0.008070 0.085025 200.000000 113.672307
0.004581 0.016170 200.000000 18.153080
-0.001280 0.017536 200.000000 15.137824
-0.005781 0.039007 200.000000 38.211972
-0.001382 0.038405 200.000000 41.296575
-0.007660 0.082137 200.000000 92.941128
-0.001837 0.041039 200.000000 44.318921
-0.004071 0.053504 200.000000 58.581180
-0.001200 0.045814 200.000000 51.231294
0.008108 0.027217 200.000000 36.568098
0.005029 0.061911 200.000000 79.307690
0.004214 0.045698 200.000000 56.750518
-0.002808 0.071788 200.000000 84.082422
0.001921 0.056207 200.000000 68.280389
-0.004076 0.099191 200.000000 119.293477
0.003534 0.092706 200.000000 118.840954
0.003878 0.054840 200.000000 68.582994
-0.003614 0.044790 200.000000 47.566937
-0.008773 0.047110 200.000000 46.133261
0.008985 0.086170 200.000000 116.254190
-0.009163 0.075590 200.000000 82.832235
0.008586 0.059377 200.000000 79.964553
0.000691 0.040451 200.000000 46.034886
0.000315 0.080989 200.000000 99.647797
0.000115 0.033247 200.000000 35.967314
0.001309 0.091146 200.000000 114.305868
0.006519 0.068369 200.000000 89.620652
-0.009125 0.032015 200.000000 27.545178
-0.003539 0.056700 200.000000 63.317519
-0.007823 0.035541 200.000000 32.408827
0.007450 0.032377 200.000000 42.646494
0.006685 0.044645 200.000000 58.109458
0.000755 0.080699 200.000000 99.735735
-0.002297 0.010962 200.000000 9.582698
-0.007028 0.046889 200.000000 47.273113
-0.001758 0.079826 200.000000 95.887937
-0.008797 0.073012 200.000000 79.782400
-0.003420 0.035048 200.000000 35.098433
-0.006592 0.093182 200.000000 108.682750
0.001272 0.048852 200.000000 57.790715
0.004692 0.070947 200.000000 91.014937
0.003438 0.070500 200.000000 89.027135
0.007731 0.037215 200.000000 49.405691
-0.006409 0.094976 200.000000 111.257128
-0.008491 0.002551 200.000000 21.278557
-0.003125 0.022920 200.000000 20.262454
-0.002780 0.072537 200.000000 85.108186
0.003100 0.051172 200.000000 62.836575
0.003323 0.022134 200.000000 24.587328
0.005957 0.032833 200.000000 41.550302
-0.007041 0.022113 200.000000 17.938782
-0.003183 0.050704 200.000000 55.746355
-0.005803 0.094673 200.000000 111.474955
0.003177 0.060593 200.000000 75.499244
-0.009233 0.026183 200.000000 21.393756
-0.004303 0.053817 200.000000 58.771234
0.001374 0.081174 200.000000 101.040217
0.008398 0.062124 200.000000 83.418847
0.008459 0.087926 200.000000 117.999982
-0.006337 0.024383 200.000000 20.358230
0.002580 0.086102 200.000000 108.951177
0.002368 0.049299 200.000000 59.548809
0.001563 0.089571 200.000000 112.476659
0.000977 0.072643 200.000000 89.209662
0.001646 0.005157 200.000000 6.565066
0.002819 0.042957 200.000000 51.584702
0.008953 0.003126 200.000000 7.762980
-0.009916 0.078074 200.000000 85.392799
0.004925 0.003474 200.000000 5.378325
0.009142 0.019806 200.000000 28.043620
0.002812 0.055456 200.000000 68.240810
0.008338 0.093856 200.000000 125.797170
0.007393 0.024511 200.000000 32.157892
-0.003116 0.071409 200.000000 83.261374
-0.005299 0.048748 200.000000 51.196352
-0.008413 0.056083 200.000000 57.972204
-0.004126 0.063263 200.000000 71.425568
-0.004826 0.090709 200.000000 107.200405
0.002824 0.040641 200.000000 48.507907
0.003848 0.035898 200.000000 43.301637
0.000244 0.041606 200.000000 47.110156
0.001314 0.054026 200.000000 64.725744
-0.006873 0.073434 200.000000 82.188289
0.008102 0.011508 200.000000 16.118067
0.008675 0.092396 200.000000 124.230807
-0.008745 0.026209 200.000000 21.516267
0.002030 0.072944 200.000000 90.752068
0.004131 0.013345 200.000000 14.149613
0.006415 0.043815 200.000000 56.694914
0.001384 0.043380 200.000000 50.632757
0.006660 0.084330 200.000000 111.135863
0.004677 0.004693 200.000000 5.751780
0.007578 0.087498 200.000000 116.420435
0.001136 0.016354 200.000000 15.302480
0.003525 0.069217 200.000000 87.406902
-0.009637 0.015400 200.000000 15.435391
0.004002 0.066380 200.000000 84.140618
-0.002582 0.099197 200.000000 120.880186
0.004747 0.045899 200.000000 57.605667
-0.003008 0.064788 200.000000 74.568230
-0.008672 0.067042 200.000000 72.049785
0.004719 0.092837 200.000000 120.336807
0.008307 0.018852 200.000000 25.796605
0.005548 0.014646 200.000000 17.214651
0.003537 0.094097 200.000000 120.706890
0.007384 0.049262 200.000000 65.069603
-0.002703 0.010599 200.000000 9.682698
0.000568 0.006260 200.000000 7.185923
0.008694 0.010468 200.000000 15.532791
-0.004070 0.016444 200.000000 13.282985
0.009308 0.081085 200.000000 109.824100
0.005458 0.028332 200.000000 35.020637
-0.009886 0.050799 200.000000 49.943578
-0.006145 0.044963 200.000000 45.540412
0.000276 0.003140 200.000000 8.885517
-0.004019 0.042610 200.000000 44.354112
-0.008112 0.087657 200.000000 99.812649
-0.000015 0.062532 200.000000 74.658208
-0.007800 0.094180 200.000000 108.785946
0.007766 0.052834 200.000000 70.277793
0.004646 0.003526 200.000000 5.393863
0.006679 0.098023 200.000000 129.486281
-0.003817 0.070567 200.000000 81.426578
-0.006542 0.082799 200.000000 94.930352
0.006285 0.018488 200.000000 22.984040
0.008272 0.009676 200.000000 14.054496
0.009228 0.092063 200.000000 124.420220
0.001884 0.093624 200.000000 118.249940
0.000988 0.019038 200.000000 18.469591
-0.003738 0.034948 200.000000 34.704590
-0.003188 0.021102 200.000000 18.141447
0.002687 0.070133 200.000000 87.712083
0.002001 0.010030 200.000000 8.862805
0.009525 0.069680 200.000000 94.822577
0.001495 0.070010 200.000000 86.251236
0.003913 0.050715 200.000000 63.113406
-0.009477 0.019192 200.000000 16.263321
-0.000056 0.046082 200.000000 52.735300
-0.002067 0.055516 200.000000 63.211972
-0.009539 0.003581 200.000000 21.775782
-0.005116 0.086099 200.000000 100.761915
-0.009720 0.061758 200.000000 64.199785
0.004255 0.010590 200.000000 10.947074
-0.007366 0.082126 200.000000 93.217558
0.002178 0.039916 200.000000 46.861142
0.003106 0.070262 200.000000 88.342799
-0.002336 0.061545 200.000000 70.942599
0.000726 0.098205 200.000000 123.112892
-0.005501 0.046268 200.000000 47.788044
-0.007658 0.070817 200.000000 77.972708
0.005008 0.072786 200.000000 93.828045
0.009600 0.060598 200.000000 82.772547
0.004748 0.021752 200.000000 25.569503
0.009045 0.017165 200.000000 24.486912
-0.003233 0.025192 200.000000 22.895272
0.008900 0.081579 200.000000 110.014617
0.003558 0.065103 200.000000 81.943473
0.001774 0.051148 200.000000 61.378794
-0.000925 0.084213 200.000000 102.626985
0.006233 0.031604 200.000000 40.229456
0.002823 0.050169 200.000000 61.197292
-0.005304 0.008159 200.000000 12.520262
-0.001409 0.058485 200.000000 67.822065
-0.009306 0.002140 200.000000 22.851803
0.001486 0.030689 200.000000 33.951995
-0.003835 0.082204 200.000000 96.893288
0.006176 0.037519 200.000000 48.032701
0.006274 0.072168 200.000000 94.424585
0.008840 0.008962 200.000000 13.871618
0.005016 0.082082 200.000000 106.275662
-0.007069 0.082387 200.000000 93.856843
0.006069 0.076366 200.000000 99.810891
0.004966 0.087513 200.000000 113.487873
-0.007873 0.030658 200.000000 26.613687
0.008656 0.093267 200.000000 125.374236
0.007434 0.094740 200.000000 125.950548
-0.008092 0.067049 200.000000 72.600136
-0.009881 0.036022 200.000000 31.756988
0.000492 0.009824 200.000000 8.364493
-0.007727 0.095917 200.000000 111.169171
0.007780 0.039726 200.000000 52.805444
-0.002545 0.071476 200.000000 83.937518
0.000960 0.090907 200.000000 113.605148
-0.004782 0.028417 200.000000 25.766755
-0.000501 0.072696 200.000000 87.703106
0.004679 0.039300 200.000000 48.734535
-0.007529 0.070287 200.000000 77.397304
0.004538 0.001470 200.000000 5.907397
0.005588 0.002548 200.000000 5.286199
0.005421 0.034500 200.000000 43.168147
-0.005832 0.038139 200.000000 37.069505
-0.009786 0.082696 200.000000 91.611302
-0.003650 0.033116 200.000000 32.441504
-0.003575 0.097323 200.000000 117.326587
0.000678 0.048370 200.000000 56.529385
0.008891 0.079368 200.000000 107.045688
-0.003698 0.072641 200.000000 84.304948
-0.003677 0.031717 200.000000 30.647573
0.004967 0.028143 200.000000 34.229745
-0.009977 0.001059 200.000000 24.919725
0.009395 0.091154 200.000000 123.396439
-0.006076 0.019305 200.000000 15.574192
0.003359 0.032653 200.000000 38.472337
0.003564 0.072083 200.000000 91.283216
0.002664 0.031161 200.000000 35.770080
-0.001841 0.042033 200.000000 45.620823
0.009890 0.034647 200.000000 48.527870
-0.007609 0.065903 200.000000 71.546017
-0.002105 0.048596 200.000000 54.014619
-0.003768 0.026172 200.000000 23.724211
-0.001184 0.047364 200.000000 53.296961
-0.008259 0.021503 200.000000 17.384992
0.005413 0.024263 200.000000 29.592589
-0.005532 0.010364 200.000000 12.002161
0.003694 0.096174 200.000000 123.661501
-0.000280 0.046007 200.000000 52.409248
0.004652 0.057689 200.000000 73.243644
0.007885 0.041135 200.000000 54.804709
0.003197 0.087064 200.000000 110.917011
0.006065 0.061107 200.000000 79.396448
-0.006437 0.035704 200.000000 33.558428
0.003642 0.064771 200.000000 81.592144
-0.003694 0.030010 200.000000 28.491190
0.007734 0.098532 200.000000 131.367762
0.005453 0.096130 200.000000 125.568426
0.008724 0.068890 200.000000 92.839610
-0.000399 0.030873 200.000000 32.381121
0.000398 0.036728 200.000000 40.820716
-0.001756 0.052093 200.000000 58.987235
-0.009695 0.002918 200.000000 22.638610
0.000602 0.008465 200.000000 7.582508
-0.003451 0.018199 200.000000 14.957816
0.006012 0.058987 200.000000 76.501666
-0.005255 0.082385 200.000000 95.679274
-0.000053 0.066408 200.000000 79.787453
-0.005077 0.077622 200.000000 89.526977
0.008317 0.071389 200.000000 95.713151
0.005653 0.014720 200.000000 17.420617
-0.006144 0.043991 200.000000 44.288825
-0.001767 0.069881 200.000000 82.619759
0.005929 0.007499 200.000000 8.961512
-0.002545 0.086741 200.000000 104.288024
-0.007890 0.084576 200.000000 95.947069
0.001716 0.085848 200.000000 107.663829
-0.001823 0.060126 200.000000 69.580359
0.004532 0.088581 200.000000 114.431700
-0.001140 0.046322 200.000000 51.962996
-0.004635 0.068716 200.000000 78.146897
0.008382 0.032360 200.000000 43.707631
0.008486 0.033031 200.000000 44.720434
0.007561 0.043599 200.000000 57.716072
0.008729 0.014254 200.000000 20.351337
-0.007730 0.034880 200.000000 31.669844
0.005621 0.016151 200.000000 19.221521
-0.008306 0.037706 200.000000 34.726254
-0.000881 0.081281 200.000000 98.759132
-0.006556 0.086600 200.000000 99.965701
-0.007162 0.016756 200.000000 14.128883
0.007884 0.056387 200.000000 75.159257
0.007437 0.025320 200.000000 33.277951
0.005383 0.033592 200.000000 41.918887
-0.008027 0.035158 200.000000 31.817055
0.007474 0.018320 200.000000 24.121532
-0.004103 0.093760 200.000000 112.020109
0.003809 0.077416 200.000000 98.686950
0.008156 0.035277 200.000000 47.320188
-0.006560 0.082178 200.000000 94.087993
-0.002184 0.029460 200.000000 28.994001
0.002186 0.072220 200.000000 89.954393
0.006729 0.062355 200.000000 81.817140
-0.008701 0.068948 200.000000 74.526090
-0.003491 0.068550 200.000000 79.077838
0.007614 0.022705 200.000000 30.034405
0.006209 0.091830 200.000000 120.664410
-0.009733 0.054503 200.000000 54.806362
-0.007890 0.031281 200.000000 27.320943
0.004737 0.050876 200.000000 64.237839
-0.004743 0.047632 200.000000 50.245311
0.003822 0.095295 200.000000 122.626938
-0.003702 0.079625 200.000000 93.595403
0.008656 0.070750 200.000000 95.248607
-0.004959 0.030760 200.000000 28.500378
-0.004721 0.091929 200.000000 108.935191
0.006661 0.019826 200.000000 25.156143
-0.009259 0.006572 200.000000 18.753430
-0.009932 0.001484 200.000000 24.415806
-0.007404 0.071017 200.000000 78.480566
0.003453 0.007267 200.000000 7.034787
0.008613 0.063954 200.000000 86.113091
0.000879 0.083636 200.000000 103.795431
0.009454 0.017266 200.000000 25.116359
-0.001357 0.014529 200.000000 11.986406
0.004172 0.025143 200.000000 29.410687
0.002994 0.041893 200.000000 50.355324
-0.005192 0.066174 200.000000 74.228236
-0.000576 0.050968 200.000000 58.688684
0.009423 0.023641 200.000000 33.411971
0.002889 0.055407 200.000000 68.258624
0.000053 0.022284 200.000000 21.759901
-0.004478 0.044114 200.000000 45.898716
-0.001464 0.028862 200.000000 28.836006
-0.008987 0.056211 200.000000 57.640466
-0.009177 0.094292 200.000000 107.558747
0.009834 0.037999 200.000000 52.915305
-0.004511 0.005933 200.000000 12.846546
-0.001015 0.089689 200.000000 109.848234
0.002139 0.094835 200.000000 120.149829
-0.007430 0.058949 200.000000 62.587007
0.006044 0.064168 200.000000 83.465513
0.007777 0.022916 200.000000 30.501987
0.001466 0.018933 200.000000 18.736853
-0.000638 0.045918 200.000000 51.929665
0.001564 0.053811 200.000000 64.704728
0.003263 0.023776 200.000000 26.670120
0.002122 0.050886 200.000000 61.401119
-0.008205 0.021333 200.000000 17.250421
0.007717 0.020218 200.000000 26.887093
0.002768 0.022591 200.000000 24.628218
0.000211 0.042237 200.000000 47.912020
0.004655 0.073133 200.000000 93.897813
0.005408 0.076516 200.000000 99.266841
-0.005143 0.033012 200.000000 31.153228
0.000662 0.044829 200.000000 51.808066
0.004659 0.098495 200.000000 127.844434
-0.000765 0.062767 200.000000 74.185811
-0.009877 0.073347 200.000000 79.210979
-0.006811 0.050146 200.000000 51.668995
-0.001300 0.029941 200.000000 30.362653
-0.005096 0.081562 200.000000 94.745340
0.004920 0.036236 200.000000 44.922562
0.009795 0.037637 200.000000 52.387139
0.005791 0.001696 200.000000 5.326935
-0.008027 0.005504 200.000000 17.918180
0.003189 0.065157 200.000000 81.610859
0.006740 0.087057 200.000000 114.877421
0.003690 0.028752 200.000000 33.660763
-0.002053 0.032105 200.000000 32.490002
0.002110 0.043418 200.000000 51.444649
-0.004252 0.058593 200.000000 65.122304
-0.000690 0.063934 200.000000 75.818941
-0.006987 0.039661 200.000000 38.097734
-0.001201 0.060653 200.000000 70.919823
-0.007213 0.066252 200.000000 72.379034
0.004309 0.090612 200.000000 116.900976
-0.007102 0.042406 200.000000 41.478425
-0.002096 0.086154 200.000000 103.976359
-0.003620 0.018670 200.000000 15.375825
0.005409 0.070792 200.000000 91.609673
-0.001611 0.087136 200.000000 105.802261
-0.007416 0.063033 200.000000 67.954165
-0.007308 0.045641 200.000000 45.438606
0.001814 0.072451 200.000000 89.857707
-0.009791 0.063209 200.000000 66.025240
-0.008012 0.026702 200.000000 22.217389
-0.002029 0.027856 200.000000 27.086289
-0.005941 0.014103 200.000000 12.503758
-0.000157 0.085055 200.000000 104.574765
0.005850 0.042492 200.000000 54.291776
0.008451 0.096058 200.000000 128.873973
0.003921 0.084814 200.000000 108.710596
0.009607 0.084301 200.000000 114.472432
0.007426 0.095232 200.000000 126.598833
0.000284 0.026097 200.000000 26.820944
0.002167 0.072065 200.000000 89.727239
0.002419 0.064968 200.000000 80.517466
0.005295 0.077799 200.000000 100.855767
0.008837 0.067464 200.000000 91.063972
-0.001069 0.017509 200.000000 15.221242
0.005124 0.008415 200.000000 9.234709
0.007630 0.072551 200.000000 96.479878
-0.009890 0.025820 200.000000 20.973012
0.002252 0.061152 200.000000 75.237156
0.005645 0.034063 200.000000 42.836830
-0.008850 0.065715 200.000000 70.146408
-0.001392 0.082131 200.000000 99.351436
-0.002224 0.027256 200.000000 26.176210
-0.000375 0.064747 200.000000 77.233051
-0.006576 0.012231 200.000000 12.762563
