0.000000 0.100000 100.000000 116.835470
-0.006475 0.004184 100.000000 16.872079
0.000287 0.065128 100.000000 73.204145
0.008232 0.001912 100.000000 6.297513
0.005733 0.086630 100.000000 106.702390
-0.006061 0.076124 100.000000 79.979920
0.001875 0.039256 100.000000 42.510907
0.001333 0.089042 100.000000 104.555152
0.003031 0.065896 100.000000 77.337444
-0.004986 0.081492 100.000000 87.881118
0.008961 0.061646 100.000000 79.075774
0.003142 0.089140 100.000000 106.797015
-0.004135 0.048347 100.000000 47.400029
0.008785 0.057056 100.000000 73.075200
-0.001525 0.088811 100.000000 100.969582
-0.000114 0.035504 100.000000 35.669892
0.003561 0.099916 100.000000 120.899762
0.006004 0.028972 100.000000 34.412531
0.004561 0.067775 100.000000 81.508238
-0.005399 0.018951 100.000000 13.235059
0.001071 0.013086 100.000000 10.348499
0.007735 0.001946 100.000000 5.956462
0.002444 0.039206 100.000000 43.089665
-0.006134 0.006613 100.000000 14.334205
0.006580 0.092528 100.000000 115.165978
-0.001123 0.079027 100.000000 89.100120
-0.001387 0.072232 100.000000 80.247755
0.008095 0.025013 100.000000 32.013266
0.002781 0.061920 100.000000 72.034042
-0.004879 0.025300 100.000000 19.360736
-0.001830 0.048207 100.000000 49.636486
-0.006982 0.015234 100.000000 12.020614
-0.000182 0.023225 100.000000 20.639720
-0.007030 0.071497 100.000000 73.165714
-0.008068 0.090455 100.000000 95.762989
0.001634 0.087962 100.000000 103.543182
-0.003430 0.042326 100.000000 40.684590
0.005017 0.090660 100.000000 110.938173
-0.002416 0.009657 100.000000 8.655615
0.002448 0.030263 100.000000 31.932406
0.008352 0.073920 100.000000 93.813904
-0.002018 0.053445 100.000000 55.973990
-0.001335 0.089549 100.000000 102.116690
0.004370 0.050439 100.000000 59.430171
-0.005489 0.049947 100.000000 48.010496
0.003992 0.042465 100.000000 48.957105
-0.002569 0.006123 100.000000 10.145499
0.005145 0.038758 100.000000 45.654536
-0.006811 0.027153 100.000000 20.203352
0.007948 0.090855 100.000000 114.703218
-0.001056 0.068463 100.000000 75.878814
0.009706 0.029872 100.000000 40.078348
0.001637 0.031650 100.000000 32.766761
-0.002829 0.041622 100.000000 40.423687
-0.004270 0.026052 100.000000 20.578962
-0.008404 0.008333 100.000000 16.061031
0.006738 0.061429 100.000000 76.102588
0.007069 0.021336 100.000000 26.195772
-0.001593 0.044147 100.000000 44.833527
0.008965 0.027750 100.000000 36.502400
-0.003675 0.002506 100.000000 14.575636
0.001956 0.012443 100.000000 10.288644
0.002782 0.068263 100.000000 80.031833
-0.007326 0.035161 100.000000 28.626728
-0.000391 0.051533 100.000000 55.362171
0.006837 0.033650 100.000000 41.267099
0.008756 0.037020 100.000000 47.839001
0.009892 0.065800 100.000000 85.456444
0.008931 0.095252 100.000000 121.448064
-0.009883 0.052708 100.000000 47.206432
-0.002664 0.088881 100.000000 99.764386
-0.002075 0.010656 100.000000 8.494719
-0.005004 0.048572 100.000000 46.801022
-0.005193 0.056435 100.000000 56.337371
-0.008732 0.059113 100.000000 56.087968
0.002714 0.008553 100.000000 7.221158
-0.004892 0.017532 100.000000 12.261852
0.001834 0.072231 100.000000 83.930706
0.003420 0.060740 100.000000 71.293071
0.009498 0.012075 100.000000 17.957526
-0.008061 0.059553 100.000000 57.289092
-0.003461 0.082609 100.000000 90.974373
0.002103 0.067435 100.000000 78.196142
-0.001313 0.081756 100.000000 92.320933
0.004130 0.015540 100.000000 15.746567
-0.002841 0.035443 100.000000 32.838404
-0.002739 0.095711 100.000000 108.283147
0.007066 0.004992 100.000000 7.383096
0.003945 0.007441 100.000000 6.981017
-0.001724 0.074325 100.000000 82.501204
-0.006883 0.051865 100.000000 48.994349
-0.005956 0.014753 100.000000 11.320327
0.004926 0.007956 100.000000 8.137337
0.007620 0.033232 100.000000 41.695384
-0.009302 0.087799 100.000000 91.116372
0.003358 0.013156 100.000000 12.212956
0.003670 0.070978 100.000000 84.497135
-0.008840 0.048685 100.000000 43.298757
-0.001063 0.055648 100.000000 59.777981
-0.000774 0.078759 100.000000 89.159776
0.009843 0.099838 100.000000 128.347287
-0.001739 0.014230 100.000000 10.211858
0.009135 0.099226 100.000000 126.713857
0.003647 0.089602 100.000000 107.975701
0.004991 0.077005 100.000000 93.665601
-0.007613 0.019067 100.000000 13.494683
-0.004698 0.077602 100.000000 83.314998
0.000370 0.073826 100.000000 84.253672
0.001591 0.062392 100.000000 71.251045
-0.003435 0.088018 100.000000 97.808988
0.008166 0.067187 100.000000 85.093649
-0.002435 0.010488 100.000000 8.670789
0.004459 0.045744 100.000000 53.625256
-0.009594 0.051083 100.000000 45.509275
0.000632 0.036593 100.000000 37.818609
0.000300 0.090791 100.000000 105.563421
0.001872 0.047674 100.000000 53.060600
0.005826 0.066799 100.000000 81.782864
0.001506 0.037320 100.000000 39.682013
-0.009481 0.085899 100.000000 88.552186
-0.008624 0.094955 100.000000 100.800003
0.000985 0.001746 100.000000 9.209119
0.001756 0.012012 100.000000 9.726111
-0.001633 0.057074 100.000000 60.936614
-0.000641 0.061814 100.000000 67.987088
-0.004519 0.065918 100.000000 68.871158
-0.009614 0.068124 100.000000 66.320556
0.001128 0.058025 100.000000 65.223725
0.008677 0.043714 100.000000 56.149651
-0.000018 0.049501 100.000000 53.229481
0.006407 0.050265 100.000000 61.633909
0.002902 0.038121 100.000000 42.250426
0.008271 0.072143 100.000000 91.474188
0.006907 0.042031 100.000000 51.872731
0.003571 0.016776 100.000000 16.630523
-0.003346 0.095026 100.000000 106.732673
0.001627 0.010743 100.000000 8.494081
-0.007591 0.049079 100.000000 44.916648
-0.005102 0.091695 100.000000 100.571493
-0.007836 0.037448 100.000000 30.863844
0.003992 0.056328 100.000000 66.404262
0.009544 0.010680 100.000000 16.378495
-0.002318 0.019372 100.000000 14.672904
0.009924 0.004315 100.000000 9.944345
0.006476 0.056263 100.000000 69.274602
0.008143 0.068727 100.000000 87.009458
0.008049 0.075703 100.000000 95.697583
-0.006387 0.089964 100.000000 96.977491
-0.004318 0.029339 100.000000 24.262463
-0.009397 0.071220 100.000000 70.370564
-0.008241 0.015910 100.000000 12.953708
-0.004779 0.017777 100.000000 12.434292
-0.006927 0.067289 100.000000 68.031341
0.005139 0.096398 100.000000 118.329811
0.000405 0.074923 100.000000 85.674947
0.004391 0.039197 100.000000 45.318445
0.002146 0.019513 100.000000 18.446910
0.008433 0.039866 100.000000 51.014218
-0.005426 0.015549 100.000000 11.301548
0.008665 0.015095 100.000000 20.517981
0.006934 0.060061 100.000000 74.614919
0.004201 0.092712 100.000000 112.559759
0.005812 0.028364 100.000000 33.424154
0.000301 0.079413 100.000000 91.216079
-0.008590 0.013052 100.000000 13.696361
-0.008478 0.078096 100.000000 79.872452
-0.000985 0.059952 100.000000 65.263715
-0.006842 0.081072 100.000000 85.332683
0.001074 0.081733 100.000000 95.032472
0.006547 0.005708 100.000000 7.512663
-0.003736 0.004373 100.000000 12.960184
0.003671 0.018730 100.000000 19.082876
-0.009038 0.070974 100.000000 70.432252
-0.002083 0.072983 100.000000 80.410833
-0.000828 0.046301 100.000000 48.338709
0.003783 0.074605 100.000000 89.206554
0.005648 0.065250 100.000000 79.614859
0.000813 0.044676 100.000000 48.108823
0.005270 0.077233 100.000000 94.285247
0.007184 0.092234 100.000000 115.522723
0.002558 0.048804 100.000000 55.264753
0.000515 0.087868 100.000000 102.123921
-0.002320 0.059039 100.000000 62.645030
-0.007647 0.033699 100.000000 26.740024
-0.005786 0.005008 100.000000 15.184516
-0.002430 0.007905 100.000000 9.070564
-0.005626 0.085620 100.000000 92.359717
0.005053 0.086694 100.000000 105.972037
-0.009418 0.068994 100.000000 67.591924
-0.006304 0.077300 100.000000 81.191048
-0.003525 0.011179 100.000000 9.409381
-0.007420 0.079984 100.000000 83.350810
0.007512 0.099329 100.000000 124.877718
-0.008672 0.099770 100.000000 106.785475
0.007842 0.069949 100.000000 88.185220
-0.004062 0.027575 100.000000 22.441358
0.002269 0.030940 100.000000 32.577198
0.008450 0.042635 100.000000 54.513696
-0.004058 0.061910 100.000000 64.356032
0.000248 0.008244 100.000000 7.043376
0.007087 0.027987 100.000000 34.484777
-0.000583 0.045116 100.000000 47.124898
-0.000642 0.063676 100.000000 70.326046
-0.002369 0.042233 100.000000 41.648395
-0.008954 0.065298 100.000000 63.487675
0.002864 0.059655 100.000000 69.276436
0.003286 0.005065 100.000000 5.680365
-0.008985 0.083610 100.000000 86.219405
0.001796 0.037846 100.000000 40.660062
-0.003208 0.089087 100.000000 99.410278
-0.001994 0.072313 100.000000 79.668410
0.004474 0.059837 100.000000 71.394651
0.003344 0.094331 100.000000 113.590592
0.002755 0.094856 100.000000 113.559378
0.005161 0.016380 100.000000 17.879957
-0.008808 0.084882 100.000000 87.995430
-0.001508 0.008598 100.000000 8.077161
0.006867 0.045119 100.000000 55.709537
0.008628 0.082879 100.000000 105.456816
-0.002977 0.051679 100.000000 52.742251
0.003183 0.029544 100.000000 31.857048
0.006271 0.067970 100.000000 83.793058
-0.003707 0.030020 100.000000 25.553768
0.001556 0.075217 100.000000 87.373599
0.003629 0.087215 100.000000 104.941050
0.001030 0.085548 100.000000 99.794354
0.001028 0.064134 100.000000 72.799009
-0.007356 0.026640 100.000000 19.426783
0.007131 0.037616 100.000000 46.597951
-0.006191 0.012782 100.000000 11.415931
-0.007081 0.098543 100.000000 106.987741
0.001766 0.054848 100.000000 61.955923
0.001410 0.039462 100.000000 42.250615
0.003685 0.086372 100.000000 103.942855
-0.001050 0.086676 100.000000 98.821101
-0.008707 0.085716 100.000000 89.145686
-0.009086 0.094351 100.000000 99.544791
-0.009766 0.049896 100.000000 43.931631
0.008912 0.085276 100.000000 108.829561
-0.001653 0.050068 100.000000 52.150295
-0.005650 0.062340 100.000000 63.204023
-0.000279 0.075151 100.000000 85.179677
0.000530 0.067014 100.000000 75.854697
-0.009621 0.045059 100.000000 38.311863
0.006193 0.045804 100.000000 55.760107
-0.004008 0.034803 100.000000 30.970657
0.003029 0.078338 100.000000 93.029722
0.000578 0.041159 100.000000 43.452148
0.004905 0.025990 100.000000 29.402035
0.001190 0.027656 100.000000 27.356156
-0.003201 0.014920 100.000000 10.562125
-0.005861 0.042648 100.000000 38.727666
-0.001287 0.066159 100.000000 72.723131
0.007773 0.092919 100.000000 117.098067
0.006763 0.077771 100.000000 96.752999
-0.006460 0.083682 100.000000 89.017299
0.006286 0.079551 100.000000 98.427035
-0.001866 0.034965 100.000000 33.208992
-0.006434 0.031275 100.000000 24.877767
0.005354 0.052658 100.000000 63.389044
0.007555 0.053663 100.000000 67.301425
-0.000795 0.015022 100.000000 11.197484
0.000897 0.058616 100.000000 65.704151
-0.004752 0.001968 100.000000 16.589094
-0.004554 0.038043 100.000000 34.370394
0.003406 0.068436 100.000000 80.979285
-0.001770 0.076905 100.000000 85.696078
-0.004938 0.075388 100.000000 80.275970
0.004526 0.060044 100.000000 71.715695
0.005083 0.021633 100.000000 24.210387
0.005001 0.046538 100.000000 55.264439
0.007076 0.041662 100.000000 51.613535
-0.008566 0.078221 100.000000 79.935992
0.003847 0.023477 100.000000 25.081901
0.007042 0.034898 100.000000 43.079720
0.006842 0.048105 100.000000 59.438440
0.008990 0.053239 100.000000 68.519547
-0.001133 0.057014 100.000000 61.413076
-0.002869 0.079253 100.000000 87.416547
0.008215 0.012286 100.000000 16.589617
0.009875 0.073244 100.000000 94.821690
0.003999 0.016708 100.000000 17.000523
0.005816 0.073095 100.000000 89.714573
-0.002239 0.028226 100.000000 24.712063
-0.006603 0.064812 100.000000 65.286207
-0.005116 0.085524 100.000000 92.799758
-0.001740 0.095502 100.000000 109.157760
-0.002113 0.078575 100.000000 87.410759
0.003280 0.091323 100.000000 109.715900
0.007825 0.036160 100.000000 45.616508
-0.007736 0.014966 100.000000 12.553855
0.009525 0.004492 100.000000 9.628002
0.007676 0.032020 100.000000 40.245229
-0.006252 0.046977 100.000000 43.622583
-0.001900 0.021871 100.000000 17.639007
-0.006931 0.095102 100.000000 102.830479
-0.002107 0.058551 100.000000 62.267352
-0.002930 0.036024 100.000000 33.459318
0.009422 0.092608 100.000000 118.705992
-0.007391 0.057711 100.000000 55.684391
0.003232 0.036231 100.000000 40.260436
-0.007461 0.090831 100.000000 96.892013
-0.002599 0.034045 100.000000 31.370550
0.008079 0.042849 100.000000 54.327007
0.001101 0.095980 100.000000 113.041720
0.001197 0.020186 100.000000 18.325701
-0.006350 0.085972 100.000000 92.007225
-0.001209 0.016233 100.000000 12.143822
-0.007965 0.034517 100.000000 27.434278
-0.007568 0.094961 100.000000 101.956145
-0.000180 0.009031 100.000000 7.360235
-0.003364 0.094085 100.000000 105.527354
0.006656 0.015281 100.000000 18.283694
-0.002127 0.009368 100.000000 8.463112
0.003797 0.019474 100.000000 20.120334
-0.005844 0.057380 100.000000 56.839009
-0.001051 0.067591 100.000000 74.789445
-0.009483 0.078757 100.000000 79.645942
0.001513 0.082215 100.000000 96.149781
0.002180 0.069400 100.000000 80.764040
-0.007002 0.042799 100.000000 37.870406
-0.008761 0.008174 100.000000 16.656942
0.009069 0.028837 100.000000 37.987795
0.008116 0.088319 100.000000 111.704369
0.009026 0.091603 100.000000 116.955310
-0.002056 0.015922 100.000000 11.503198
-0.002967 0.093866 100.000000 105.700095
0.004283 0.067209 100.000000 80.464742
-0.007206 0.099836 100.000000 108.475406
-0.005615 0.013520 100.000000 10.947598
-0.001733 0.036271 100.000000 34.944419
0.006655 0.025409 100.000000 30.749323
0.007556 0.040448 100.000000 50.672198
-0.008779 0.025919 100.000000 18.272025
-0.002597 0.050992 100.000000 52.290398
0.009712 0.069864 100.000000 90.358119
0.006320 0.071649 100.000000 88.494884
0.009967 0.027154 100.000000 37.019465
-0.006933 0.059203 100.000000 57.987938
-0.009839 0.091754 100.000000 95.488042
-0.008554 0.091477 100.000000 96.518026
-0.008361 0.023021 100.000000 16.012160
-0.002221 0.067538 100.000000 73.413641
0.009099 0.072940 100.000000 93.488839
-0.007210 0.068894 100.000000 69.733637
-0.006145 0.040186 100.000000 35.501791
-0.000965 0.095961 100.000000 110.625886
-0.004753 0.038375 100.000000 34.587134
0.009841 0.080023 100.000000 103.333843
0.002388 0.008910 100.000000 7.354781
0.005872 0.027472 100.000000 32.383914
-0.006661 0.079334 100.000000 83.352163
0.001214 0.038726 100.000000 41.113574
0.004051 0.067620 100.000000 80.708673
0.006842 0.056617 100.000000 70.162322
-0.009527 0.061166 100.000000 57.835441
-0.006526 0.055120 100.000000 53.352408
0.006844 0.062637 100.000000 77.753605
0.008371 0.086567 100.000000 109.801096
0.000598 0.088473 100.000000 102.982947
-0.009836 0.015252 100.000000 14.386958
0.002000 0.006718 100.000000 6.212722
0.003488 0.052693 100.000000 61.234125
0.004842 0.085042 100.000000 103.635373
0.001460 0.036114 100.000000 38.126564
-0.004040 0.045744 100.000000 44.282813
-0.006606 0.077531 100.000000 81.154868
0.000071 0.024625 100.000000 22.547319
0.006900 0.052885 100.000000 65.527542
-0.002139 0.092646 100.000000 105.102478
-0.000321 0.035043 100.000000 34.881308
-0.003421 0.090983 100.000000 101.556552
-0.006628 0.063540 100.000000 63.678923
-0.003388 0.075006 100.000000 81.499680
0.005282 0.092052 100.000000 113.011013
0.003842 0.073120 100.000000 87.401773
0.004414 0.093747 100.000000 114.119587
-0.000036 0.007371 100.000000 7.165468
0.000459 0.056889 100.000000 63.036181
-0.008454 0.007683 100.000000 16.619518
-0.000237 0.010634 100.000000 7.995498
-0.000068 0.022666 100.000000 20.082401
-0.006959 0.030966 100.000000 24.175692
-0.005859 0.052440 100.000000 50.713656
0.008391 0.071554 100.000000 90.877312
0.007420 0.084339 100.000000 105.837677
-0.003292 0.041007 100.000000 39.201423
0.008592 0.021009 100.000000 27.667606
0.008264 0.009628 100.000000 13.551579
0.003967 0.085077 100.000000 102.640652
0.000349 0.096130 100.000000 112.356844
-0.009375 0.094963 100.000000 99.999270
0.005910 0.069340 100.000000 85.088325
0.008250 0.019046 100.000000 24.821659
0.003499 0.097065 100.000000 117.225360
0.004230 0.099525 100.000000 121.198049
-0.002084 0.035493 100.000000 33.638604
0.004793 0.098303 100.000000 120.323877
0.009705 0.073782 100.000000 95.291469
-0.009915 0.030813 100.000000 22.413063
-0.003728 0.033272 100.000000 29.389851
0.005566 0.026245 100.000000 30.493174
0.007185 0.001134 100.000000 5.510088
0.005744 0.063838 100.000000 77.949551
0.008449 0.097249 100.000000 123.384082
0.007837 0.026063 100.000000 33.001368
0.006446 0.044208 100.000000 54.056151
-0.003211 0.023539 100.000000 18.542925
-0.003044 0.059649 100.000000 62.621951
0.004319 0.095008 100.000000 115.599134
0.001517 0.090567 100.000000 106.693063
0.000396 0.099286 100.000000 116.392824
0.004165 0.046313 100.000000 53.996468
0.003166 0.031559 100.000000 34.347691
0.007190 0.032228 100.000000 39.911849
-0.001172 0.067057 100.000000 73.982009
-0.001517 0.053184 100.000000 56.193125
-0.005372 0.033436 100.000000 28.168940
0.003363 0.024677 100.000000 26.024028
0.001233 0.039939 100.000000 42.649588
0.001973 0.080536 100.000000 94.568294
0.003169 0.024011 100.000000 24.989553
0.000110 0.088284 100.000000 102.180594
0.008742 0.052286 100.000000 67.014432
0.003739 0.033571 100.000000 37.512979
0.001463 0.078287 100.000000 91.137559
0.007108 0.096764 100.000000 121.152432
0.004059 0.083192 100.000000 100.371349
0.001926 0.094119 100.000000 111.655465
0.002289 0.011572 100.000000 9.647572
0.005163 0.037203 100.000000 43.723045
-0.008135 0.066141 100.000000 65.359754
0.007070 0.073537 100.000000 91.779643
0.000315 0.083487 100.000000 96.366979
0.001672 0.040332 100.000000 43.629436
-0.004930 0.055661 100.000000 55.649205
0.005007 0.035881 100.000000 41.881166
0.004072 0.037125 100.000000 42.346941
0.005459 0.097359 100.000000 119.925895
0.004145 0.038736 100.000000 44.452452
-0.003340 0.068048 100.000000 72.819679
0.001754 0.023421 100.000000 22.763055
-0.002866 0.093773 100.000000 105.697218
0.007690 0.008465 100.000000 11.551877
-0.003924 0.033098 100.000000 29.007041
-0.007213 0.083989 100.000000 88.585888
0.007570 0.022998 100.000000 28.864742
0.001274 0.053058 100.000000 59.145514
0.006178 0.080744 100.000000 99.802941
0.007802 0.063549 100.000000 80.062668
0.005204 0.083618 100.000000 102.268675
0.007981 0.033548 100.000000 42.531902
0.001079 0.047564 100.000000 52.026034
-0.009371 0.040859 100.000000 33.617076
0.006351 0.087407 100.000000 108.425246
-0.006741 0.072013 100.000000 74.115018
0.004006 0.012180 100.000000 11.733160
0.009016 0.072649 100.000000 93.019394
0.003131 0.039871 100.000000 44.704745
-0.009899 0.090725 100.000000 94.139018
-0.001048 0.048872 100.000000 51.311271
-0.006799 0.004377 100.000000 17.146087
-0.004926 0.024078 100.000000 18.050016
0.008365 0.021149 100.000000 27.556706
0.002403 0.078187 100.000000 92.105764
0.006941 0.047299 100.000000 58.543271
-0.007010 0.086113 100.000000 91.467070
-0.001145 0.021727 100.000000 18.062472
0.003799 0.016613 100.000000 16.675223
0.003149 0.055243 100.000000 64.050845
0.005529 0.076756 100.000000 93.993429
0.009835 0.021517 100.000000 29.861657
-0.009022 0.002647 100.000000 21.945591
0.003766 0.061057 100.000000 72.098419
0.005206 0.020746 100.000000 23.259352
-0.005583 0.065604 100.000000 67.342539
0.001912 0.061322 100.000000 70.274015
0.004650 0.004042 100.000000 5.441064
0.000061 0.084682 100.000000 97.582443
0.000774 0.086449 100.000000 100.633832
-0.001300 0.030725 100.000000 28.593753
-0.002771 0.049148 100.000000 49.808476
0.007999 0.052120 100.000000 65.898021
0.001529 0.097943 100.000000 116.018125
0.006013 0.046044 100.000000 55.846630
-0.009843 0.015810 100.000000 14.298129
-0.003823 0.058913 100.000000 60.864324
0.006480 0.097271 100.000000 121.037094
0.004822 0.048867 100.000000 57.983018
-0.006242 0.033752 100.000000 27.838784
-0.005003 0.092503 100.000000 101.697577
-0.003972 0.062985 100.000000 65.792294
-0.008655 0.095702 100.000000 101.703099
-0.001948 0.046440 100.000000 47.310043
-0.005881 0.059796 100.000000 59.800570
0.004884 0.090476 100.000000 110.546507
-0.008802 0.051252 100.000000 46.429982
-0.006420 0.033978 100.000000 27.960075
0.001364 0.009946 100.000000 7.768007
0.006128 0.011723 100.000000 13.444542
-0.000137 0.071124 100.000000 80.269785
0.005207 0.021036 100.000000 23.618308
0.000506 0.096376 100.000000 112.848803
0.003855 0.066860 100.000000 79.519328
0.008286 0.070717 100.000000 89.693049
0.003176 0.032788 100.000000 35.892217
0.001278 0.088847 100.000000 104.245791
0.002085 0.084895 100.000000 100.199463
0.004165 0.049307 100.000000 57.763672
0.008407 0.096796 100.000000 122.760794
-0.008328 0.092876 100.000000 98.514279
-0.000006 0.045317 100.000000 48.005877
0.001148 0.033514 100.000000 34.551043
0.007695 0.018787 100.000000 23.817822
0.003860 0.009836 100.000000 9.096290
-0.007035 0.096939 100.000000 105.024529
-0.002796 0.013337 100.000000 9.640384
-0.001916 0.075300 100.000000 83.513085
0.005678 0.005698 100.000000 6.767428
0.002537 0.033055 100.000000 35.506419
0.007871 0.091869 100.000000 115.890382
0.002519 0.014169 100.000000 12.586890
0.001966 0.039494 100.000000 42.911065
-0.007931 0.031682 100.000000 24.335901
0.004590 0.006837 100.000000 6.900366
-0.009653 0.033392 100.000000 25.154603
-0.008896 0.088230 100.000000 92.087702
0.007268 0.003618 100.000000 6.514822
0.000442 0.029805 100.000000 29.218751
-0.008199 0.020106 100.000000 14.156450
0.001011 0.086641 100.000000 101.151248
-0.007765 0.019680 100.000000 13.840629
-0.004826 0.011261 100.000000 10.434899
0.009945 0.010971 100.000000 17.234961
0.004570 0.073640 100.000000 88.918813
0.008945 0.058524 100.000000 75.122409
0.004336 0.058462 100.000000 69.497566
-0.007368 0.041251 100.000000 35.702950
-0.002455 0.052148 100.000000 53.884302
-0.002780 0.003728 100.000000 12.248482
-0.009058 0.071225 100.000000 70.721959
0.007305 0.022844 100.000000 28.349839
-0.000592 0.038943 100.000000 39.429585
0.000603 0.026547 100.000000 25.396646
-0.007317 0.045507 100.000000 40.844545
0.007614 0.057998 100.000000 72.835317
-0.002422 0.078326 100.000000 86.749826
-0.001529 0.082168 100.000000 92.594973
0.002487 0.016483 100.000000 15.201123
-0.001135 0.071826 100.000000 80.021674
-0.009823 0.078192 100.000000 78.590869
0.004374 0.049394 100.000000 58.119219
0.003845 0.002799 100.000000 5.761487
-0.002124 0.079085 100.000000 88.040800
-0.004318 0.071840 100.000000 76.503674
-0.004107 0.096951 100.000000 108.297404
-0.003593 0.076602 100.000000 83.276714
0.005143 0.067929 100.000000 82.393136
-0.003230 0.038192 100.000000 35.812294
0.009019 0.099221 100.000000 126.566135
0.003568 0.075612 100.000000 90.223354
0.004425 0.096377 100.000000 117.453004
0.007384 0.097417 100.000000 122.309936
0.001398 0.072610 100.000000 83.904667
-0.008145 0.007900 100.000000 16.036153
-0.000659 0.096592 100.000000 111.774114
-0.001650 0.011585 100.000000 8.622311
-0.008728 0.084809 100.000000 87.988842
-0.009603 0.060727 100.000000 57.223763
0.003938 0.020512 100.000000 21.542130
0.001789 0.005895 100.000000 6.214903
0.009275 0.069085 100.000000 88.840807
0.002219 0.059519 100.000000 68.358185
0.004105 0.036902 100.000000 42.107095
-0.008844 0.074255 100.000000 74.706530
-0.004791 0.065462 100.000000 68.009930
0.002114 0.030661 100.000000 32.059721
-0.001421 0.038170 100.000000 37.603246
-0.005914 0.069908 100.000000 72.364466
-0.004477 0.092862 100.000000 102.736234
-0.004834 0.094643 100.000000 104.576979
-0.000353 0.014978 100.000000 11.376954
-0.008453 0.080340 100.000000 82.698980
-0.001116 0.098654 100.000000 113.848563
-0.001746 0.047187 100.000000 48.455929
-0.009005 0.091245 100.000000 95.743131
0.004917 0.054466 100.000000 65.148033
0.004917 0.062379 100.000000 75.123638
-0.007174 0.062097 100.000000 61.326394
-0.003298 0.077125 100.000000 84.261460
0.001305 0.024325 100.000000 23.403243
0.006212 0.089090 100.000000 110.383168
0.006583 0.060055 100.000000 74.183930
0.002571 0.025314 100.000000 25.943961
0.004271 0.025678 100.000000 28.284199
0.000832 0.070095 100.000000 80.082424
-0.006736 0.052675 100.000000 50.132799
0.006459 0.031317 100.000000 37.888686
0.006653 0.052944 100.000000 65.304653
-0.002388 0.043287 100.000000 42.932761
0.008084 0.066792 100.000000 84.496016
-0.002429 0.027334 100.000000 23.490575
0.002762 0.037891 100.000000 41.803450
0.009333 0.080701 100.000000 103.568286
0.004435 0.041526 100.000000 48.294753
0.009558 0.055158 100.000000 71.634445
-0.006036 0.002175 100.000000 18.181662
-0.001959 0.002980 100.000000 11.826726
-0.006238 0.055517 100.000000 54.131988
-0.005775 0.051478 100.000000 49.611571
0.001043 0.040130 100.000000 42.679239
-0.008678 0.058633 100.000000 55.550670
-0.007285 0.079538 100.000000 82.938473
-0.005794 0.019177 100.000000 13.370809
0.006677 0.036327 100.000000 44.430255
-0.002562 0.016728 100.000000 12.033885
-0.007289 0.090220 100.000000 96.312487
0.003580 0.013201 100.000000 12.473759
-0.002573 0.002294 100.000000 13.279798
0.003095 0.059307 100.000000 69.107243
0.002773 0.072558 100.000000 85.437621
-0.004126 0.024671 100.000000 19.161514
-0.000140 0.096105 100.000000 111.758593
0.004735 0.079911 100.000000 97.030465
0.001086 0.011614 100.000000 8.992014
0.008790 0.034213 100.000000 44.362904
-0.001055 0.068384 100.000000 75.780593
0.000925 0.018694 100.000000 16.331571
0.008057 0.024321 100.000000 31.105501
-0.008063 0.064708 100.000000 63.657136
0.002475 0.070744 100.000000 82.801782
-0.004870 0.017612 100.000000 12.316549
-0.005109 0.078922 100.000000 84.520775
0.004188 0.070877 100.000000 84.979241
0.005474 0.075135 100.000000 91.881850
0.005668 0.033645 100.000000 39.859274
-0.007369 0.086838 100.000000 91.986509
0.001135 0.035903 100.000000 37.506977
-0.002063 0.065598 100.000000 71.153699
0.003154 0.059868 100.000000 69.882822
0.009365 0.056868 100.000000 73.551295
0.000925 0.090154 100.000000 105.484436
0.000474 0.099999 100.000000 117.384601
0.006731 0.096518 100.000000 120.387860
0.008769 0.055514 100.000000 71.113771
0.003780 0.026379 100.000000 28.597400
0.000405 0.059336 100.000000 66.050995
0.001477 0.087483 100.000000 102.755153
0.008852 0.051340 100.000000 65.959318
-0.007606 0.099608 100.000000 107.749062
0.000144 0.074375 100.000000 84.685834
0.004325 0.023877 100.000000 26.114950
0.004951 0.007604 100.000000 7.828208
-0.005542 0.044429 100.000000 41.193241
0.006236 0.076660 100.000000 94.717832
0.003013 0.062321 100.000000 72.810383
-0.001896 0.056083 100.000000 59.407540
-0.004611 0.034227 100.000000 29.745108
0.007196 0.026358 100.000000 32.584722
0.008634 0.075358 100.000000 95.972643
0.003318 0.016486 100.000000 16.025720
0.009523 0.013218 100.000000 19.349312
-0.006495 0.027453 100.000000 20.685097
0.006798 0.042562 100.000000 52.410615
0.009204 0.091757 100.000000 117.366561
0.003722 0.003774 100.000000 5.572364
0.008811 0.077856 100.000000 99.340767
0.004501 0.098436 100.000000 120.144822
0.000461 0.005932 100.000000 7.090451
-0.003625 0.084709 100.000000 93.432036
-0.007797 0.066699 100.000000 66.397532
0.001419 0.035265 100.000000 37.023746
-0.008040 0.018284 100.000000 13.310105
-0.005504 0.054843 100.000000 54.043422
0.005173 0.032290 100.000000 37.576083
0.009323 0.079300 100.000000 101.786858
0.006762 0.014288 100.000000 17.214474
0.007828 0.082607 100.000000 104.143908
-0.005339 0.057963 100.000000 58.083348
-0.001526 0.083818 100.000000 94.676201
0.005109 0.051826 100.000000 62.049258
0.001493 0.005562 100.000000 6.423456
0.000723 0.005776 100.000000 6.926756
0.007270 0.087080 100.000000 109.117303
0.002379 0.030650 100.000000 32.336376
0.000538 0.061911 100.000000 69.440865
0.003745 0.050087 100.000000 58.253574
-0.003567 0.006731 100.000000 10.958972
0.009163 0.077713 100.000000 99.589369
-0.002049 0.079408 100.000000 88.532295
-0.006321 0.052589 100.000000 50.436200
-0.007896 0.089289 100.000000 94.486860
0.001562 0.089986 100.000000 106.012958
0.008875 0.002354 100.000000 7.126770
0.007137 0.080619 100.000000 100.798707
0.004240 0.056532 100.000000 66.952099
0.001176 0.070834 100.000000 81.408863
0.000990 0.074378 100.000000 85.662122
-0.005082 0.065972 100.000000 68.334622
-0.008582 0.084005 100.000000 87.140548
0.002948 0.084628 100.000000 100.873686
-0.001699 0.089839 100.000000 102.066899
0.009941 0.016549 100.000000 23.905823
0.005156 0.050611 100.000000 60.575758
-0.002873 0.090049 100.000000 100.998801
0.004311 0.013635 100.000000 13.698352
0.009056 0.070573 100.000000 90.449515
-0.006603 0.050928 100.000000 48.117296
-0.008260 0.041234 100.000000 34.934169
-0.001948 0.076802 100.000000 85.365768
0.002915 0.074662 100.000000 88.257031
-0.001834 0.092155 100.000000 104.831284
-0.006109 0.099795 100.000000 109.637626
-0.006564 0.024965 100.000000 18.136479
-0.001119 0.001275 100.000000 12.320475
0.003127 0.032321 100.000000 35.253854
-0.005282 0.065939 100.000000 68.081212
0.001843 0.086353 100.000000 101.755659
-0.006271 0.049419 100.000000 46.590959
0.009453 0.027794 100.000000 37.168254
0.005796 0.034951 100.000000 41.648416
0.004865 0.022469 100.000000 24.992407
0.005900 0.062732 100.000000 76.740289
-0.008546 0.020624 100.000000 14.502971
0.001258 0.032681 100.000000 33.635004
-0.001746 0.045614 100.000000 46.497175
-0.009439 0.004244 100.000000 20.989497
0.003722 0.003234 100.000000 5.685547
-0.004826 0.012822 100.000000 10.366443
-0.009082 0.064899 100.000000 62.867790
0.008170 0.026712 100.000000 34.221661
-0.007000 0.038219 100.000000 32.431950
0.002584 0.036905 100.000000 40.368453
0.000755 0.017163 100.000000 14.443081
-0.009975 0.091271 100.000000 94.739674
-0.009524 0.075522 100.000000 75.579431
-0.002140 0.008459 100.000000 8.621123
-0.002458 0.080515 100.000000 89.464777
-0.006849 0.062133 100.000000 61.702919
-0.002457 0.005553 100.000000 10.392027
0.009273 0.048109 100.000000 62.411741
0.002843 0.088614 100.000000 105.781736
-0.009488 0.002958 100.000000 22.304558
-0.003548 0.012518 100.000000 9.589639
-0.000932 0.099918 100.000000 115.654646
-0.008315 0.092121 100.000000 97.582863
-0.001984 0.055097 100.000000 58.077521
0.007717 0.043487 100.000000 54.687308
0.006994 0.080351 100.000000 100.288386
-0.005347 0.094995 100.000000 104.448231
-0.004078 0.053023 100.000000 53.256730
0.005134 0.071602 100.000000 87.017314
-0.009896 0.028150 100.000000 19.936443
-0.007477 0.017140 100.000000 12.691066
0.009360 0.049625 100.000000 64.425485
0.007765 0.091195 100.000000 114.911114
-0.006192 0.009532 100.000000 12.487021
-0.000027 0.002755 100.000000 9.563741
0.008127 0.085140 100.000000 107.703013
-0.006329 0.006113 100.000000 14.993515
0.008883 0.016202 100.000000 22.135523
0.006602 0.025429 100.000000 30.709555
-0.005114 0.085337 100.000000 92.567505
0.003360 0.077364 100.000000 92.188519
-0.008674 0.092390 100.000000 97.531750
-0.009219 0.064171 100.000000 61.834657
-0.001044 0.013281 100.000000 9.636285
0.007659 0.014757 100.000000 18.862233
0.001463 0.064654 100.000000 73.951978
-0.003670 0.034271 100.000000 30.639868
-0.004095 0.026534 100.000000 21.239919
0.005809 0.015209 100.000000 17.207460
-0.003782 0.021516 100.000000 16.047404
0.008039 0.027050 100.000000 34.480770
-0.001144 0.099184 100.000000 114.485231
0.000453 0.003155 100.000000 8.668449
0.008223 0.029575 100.000000 37.858453
-0.007474 0.081734 100.000000 85.483308
-0.008050 0.047424 100.000000 42.490807
-0.004046 0.072213 100.000000 77.270186
0.004861 0.022017 100.000000 24.428109
0.008684 0.076152 100.000000 97.034622
-0.003017 0.046192 100.000000 45.882134
-0.006334 0.067520 100.000000 68.939912
0.009020 0.011256 100.000000 16.383300
-0.006578 0.084186 100.000000 89.520344
-0.004499 0.017549 100.000000 12.291680
0.000098 0.004008 100.000000 8.449767
0.002802 0.094262 100.000000 112.864012
0.008474 0.029689 100.000000 38.311506
0.000289 0.041095 100.000000 43.055502
0.006562 0.056538 100.000000 69.724226
0.001669 0.003696 100.000000 7.010023
0.003302 0.059649 100.000000 69.780113
0.004618 0.045533 100.000000 53.548091
-0.004136 0.084533 100.000000 92.641000
-0.006585 0.064632 100.000000 65.080660
0.003151 0.045257 100.000000 51.490229
-0.000539 0.044707 100.000000 46.662750
-0.007691 0.044514 100.000000 39.314333
-0.005057 0.077143 100.000000 82.346392
0.002856 0.032075 100.000000 34.641464
-0.000619 0.005611 100.000000 8.249192
0.005177 0.005110 100.000000 6.037272
0.005896 0.050772 100.000000 61.660552
0.004440 0.079999 100.000000 96.791544
0.000590 0.072305 100.000000 82.589569
-0.003153 0.018296 100.000000 13.222530
-0.003443 0.020251 100.000000 14.956066
-0.005593 0.065514 100.000000 67.220668
-0.002335 0.053750 100.000000 56.013221
-0.005120 0.055565 100.000000 55.331980
-0.003842 0.009620 100.000000 9.891953
-0.000804 0.047345 100.000000 49.668710
0.009056 0.074550 100.000000 95.467970
-0.000303 0.078422 100.000000 89.273336
0.005936 0.063707 100.000000 78.012385
0.000782 0.029980 100.000000 29.788241
0.008744 0.025929 100.000000 33.957642
-0.007568 0.082222 100.000000 85.992613
0.007564 0.018227 100.000000 22.970215
0.003300 0.071696 100.000000 84.967690
0.008497 0.068688 100.000000 87.389517
-0.006423 0.077460 100.000000 81.262619
-0.001921 0.003866 100.000000 11.012098
-0.000335 0.067155 100.000000 75.048592
-0.009052 0.071280 100.000000 70.796451
-0.005500 0.042421 100.000000 38.790135
-0.009805 0.009280 100.000000 17.239611
0.003116 0.080597 100.000000 95.981799
0.008395 0.006665 100.000000 10.449672
0.005111 0.025019 100.000000 28.434731
0.004348 0.029355 100.000000 32.948328
0.006483 0.044222 100.000000 54.117838
0.003535 0.033710 100.000000 37.453140
-0.008015 0.016945 100.000000 12.929191
0.009751 0.002562 100.000000 8.202344
-0.005695 0.046350 100.000000 43.392203
0.009898 0.035916 100.000000 47.877048
0.003724 0.056454 100.000000 66.247015
-0.003918 0.010565 100.000000 9.755275
0.008190 0.063337 100.000000 80.267417
0.006984 0.069515 100.000000 86.599867
0.001823 0.063087 100.000000 72.393904
-0.003395 0.056868 100.000000 58.768756
0.001953 0.045167 100.000000 50.004720
-0.008547 0.004773 100.000000 19.232627
-0.000931 0.043757 100.000000 45.055216
0.005727 0.030454 100.000000 35.934535
-0.004602 0.052006 100.000000 51.453245
-0.005773 0.056216 100.000000 55.469540
0.007227 0.084107 100.000000 105.311893
0.008365 0.099035 100.000000 125.538195
-0.005692 0.053929 100.000000 52.721259
0.002619 0.056485 100.000000 64.999183
0.000234 0.089500 100.000000 103.857405
-0.002416 0.038848 100.000000 37.424148
-0.003829 0.072884 100.000000 78.348845
0.001226 0.074481 100.000000 86.063676
0.003729 0.093630 100.000000 113.159737
0.003229 0.039266 100.000000 44.059269
-0.004533 0.094076 100.000000 104.200325
-0.005253 0.012270 100.000000 10.679184
-0.005922 0.059008 100.000000 58.777998
0.006527 0.060875 100.000000 75.150319
0.005729 0.057038 100.000000 69.355693
-0.001185 0.005777 100.000000 8.765066
-0.008813 0.060662 100.000000 57.912938
0.002842 0.002885 100.000000 6.423549
-0.009460 0.007821 100.000000 17.878786
0.009575 0.009451 100.000000 14.997164
0.004284 0.075013 100.000000 90.313687
-0.008047 0.017789 100.000000 13.154097
-0.003893 0.095948 100.000000 107.275801
-0.008773 0.027575 100.000000 19.761576
0.002370 0.054353 100.000000 62.027886
0.001095 0.062958 100.000000 71.394972
0.000606 0.050580 100.000000 55.277696
0.009946 0.097774 100.000000 125.867571
-0.009231 0.095405 100.000000 100.708826
0.009604 0.003715 100.000000 9.003033
0.008668 0.004546 100.000000 8.674011
-0.009507 0.066560 100.000000 64.495233
0.009142 0.064152 100.000000 82.456591
-0.008069 0.090718 100.000000 96.090982
-0.006096 0.007908 100.000000 13.344135
0.004152 0.075972 100.000000 91.367738
0.008118 0.082381 100.000000 104.210815
0.008657 0.063297 100.000000 80.786439
0.009358 0.010092 100.000000 15.456997
0.002232 0.050366 100.000000 56.854372
0.004735 0.070275 100.000000 84.868230
0.002377 0.064738 100.000000 75.115459
0.004156 0.031626 100.000000 35.561443
-0.004963 0.059088 100.000000 59.875639
0.000116 0.077164 100.000000 88.167047
-0.007454 0.062402 100.000000 61.419564
-0.007692 0.092823 100.000000 99.139823
0.003009 0.080411 100.000000 95.621469
-0.002496 0.009208 100.000000 8.772026
0.000044 0.025418 100.000000 23.474198
-0.002150 0.043843 100.000000 43.870235
-0.002370 0.064987 100.000000 70.047200
0.008894 0.055661 100.000000 71.452650
0.004367 0.010871 100.000000 10.633091
0.005332 0.057287 100.000000 69.196913
0.003788 0.099241 100.000000 120.316149
-0.005987 0.047208 100.000000 44.159878
0.003042 0.091478 100.000000 109.631832
-0.004056 0.077693 100.000000 84.135586
-0.009070 0.047335 100.000000 41.477290
-0.007610 0.054679 100.000000 51.738670
0.009211 0.082501 100.000000 105.689780
-0.005950 0.032664 100.000000 26.812467
0.000518 0.094878 100.000000 110.972857
-0.000574 0.018791 100.000000 15.212335
-0.004121 0.061680 100.000000 64.001825
0.001395 0.079746 100.000000 92.898675
-0.000183 0.056699 100.000000 62.074936
0.007324 0.042024 100.000000 52.370778
0.001926 0.025310 100.000000 25.249766
0.009687 0.027548 100.000000 37.157002
-0.008789 0.064468 100.000000 62.628648
0.006759 0.075395 100.000000 93.749579
0.006344 0.052198 100.000000 63.993284
0.006488 0.099173 100.000000 123.449551
0.002851 0.096238 100.000000 115.416314
-0.002884 0.068790 100.000000 74.251780
0.000368 0.069121 100.000000 78.322685
0.003268 0.016417 100.000000 15.893520
-0.004385 0.032118 100.000000 27.445554
0.006119 0.085750 100.000000 106.054080
0.005820 0.057444 100.000000 69.977014
-0.002650 0.064206 100.000000 68.759223
-0.003819 0.035852 100.000000 32.407702
0.005521 0.072930 100.000000 89.153497
-0.002991 0.080707 100.000000 89.106959
0.001882 0.027622 100.000000 28.046948
0.000503 0.098416 100.000000 115.419848
-0.008034 0.030459 100.000000 22.974275
-0.005396 0.067891 100.000000 70.397469
0.009240 0.010338 100.000000 15.591134
-0.004594 0.026323 100.000000 20.655164
-0.007910 0.097580 100.000000 104.868830
-0.006655 0.061805 100.000000 61.495944
0.006037 0.087292 100.000000 107.903342
0.002716 0.075607 100.000000 89.217099
0.008160 0.048245 100.000000 61.214382
0.003067 0.027013 100.000000 28.585922
-0.007440 0.002723 100.000000 19.621603
0.000911 0.020837 100.000000 18.827033
0.004793 0.023045 100.000000 25.620699
0.001323 0.099352 100.000000 117.556091
0.009232 0.036128 100.000000 47.311255
0.003219 0.086844 100.000000 103.989763
0.001020 0.026292 100.000000 25.508548
0.004379 0.027929 100.000000 31.206965
0.004874 0.008412 100.000000 8.534280
-0.004378 0.015219 100.000000 10.861973
0.009303 0.061646 100.000000 79.496224
0.004202 0.006823 100.000000 6.657615
0.000386 0.083456 100.000000 96.411097
-0.001255 0.002456 100.000000 11.380158
-0.006980 0.020348 100.000000 14.159499
0.004549 0.089397 100.000000 108.785100
0.008093 0.005463 100.000000 8.886261
0.001809 0.051351 100.000000 57.607771
0.008613 0.039937 100.000000 51.324448
-0.004658 0.034317 100.000000 29.811893
-0.006109 0.097846 100.000000 107.187317
-0.002915 0.089574 100.000000 100.352564
0.008779 0.010224 100.000000 14.877531
0.009480 0.099917 100.000000 128.005441
0.007823 0.023324 100.000000 29.578454
0.006790 0.036088 100.000000 44.267200
0.007085 0.061512 100.000000 76.626954
-0.009524 0.081649 100.000000 83.205334
0.001876 0.040821 100.000000 44.471835
-0.002353 0.092724 100.000000 104.956819
0.003736 0.064986 100.000000 77.016376
0.006787 0.092275 100.000000 115.095491
0.000302 0.021818 100.000000 19.419900
-0.006263 0.016736 100.000000 12.054908
-0.001563 0.079644 100.000000 89.377682
-0.006165 0.057002 100.000000 56.042728
-0.003387 0.005964 100.000000 11.256392
0.003453 0.040551 100.000000 45.928358
-0.002011 0.018199 100.000000 13.655910
0.005553 0.091776 100.000000 112.986100
0.006049 0.006928 100.000000 8.166515
-0.001524 0.067563 100.000000 74.223171
-0.003774 0.034918 100.000000 31.323592
-0.005624 0.019952 100.000000 13.968465
-0.002909 0.021768 100.000000 16.825272
0.006048 0.007813 100.000000 9.041649
0.003243 0.061865 100.000000 72.503824
0.009729 0.049962 100.000000 65.306080
-0.006039 0.088579 100.000000 95.620593
-0.009268 0.023435 100.000000 16.290884
0.004126 0.081907 100.000000 98.828010
-0.001049 0.064564 100.000000 70.984969
-0.008289 0.059832 100.000000 57.406978
0.004658 0.057131 100.000000 68.199699
-0.005848 0.092015 100.000000 100.146557
-0.001862 0.015931 100.000000 11.578253
0.004644 0.094139 100.000000 114.887050
0.009635 0.063840 100.000000 82.669731
-0.005703 0.096129 100.000000 105.478465
0.005909 0.050974 100.000000 61.930099
0.008815 0.032059 100.000000 41.697753
0.006645 0.026320 100.000000 31.870686
0.000059 0.085113 100.000000 98.122292
0.001731 0.031334 100.000000 32.477340
0.005585 0.045512 100.000000 54.666034
0.004791 0.053728 100.000000 64.069168
0.000139 0.005608 100.000000 7.495889
-0.003996 0.040697 100.000000 38.127646
-0.003990 0.077271 100.000000 83.679434
-0.001383 0.091468 100.000000 104.480152
0.000537 0.053706 100.000000 59.125540
0.007116 0.043791 100.000000 54.340304
0.001442 0.032421 100.000000 33.512377
-0.003456 0.059181 100.000000 61.593006
-0.003648 0.098287 100.000000 110.498660
-0.005891 0.041259 100.000000 37.021577
0.002342 0.086594 100.000000 102.644197
-0.007765 0.084170 100.000000 88.218095
0.001312 0.044817 100.000000 48.843972
0.004408 0.065148 100.000000 78.013029
-0.004273 0.037287 100.000000 33.717669
-0.003745 0.072194 100.000000 77.576485
-0.000095 0.040391 100.000000 41.760942
-0.003473 0.021796 100.000000 16.508509
0.000709 0.034207 100.000000 34.938238
0.000287 0.004364 100.000000 8.006550
-0.006602 0.038249 100.000000 32.799763
0.004240 0.040139 100.000000 46.325192
0.002276 0.036996 100.000000 40.134419
0.007774 0.098490 100.000000 124.134756
0.004528 0.034000 100.000000 38.961932
-0.003398 0.096474 100.000000 108.496969
-0.003004 0.010037 100.000000 9.072240
-0.007542 0.017190 100.000000 12.737102
0.001098 0.007856 100.000000 6.691336
0.007816 0.099367 100.000000 125.293240
-0.000284 0.097482 100.000000 113.329732
0.000686 0.038309 100.000000 40.015091
0.008050 0.072668 100.000000 91.868892
0.008498 0.015990 100.000000 21.394849
0.007097 0.070816 100.000000 88.377758
-0.001217 0.047261 100.000000 49.115256
0.001126 0.009539 100.000000 7.446462
0.001687 0.021074 100.000000 19.859625
0.009757 0.071636 100.000000 92.649023
0.004405 0.051281 100.000000 60.531662
-0.008652 0.062856 100.000000 60.775296
-0.006278 0.071752 100.000000 74.280887
-0.001610 0.033655 100.000000 31.860638
0.006855 0.068683 100.000000 85.393910
-0.002576 0.099342 100.000000 113.044448
-0.005521 0.055042 100.000000 54.272344
0.002674 0.061679 100.000000 71.605985
-0.002554 0.062694 100.000000 66.969175
0.001820 0.065784 100.000000 75.788377
-0.004402 0.095045 100.000000 105.567225
0.006977 0.021216 100.000000 25.935033
-0.008935 0.070812 100.000000 70.335436
0.006743 0.084525 100.000000 105.256522
0.008123 0.063905 100.000000 80.902009
-0.006120 0.030708 100.000000 24.464329
-0.001799 0.079923 100.000000 89.462636
0.001986 0.080172 100.000000 94.124245
0.007092 0.016474 100.000000 20.252782
0.009872 0.050210 100.000000 65.794567
-0.004851 0.085188 100.000000 92.670901
-0.002512 0.055903 100.000000 58.512980
0.006124 0.062590 100.000000 76.829650
-0.009245 0.036877 100.000000 29.187720
0.004566 0.030563 100.000000 34.708089
0.008149 0.032230 100.000000 41.087823
0.006710 0.052049 100.000000 64.245866
-0.001173 0.077409 100.000000 87.006081
0.005824 0.046083 100.000000 55.669990
0.003877 0.083141 100.000000 100.091289
0.007815 0.072625 100.000000 91.528778
0.002256 0.006311 100.000000 6.075867
0.001607 0.018840 100.000000 17.126093
0.003461 0.099435 100.000000 120.173085
-0.009868 0.018385 100.000000 14.321649
-0.003023 0.031052 100.000000 27.372923
0.008287 0.059821 100.000000 75.953222
0.009044 0.095830 100.000000 122.315300
-0.007418 0.038885 100.000000 32.868489
0.003446 0.034440 100.000000 38.264399
-0.008119 0.096194 100.000000 102.901921
0.005684 0.037865 100.000000 45.171618
-0.001226 0.083022 100.000000 94.015400
0.004579 0.062739 100.000000 75.177376
-0.004078 0.040208 100.000000 37.450624
-0.004936 0.075916 100.000000 80.940722
-0.002187 0.083853 100.000000 93.971970
0.005203 0.010120 100.000000 10.633750
-0.005511 0.061182 100.000000 61.908926
-0.009951 0.017850 100.000000 14.320375
0.001260 0.075282 100.000000 87.113779
0.004211 0.081759 100.000000 98.740259
-0.006103 0.071313 100.000000 73.918600
0.007265 0.074279 100.000000 92.951309
-0.001193 0.035950 100.000000 35.098738
-0.004076 0.017044 100.000000 11.964285
0.005102 0.010671 100.000000 11.138401
0.005859 0.076638 100.000000 94.238030
0.008011 0.071267 100.000000 90.053181
-0.009043 0.084346 100.000000 87.076197
-0.000912 0.041985 100.000000 42.868923
0.007348 0.008987 100.000000 11.728137
0.008145 0.043935 100.000000 55.774978
-0.009131 0.057306 100.000000 53.489652
0.009179 0.048697 100.000000 63.035041
-0.002175 0.007253 100.000000 9.078830
0.001175 0.074411 100.000000 85.915908
0.005003 0.065996 100.000000 79.788191
-0.004568 0.064520 100.000000 67.071248
0.004288 0.096499 100.000000 117.445538
0.004109 0.073991 100.000000 88.815890
-0.001159 0.093269 100.000000 107.008130
-0.005302 0.095835 100.000000 105.555527
0.009208 0.033327 100.000000 43.772613
-0.008608 0.016325 100.000000 13.243731
0.002600 0.080826 100.000000 95.666779
0.007267 0.038877 100.000000 48.346405
-0.003942 0.090884 100.000000 100.845929
-0.003607 0.004036 100.000000 13.079613
-0.001297 0.064916 100.000000 71.151025
0.008962 0.051616 100.000000 66.440568
0.007565 0.054286 100.000000 68.097557
-0.006588 0.008384 100.000000 13.655462
0.001693 0.060935 100.000000 69.534921
-0.007971 0.014332 100.000000 12.794153
-0.001797 0.013383 100.000000 9.607476
-0.005576 0.009704 100.000000 11.689250
0.002931 0.018342 100.000000 17.838996
-0.007163 0.042181 100.000000 36.988884
-0.006053 0.004333 100.000000 16.149073
0.008280 0.020954 100.000000 27.210078
0.002476 0.002931 100.000000 6.712551
0.005680 0.004725 100.000000 6.085973
-0.002580 0.020916 100.000000 16.126433
-0.009288 0.030568 100.000000 22.446074
0.005149 0.011739 100.000000 12.389830
-0.007857 0.067515 100.000000 67.348740
-0.006801 0.006267 100.000000 15.507485
-0.007625 0.024446 100.000000 17.286266
-0.002814 0.009550 100.000000 8.980589
0.000347 0.046341 100.000000 49.677095
-0.001297 0.079436 100.000000 89.417669
0.006694 0.080141 100.000000 99.661850
0.000461 0.007287 100.000000 6.868114
-0.005064 0.064721 100.000000 66.792321
0.006612 0.094135 100.000000 117.234549
-0.003767 0.058430 100.000000 60.320548
0.005071 0.058885 100.000000 70.900859
-0.008640 0.090644 100.000000 95.382915
0.003969 0.084505 100.000000 101.921218
-0.002036 0.024943 100.000000 21.031535
0.005081 0.031031 100.000000 35.894345
-0.003043 0.004452 100.000000 11.979494
-0.008535 0.034746 100.000000 27.299086
0.008048 0.037404 100.000000 47.448955
-0.006832 0.061699 100.000000 61.182447
0.002923 0.080271 100.000000 95.344040
0.001730 0.022297 100.000000 21.375596
0.000893 0.011920 100.000000 9.170624
0.008822 0.007665 100.000000 12.041372
-0.000103 0.029353 100.000000 28.108411
-0.001187 0.035456 100.000000 34.497003
0.000544 0.039733 100.000000 41.634087
0.001403 0.060286 100.000000 68.384167
0.007909 0.001236 100.000000 5.824281
-0.009001 0.038181 100.000000 30.828657
-0.006798 0.098940 100.000000 107.799454
-0.009077 0.059991 100.000000 56.830757
0.005818 0.084808 100.000000 104.504566
0.008639 0.043960 100.000000 56.411996
-0.005017 0.056055 100.000000 56.048310
0.002268 0.014640 100.000000 12.893825
0.003054 0.004659 100.000000 5.733660
-0.007753 0.098998 100.000000 106.821373
0.009539 0.032362 100.000000 42.978860
-0.003660 0.050019 100.000000 49.961357
0.007726 0.012678 100.000000 16.453152
0.001963 0.085048 100.000000 100.249304
0.003424 0.073975 100.000000 87.988476
0.006736 0.024609 100.000000 29.851668
-0.008631 0.013481 100.000000 13.607782
0.006082 0.054036 100.000000 65.994148
0.004333 0.063494 100.000000 75.837760
-0.001909 0.043673 100.000000 43.912411
0.000826 0.050739 100.000000 55.725098
-0.008688 0.044565 100.000000 38.508151
0.007003 0.084280 100.000000 105.260127
-0.005705 0.005980 100.000000 14.262012
-0.002080 0.086805 100.000000 97.810896
0.007892 0.058166 100.000000 73.385014
0.007176 0.058708 100.000000 73.200719
-0.009767 0.097341 100.000000 102.556562
0.001054 0.063246 100.000000 71.710297
-0.004075 0.069947 100.000000 74.395517
0.007844 0.032470 100.000000 41.013556
0.000133 0.005500 100.000000 7.549161
0.009918 0.082385 100.000000 106.407410
0.001459 0.084346 100.000000 98.776321
-0.001681 0.017714 100.000000 13.351895
0.001569 0.073525 100.000000 85.255153
-0.001563 0.069034 100.000000 76.027346
0.008265 0.031333 100.000000 40.109175
0.001515 0.034223 100.000000 35.831170
-0.005089 0.017882 100.000000 12.495325
-0.009480 0.088985 100.000000 92.409590
-0.008137 0.024708 100.000000 17.385535
0.008293 0.082223 100.000000 104.222666
0.009866 0.057304 100.000000 74.717934
0.001937 0.062671 100.000000 72.002431
0.005997 0.070053 100.000000 86.092491
-0.009661 0.016528 100.000000 14.072103
-0.007262 0.062645 100.000000 61.915032
-0.004704 0.021335 100.000000 15.436170
-0.005524 0.013608 100.000000 10.893660
-0.001364 0.019755 100.000000 15.693703
0.008652 0.030023 100.000000 38.949670
-0.006673 0.078809 100.000000 82.682507
-0.000630 0.073936 100.000000 83.249481
-0.005079 0.024929 100.000000 18.849171
-0.001046 0.030801 100.000000 28.934468
-0.004803 0.096916 100.000000 107.471700
-0.002734 0.004889 100.000000 11.229187
-0.004452 0.005498 100.000000 12.981488
0.002426 0.003863 100.000000 6.284309
-0.009291 0.047591 100.000000 41.590543
0.001554 0.013404 100.000000 10.989067
0.007639 0.023833 100.000000 29.985244
-0.004841 0.048632 100.000000 47.037874
-0.002933 0.048577 100.000000 48.929193
-0.008373 0.061456 100.000000 59.325782
-0.001774 0.013887 100.000000 9.954496
0.006060 0.043615 100.000000 52.847601
0.003397 0.096977 100.000000 116.993403
0.005669 0.081992 100.000000 100.770657
0.006085 0.009591 100.000000 10.976661
0.000220 0.023855 100.000000 21.766104
-0.008315 0.018247 100.000000 13.419052
-0.009205 0.008071 100.000000 17.335538
-0.000980 0.054252 100.000000 58.118958
-0.000457 0.041727 100.000000 43.035177
-0.007269 0.085406 100.000000 90.300483
-0.000960 0.012321 100.000000 8.974248
0.008204 0.009748 100.000000 13.616212
-0.007117 0.098179 100.000000 106.491012
0.005474 0.086774 100.000000 106.575439
0.002250 0.028452 100.000000 29.470296
0.000304 0.056809 100.000000 62.760070
0.000854 0.001964 100.000000 9.174683
0.002475 0.037018 100.000000 40.385936
0.003593 0.018754 100.000000 19.029077
-0.007568 0.049984 100.000000 46.038283
0.007079 0.094829 100.000000 118.672293
-0.006994 0.034154 100.000000 27.725403
-0.000580 0.025881 100.000000 23.434898
0.009514 0.061139 100.000000 79.116358
0.004039 0.028176 100.000000 31.123789
0.002136 0.086349 100.000000 102.094453
0.001421 0.028540 100.000000 28.687372
-0.000813 0.024248 100.000000 21.276410
0.004073 0.092599 100.000000 112.263800
-0.000321 0.005710 100.000000 7.893371
0.003614 0.091790 100.000000 110.700166
-0.006923 0.093133 100.000000 100.368423
-0.004704 0.081313 100.000000 87.966888
0.001279 0.053999 100.000000 60.333549
0.000770 0.070428 100.000000 80.429934
0.001264 0.002673 100.000000 8.117117
-0.008318 0.012952 100.000000 13.440180
-0.009089 0.063622 100.000000 61.286531
-0.004652 0.027646 100.000000 22.083679
0.003495 0.076853 100.000000 91.703575
-0.002964 0.064624 100.000000 68.938737
-0.004402 0.025236 100.000000 19.594621
0.000700 0.063837 100.000000 72.049417
0.003939 0.071373 100.000000 85.312475
-0.007510 0.025711 100.000000 18.471940
-0.007313 0.013622 100.000000 12.298045
0.004977 0.074344 100.000000 90.290301
-0.001563 0.042245 100.000000 42.503446
-0.007928 0.096715 100.000000 103.763748
-0.003812 0.071226 100.000000 76.286686
-0.009545 0.068490 100.000000 66.841033
0.000775 0.063813 100.000000 72.104168
0.000727 0.025710 100.000000 24.502451
-0.009977 0.096013 100.000000 100.667972
-0.008411 0.014826 100.000000 13.127751
-0.007496 0.008365 100.000000 14.840118
-0.004738 0.065622 100.000000 68.265086
0.002933 0.043786 100.000000 49.391022
0.003338 0.066024 100.000000 77.858456
-0.009687 0.012230 100.000000 15.284819
-0.000821 0.017158 100.000000 13.291165
-0.009497 0.091437 100.000000 95.456471
-0.006104 0.029140 100.000000 22.736404
-0.004771 0.015108 100.000000 10.911918
-0.007726 0.083397 100.000000 87.293034
-0.003046 0.052836 100.000000 54.111207
-0.007029 0.099437 100.000000 108.169419
-0.000828 0.074848 100.000000 84.173379
-0.008651 0.027332 100.000000 19.577299
-0.004243 0.092583 100.000000 102.647443
0.007458 0.075548 100.000000 94.785696
0.007102 0.076914 100.000000 96.079744
0.003686 0.067538 100.000000 80.175541
-0.009905 0.057438 100.000000 52.917186
-0.003989 0.062176 100.000000 64.762470
0.003158 0.042002 100.000000 47.409530
0.004992 0.089756 100.000000 109.767064
0.008922 0.089479 100.000000 114.146397
0.006646 0.033192 100.000000 40.462154
-0.005582 0.003739 100.000000 16.041779
0.008331 0.022783 100.000000 29.535923
-0.009614 0.076944 100.000000 77.255300
0.007021 0.063507 100.000000 79.065749
0.004966 0.092171 100.000000 112.785561
0.008230 0.099878 100.000000 126.440140
-0.003252 0.092933 100.000000 104.202804
-0.004913 0.078131 100.000000 83.743442
-0.001398 0.060118 100.000000 65.013445
-0.002407 0.096856 100.000000 110.103960
-0.004883 0.085427 100.000000 92.935734
0.009223 0.037641 100.000000 49.197482
-0.001069 0.034785 100.000000 33.791660
0.003085 0.080870 100.000000 96.291011
-0.001930 0.083549 100.000000 93.879963
-0.007231 0.021247 100.000000 14.781625
-0.004817 0.088076 100.000000 96.338301
0.002595 0.028700 100.000000 30.154537
-0.000313 0.069112 100.000000 77.537155
-0.004305 0.085504 100.000000 93.674499
-0.007720 0.088420 100.000000 93.589014
-0.007446 0.066605 100.000000 66.641741
0.001051 0.080023 100.000000 92.849739
0.001011 0.094255 100.000000 110.759350
0.004672 0.052697 100.000000 62.629157
-0.001729 0.061122 100.000000 65.906004
0.004184 0.041408 100.000000 47.852740
0.008641 0.018772 100.000000 24.973791
-0.006513 0.026341 100.000000 19.527556
-0.009570 0.048211 100.000000 42.089295
0.007434 0.077633 100.000000 97.388049
0.004821 0.090263 100.000000 110.203300
-0.009779 0.085462 100.000000 87.693288
0.008115 0.035057 100.000000 44.588599
0.005614 0.010318 100.000000 11.278425
0.007397 0.066864 100.000000 83.754743
0.003185 0.099707 100.000000 120.190627
-0.006084 0.048049 100.000000 45.094883
-0.000387 0.030555 100.000000 29.291600
-0.000020 0.090757 100.000000 105.150870
0.007147 0.030359 100.000000 37.521041
-0.006359 0.010464 100.000000 12.233446
0.003782 0.064341 100.000000 76.256482
-0.006161 0.043654 100.000000 39.667664
-0.005192 0.008186 100.000000 12.039159
0.008401 0.049629 100.000000 63.252510
0.003560 0.086448 100.000000 103.890918
-0.003979 0.064003 100.000000 67.057945
0.008190 0.032025 100.000000 40.882192
0.009808 0.037929 100.000000 50.285579
-0.004666 0.018127 100.000000 12.699276
0.002095 0.038818 100.000000 42.210005
-0.005614 0.078234 100.000000 83.107372
0.006881 0.078180 100.000000 97.411533
0.003355 0.056888 100.000000 66.362497
-0.009881 0.070889 100.000000 69.470295
0.007576 0.013415 100.000000 17.148376
0.004498 0.075150 100.000000 90.739148
-0.006015 0.042005 100.000000 37.808041
-0.002352 0.098988 100.000000 112.853475
-0.007048 0.067745 100.000000 68.472075
-0.007421 0.061718 100.000000 60.605511
0.007445 0.060177 100.000000 75.378243
-0.002209 0.001995 100.000000 13.075403
0.008586 0.062343 100.000000 79.496795
-0.008776 0.085711 100.000000 89.066179
-0.005431 0.024854 100.000000 18.574136
0.003631 0.041840 100.000000 47.751666
-0.004808 0.026463 100.000000 20.664104
0.006607 0.072918 100.000000 90.440489
-0.002608 0.025614 100.000000 21.338142
0.003302 0.022163 100.000000 22.865416
0.006024 0.051365 100.000000 62.559498
-0.003177 0.004173 100.000000 12.388580
0.004127 0.058140 100.000000 68.845183
0.000074 0.041356 100.000000 43.146275
-0.008079 0.023520 100.000000 16.420788
-0.005361 0.051007 100.000000 49.445762
0.002277 0.024934 100.000000 25.161241
-0.005645 0.044118 100.000000 40.715655
-0.009538 0.002383 100.000000 22.947497
0.007291 0.065606 100.000000 82.039343
-0.009116 0.023155 100.000000 16.097821
-0.004521 0.040367 100.000000 37.219374
-0.006233 0.037321 100.000000 32.015156
-0.008219 0.071273 100.000000 71.644707
-0.009486 0.096273 100.000000 101.521666
-0.003660 0.091424 100.000000 101.842337
-0.009947 0.016362 100.000000 14.328683
0.008878 0.086596 100.000000 110.453222
-0.001756 0.071025 100.000000 78.315186
-0.009809 0.048501 100.000000 42.229290
-0.006252 0.071298 100.000000 73.741856
-0.002476 0.066526 100.000000 71.861250
-0.006378 0.051896 100.000000 49.527457
0.000470 0.031871 100.000000 31.792790
0.008339 0.047328 100.000000 60.280149
0.009622 0.006499 100.000000 11.781814
0.002208 0.057930 100.000000 66.343011
0.007603 0.052143 100.000000 65.444317
-0.001679 0.029368 100.000000 26.589460
-0.009678 0.075355 100.000000 75.214514
-0.008365 0.031438 100.000000 23.818615
-0.002990 0.093685 100.000000 105.446303
0.009228 0.037877 100.000000 49.499158
-0.000464 0.063986 100.000000 70.916384
0.009115 0.037995 100.000000 49.506677
-0.000510 0.031633 100.000000 30.488319
0.000362 0.035508 100.000000 36.180704
-0.001958 0.069456 100.000000 76.116249
0.002084 0.047025 100.000000 52.486324
0.001159 0.080970 100.000000 94.169960
-0.002510 0.063880 100.000000 68.504622
0.008867 0.050162 100.000000 64.493228
-0.009051 0.074018 100.000000 74.198148
-0.008853 0.068957 100.000000 68.119078
0.009653 0.015977 100.000000 22.840292
0.000593 0.010051 100.000000 7.693051
0.002182 0.043608 100.000000 48.310000
-0.000488 0.075241 100.000000 85.054945
0.004459 0.085459 100.000000 103.706793
-0.002315 0.033026 100.000000 30.407191
-0.009599 0.094315 100.000000 98.948982
0.008500 0.032672 100.000000 42.073888
0.006825 0.084816 100.000000 105.722523
-0.004404 0.022198 100.000000 16.413243
0.006394 0.098870 100.000000 122.953400
-0.007537 0.020211 100.000000 14.105215
-0.001174 0.072693 100.000000 81.067925
-0.007143 0.013569 100.000000 12.153408
0.005744 0.061123 100.000000 74.525345
-0.009719 0.033785 100.000000 25.531527
0.005636 0.044239 100.000000 53.125083
0.001786 0.059619 100.000000 67.984029
0.001950 0.097333 100.000000 115.740486
-0.006322 0.080312 100.000000 84.943643
0.003620 0.025454 100.000000 27.270268
-0.001297 0.057939 100.000000 62.391907
-0.000994 0.029249 100.000000 27.099397
0.004676 0.096957 100.000000 118.484790
-0.001138 0.044344 100.000000 45.564286
-0.001842 0.054586 100.000000 57.592772
-0.006161 0.070148 100.000000 72.401204
-0.008686 0.028932 100.000000 21.094290
0.007987 0.066924 100.000000 84.544738
0.003926 0.048022 100.000000 55.866809
0.006394 0.076045 100.000000 94.131748
-0.004340 0.057675 100.000000 58.771066
0.000514 0.047222 100.000000 50.965769
-0.009137 0.029379 100.000000 21.339756
0.005808 0.089485 100.000000 110.396996
0.006615 0.013569 100.000000 16.179993
0.006286 0.086100 100.000000 106.695453
-0.006718 0.072207 100.000000 74.381544
0.003784 0.026196 100.000000 28.374143
-0.001785 0.015147 100.000000 10.929764
0.002847 0.094572 100.000000 113.308152
-0.000308 0.050619 100.000000 54.308932
0.003041 0.090207 100.000000 108.025271
-0.000683 0.086884 100.000000 99.503726
-0.004034 0.092948 100.000000 103.340924
0.004707 0.031715 100.000000 36.311724
-0.002759 0.036459 100.000000 34.156467
0.007121 0.078416 100.000000 97.999439
0.005511 0.040497 100.000000 48.271726
-0.002876 0.050071 100.000000 50.847069
0.003463 0.049168 100.000000 56.768453
-0.003666 0.044796 100.000000 43.490321
-0.006610 0.004239 100.000000 17.008756
0.007248 0.059522 100.000000 74.313939
-0.008244 0.040955 100.000000 34.619377
-0.009529 0.072656 100.000000 72.016078
0.005839 0.050532 100.000000 61.289827
0.009168 0.049659 100.000000 64.231028
0.004402 0.043118 100.000000 50.256400
-0.004963 0.069373 100.000000 72.714990
0.000768 0.067763 100.000000 77.070857
-0.005017 0.057681 100.000000 58.068518
0.001593 0.040377 100.000000 43.598004
0.008014 0.078479 100.000000 99.158240
-0.000226 0.069259 100.000000 77.820818
-0.005298 0.048584 100.000000 46.523069
-0.003946 0.009168 100.000000 10.144896
0.002437 0.048843 100.000000 55.174234
-0.007392 0.002137 100.000000 20.134742
0.009644 0.081045 100.000000 104.380848
0.009752 0.064807 100.000000 84.031487
-0.003931 0.002152 100.000000 15.268868
0.003065 0.021662 100.000000 21.997138
0.005448 0.089049 100.000000 109.417550
0.008023 0.037965 100.000000 48.122966
-0.000734 0.027637 100.000000 25.400584
-0.006731 0.030022 100.000000 23.291145
0.008833 0.047291 100.000000 60.840359
0.005906 0.035659 100.000000 42.667561
-0.009372 0.015101 100.000000 13.968988
0.006876 0.077613 100.000000 96.689531
-0.003214 0.087179 100.000000 97.001212
-0.001957 0.012351 100.000000 9.025136
-0.008135 0.051957 100.000000 47.906798
0.005824 0.086741 100.000000 106.951908
-0.009845 0.046875 100.000000 40.268514
-0.008045 0.015999 100.000000 12.817323
-0.004457 0.067611 100.000000 71.055160
-0.003450 0.058400 100.000000 60.623738
0.004961 0.088348 100.000000 107.951798
0.007226 0.025866 100.000000 32.010023
-0.000284 0.065290 100.000000 72.759868
-0.001954 0.049207 100.000000 50.750835
0.008137 0.031763 100.000000 40.489077
0.002173 0.054628 100.000000 62.147494
-0.002328 0.030516 100.000000 27.364383
0.006374 0.072573 100.000000 89.725153
0.006898 0.014667 100.000000 17.831276
-0.006354 0.097897 100.000000 106.979659
-0.009916 0.080090 100.000000 80.855532
0.007521 0.036089 100.000000 45.154229
0.008122 0.091837 100.000000 116.153504
-0.006931 0.091398 100.000000 98.181030
0.002880 0.079001 100.000000 93.691258
-0.009883 0.072912 100.000000 71.974634
-0.003077 0.006155 100.000000 10.738995
-0.006858 0.054066 100.000000 51.722765
0.006591 0.022378 100.000000 26.908077
-0.003666 0.089410 100.000000 99.300871
-0.007693 0.078930 100.000000 81.742894
0.008740 0.033537 100.000000 43.454857
0.005155 0.024026 100.000000 27.253086
-0.008921 0.061473 100.000000 58.804982
-0.001822 0.055445 100.000000 58.689393
0.009062 0.048137 100.000000 62.185714
-0.002356 0.074892 100.000000 82.505023
-0.002221 0.047745 100.000000 48.645677
0.005999 0.075007 100.000000 92.347479
-0.009496 0.042079 100.000000 34.930874
0.009049 0.067611 100.000000 86.705636
-0.001319 0.008145 100.000000 7.996671
-0.009046 0.003762 100.000000 20.889642
0.007779 0.072638 100.000000 91.502200
0.007142 0.036236 100.000000 44.879351
0.009700 0.053137 100.000000 69.264714
-0.007258 0.061033 100.000000 59.923763
0.004179 0.014590 100.000000 14.676667
-0.007932 0.058140 100.000000 55.676286
0.000082 0.051557 100.000000 55.918191
0.007975 0.099464 100.000000 125.607381
-0.009972 0.033563 100.000000 25.161478
-0.006914 0.090145 100.000000 96.626759
0.007995 0.090986 100.000000 114.925136
0.004644 0.007183 100.000000 7.219885
0.004734 0.052429 100.000000 62.364807
0.008623 0.082933 100.000000 105.519177
0.000320 0.081521 100.000000 93.895329
0.007856 0.097659 100.000000 123.184283
0.002666 0.079760 100.000000 94.397778
0.006609 0.021387 100.000000 25.702744
-0.009800 0.037385 100.000000 29.378748
0.009375 0.047213 100.000000 61.408653
-0.001843 0.073161 100.000000 80.903400
0.001390 0.086736 100.000000 101.711820
-0.006360 0.005247 100.000000 15.763277
0.008717 0.044038 100.000000 56.605567
0.000773 0.051296 100.000000 56.365901
0.003942 0.024997 100.000000 27.066992
0.007272 0.037585 100.000000 46.729574
0.008813 0.015768 100.000000 21.519733
-0.006738 0.098078 100.000000 106.782020
0.004373 0.035574 100.000000 40.753876
0.002130 0.009198 100.000000 7.471331
0.006135 0.009322 100.000000 10.734688
0.007119 0.060007 100.000000 74.769082
-0.000358 0.030585 100.000000 29.357385
0.002449 0.041556 100.000000 46.039055
-0.008827 0.064654 100.000000 62.819667
-0.003439 0.088165 100.000000 97.989775
0.006710 0.060545 100.000000 74.954639
0.005064 0.098433 100.000000 120.810003
0.007798 0.025566 100.000000 32.335241
0.001627 0.067718 100.000000 78.002998
0.002847 0.021649 100.000000 21.748542
0.000408 0.016238 100.000000 13.156775
0.009618 0.071807 100.000000 92.694057
0.005125 0.020911 100.000000 23.368704
-0.006615 0.033531 100.000000 27.298593
0.005189 0.046161 100.000000 55.012640
0.006790 0.033459 100.000000 40.969494
-0.001700 0.009590 100.000000 8.171124
-0.002695 0.060661 100.000000 64.266982
-0.001073 0.073548 100.000000 82.258504
-0.003690 0.040055 100.000000 37.640973
-0.003218 0.004987 100.000000 11.774384
0.008804 0.062933 100.000000 80.506353
-0.006453 0.076388 100.000000 79.889089
-0.002312 0.028516 100.000000 24.989767
-0.004116 0.048685 100.000000 47.837659
-0.003416 0.062210 100.000000 65.422430
-0.001519 0.007278 100.000000 8.407904
0.005424 0.051398 100.000000 61.885528
-0.009937 0.005444 100.000000 20.579292
-0.002466 0.002496 100.000000 12.944837
0.009232 0.043667 100.000000 56.774619
0.000473 0.090783 100.000000 105.752926
-0.005665 0.008989 100.000000 12.150883
-0.006163 0.002597 100.000000 17.944102
-0.008052 0.063261 100.000000 61.876028
0.006859 0.062265 100.000000 77.303983
0.007729 0.090635 100.000000 114.160623
-0.008065 0.024812 100.000000 17.491259
0.000044 0.012524 100.000000 9.342126
-0.003188 0.065250 100.000000 69.478350
0.000520 0.034063 100.000000 34.557120
-0.009482 0.063927 100.000000 61.274460
-0.008966 0.025643 100.000000 17.997335
0.002149 0.033371 100.000000 35.468691
0.001243 0.007638 100.000000 6.600162
0.007032 0.076064 100.000000 94.922174
-0.002370 0.064941 100.000000 69.989841
-0.006321 0.097171 100.000000 106.103280
0.003160 0.066978 100.000000 78.851447
0.006961 0.079499 100.000000 99.172988
0.002728 0.091471 100.000000 109.252990
-0.008924 0.084173 100.000000 86.985553
-0.009869 0.088810 100.000000 91.777315
-0.004851 0.062424 100.000000 64.151165
0.005884 0.087151 100.000000 107.541237
0.003306 0.092148 100.000000 110.788980
-0.009663 0.019965 100.000000 14.589429
0.003658 0.057451 100.000000 67.427030
0.002603 0.003417 100.000000 6.344812
-0.002350 0.075624 100.000000 83.432592
0.004255 0.007828 100.000000 7.499349
-0.006010 0.009562 100.000000 12.257366
0.000423 0.008711 100.000000 7.096578
-0.008684 0.098570 100.000000 105.267732
-0.005390 0.092068 100.000000 100.720079
-0.002877 0.079899 100.000000 88.219170
0.000111 0.007514 100.000000 7.063713
0.007350 0.012335 100.000000 15.590764
-0.002616 0.008678 100.000000 8.995597
0.000719 0.072795 100.000000 83.354044
-0.001104 0.087339 100.000000 99.595460
0.002150 0.046694 100.000000 52.146377
-0.003356 0.066280 100.000000 70.586261
-0.001122 0.095950 100.000000 110.431948
-0.000864 0.061370 100.000000 67.179616
0.006885 0.022065 100.000000 26.874739
-0.005646 0.020365 100.000000 14.295427
0.002013 0.018544 100.000000 17.165390
-0.000278 0.014876 100.000000 11.317778
0.002628 0.003380 100.000000 6.343036
0.009944 0.088816 100.000000 114.555382
-0.005142 0.072992 100.000000 77.051948
0.007215 0.063981 100.000000 79.897609
-0.006338 0.005205 100.000000 15.770136
0.006558 0.016627 100.000000 19.798885
-0.009859 0.017333 100.000000 14.225424
0.006565 0.042043 100.000000 51.475729
0.004158 0.004897 100.000000 5.612893
0.000967 0.039374 100.000000 41.650705
0.003176 0.044005 100.000000 49.945482
0.006730 0.078774 100.000000 97.979279
-0.000356 0.072154 100.000000 81.317180
0.001608 0.055733 100.000000 62.888284
0.006897 0.015029 100.000000 18.266153
0.002653 0.088874 100.000000 105.885736
-0.008190 0.033963 100.000000 26.663738
-0.008843 0.029959 100.000000 22.043291
-0.002911 0.041521 100.000000 40.215996
-0.007207 0.079966 100.000000 83.556226
0.006467 0.091440 100.000000 113.656381
0.005375 0.074208 100.000000 90.593413
-0.003333 0.071150 100.000000 76.718617
-0.007364 0.042895 100.000000 37.665459
-0.001767 0.074901 100.000000 83.178321
-0.009404 0.063621 100.000000 60.972874
0.009339 0.066836 100.000000 86.082773
0.004841 0.064981 100.000000 78.315592
0.009006 0.002828 100.000000 7.597632
-0.004317 0.031412 100.000000 26.673846
-0.009495 0.071204 100.000000 70.252077
-0.001286 0.083738 100.000000 94.849095
-0.006084 0.007025 100.000000 13.955009
0.005913 0.047210 100.000000 57.194979
0.009903 0.022303 100.000000 30.918786
-0.000431 0.041586 100.000000 42.887985
-0.005310 0.045467 100.000000 42.685406
-0.008299 0.019093 100.000000 13.716440
0.000440 0.041874 100.000000 44.193398
-0.008029 0.034603 100.000000 27.485869
0.004741 0.025143 100.000000 28.159333
0.003895 0.093979 100.000000 113.796578
0.005429 0.003419 100.000000 5.414120
0.003554 0.049578 100.000000 57.390851
0.008022 0.081249 100.000000 102.664646
0.004249 0.045149 100.000000 52.631750
-0.008178 0.053853 100.000000 50.180105
0.006111 0.054092 100.000000 66.099600
-0.003753 0.082660 100.000000 90.712817
-0.006001 0.089263 100.000000 96.521133
-0.007362 0.088792 100.000000 94.443349
-0.004132 0.050280 100.000000 49.797620
-0.006181 0.043926 100.000000 39.979237
0.000488 0.048390 100.000000 52.399602
-0.005345 0.086846 100.000000 94.208365
0.007376 0.074455 100.000000 93.307267
-0.003203 0.014521 100.000000 10.321766
-0.002887 0.057381 100.000000 59.955361
0.003377 0.048723 100.000000 56.109489
0.006672 0.062549 100.000000 77.436076
0.009250 0.052366 100.000000 67.740217
-0.002799 0.073979 100.000000 80.863390
-0.001853 0.008935 100.000000 8.299088
-0.006296 0.080535 100.000000 85.250861
-0.000597 0.023025 100.000000 20.030686
-0.006498 0.051627 100.000000 49.077790
0.005079 0.067703 100.000000 82.032331
-0.008485 0.091793 100.000000 96.988610
0.005548 0.068098 100.000000 83.089054
-0.008071 0.092664 100.000000 98.528109
0.003251 0.024035 100.000000 25.109522
0.002603 0.053683 100.000000 61.452341
0.005743 0.093527 100.000000 115.425231
-0.008438 0.054708 100.000000 50.975477
0.007713 0.003690 100.000000 6.957684
0.002187 0.002312 100.000000 7.401814
0.006347 0.009750 100.000000 11.439806
-0.000798 0.004027 100.000000 9.483660
0.006099 0.012244 100.000000 14.018620
0.007862 0.044628 100.000000 56.300216
0.003186 0.065695 100.000000 77.264438
-0.008814 0.063098 100.000000 60.912493
-0.005618 0.068651 100.000000 71.110309
0.008395 0.082266 100.000000 104.399881
-0.003713 0.096227 100.000000 107.830135
-0.000332 0.071869 100.000000 80.985842
-0.004866 0.069228 100.000000 72.639038
0.009246 0.058316 100.000000 75.229406
-0.002524 0.040434 100.000000 39.268175
0.002263 0.086370 100.000000 102.268532
-0.007250 0.091754 100.000000 98.279087
-0.009019 0.064488 100.000000 62.423842
-0.005981 0.041341 100.000000 37.038803
0.003371 0.002999 100.000000 5.974041
-0.002529 0.053970 100.000000 56.079643
0.003341 0.045746 100.000000 52.323880
-0.003158 0.029456 100.000000 25.359867
0.009552 0.038991 100.000000 51.299314
0.002834 0.075948 100.000000 89.784454
0.003837 0.095812 100.000000 116.042926
-0.009497 0.076139 100.000000 76.374269
-0.007745 0.061663 100.000000 60.210091
0.003465 0.019431 100.000000 19.710698
0.009670 0.098356 100.000000 126.265835
0.006854 0.050041 100.000000 61.890341
0.001441 0.013800 100.000000 11.319639
-0.007965 0.017449 100.000000 13.018335
-0.000486 0.072226 100.000000 81.259601
0.007745 0.075413 100.000000 94.961855
0.007598 0.059846 100.000000 75.146408
-0.007561 0.092449 100.000000 98.812402
-0.009123 0.091809 100.000000 96.322512
-0.000668 0.085248 100.000000 97.458133
0.002376 0.086450 100.000000 102.501588
0.003638 0.092363 100.000000 111.451934
-0.001149 0.052683 100.000000 55.967806
-0.007840 0.003160 100.000000 19.760768
0.003859 0.013320 100.000000 12.879264
0.001287 0.021966 100.000000 20.534576
-0.003042 0.018611 100.000000 13.558831
0.005452 0.023904 100.000000 27.449215
-0.002436 0.043019 100.000000 42.552276
-0.000186 0.034480 100.000000 34.327712
0.006029 0.001287 100.000000 5.425922
0.003597 0.054760 100.000000 63.965633
0.004951 0.011515 100.000000 11.928929
-0.008117 0.097895 100.000000 105.037802
0.002380 0.064409 100.000000 74.704094
0.004753 0.006305 100.000000 6.595969
0.002709 0.096570 100.000000 115.668480
0.003290 0.087190 100.000000 104.509762
-0.002916 0.014686 100.000000 10.412929
-0.001658 0.057625 100.000000 61.600020
-0.008744 0.045289 100.000000 39.320907
0.006578 0.022998 100.000000 27.660433
0.000560 0.032572 100.000000 32.754749
0.009636 0.098509 100.000000 126.417403
0.007464 0.052583 100.000000 65.829448
-0.008087 0.018308 100.000000 13.338388
-0.004609 0.033183 100.000000 28.510726
0.002680 0.037970 100.000000 41.808867
-0.003269 0.065358 100.000000 69.525352
0.007443 0.085231 100.000000 106.990774
0.004166 0.059457 100.000000 70.552103
-0.006506 0.012068 100.000000 11.839352
0.009246 0.098004 100.000000 125.304726
-0.006878 0.081280 100.000000 85.555227
0.008911 0.053500 100.000000 68.750788
0.006236 0.065482 100.000000 80.611413
0.009100 0.050641 100.000000 65.383682
-0.000805 0.033022 100.000000 31.893391
-0.003095 0.062672 100.000000 66.349944
0.007570 0.005642 100.000000 8.483834
-0.007655 0.096696 100.000000 104.038741
-0.009082 0.082118 100.000000 84.254698
-0.005914 0.083408 100.000000 89.268034
-0.006189 0.059909 100.000000 59.621657
0.005564 0.088341 100.000000 108.660741
0.002545 0.084812 100.000000 100.632232
0.002323 0.086337 100.000000 102.297908
0.000665 0.013533 100.000000 10.542815
0.004472 0.021466 100.000000 23.306607
-0.001316 0.043283 100.000000 44.052971
-0.005160 0.065046 100.000000 67.095854
0.007581 0.026174 100.000000 32.826727
0.006009 0.089384 100.000000 110.510017
0.003256 0.010698 100.000000 9.484613
-0.000185 0.084903 100.000000 97.577396
-0.009647 0.029319 100.000000 21.084509
0.004263 0.096962 100.000000 117.999645
-0.006530 0.067899 100.000000 69.205524
-0.004957 0.023793 100.000000 17.740669
0.001266 0.019680 100.000000 17.793675
-0.003673 0.062022 100.000000 64.909456
0.000385 0.015022 100.000000 11.859797
-0.000127 0.093093 100.000000 107.973290
-0.003265 0.007134 100.000000 10.352945
-0.002475 0.072697 100.000000 79.613505
0.007147 0.087063 100.000000 108.948373
0.005502 0.008039 100.000000 8.736286
0.009980 0.021797 100.000000 30.393311
0.004400 0.039717 100.000000 45.982904
0.009094 0.038624 100.000000 50.270542
-0.001607 0.009984 100.000000 8.154565
-0.006697 0.007135 100.000000 14.682527
-0.000781 0.023390 100.000000 20.295099
-0.009637 0.038724 100.000000 30.987493
-0.002357 0.065094 100.000000 70.195959
-0.007683 0.088520 100.000000 93.753917
-0.008686 0.064123 100.000000 62.305700
-0.005717 0.050898 100.000000 48.955315
-0.007467 0.023782 100.000000 16.752013
0.004540 0.048268 100.000000 56.897322
0.002792 0.054057 100.000000 62.142426
-0.003153 0.075027 100.000000 81.786688
-0.001693 0.090269 100.000000 102.615792
-0.009579 0.007711 100.000000 18.129797
-0.004324 0.007023 100.000000 11.700315
-0.000836 0.022288 100.000000 18.964315
-0.008567 0.051959 100.000000 47.505264
-0.005620 0.098480 100.000000 108.527846
0.008118 0.020493 100.000000 26.439139
-0.005590 0.089956 100.000000 97.844599
0.006599 0.077823 100.000000 96.621294
-0.009447 0.076525 100.000000 76.906480
0.004773 0.022783 100.000000 25.273671
-0.008219 0.004156 100.000000 19.343101
0.006114 0.013015 100.000000 14.940739
0.005399 0.029234 100.000000 34.021734
-0.006537 0.005072 100.000000 16.159710
-0.005460 0.091259 100.000000 99.625432
-0.009503 0.081964 100.000000 83.619841
0.009865 0.070677 100.000000 91.571776
0.006595 0.065980 100.000000 81.671677
0.000783 0.046444 100.000000 50.290614
0.009229 0.007745 100.000000 12.636892
-0.008369 0.086108 100.000000 89.996820
0.002282 0.085824 100.000000 101.601677
-0.001143 0.082486 100.000000 93.434944
0.004591 0.093100 100.000000 113.513012
0.002909 0.089123 100.000000 106.501067
-0.001820 0.098884 100.000000 113.330194
-0.000691 0.069483 100.000000 77.575059
-0.005070 0.008623 100.000000 11.643493
-0.006222 0.002315 100.000000 18.303610
-0.004942 0.056530 100.000000 56.715615
-0.006738 0.029350 100.000000 22.558082
0.008001 0.085068 100.000000 107.460090
-0.008657 0.030579 100.000000 22.763756
0.000843 0.012605 100.000000 9.761103
-0.007992 0.070954 100.000000 71.483984
0.008670 0.072776 100.000000 92.758779
-0.005598 0.023347 100.000000 16.985360
0.005820 0.039516 100.000000 47.406734
0.004292 0.069002 100.000000 82.738455
0.002073 0.065443 100.000000 75.651155
-0.004412 0.016958 100.000000 11.883571
-0.008005 0.056993 100.000000 54.193933
0.004704 0.042019 100.000000 49.230587
0.004994 0.028409 100.000000 32.517658
-0.007315 0.025631 100.000000 18.469816
-0.000052 0.095057 100.000000 110.538252
0.006673 0.024718 100.000000 29.911455
0.002156 0.005735 100.000000 6.054833
0.007414 0.064857 100.000000 81.242117
0.005944 0.016693 100.000000 19.156349
-0.006062 0.089707 100.000000 97.011337
0.002098 0.094505 100.000000 112.344191
-0.008824 0.056789 100.000000 53.150895
-0.006941 0.036931 100.000000 30.970772
0.006932 0.082049 100.000000 102.357835
0.000676 0.058079 100.000000 64.777759
-0.006852 0.061253 100.000000 60.609122
0.009893 0.076307 100.000000 98.707729
0.004610 0.071866 100.000000 86.727932
0.005206 0.038502 100.000000 45.404627
0.003447 0.086113 100.000000 103.334998
-0.000386 0.004573 100.000000 8.613838
0.002403 0.016068 100.000000 14.641479
-0.009085 0.028820 100.000000 20.821694
0.007916 0.058443 100.000000 73.763240
0.008000 0.053776 100.000000 67.985080
0.003010 0.066996 100.000000 78.699732
-0.009214 0.025433 100.000000 17.781691
0.009915 0.071853 100.000000 93.117397
0.002484 0.098126 100.000000 117.368479
0.005562 0.073005 100.000000 89.298166
-0.007560 0.019970 100.000000 13.965529
-0.000984 0.053652 100.000000 57.363108
0.002039 0.094135 100.000000 111.808330
-0.002545 0.016177 100.000000 11.570712
0.000846 0.056394 100.000000 62.851801
-0.009087 0.042051 100.000000 35.221551
-0.005780 0.014330 100.000000 11.144345
-0.008766 0.007212 100.000000 17.417654
0.003446 0.098420 100.000000 118.874082
0.006982 0.012108 100.000000 14.883275
0.004311 0.036519 100.000000 41.865446
0.008427 0.051088 100.000000 65.121735
-0.001970 0.078683 100.000000 87.707946
-0.009068 0.087045 100.000000 90.421991
0.003441 0.078717 100.000000 93.991558
0.006008 0.048314 100.000000 58.698410
-0.002583 0.048743 100.000000 49.504018
-0.004363 0.098745 100.000000 110.268230
0.007340 0.064274 100.000000 80.417394
0.006199 0.019218 100.000000 22.541955
0.006837 0.076698 100.000000 95.487726
-0.008641 0.009029 100.000000 15.876445
-0.009320 0.040725 100.000000 33.501505
-0.009442 0.067541 100.000000 65.770877
-0.000616 0.081354 100.000000 92.609446
-0.000920 0.067198 100.000000 74.442197
-0.004752 0.076837 100.000000 82.295377
0.003188 0.080400 100.000000 95.818461
-0.000588 0.018654 100.000000 15.051767
-0.007068 0.061310 100.000000 60.458833
0.003807 0.074669 100.000000 89.315408
0.003015 0.080963 100.000000 96.324850
-0.008987 0.062743 100.000000 60.304472
-0.009275 0.045631 100.000000 39.275135
0.007419 0.014297 100.000000 18.013740
-0.003613 0.068616 100.000000 73.232946
0.009154 0.005341 100.000000 10.007465
-0.009945 0.026130 100.000000 18.236719
-0.003441 0.045963 100.000000 45.160882
-0.004407 0.037937 100.000000 34.380229
0.005824 0.068501 100.000000 83.927143
-0.000466 0.076091 100.000000 86.149941
-0.009700 0.028519 100.000000 20.324490
0.005178 0.020357 100.000000 22.749295
-0.006536 0.027048 100.000000 20.241537
-0.007148 0.086130 100.000000 91.338369
-0.004390 0.050100 100.000000 49.309536
0.002475 0.011796 100.000000 10.004926
0.004601 0.095969 100.000000 117.147568
0.003677 0.032968 100.000000 36.687270
-0.008489 0.050933 100.000000 46.332193
-0.008656 0.020700 100.000000 14.566821
-0.001737 0.011711 100.000000 8.693932
-0.001709 0.020063 100.000000 15.787857
-0.004480 0.093852 100.000000 103.978894
-0.004471 0.093685 100.000000 103.778421
0.009439 0.094902 100.000000 121.623902
0.000880 0.081576 100.000000 94.610024
-0.006169 0.096890 100.000000 105.917650
0.009695 0.077903 100.000000 100.478584
0.000000 0.100000 120.000000 120.281585
-0.006475 0.004184 120.000000 16.789695
0.000287 0.065128 120.000000 75.437437
0.008232 0.001912 120.000000 6.285254
0.005733 0.086630 120.000000 109.622612
-0.006061 0.076124 120.000000 82.663215
0.001875 0.039256 120.000000 43.824647
0.001333 0.089042 120.000000 107.606896
0.003031 0.065896 120.000000 79.568012
-0.004986 0.081492 120.000000 90.739827
0.008961 0.061646 120.000000 81.096538
0.003142 0.089140 120.000000 109.832339
-0.004135 0.048347 120.000000 49.090875
0.008785 0.057056 120.000000 74.938757
-0.001525 0.088811 120.000000 104.044730
-0.000114 0.035504 120.000000 36.869503
0.003561 0.099916 120.000000 124.303722
0.006004 0.028972 120.000000 35.325734
0.004561 0.067775 120.000000 83.787638
-0.005399 0.018951 120.000000 13.729059
0.001071 0.013086 120.000000 10.677067
0.007735 0.001946 120.000000 5.939436
0.002444 0.039206 120.000000 44.396125
-0.006134 0.006613 120.000000 14.234804
0.006580 0.092528 120.000000 118.281241
-0.001123 0.079027 120.000000 91.831420
-0.001387 0.072232 120.000000 82.745937
0.008095 0.025013 120.000000 32.769568
0.002781 0.061920 120.000000 74.129193
-0.004879 0.025300 120.000000 20.187959
-0.001830 0.048207 120.000000 51.300877
-0.006982 0.015234 120.000000 12.202503
-0.000182 0.023225 120.000000 21.390930
-0.007030 0.071497 120.000000 75.697531
-0.008068 0.090455 120.000000 98.966249
0.001634 0.087962 120.000000 106.554201
-0.003430 0.042326 120.000000 42.155426
0.005017 0.090660 120.000000 114.005706
-0.002416 0.009657 120.000000 8.676946
0.002448 0.030263 120.000000 32.923085
0.008352 0.073920 120.000000 96.266043
-0.002018 0.053445 120.000000 57.823962
-0.001335 0.089549 120.000000 105.215323
0.004370 0.050439 120.000000 61.109437
-0.005489 0.049947 120.000000 49.769888
0.003992 0.042465 120.000000 50.362244
-0.002569 0.006123 120.000000 10.059769
0.005145 0.038758 120.000000 46.918727
-0.006811 0.027153 120.000000 21.093823
0.007948 0.090855 120.000000 117.745858
-0.001056 0.068463 120.000000 78.242417
0.009706 0.029872 120.000000 40.990395
0.001637 0.031650 120.000000 33.813882
-0.002829 0.041622 120.000000 41.864428
-0.004270 0.026052 120.000000 21.442089
-0.008404 0.008333 120.000000 15.957452
0.006738 0.061429 120.000000 78.138864
0.007069 0.021336 120.000000 26.830858
-0.001593 0.044147 120.000000 46.352716
0.008965 0.027750 120.000000 37.346990
-0.003675 0.002506 120.000000 14.518594
0.001956 0.012443 120.000000 10.597275
0.002782 0.068263 120.000000 82.347244
-0.007326 0.035161 120.000000 29.851184
-0.000391 0.051533 120.000000 57.128780
0.006837 0.033650 120.000000 42.336544
0.008756 0.037020 120.000000 49.007835
0.009892 0.065800 120.000000 87.611488
0.008931 0.095252 120.000000 124.632352
-0.009883 0.052708 120.000000 49.097311
-0.002664 0.088881 120.000000 102.854459
-0.002075 0.010656 120.000000 8.585187
-0.005004 0.048572 120.000000 48.507437
-0.005193 0.056435 120.000000 58.323299
-0.008732 0.059113 120.000000 58.200096
0.002714 0.008553 120.000000 7.346673
-0.004892 0.017532 120.000000 12.686386
0.001834 0.072231 120.000000 86.394037
0.003420 0.060740 120.000000 73.340441
0.009498 0.012075 120.000000 18.253358
-0.008061 0.059553 120.000000 59.411095
-0.003461 0.082609 120.000000 93.855457
0.002103 0.067435 120.000000 80.490085
-0.001313 0.081756 120.000000 95.149015
0.004130 0.015540 120.000000 16.188512
-0.002841 0.035443 120.000000 34.057197
-0.002739 0.095711 120.000000 111.610888
0.007066 0.004992 120.000000 7.426946
0.003945 0.007441 120.000000 7.076734
-0.001724 0.074325 120.000000 85.075727
-0.006883 0.051865 120.000000 50.833500
-0.005956 0.014753 120.000000 11.514913
0.004926 0.007956 120.000000 8.272468
0.007620 0.033232 120.000000 42.742967
-0.009302 0.087799 120.000000 94.240185
0.003358 0.013156 120.000000 12.561258
0.003670 0.070978 120.000000 86.897204
-0.008840 0.048685 120.000000 45.037040
-0.001063 0.055648 120.000000 61.695248
-0.000774 0.078759 120.000000 91.877992
0.009843 0.099838 120.000000 131.680456
-0.001739 0.014230 120.000000 10.540653
0.009135 0.099226 120.000000 130.033454
0.003647 0.089602 120.000000 111.021523
0.004991 0.077005 120.000000 96.260383
-0.007613 0.019067 120.000000 13.908857
-0.004698 0.077602 120.000000 86.035352
0.000370 0.073826 120.000000 86.788238
0.001591 0.062392 120.000000 73.375270
-0.003435 0.088018 120.000000 100.877561
0.008166 0.067187 120.000000 87.314570
-0.002435 0.010488 120.000000 8.737609
0.004459 0.045744 120.000000 55.140067
-0.009594 0.051083 120.000000 47.339335
0.000632 0.036593 120.000000 39.050212
0.000300 0.090791 120.000000 108.687133
0.001872 0.047674 120.000000 54.669234
0.005826 0.066799 120.000000 84.014962
0.001506 0.037320 120.000000 40.931171
-0.009481 0.085899 120.000000 91.611642
-0.008624 0.094955 120.000000 104.165652
0.000985 0.001746 120.000000 9.163374
0.001756 0.012012 120.000000 10.011640
-0.001633 0.057074 120.000000 62.909531
-0.000641 0.061814 120.000000 70.114938
-0.004519 0.065918 120.000000 71.182574
-0.009614 0.068124 120.000000 68.759010
0.001128 0.058025 120.000000 67.200948
0.008677 0.043714 120.000000 57.551685
-0.000018 0.049501 120.000000 54.921217
0.006407 0.050265 120.000000 63.286148
0.002902 0.038121 120.000000 43.514306
0.008271 0.072143 120.000000 93.865672
0.006907 0.042031 120.000000 53.233633
0.003571 0.016776 120.000000 17.121617
-0.003346 0.095026 120.000000 110.043351
0.001627 0.010743 120.000000 8.712599
-0.007591 0.049079 120.000000 46.661296
-0.005102 0.091695 120.000000 103.785861
-0.007836 0.037448 120.000000 32.177728
0.003992 0.056328 120.000000 68.292274
0.009544 0.010680 120.000000 16.626407
-0.002318 0.019372 120.000000 15.258173
0.009924 0.004315 120.000000 9.992485
0.006476 0.056263 120.000000 71.134403
0.008143 0.068727 120.000000 89.283972
0.008049 0.075703 120.000000 98.214660
-0.006387 0.089964 120.000000 100.145694
-0.004318 0.029339 120.000000 25.258281
-0.009397 0.071220 120.000000 72.915870
-0.008241 0.015910 120.000000 13.125772
-0.004779 0.017777 120.000000 12.878026
-0.006927 0.067289 120.000000 70.414928
0.005139 0.096398 120.000000 121.594701
0.000405 0.074923 120.000000 88.247198
0.004391 0.039197 120.000000 46.605402
0.002146 0.019513 120.000000 19.047791
0.008433 0.039866 120.000000 52.285000
-0.005426 0.015549 120.000000 11.573456
0.008665 0.015095 120.000000 20.922451
0.006934 0.060061 120.000000 76.601727
0.004201 0.092712 120.000000 115.707254
0.005812 0.028364 120.000000 34.317688
0.000301 0.079413 120.000000 93.945280
-0.008590 0.013052 120.000000 13.701248
-0.008478 0.078096 120.000000 82.649436
-0.000985 0.059952 120.000000 67.330319
-0.006842 0.081072 120.000000 88.196479
0.001074 0.081733 120.000000 97.833690
0.006547 0.005708 120.000000 7.575437
-0.003736 0.004373 120.000000 12.875527
0.003671 0.018730 120.000000 19.646997
-0.009038 0.070974 120.000000 72.965518
-0.002083 0.072983 120.000000 82.942615
-0.000828 0.046301 120.000000 49.926397
0.003783 0.074605 120.000000 91.731184
0.005648 0.065250 120.000000 81.795119
0.000813 0.044676 120.000000 49.623267
0.005270 0.077233 120.000000 96.884942
0.007184 0.092234 120.000000 118.621309
0.002558 0.048804 120.000000 56.905754
0.000515 0.087868 120.000000 105.143970
-0.002320 0.059039 120.000000 64.693654
-0.007647 0.033699 120.000000 27.905399
-0.005786 0.005008 120.000000 15.093032
-0.002430 0.007905 120.000000 9.019139
-0.005626 0.085620 120.000000 95.368776
0.005053 0.086694 120.000000 108.901823
-0.009418 0.068994 120.000000 70.059197
-0.006304 0.077300 120.000000 83.917867
-0.003525 0.011179 120.000000 9.476931
-0.007420 0.079984 120.000000 86.182763
0.007512 0.099329 120.000000 128.218308
-0.008672 0.099770 120.000000 110.318910
0.007842 0.069949 120.000000 90.505203
-0.004062 0.027575 120.000000 23.367298
0.002269 0.030940 120.000000 33.593539
0.008450 0.042635 120.000000 55.880483
-0.004058 0.061910 120.000000 66.522713
0.000248 0.008244 120.000000 7.075544
0.007087 0.027987 120.000000 35.353795
-0.000583 0.045116 120.000000 48.668551
-0.000642 0.063676 120.000000 72.518728
-0.002369 0.042233 120.000000 43.106915
-0.008954 0.065298 120.000000 65.820519
0.002864 0.059655 120.000000 71.291977
0.003286 0.005065 120.000000 5.651408
-0.008985 0.083610 120.000000 89.193970
0.001796 0.037846 120.000000 41.925002
-0.003208 0.089087 120.000000 102.513460
-0.001994 0.072313 120.000000 82.175945
0.004474 0.059837 120.000000 73.399491
0.003344 0.094331 120.000000 116.803524
0.002755 0.094856 120.000000 116.796952
0.005161 0.016380 120.000000 18.349086
-0.008808 0.084882 120.000000 91.012478
-0.001508 0.008598 120.000000 8.073345
0.006867 0.045119 120.000000 57.178244
0.008628 0.082879 120.000000 108.216168
-0.002977 0.051679 120.000000 54.539775
0.003183 0.029544 120.000000 32.815701
0.006271 0.067970 120.000000 86.061027
-0.003707 0.030020 120.000000 26.575161
0.001556 0.075217 120.000000 89.943574
0.003629 0.087215 120.000000 107.904385
0.001030 0.085548 120.000000 102.728336
0.001028 0.064134 120.000000 74.989812
-0.007356 0.026640 120.000000 20.285361
0.007131 0.037616 120.000000 47.802942
-0.006191 0.012782 120.000000 11.479620
-0.007081 0.098543 120.000000 110.461331
0.001766 0.054848 120.000000 63.815811
0.001410 0.039462 120.000000 43.576138
0.003685 0.086372 120.000000 106.876377
-0.001050 0.086676 120.000000 101.817003
-0.008707 0.085716 120.000000 92.190746
-0.009086 0.094351 120.000000 102.894364
-0.009766 0.049896 120.000000 45.719241
0.008912 0.085276 120.000000 111.668879
-0.001653 0.050068 120.000000 53.878311
-0.005650 0.062340 120.000000 65.401655
-0.000279 0.075151 120.000000 87.767286
0.000530 0.067014 120.000000 78.150929
-0.009621 0.045059 120.000000 39.919457
0.006193 0.045804 120.000000 57.259434
-0.004008 0.034803 120.000000 32.172995
0.003029 0.078338 120.000000 95.691945
0.000578 0.041159 120.000000 44.845402
0.004905 0.025990 120.000000 30.219577
0.001190 0.027656 120.000000 28.263661
-0.003201 0.014920 120.000000 10.884098
-0.005861 0.042648 120.000000 40.228068
-0.001287 0.066159 120.000000 75.009067
0.007773 0.092919 120.000000 120.214011
0.006763 0.077771 120.000000 99.355330
-0.006460 0.083682 120.000000 91.967918
0.006286 0.079551 120.000000 101.096131
-0.001866 0.034965 120.000000 34.403530
-0.006434 0.031275 120.000000 25.948225
0.005354 0.052658 120.000000 65.135275
0.007555 0.053663 120.000000 69.059888
-0.000795 0.015022 120.000000 11.592992
0.000897 0.058616 120.000000 67.704383
-0.004752 0.001968 120.000000 16.543521
-0.004554 0.038043 120.000000 35.694882
0.003406 0.068436 120.000000 83.293983
-0.001770 0.076905 120.000000 88.360745
-0.004938 0.075388 120.000000 82.921846
0.004526 0.060044 120.000000 73.727170
0.005083 0.021633 120.000000 24.871002
0.005001 0.046538 120.000000 56.801389
0.007076 0.041662 120.000000 52.959939
-0.008566 0.078221 120.000000 82.718238
0.003847 0.023477 120.000000 25.818209
0.007042 0.034898 120.000000 44.190816
0.006842 0.048105 120.000000 61.011202
0.008990 0.053239 120.000000 70.248759
-0.001133 0.057014 120.000000 63.378752
-0.002869 0.079253 120.000000 90.174663
0.008215 0.012286 120.000000 16.896920
0.009875 0.073244 120.000000 97.234530
0.003999 0.016708 120.000000 17.487331
0.005816 0.073095 120.000000 92.165024
-0.002239 0.028226 120.000000 25.660741
-0.006603 0.064812 120.000000 67.579833
-0.005116 0.085524 120.000000 95.799985
-0.001740 0.095502 120.000000 112.467249
-0.002113 0.078575 120.000000 90.137114
0.003280 0.091323 120.000000 112.825334
0.007825 0.036160 120.000000 46.764202
-0.007736 0.014966 120.000000 12.687423
0.009525 0.004492 120.000000 9.678463
0.007676 0.032020 120.000000 41.250003
-0.006252 0.046977 120.000000 45.282006
-0.001900 0.021871 120.000000 18.336873
-0.006931 0.095102 120.000000 106.182978
-0.002107 0.058551 120.000000 64.296760
-0.002930 0.036024 120.000000 34.699807
0.009422 0.092608 120.000000 121.793581
-0.007391 0.057711 120.000000 57.735377
0.003232 0.036231 120.000000 41.454754
-0.007461 0.090831 120.000000 100.101858
-0.002599 0.034045 120.000000 32.536822
0.008079 0.042849 120.000000 55.704832
0.001101 0.095980 120.000000 116.336421
0.001197 0.020186 120.000000 18.955761
-0.006350 0.085972 120.000000 95.036278
-0.001209 0.016233 120.000000 12.593494
-0.007965 0.034517 120.000000 28.631913
-0.007568 0.094961 120.000000 105.310637
-0.000180 0.009031 120.000000 7.422502
-0.003364 0.094085 120.000000 108.805598
0.006656 0.015281 120.000000 18.705017
-0.002127 0.009368 120.000000 8.478681
0.003797 0.019474 120.000000 20.711253
-0.005844 0.057380 120.000000 58.864300
-0.001051 0.067591 120.000000 77.122677
-0.009483 0.078757 120.000000 82.456100
0.001513 0.082215 120.000000 98.962907
0.002180 0.069400 120.000000 83.125394
-0.007002 0.042799 120.000000 39.383028
-0.008761 0.008174 120.000000 16.550835
0.009069 0.028837 120.000000 38.869345
0.008116 0.088319 120.000000 114.657454
0.009026 0.091603 120.000000 120.012309
-0.002056 0.015922 120.000000 11.919662
-0.002967 0.093866 120.000000 108.966398
0.004283 0.067209 120.000000 82.727481
-0.007206 0.099836 120.000000 111.995259
-0.005615 0.013520 120.000000 11.076593
-0.001733 0.036271 120.000000 36.184904
0.006655 0.025409 120.000000 31.531487
0.007556 0.040448 120.000000 51.971684
-0.008779 0.025919 120.000000 19.063515
-0.002597 0.050992 120.000000 54.060083
0.009712 0.069864 120.000000 92.655666
0.006320 0.071649 120.000000 90.889867
0.009967 0.027154 120.000000 37.835032
-0.006933 0.059203 120.000000 60.087529
-0.009839 0.091754 120.000000 98.755194
-0.008554 0.091477 120.000000 99.761999
-0.008361 0.023021 120.000000 16.650446
-0.002221 0.067538 120.000000 75.757482
0.009099 0.072940 120.000000 95.899244
-0.007210 0.068894 120.000000 72.176208
-0.006145 0.040186 120.000000 36.913797
-0.000965 0.095961 120.000000 113.942707
-0.004753 0.038375 120.000000 35.924943
0.009841 0.080023 120.000000 105.981602
0.002388 0.008910 120.000000 7.491613
0.005872 0.027472 120.000000 33.245509
-0.006661 0.079334 120.000000 86.153553
0.001214 0.038726 120.000000 42.415067
0.004051 0.067620 120.000000 82.988138
0.006842 0.056617 120.000000 72.030615
-0.009527 0.061166 120.000000 60.027067
-0.006526 0.055120 120.000000 55.304134
0.006844 0.062637 120.000000 79.830659
0.008371 0.086567 120.000000 112.690832
0.000598 0.088473 120.000000 106.023035
-0.009836 0.015252 120.000000 14.460359
0.002000 0.006718 120.000000 6.219821
0.003488 0.052693 120.000000 63.000970
0.004842 0.085042 120.000000 106.510222
0.001460 0.036114 120.000000 39.333595
-0.004040 0.045744 120.000000 45.880527
-0.006606 0.077531 120.000000 83.892883
0.000071 0.024625 120.000000 23.350506
0.006900 0.052885 120.000000 67.265718
-0.002139 0.092646 120.000000 108.317341
-0.000321 0.035043 120.000000 36.066247
-0.003421 0.090983 120.000000 104.727821
-0.006628 0.063540 120.000000 65.928186
-0.003388 0.075006 120.000000 84.115752
0.005282 0.092052 120.000000 116.123875
0.003842 0.073120 120.000000 89.874290
0.004414 0.093747 120.000000 117.300599
-0.000036 0.007371 120.000000 7.146168
0.000459 0.056889 120.000000 64.980878
-0.008454 0.007683 120.000000 16.513259
-0.000237 0.010634 120.000000 8.154135
-0.000068 0.022666 120.000000 20.811780
-0.006959 0.030966 120.000000 25.231281
-0.005859 0.052440 120.000000 52.564667
0.008391 0.071554 120.000000 93.247145
0.007420 0.084339 120.000000 108.660448
-0.003292 0.041007 120.000000 40.624032
0.008592 0.021009 120.000000 28.279903
0.008264 0.009628 120.000000 13.764690
0.003967 0.085077 120.000000 105.526222
0.000349 0.096130 120.000000 115.665036
-0.009375 0.094963 120.000000 103.373174
0.005910 0.069340 120.000000 87.407625
0.008250 0.019046 120.000000 25.367510
0.003499 0.097065 120.000000 120.531263
0.004230 0.099525 120.000000 124.581134
-0.002084 0.035493 120.000000 34.853797
0.004793 0.098303 120.000000 123.658509
0.009705 0.073782 120.000000 97.724688
-0.009915 0.030813 120.000000 23.430185
-0.003728 0.033272 120.000000 30.534035
0.005566 0.026245 120.000000 31.314107
0.007185 0.001134 120.000000 5.488912
0.005744 0.063838 120.000000 80.079837
0.008449 0.097249 120.000000 126.642595
0.007837 0.026063 120.000000 33.796548
0.006446 0.044208 120.000000 55.497401
-0.003211 0.023539 120.000000 19.305334
-0.003044 0.059649 120.000000 64.699306
0.004319 0.095008 120.000000 118.824850
0.001517 0.090567 120.000000 109.795635
0.000396 0.099286 120.000000 119.809816
0.004165 0.046313 120.000000 55.534118
0.003166 0.031559 120.000000 35.377905
0.007190 0.032228 120.000000 40.928333
-0.001172 0.067057 120.000000 76.297974
-0.001517 0.053184 120.000000 58.028934
-0.005372 0.033436 120.000000 29.324924
0.003363 0.024677 120.000000 26.807286
0.001233 0.039939 120.000000 43.993591
0.001973 0.080536 120.000000 97.318200
0.003169 0.024011 120.000000 25.750277
0.000110 0.088284 120.000000 105.219492
0.008742 0.052286 120.000000 68.713120
0.003739 0.033571 120.000000 38.608912
0.001463 0.078287 120.000000 93.815036
0.007108 0.096764 120.000000 124.408631
0.004059 0.083192 120.000000 103.190620
0.001926 0.094119 120.000000 114.876617
0.002289 0.011572 120.000000 9.918808
0.005163 0.037203 120.000000 44.932690
-0.008135 0.066141 120.000000 67.714715
0.007070 0.073537 120.000000 94.232079
0.000315 0.083487 120.000000 99.237317
0.001672 0.040332 120.000000 44.982969
-0.004930 0.055661 120.000000 57.605435
0.005007 0.035881 120.000000 43.046069
0.004072 0.037125 120.000000 43.564470
0.005459 0.097359 120.000000 123.220576
0.004145 0.038736 120.000000 45.725707
-0.003340 0.068048 120.000000 75.193102
0.001754 0.023421 120.000000 23.512081
-0.002866 0.093773 120.000000 108.959175
0.007690 0.008465 120.000000 11.723205
-0.003924 0.033098 120.000000 30.145589
-0.007213 0.083989 120.000000 91.555157
0.007570 0.022998 120.000000 29.554579
0.001274 0.053058 120.000000 60.948189
0.006178 0.080744 120.000000 102.514509
0.007802 0.063549 120.000000 82.161342
0.005204 0.083618 120.000000 105.090298
0.007981 0.033548 120.000000 43.587148
0.001079 0.047564 120.000000 53.638892
-0.009371 0.040859 120.000000 35.064086
0.006351 0.087407 120.000000 111.365706
-0.006741 0.072013 120.000000 76.661935
0.004006 0.012180 120.000000 12.042548
0.009016 0.072649 120.000000 95.420580
0.003131 0.039871 120.000000 46.027751
-0.009899 0.090725 120.000000 97.370974
-0.001048 0.048872 120.000000 52.991352
-0.006799 0.004377 120.000000 17.061260
-0.004926 0.024078 120.000000 18.822098
0.008365 0.021149 120.000000 28.175554
0.002403 0.078187 120.000000 94.769541
0.006941 0.047299 120.000000 60.087035
-0.007010 0.086113 120.000000 94.508072
-0.001145 0.021727 120.000000 18.756056
0.003799 0.016613 120.000000 17.159246
0.003149 0.055243 120.000000 65.909994
0.005529 0.076756 120.000000 96.573832
0.009835 0.021517 120.000000 30.482677
-0.009022 0.002647 120.000000 21.889144
0.003766 0.061057 120.000000 74.153118
0.005206 0.020746 120.000000 23.887194
-0.005583 0.065604 120.000000 69.653769
0.001912 0.061322 120.000000 72.357631
0.004650 0.004042 120.000000 5.410250
0.000061 0.084682 120.000000 100.497013
0.000774 0.086449 120.000000 103.601837
-0.001300 0.030725 120.000000 29.630377
-0.002771 0.049148 120.000000 51.515007
0.007999 0.052120 120.000000 67.598457
0.001529 0.097943 120.000000 119.376111
0.006013 0.046044 120.000000 57.356115
-0.009843 0.015810 120.000000 14.401626
-0.003823 0.058913 120.000000 62.923837
0.006480 0.097271 120.000000 124.317632
0.004822 0.048867 120.000000 59.602877
-0.006242 0.033752 120.000000 29.008051
-0.005003 0.092503 120.000000 104.938915
-0.003972 0.062985 120.000000 67.995678
-0.008655 0.095702 120.000000 105.095049
-0.001948 0.046440 120.000000 48.913404
-0.005881 0.059796 120.000000 61.911208
0.004884 0.090476 120.000000 113.609100
-0.008802 0.051252 120.000000 48.261266
-0.006420 0.033978 120.000000 29.138220
0.001364 0.009946 120.000000 7.936070
0.006128 0.011723 120.000000 13.736347
-0.000137 0.071124 120.000000 82.715983
0.005207 0.021036 120.000000 24.256588
0.000506 0.096376 120.000000 116.163764
0.003855 0.066860 120.000000 81.774543
0.008286 0.070717 120.000000 92.034971
0.003176 0.032788 120.000000 36.965790
0.001278 0.088847 120.000000 107.291390
0.002085 0.084895 120.000000 103.099262
0.004165 0.049307 120.000000 59.405622
0.008407 0.096796 120.000000 126.004113
-0.008328 0.092876 120.000000 101.804474
-0.000006 0.045317 120.000000 49.550920
0.001148 0.033514 120.000000 35.668792
0.007695 0.018787 120.000000 24.358275
0.003860 0.009836 120.000000 9.303999
-0.007035 0.096939 120.000000 108.441952
-0.002796 0.013337 120.000000 9.875559
-0.001916 0.075300 120.000000 86.123571
0.005678 0.005698 120.000000 6.817248
0.002537 0.033055 120.000000 36.595326
0.007871 0.091869 120.000000 118.968949
0.002519 0.014169 120.000000 12.975396
0.001966 0.039494 120.000000 44.232315
-0.007931 0.031682 120.000000 25.415813
0.004590 0.006837 120.000000 6.980048
-0.009653 0.033392 120.000000 26.294072
-0.008896 0.088230 120.000000 95.222294
0.007268 0.003618 120.000000 6.520146
0.000442 0.029805 120.000000 30.209584
-0.008199 0.020106 120.000000 14.614871
0.001011 0.086641 120.000000 104.123328
-0.007765 0.019680 120.000000 14.289363
-0.004826 0.011261 120.000000 10.462957
0.009945 0.010971 120.000000 17.491876
0.004570 0.073640 120.000000 91.401512
0.008945 0.058524 120.000000 77.035205
0.004336 0.058462 120.000000 71.456084
-0.007368 0.041251 120.000000 37.160066
-0.002455 0.052148 120.000000 55.693196
-0.002780 0.003728 120.000000 12.171179
-0.009058 0.071225 120.000000 73.264196
0.007305 0.022844 120.000000 29.036353
-0.000592 0.038943 120.000000 40.755572
0.000603 0.026547 120.000000 26.267933
-0.007317 0.045507 120.000000 42.458018
0.007614 0.057998 120.000000 74.743526
-0.002422 0.078326 120.000000 89.470892
-0.001529 0.082168 120.000000 95.439697
0.002487 0.016483 120.000000 15.683694
-0.001135 0.071826 120.000000 82.503037
-0.009823 0.078192 120.000000 81.384654
0.004374 0.049394 120.000000 59.762037
0.003845 0.002799 120.000000 5.703938
-0.002124 0.079085 120.000000 90.784990
-0.004318 0.071840 120.000000 79.019456
-0.004107 0.096951 120.000000 111.683202
-0.003593 0.076602 120.000000 85.950492
0.005143 0.067929 120.000000 84.671662
-0.003230 0.038192 120.000000 37.133311
0.009019 0.099221 120.000000 129.886764
0.003568 0.075612 120.000000 92.785222
0.004425 0.096377 120.000000 120.724941
0.007384 0.097417 120.000000 125.585754
0.001398 0.072610 120.000000 86.385879
-0.008145 0.007900 120.000000 15.931743
-0.000659 0.096592 120.000000 115.109431
-0.001650 0.011585 120.000000 8.788663
-0.008728 0.084809 120.000000 91.002516
-0.009603 0.060727 120.000000 59.400422
0.003938 0.020512 120.000000 22.170290
0.001789 0.005895 120.000000 6.181142
0.009275 0.069085 120.000000 91.115920
0.002219 0.059519 120.000000 70.375865
0.004105 0.036902 120.000000 43.316514
-0.008844 0.074255 120.000000 77.352868
-0.004791 0.065462 120.000000 70.308198
0.002114 0.030661 120.000000 33.067462
-0.001421 0.038170 120.000000 38.909048
-0.005914 0.069908 120.000000 74.829439
-0.004477 0.092862 120.000000 105.984284
-0.004834 0.094643 120.000000 107.890701
-0.000353 0.014978 120.000000 11.777833
-0.008453 0.080340 120.000000 85.554034
-0.001116 0.098654 120.000000 117.260366
-0.001746 0.047187 120.000000 50.083654
-0.009005 0.091245 120.000000 98.983817
0.004917 0.054466 120.000000 66.961624
0.004917 0.062379 120.000000 77.212029
-0.007174 0.062097 120.000000 63.530146
-0.003298 0.077125 120.000000 86.950254
0.001305 0.024325 120.000000 24.188375
0.006212 0.089090 120.000000 113.383391
0.006583 0.060055 120.000000 76.174176
0.002571 0.025314 120.000000 26.756300
0.004271 0.025678 120.000000 29.095968
0.000832 0.070095 120.000000 82.482451
-0.006736 0.052675 120.000000 51.999613
0.006459 0.031317 120.000000 38.880037
0.006653 0.052944 120.000000 67.047399
-0.002388 0.043287 120.000000 44.428814
0.008084 0.066792 120.000000 86.704123
-0.002429 0.027334 120.000000 24.405833
0.002762 0.037891 120.000000 43.060642
0.009333 0.080701 120.000000 106.244838
0.004435 0.041526 120.000000 49.662662
0.009558 0.055158 120.000000 73.424433
-0.006036 0.002175 120.000000 18.132711
-0.001959 0.002980 120.000000 11.759898
-0.006238 0.055517 120.000000 56.095190
-0.005775 0.051478 120.000000 51.427735
0.001043 0.040130 120.000000 44.031798
-0.008678 0.058633 120.000000 57.645303
-0.007285 0.079538 120.000000 85.753483
-0.005794 0.019177 120.000000 13.864949
0.006677 0.036327 120.000000 45.594670
-0.002562 0.016728 120.000000 12.482195
-0.007289 0.090220 120.000000 99.499267
0.003580 0.013201 120.000000 12.824303
-0.002573 0.002294 120.000000 13.225932
0.003095 0.059307 120.000000 71.108252
0.002773 0.072558 120.000000 87.902172
-0.004126 0.024671 120.000000 19.966929
-0.000140 0.096105 120.000000 115.071306
0.004735 0.079911 120.000000 99.728724
0.001086 0.011614 120.000000 9.245648
0.008790 0.034213 120.000000 45.433863
-0.001055 0.068384 120.000000 78.141430
0.000925 0.018694 120.000000 16.903622
0.008057 0.024321 120.000000 31.837872
-0.008063 0.064708 120.000000 65.961048
0.002475 0.070744 120.000000 85.206588
-0.004870 0.017612 120.000000 12.746923
-0.005109 0.078922 120.000000 87.291450
0.004188 0.070877 120.000000 87.370217
0.005474 0.075135 120.000000 94.406665
0.005668 0.033645 120.000000 40.939564
-0.007369 0.086838 120.000000 95.056555
0.001135 0.035903 120.000000 38.709541
-0.002063 0.065598 120.000000 73.428336
0.003154 0.059868 120.000000 71.902728
0.009365 0.056868 120.000000 75.402459
0.000925 0.090154 120.000000 108.579217
0.000474 0.099999 120.000000 120.825440
0.006731 0.096518 120.000000 123.639623
0.008769 0.055514 120.000000 72.924061
0.003780 0.026379 120.000000 29.438257
0.000405 0.059336 120.000000 68.081512
0.001477 0.087483 120.000000 105.751280
0.008852 0.051340 120.000000 67.624110
-0.007606 0.099608 120.000000 111.265350
0.000144 0.074375 120.000000 87.241895
0.004325 0.023877 120.000000 26.861901
0.004951 0.007604 120.000000 7.948190
-0.005542 0.044429 120.000000 42.755840
0.006236 0.076660 120.000000 97.287327
0.003013 0.062321 120.000000 74.917007
-0.001896 0.056083 120.000000 61.348543
-0.004611 0.034227 120.000000 30.928758
0.007196 0.026358 120.000000 33.395669
0.008634 0.075358 120.000000 98.471631
0.003318 0.016486 120.000000 16.506536
0.009523 0.013218 120.000000 19.684481
-0.006495 0.027453 120.000000 21.592698
0.006798 0.042562 120.000000 53.791094
0.009204 0.091757 120.000000 120.427030
0.003722 0.003774 120.000000 5.519304
0.008811 0.077856 120.000000 101.924355
0.004501 0.098436 120.000000 123.487236
0.000461 0.005932 120.000000 7.032307
-0.003625 0.084709 120.000000 96.387819
-0.007797 0.066699 120.000000 68.768879
0.001419 0.035265 120.000000 38.201121
-0.008040 0.018284 120.000000 13.651253
-0.005504 0.054843 120.000000 55.976164
0.005173 0.032290 120.000000 38.613478
0.009323 0.079300 120.000000 104.415034
0.006762 0.014288 120.000000 17.599267
0.007828 0.082607 120.000000 106.902352
-0.005339 0.057963 120.000000 60.124380
-0.001526 0.083818 120.000000 97.578154
0.005109 0.051826 120.000000 63.769096
0.001493 0.005562 120.000000 6.372934
0.000723 0.005776 120.000000 6.868856
0.007270 0.087080 120.000000 112.036559
0.002379 0.030650 120.000000 33.341408
0.000538 0.061911 120.000000 71.559579
0.003745 0.050087 120.000000 59.927024
-0.003567 0.006731 120.000000 10.871957
0.009163 0.077713 120.000000 102.164295
-0.002049 0.079408 120.000000 91.286899
-0.006321 0.052589 120.000000 52.296445
-0.007896 0.089289 120.000000 97.647737
0.001562 0.089986 120.000000 109.094914
0.008875 0.002354 120.000000 7.125579
0.007137 0.080619 120.000000 103.495688
0.004240 0.056532 120.000000 68.844590
0.001176 0.070834 120.000000 83.830824
0.000990 0.074378 120.000000 88.209117
-0.005082 0.065972 120.000000 70.653650
-0.008582 0.084005 120.000000 90.124712
0.002948 0.084628 120.000000 103.754818
-0.001699 0.089839 120.000000 105.179599
0.009941 0.016549 120.000000 24.354094
0.005156 0.050611 120.000000 62.252865
-0.002873 0.090049 120.000000 104.131692
0.004311 0.013635 120.000000 14.066213
0.009056 0.070573 120.000000 92.778403
-0.006603 0.050928 120.000000 49.920783
-0.008260 0.041234 120.000000 36.393668
-0.001948 0.076802 120.000000 88.028752
0.002915 0.074662 120.000000 90.793014
-0.001834 0.092155 120.000000 108.025784
-0.006109 0.099795 120.000000 113.144052
-0.006564 0.024965 120.000000 18.926978
-0.001119 0.001275 120.000000 12.287566
0.003127 0.032321 120.000000 36.311373
-0.005282 0.065939 120.000000 70.401141
0.001843 0.086353 120.000000 104.708637
-0.006271 0.049419 120.000000 48.337964
0.009453 0.027794 120.000000 38.010279
0.005796 0.034951 120.000000 42.773178
0.004865 0.022469 120.000000 25.684692
0.005900 0.062732 120.000000 78.830550
-0.008546 0.020624 120.000000 14.981072
0.001258 0.032681 120.000000 34.722150
-0.001746 0.045614 120.000000 48.069529
-0.009439 0.004244 120.000000 20.906900
0.003722 0.003234 120.000000 5.627291
-0.004826 0.012822 120.000000 10.483533
-0.009082 0.064899 120.000000 65.187709
0.008170 0.026712 120.000000 35.036768
-0.007000 0.038219 120.000000 33.773974
0.002584 0.036905 120.000000 41.592694
0.000755 0.017163 120.000000 14.952400
-0.009975 0.091271 120.000000 97.991415
-0.009524 0.075522 120.000000 78.276810
-0.002140 0.008459 120.000000 8.595043
-0.002458 0.080515 120.000000 92.262271
-0.006849 0.062133 120.000000 63.904867
-0.002457 0.005553 120.000000 10.304169
0.009273 0.048109 120.000000 63.960363
0.002843 0.088614 120.000000 108.802109
-0.009488 0.002958 120.000000 22.242683
-0.003548 0.012518 120.000000 9.739601
-0.000932 0.099918 120.000000 119.108236
-0.008315 0.092121 120.000000 100.846685
-0.001984 0.055097 120.000000 59.984950
0.007717 0.043487 120.000000 56.090845
0.006994 0.080351 120.000000 102.977615
-0.005347 0.094995 120.000000 107.779788
-0.004078 0.053023 120.000000 55.112047
0.005134 0.071602 120.000000 89.423320
-0.009896 0.028150 120.000000 20.819337
-0.007477 0.017140 120.000000 12.979278
0.009360 0.049625 120.000000 66.025765
0.007765 0.091195 120.000000 117.967489
-0.006192 0.009532 120.000000 12.420478
-0.000027 0.002755 120.000000 9.499300
0.008127 0.085140 120.000000 110.545941
-0.006329 0.006113 120.000000 14.894499
0.008883 0.016202 120.000000 22.577640
0.006602 0.025429 120.000000 31.492868
-0.005114 0.085337 120.000000 95.561211
0.003360 0.077364 120.000000 94.813365
-0.008674 0.092390 120.000000 100.808743
-0.009219 0.064171 120.000000 64.130115
-0.001044 0.013281 120.000000 9.929834
0.007659 0.014757 120.000000 19.259777
0.001463 0.064654 120.000000 76.156188
-0.003670 0.034271 120.000000 31.820770
-0.004095 0.026534 120.000000 22.123572
0.005809 0.015209 120.000000 17.630256
-0.003782 0.021516 120.000000 16.714779
0.008039 0.027050 120.000000 35.308779
-0.001144 0.099184 120.000000 117.915742
0.000453 0.003155 120.000000 8.598113
0.008223 0.029575 120.000000 38.773040
-0.007474 0.081734 120.000000 88.376814
-0.008050 0.047424 120.000000 44.178487
-0.004046 0.072213 120.000000 79.796108
0.004861 0.022017 120.000000 25.104181
0.008684 0.076152 120.000000 99.560547
-0.003017 0.046192 120.000000 47.486696
-0.006334 0.067520 120.000000 71.325698
0.009020 0.011256 120.000000 16.652203
-0.006578 0.084186 120.000000 92.489725
-0.004499 0.017549 120.000000 12.731145
0.000098 0.004008 120.000000 8.371559
0.002802 0.094262 120.000000 116.080504
0.008474 0.029689 120.000000 39.227870
0.000289 0.041095 120.000000 44.449272
0.006562 0.056538 120.000000 71.592680
0.001669 0.003696 120.000000 6.937893
0.003302 0.059649 120.000000 71.790820
0.004618 0.045533 120.000000 55.053944
-0.004136 0.084533 120.000000 95.596200
-0.006585 0.064632 120.000000 67.367796
0.003151 0.045257 120.000000 53.001402
-0.000539 0.044707 120.000000 48.191615
-0.007691 0.044514 120.000000 40.893592
-0.005057 0.077143 120.000000 85.054605
0.002856 0.032075 120.000000 35.692770
-0.000619 0.005611 120.000000 8.172502
0.005177 0.005110 120.000000 6.054169
0.005896 0.050772 120.000000 63.335643
0.004440 0.079999 120.000000 99.496049
0.000590 0.072305 120.000000 85.068942
-0.003153 0.018296 120.000000 13.741281
-0.003443 0.020251 120.000000 15.567930
-0.005593 0.065514 120.000000 69.528860
-0.002335 0.053750 120.000000 57.877052
-0.005120 0.055565 120.000000 57.286598
-0.003842 0.009620 120.000000 9.872058
-0.000804 0.047345 120.000000 51.292821
0.009056 0.074550 120.000000 97.934555
-0.000303 0.078422 120.000000 91.974730
0.005936 0.063707 120.000000 80.136076
0.000782 0.029980 120.000000 30.782768
0.008744 0.025929 120.000000 34.740619
-0.007568 0.082222 120.000000 88.904085
0.007564 0.018227 120.000000 23.491720
0.003300 0.071696 120.000000 87.396644
0.008497 0.068688 120.000000 89.658969
-0.006423 0.077460 120.000000 83.996239
-0.001921 0.003866 120.000000 10.933109
-0.000335 0.067155 120.000000 77.359020
-0.009052 0.071280 120.000000 73.340565
-0.005500 0.042421 120.000000 40.279961
-0.009805 0.009280 120.000000 17.134677
0.003116 0.080597 120.000000 98.721365
0.008395 0.006665 120.000000 10.560433
0.005111 0.025019 120.000000 29.216059
0.004348 0.029355 120.000000 33.889930
0.006483 0.044222 120.000000 55.559197
0.003535 0.033710 120.000000 38.555869
-0.008015 0.016945 120.000000 13.179583
0.009751 0.002562 120.000000 8.211382
-0.005695 0.046350 120.000000 45.024951
0.009898 0.035916 120.000000 48.997048
0.003724 0.056454 120.000000 68.142222
-0.003918 0.010565 120.000000 9.776268
0.008190 0.063337 120.000000 82.354734
0.006984 0.069515 120.000000 88.913843
0.001823 0.063087 120.000000 74.539813
-0.003395 0.056868 120.000000 60.752380
0.001953 0.045167 120.000000 51.524889
-0.008547 0.004773 120.000000 19.142956
-0.000931 0.043757 120.000000 46.554407
0.005727 0.030454 120.000000 36.902318
-0.004602 0.052006 120.000000 53.277642
-0.005773 0.056216 120.000000 57.453169
0.007227 0.084107 120.000000 108.128689
0.008365 0.099035 120.000000 128.859433
-0.005692 0.053929 120.000000 54.623453
0.002619 0.056485 120.000000 66.907087
0.000234 0.089500 120.000000 106.937095
-0.002416 0.038848 120.000000 38.762435
-0.003829 0.072884 120.000000 80.895811
0.001226 0.074481 120.000000 88.611680
0.003729 0.093630 120.000000 116.344190
0.003229 0.039266 120.000000 45.360096
-0.004533 0.094076 120.000000 107.491082
-0.005253 0.012270 120.000000 10.747135
-0.005922 0.059008 120.000000 60.861307
0.006527 0.060875 120.000000 77.169580
0.005729 0.057038 120.000000 71.250163
-0.001185 0.005777 120.000000 8.685675
-0.008813 0.060662 120.000000 60.080701
0.002842 0.002885 120.000000 6.360008
-0.009460 0.007821 120.000000 17.769184
0.009575 0.009451 120.000000 15.203351
0.004284 0.075013 120.000000 92.847069
-0.008047 0.017789 120.000000 13.460814
-0.003893 0.095948 120.000000 110.624464
-0.008773 0.027575 120.000000 20.640146
0.002370 0.054353 120.000000 63.864204
0.001095 0.062958 120.000000 73.544189
0.000606 0.050580 120.000000 57.000786
0.009946 0.097774 120.000000 129.128253
-0.009231 0.095405 120.000000 104.096599
0.009604 0.003715 120.000000 9.034377
0.008668 0.004546 120.000000 8.720008
-0.009507 0.066560 120.000000 66.877573
0.009142 0.064152 120.000000 84.562281
-0.008069 0.090718 120.000000 99.303393
-0.006096 0.007908 120.000000 13.251166
0.004152 0.075972 120.000000 93.935790
0.008118 0.082381 120.000000 106.958360
0.008657 0.063297 120.000000 82.867515
0.009358 0.010092 120.000000 15.685179
0.002232 0.050366 120.000000 58.553223
0.004735 0.070275 120.000000 87.232470
0.002377 0.064738 120.000000 77.312832
0.004156 0.031626 120.000000 36.584933
-0.004963 0.059088 120.000000 61.952555
0.000116 0.077164 120.000000 90.820207
-0.007454 0.062402 120.000000 63.636655
-0.007692 0.092823 120.000000 102.421393
0.003009 0.080411 120.000000 98.355759
-0.002496 0.009208 120.000000 8.769041
0.000044 0.025418 120.000000 24.307134
-0.002150 0.043843 120.000000 45.383840
-0.002370 0.064987 120.000000 72.303794
0.008894 0.055661 120.000000 73.266784
0.004367 0.010871 120.000000 10.889279
0.005332 0.057287 120.000000 71.104165
0.003788 0.099241 120.000000 123.694242
-0.005987 0.047208 120.000000 45.825598
0.003042 0.091478 120.000000 112.749259
-0.004056 0.077693 120.000000 86.852270
-0.009070 0.047335 120.000000 43.167273
-0.007610 0.054679 120.000000 53.683948
0.009211 0.082501 120.000000 108.429890
-0.005950 0.032664 120.000000 27.939094
0.000518 0.094878 120.000000 114.235805
-0.000574 0.018791 120.000000 15.785609
-0.004121 0.061680 120.000000 66.161126
0.001395 0.079746 120.000000 95.627481
-0.000183 0.056699 120.000000 64.019744
0.007324 0.042024 120.000000 53.727344
0.001926 0.025310 120.000000 26.066735
0.009687 0.027548 120.000000 37.988541
-0.008789 0.064468 120.000000 64.930752
0.006759 0.075395 120.000000 96.269651
0.006344 0.052198 120.000000 65.713323
0.006488 0.099173 120.000000 126.795829
0.002851 0.096238 120.000000 118.700702
-0.002884 0.068790 120.000000 76.646229
0.000368 0.069121 120.000000 80.693853
0.003268 0.016417 120.000000 16.371827
-0.004385 0.032118 120.000000 28.548815
0.006119 0.085750 120.000000 108.939653
0.005820 0.057444 120.000000 71.884622
-0.002650 0.064206 120.000000 70.991524
-0.003819 0.035852 120.000000 33.647618
0.005521 0.072930 120.000000 91.601377
-0.002991 0.080707 120.000000 91.916871
0.001882 0.027622 120.000000 28.947871
0.000503 0.098416 120.000000 118.805537
-0.008034 0.030459 120.000000 24.000156
-0.005396 0.067891 120.000000 72.786749
0.009240 0.010338 120.000000 15.827892
-0.004594 0.026323 120.000000 21.528146
-0.007910 0.097580 120.000000 108.317996
-0.006655 0.061805 120.000000 63.684549
0.006037 0.087292 120.000000 110.843208
0.002716 0.075607 120.000000 91.788022
0.008160 0.048245 120.000000 62.778750
0.003067 0.027013 120.000000 29.455365
-0.007440 0.002723 120.000000 19.562972
0.000911 0.020837 120.000000 19.483064
0.004793 0.023045 120.000000 26.334184
0.001323 0.099352 120.000000 120.965142
0.009232 0.036128 120.000000 48.444707
0.003219 0.086844 120.000000 106.944707
0.001020 0.026292 120.000000 26.367683
0.004379 0.027929 120.000000 32.097820
0.004874 0.008412 120.000000 8.688774
-0.004378 0.015219 120.000000 11.156833
0.009303 0.061646 120.000000 81.513488
0.004202 0.006823 120.000000 6.728862
0.000386 0.083456 120.000000 99.279603
-0.001255 0.002456 120.000000 11.321977
-0.006980 0.020348 120.000000 14.683301
0.004549 0.089397 120.000000 111.813981
0.008093 0.005463 120.000000 8.955606
0.001809 0.051351 120.000000 59.345355
0.008613 0.039937 120.000000 52.595974
-0.004658 0.034317 120.000000 30.999111
-0.006109 0.097846 120.000000 110.626135
-0.002915 0.089574 120.000000 103.469406
0.008779 0.010224 120.000000 15.111059
0.009480 0.099917 120.000000 131.345230
0.007823 0.023324 120.000000 30.277741
0.006790 0.036088 120.000000 45.422207
0.007085 0.061512 120.000000 78.662498
-0.009524 0.081649 120.000000 86.116962
0.001876 0.040821 120.000000 45.840552
-0.002353 0.092724 120.000000 108.176736
0.003736 0.064986 120.000000 79.207837
0.006787 0.092275 120.000000 118.199766
0.000302 0.021818 120.000000 20.115536
-0.006263 0.016736 120.000000 12.370466
-0.001563 0.079644 120.000000 92.135193
-0.006165 0.057002 120.000000 58.057685
-0.003387 0.005964 120.000000 11.165792
0.003453 0.040551 120.000000 47.271967
-0.002011 0.018199 120.000000 14.189643
0.005553 0.091776 120.000000 116.086453
0.006049 0.006928 120.000000 8.270841
-0.001524 0.067563 120.000000 76.560491
-0.003774 0.034918 120.000000 32.528934
-0.005624 0.019952 120.000000 14.514487
-0.002909 0.021768 120.000000 17.513181
0.006048 0.007813 120.000000 9.181363
0.003243 0.061865 120.000000 74.592163
0.009729 0.049962 120.000000 66.914415
-0.006039 0.088579 120.000000 98.736898
-0.009268 0.023435 120.000000 16.921705
0.004126 0.081907 120.000000 101.602034
-0.001049 0.064564 120.000000 73.212866
-0.008289 0.059832 120.000000 59.540847
0.004658 0.057131 120.000000 70.108607
-0.005848 0.092015 120.000000 103.380143
-0.001862 0.015931 120.000000 11.999658
0.004644 0.094139 120.000000 118.079116
0.009635 0.063840 120.000000 84.759568
-0.005703 0.096129 120.000000 108.853257
0.005909 0.050974 120.000000 63.612060
0.008815 0.032059 120.000000 42.693596
0.006645 0.026320 120.000000 32.685005
0.000059 0.085113 120.000000 101.051808
0.001731 0.031334 120.000000 33.512403
0.005585 0.045512 120.000000 56.161348
0.004791 0.053728 120.000000 65.858433
0.000139 0.005608 120.000000 7.426621
-0.003996 0.040697 120.000000 39.544584
-0.003990 0.077271 120.000000 86.380738
-0.001383 0.091468 120.000000 107.645862
0.000537 0.053706 120.000000 60.958493
0.007116 0.043791 120.000000 55.760375
0.001442 0.032421 120.000000 34.588665
-0.003456 0.059181 120.000000 63.658195
-0.003648 0.098287 120.000000 113.925739
-0.005891 0.041259 120.000000 38.471559
0.002342 0.086594 120.000000 105.600060
-0.007765 0.084170 120.000000 91.199468
0.001312 0.044817 120.000000 50.358360
0.004408 0.065148 120.000000 80.202931
-0.004273 0.037287 120.000000 35.012820
-0.003745 0.072194 120.000000 80.098556
-0.000095 0.040391 120.000000 43.133544
-0.003473 0.021796 120.000000 17.192492
0.000709 0.034207 120.000000 36.084499
0.000287 0.004364 120.000000 7.928058
-0.006602 0.038249 120.000000 34.141694
0.004240 0.040139 120.000000 47.646603
0.002276 0.036996 120.000000 41.364799
0.007774 0.098490 120.000000 127.443508
0.004528 0.034000 120.000000 40.065466
-0.003398 0.096474 120.000000 111.858421
-0.003004 0.010037 120.000000 9.094689
-0.007542 0.017190 120.000000 13.025789
0.001098 0.007856 120.000000 6.729923
0.007816 0.099367 120.000000 128.631851
-0.000284 0.097482 120.000000 116.691752
0.000686 0.038309 120.000000 41.306869
0.008050 0.072668 120.000000 94.280861
0.008498 0.015990 120.000000 21.831670
0.007097 0.070816 120.000000 90.735613
-0.001217 0.047261 120.000000 50.740445
0.001126 0.009539 120.000000 7.583888
0.001687 0.021074 120.000000 20.521623
0.009757 0.071636 120.000000 95.007442
0.004405 0.051281 120.000000 62.239836
-0.008652 0.062856 120.000000 63.019288
-0.006278 0.071752 120.000000 76.813976
-0.001610 0.033655 120.000000 33.005974
0.006855 0.068683 120.000000 87.680430
-0.002576 0.099342 120.000000 116.496241
-0.005521 0.055042 120.000000 56.212287
0.002674 0.061679 120.000000 73.693908
-0.002554 0.062694 120.000000 69.147748
0.001820 0.065784 120.000000 78.028048
-0.004402 0.095045 120.000000 108.890183
0.006977 0.021216 120.000000 26.566570
-0.008935 0.070812 120.000000 72.862027
0.006743 0.084525 120.000000 108.092986
0.008123 0.063905 120.000000 83.009679
-0.006120 0.030708 120.000000 25.512601
-0.001799 0.079923 120.000000 92.232402
0.001986 0.080172 120.000000 96.861386
0.007092 0.016474 120.000000 20.714743
0.009872 0.050210 120.000000 67.410077
-0.004851 0.085188 120.000000 95.656591
-0.002512 0.055903 120.000000 60.453969
0.006124 0.062590 120.000000 78.912646
-0.009245 0.036877 120.000000 30.477120
0.004566 0.030563 120.000000 35.690364
0.008149 0.032230 120.000000 42.095620
0.006710 0.052049 120.000000 65.956950
-0.001173 0.077409 120.000000 89.681766
0.005824 0.046083 120.000000 57.182761
0.003877 0.083141 120.000000 102.910760
0.007815 0.072625 120.000000 93.941736
0.002256 0.006311 120.000000 6.071039
0.001607 0.018840 120.000000 17.702869
0.003461 0.099435 120.000000 123.561459
-0.009868 0.018385 120.000000 14.585348
-0.003023 0.031052 120.000000 28.431078
0.008287 0.059821 120.000000 77.917704
0.009044 0.095830 120.000000 125.518376
-0.007418 0.038885 120.000000 34.236849
0.003446 0.034440 120.000000 39.393686
-0.008119 0.096194 120.000000 106.305175
0.005684 0.037865 120.000000 46.399311
-0.001226 0.083022 120.000000 96.886481
0.004579 0.062739 120.000000 77.281850
-0.004078 0.040208 120.000000 38.850542
-0.004936 0.075916 120.000000 83.604957
-0.002187 0.083853 120.000000 96.882363
0.005203 0.010120 120.000000 10.862170
-0.005511 0.061182 120.000000 64.064624
-0.009951 0.017850 120.000000 14.544732
0.001260 0.075282 120.000000 89.689211
0.004211 0.081759 120.000000 101.508212
-0.006103 0.071313 120.000000 76.434568
0.007265 0.074279 120.000000 95.427369
-0.001193 0.035950 120.000000 36.323356
-0.004076 0.017044 120.000000 12.387294
0.005102 0.010671 120.000000 11.388814
0.005859 0.076638 120.000000 96.810797
0.008011 0.071267 120.000000 92.417037
-0.009043 0.084346 120.000000 90.077006
-0.000912 0.041985 120.000000 44.305424
0.007348 0.008987 120.000000 11.917812
0.008145 0.043935 120.000000 57.189892
-0.009131 0.057306 120.000000 55.540690
0.009179 0.048697 120.000000 64.604956
-0.002175 0.007253 120.000000 9.013965
0.001175 0.074411 120.000000 88.462028
0.005003 0.065996 120.000000 82.001187
-0.004568 0.064520 120.000000 69.334347
0.004288 0.096499 120.000000 120.723220
0.004109 0.073991 120.000000 91.315695
-0.001159 0.093269 120.000000 110.233787
-0.005302 0.095835 120.000000 108.915747
0.009208 0.033327 120.000000 44.808999
-0.008608 0.016325 120.000000 13.426894
0.002600 0.080826 120.000000 98.419903
0.007267 0.038877 120.000000 49.594015
-0.003942 0.090884 120.000000 104.019462
-0.003607 0.004036 120.000000 12.998646
-0.001297 0.064916 120.000000 73.393821
0.008962 0.051616 120.000000 68.113812
0.007565 0.054286 120.000000 69.877524
-0.006588 0.008384 120.000000 13.564070
0.001693 0.060935 120.000000 71.607425
-0.007971 0.014332 120.000000 12.881594
-0.001797 0.013383 120.000000 9.883090
-0.005576 0.009704 120.000000 11.636904
0.002931 0.018342 120.000000 18.392149
-0.007163 0.042181 120.000000 38.479563
-0.006053 0.004333 120.000000 16.064719
0.008280 0.020954 120.000000 27.822737
0.002476 0.002931 120.000000 6.647393
0.005680 0.004725 120.000000 6.098634
-0.002580 0.020916 120.000000 16.779271
-0.009288 0.030568 120.000000 23.461506
0.005149 0.011739 120.000000 12.682799
-0.007857 0.067515 120.000000 69.749317
-0.006801 0.006267 120.000000 15.407009
-0.007625 0.024446 120.000000 18.027761
-0.002814 0.009550 120.000000 8.984665
0.000347 0.046341 120.000000 51.254537
-0.001297 0.079436 120.000000 92.165050
0.006694 0.080141 120.000000 102.347000
0.000461 0.007287 120.000000 6.858332
-0.005064 0.064721 120.000000 69.067478
0.006612 0.094135 120.000000 120.405103
-0.003767 0.058430 120.000000 62.362579
0.005071 0.058885 120.000000 72.866363
-0.008640 0.090644 120.000000 98.598827
0.003969 0.084505 120.000000 104.786943
-0.002036 0.024943 120.000000 21.853304
0.005081 0.031031 120.000000 36.888368
-0.003043 0.004452 120.000000 11.894412
-0.008535 0.034746 120.000000 28.504027
0.008048 0.037404 120.000000 48.637805
-0.006832 0.061699 120.000000 63.368958
0.002923 0.080271 120.000000 98.074404
0.001730 0.022297 120.000000 22.083146
0.000893 0.011920 120.000000 9.436585
0.008822 0.007665 120.000000 12.187054
-0.000103 0.029353 120.000000 29.086902
-0.001187 0.035456 120.000000 35.703902
0.000544 0.039733 120.000000 42.977431
0.001403 0.060286 120.000000 70.437180
0.007909 0.001236 120.000000 5.807520
-0.009001 0.038181 120.000000 32.170911
-0.006798 0.098940 120.000000 111.283750
-0.009077 0.059991 120.000000 58.976951
0.005818 0.084808 120.000000 107.360776
0.008639 0.043960 120.000000 57.822937
-0.005017 0.056055 120.000000 58.019217
0.002268 0.014640 120.000000 13.301436
0.003054 0.004659 120.000000 5.687516
-0.007753 0.098998 120.000000 110.318092
0.009539 0.032362 120.000000 43.978798
-0.003660 0.050019 120.000000 51.706964
0.007726 0.012678 120.000000 16.776045
0.001963 0.085048 120.000000 103.155744
0.003424 0.073975 120.000000 90.495141
0.006736 0.024609 120.000000 30.604969
-0.008631 0.013481 120.000000 13.630546
0.006082 0.054036 120.000000 67.780691
0.004333 0.063494 120.000000 77.971041
-0.001909 0.043673 120.000000 45.417799
0.000826 0.050739 120.000000 57.451494
-0.008688 0.044565 120.000000 40.093936
0.007003 0.084280 120.000000 108.085293
-0.005705 0.005980 120.000000 14.164680
-0.002080 0.086805 120.000000 100.822539
0.007892 0.058166 120.000000 75.296171
0.007176 0.058708 120.000000 75.138095
-0.009767 0.097341 120.000000 106.017325
0.001054 0.063246 120.000000 73.869933
-0.004075 0.069947 120.000000 76.842802
0.007844 0.032470 120.000000 42.032478
0.000133 0.005500 120.000000 7.478086
0.009918 0.082385 120.000000 109.136081
0.001459 0.084346 120.000000 101.663917
-0.001681 0.017714 120.000000 13.866940
0.001569 0.073525 120.000000 87.766275
-0.001563 0.069034 120.000000 78.416226
0.008265 0.031333 120.000000 41.084668
0.001515 0.034223 120.000000 36.970788
-0.005089 0.017882 120.000000 12.934591
-0.009480 0.088985 120.000000 95.576589
-0.008137 0.024708 120.000000 18.127951
0.008293 0.082223 120.000000 106.962861
0.009866 0.057304 120.000000 76.579151
0.001937 0.062671 120.000000 74.132681
0.005997 0.070053 120.000000 88.435595
-0.009661 0.016528 120.000000 14.224640
-0.007262 0.062645 120.000000 64.138864
-0.004704 0.021335 120.000000 16.080008
-0.005524 0.013608 120.000000 11.031938
-0.001364 0.019755 120.000000 16.304286
0.008652 0.030023 120.000000 39.876094
-0.006673 0.078809 120.000000 85.465743
-0.000630 0.073936 120.000000 85.798702
-0.005079 0.024929 120.000000 19.658144
-0.001046 0.030801 120.000000 29.972194
-0.004803 0.096916 120.000000 110.863932
-0.002734 0.004889 120.000000 11.141540
-0.004452 0.005498 120.000000 12.888268
0.002426 0.003863 120.000000 6.217227
-0.009291 0.047591 120.000000 43.291027
0.001554 0.013404 120.000000 11.338367
0.007639 0.023833 120.000000 30.703863
-0.004841 0.048632 120.000000 48.745009
-0.002933 0.048577 120.000000 50.617168
-0.008373 0.061456 120.000000 61.517817
-0.001774 0.013887 120.000000 10.261776
0.006060 0.043615 120.000000 54.272071
0.003397 0.096977 120.000000 120.297383
0.005669 0.081992 120.000000 103.530926
0.006085 0.009591 120.000000 11.186699
0.000220 0.023855 120.000000 22.539652
-0.008315 0.018247 120.000000 13.744975
-0.009205 0.008071 120.000000 17.227223
-0.000980 0.054252 120.000000 59.986625
-0.000457 0.041727 120.000000 44.458320
-0.007269 0.085406 120.000000 93.319654
-0.000960 0.012321 120.000000 9.212660
0.008204 0.009748 120.000000 13.833604
-0.007117 0.098179 120.000000 109.952352
0.005474 0.086774 120.000000 109.503434
0.002250 0.028452 120.000000 30.398043
0.000304 0.056809 120.000000 64.703623
0.000854 0.001964 120.000000 9.124341
0.002475 0.037018 120.000000 41.615196
0.003593 0.018754 120.000000 19.594506
-0.007568 0.049984 120.000000 47.815349
0.007079 0.094829 120.000000 121.861833
-0.006994 0.034154 120.000000 28.910313
-0.000580 0.025881 120.000000 24.288263
0.009514 0.061139 120.000000 81.113930
0.004039 0.028176 120.000000 32.026368
0.002136 0.086349 120.000000 105.044089
0.001421 0.028540 120.000000 29.625014
-0.000813 0.024248 120.000000 22.068775
0.004073 0.092599 120.000000 115.408760
-0.000321 0.005710 120.000000 7.820796
0.003614 0.091790 120.000000 113.822115
-0.006923 0.093133 120.000000 103.652482
-0.004704 0.081313 120.000000 90.816350
0.001279 0.053999 120.000000 62.168972
0.000770 0.070428 120.000000 82.842165
0.001264 0.002673 120.000000 8.053574
-0.008318 0.012952 120.000000 13.447802
-0.009089 0.063622 120.000000 63.561452
-0.004652 0.027646 120.000000 23.011280
0.003495 0.076853 120.000000 94.309244
-0.002964 0.064624 120.000000 71.188893
-0.004402 0.025236 120.000000 20.422542
0.000700 0.063837 120.000000 74.233400
0.003939 0.071373 120.000000 87.723354
-0.007510 0.025711 120.000000 19.281889
-0.007313 0.013622 120.000000 12.369132
0.004977 0.074344 120.000000 92.793023
-0.001563 0.042245 120.000000 43.955164
-0.007928 0.096715 120.000000 107.183063
-0.003812 0.071226 120.000000 78.775747
-0.009545 0.068490 120.000000 69.291714
0.000775 0.063813 120.000000 74.286499
0.000727 0.025710 120.000000 25.342209
-0.009977 0.096013 120.000000 104.084780
-0.008411 0.014826 120.000000 13.227252
-0.007496 0.008365 120.000000 14.742055
-0.004738 0.065622 120.000000 70.568382
0.002933 0.043786 120.000000 50.853001
0.003338 0.066024 120.000000 80.090187
-0.009687 0.012230 120.000000 15.236313
-0.000821 0.017158 120.000000 13.790281
-0.009497 0.091437 120.000000 98.708983
-0.006104 0.029140 120.000000 23.719974
-0.004771 0.015108 120.000000 11.182592
-0.007726 0.083397 120.000000 90.247082
-0.003046 0.052836 120.000000 55.950043
-0.007029 0.099437 120.000000 111.673487
-0.000828 0.074848 120.000000 86.756408
-0.008651 0.027332 120.000000 20.446031
-0.004243 0.092583 120.000000 105.883243
0.007458 0.075548 120.000000 97.303660
0.007102 0.076914 120.000000 98.648780
0.003686 0.067538 120.000000 82.456088
-0.009905 0.057438 120.000000 54.978786
-0.003989 0.062176 120.000000 66.937744
0.003158 0.042002 120.000000 48.806856
0.004992 0.089756 120.000000 112.803571
0.008922 0.089479 120.000000 117.131025
0.006646 0.033192 120.000000 41.517394
-0.005582 0.003739 120.000000 15.965310
0.008331 0.022783 120.000000 30.212278
-0.009614 0.076944 120.000000 80.003349
0.007021 0.063507 120.000000 81.171137
0.004966 0.092171 120.000000 115.905976
0.008230 0.099878 120.000000 129.791993
-0.003252 0.092933 120.000000 107.439865
-0.004913 0.078131 120.000000 86.484512
-0.001398 0.060118 120.000000 67.090166
-0.002407 0.096856 120.000000 113.467735
-0.004883 0.085427 120.000000 95.930076
0.009223 0.037641 120.000000 50.383516
-0.001069 0.034785 120.000000 34.973560
0.003085 0.080870 120.000000 99.040405
-0.001930 0.083549 120.000000 96.776999
-0.007231 0.021247 120.000000 15.351827
-0.004817 0.088076 120.000000 99.423909
0.002595 0.028700 120.000000 31.088223
-0.000313 0.069112 120.000000 79.915363
-0.004305 0.085504 120.000000 96.665271
-0.007720 0.088420 120.000000 96.717812
-0.007446 0.066605 120.000000 69.006402
0.001051 0.080023 120.000000 95.591907
0.001011 0.094255 120.000000 113.995290
0.004672 0.052697 120.000000 64.383804
-0.001729 0.061122 120.000000 68.021160
0.004184 0.041408 120.000000 49.219035
0.008641 0.018772 120.000000 25.507410
-0.006513 0.026341 120.000000 20.384346
-0.009570 0.048211 120.000000 43.813967
0.007434 0.077633 120.000000 99.978453
0.004821 0.090263 120.000000 113.259225
-0.009779 0.085462 120.000000 90.740569
0.008115 0.035057 120.000000 45.695156
0.005614 0.010318 120.000000 11.515900
0.007397 0.066864 120.000000 85.972539
0.003185 0.099707 120.000000 123.591454
-0.006084 0.048049 120.000000 46.791476
-0.000387 0.030555 120.000000 30.315767
-0.000020 0.090757 120.000000 108.276933
0.007147 0.030359 120.000000 38.472593
-0.006359 0.010464 120.000000 12.190519
0.003782 0.064341 120.000000 78.425029
-0.006161 0.043654 120.000000 41.206524
-0.005192 0.008186 120.000000 11.957316
0.008401 0.049629 120.000000 64.862492
0.003560 0.086448 120.000000 106.828425
-0.003979 0.064003 120.000000 69.296957
0.008190 0.032025 120.000000 41.882460
0.009808 0.037929 120.000000 51.476161
-0.004666 0.018127 120.000000 13.168005
0.002095 0.038818 120.000000 43.506216
-0.005614 0.078234 120.000000 85.859446
0.006881 0.078180 120.000000 100.026785
0.003355 0.056888 120.000000 68.276682
-0.009881 0.070889 120.000000 72.008511
0.007576 0.013415 120.000000 17.498256
0.004498 0.075150 120.000000 93.274940
-0.006015 0.042005 120.000000 39.286030
-0.002352 0.098988 120.000000 116.290530
-0.007048 0.067745 120.000000 70.872819
-0.007421 0.061718 120.000000 62.798186
0.007445 0.060177 120.000000 77.363766
-0.002209 0.001995 120.000000 13.027289
0.008586 0.062343 120.000000 81.545572
-0.008776 0.085711 120.000000 92.111790
-0.005431 0.024854 120.000000 19.375861
0.003631 0.041840 120.000000 49.138596
-0.004808 0.026463 120.000000 21.541859
0.006607 0.072918 120.000000 92.876382
-0.002608 0.025614 120.000000 22.186688
0.003302 0.022163 120.000000 23.558110
0.006024 0.051365 120.000000 64.253875
-0.003177 0.004173 120.000000 12.306103
0.004127 0.058140 120.000000 70.794730
0.000074 0.041356 120.000000 44.551289
-0.008079 0.023520 120.000000 17.097887
-0.005361 0.051007 120.000000 51.241645
0.002277 0.024934 120.000000 25.962018
-0.005645 0.044118 120.000000 42.267795
-0.009538 0.002383 120.000000 22.896260
0.007291 0.065606 120.000000 84.214646
-0.009116 0.023155 120.000000 16.716936
-0.004521 0.040367 120.000000 38.628153
-0.006233 0.037321 120.000000 33.320921
-0.008219 0.071273 120.000000 74.180501
-0.009486 0.096273 120.000000 104.942324
-0.003660 0.091424 120.000000 105.031519
-0.009947 0.016362 120.000000 14.460062
0.008878 0.086596 120.000000 113.338563
-0.001756 0.071025 120.000000 80.775380
-0.009809 0.048501 120.000000 43.965792
-0.006252 0.071298 120.000000 76.258835
-0.002476 0.066526 120.000000 74.172558
-0.006378 0.051896 120.000000 51.363582
0.000470 0.031871 120.000000 32.857718
0.008339 0.047328 120.000000 61.810909
0.009622 0.006499 120.000000 11.891580
0.002208 0.057930 120.000000 68.305540
0.007603 0.052143 120.000000 67.149558
-0.001679 0.029368 120.000000 27.578364
-0.009678 0.075355 120.000000 77.907545
-0.008365 0.031438 120.000000 24.884458
-0.002990 0.093685 120.000000 108.706573
0.009228 0.037877 120.000000 50.693331
-0.000464 0.063986 120.000000 73.117946
0.009115 0.037995 120.000000 50.705997
-0.000510 0.031633 120.000000 31.552407
0.000362 0.035508 120.000000 37.376284
-0.001958 0.069456 120.000000 78.524037
0.002084 0.047025 120.000000 54.070113
0.001159 0.080970 120.000000 96.943800
-0.002510 0.063880 120.000000 70.724087
0.008867 0.050162 120.000000 66.117023
-0.009051 0.074018 120.000000 76.838226
-0.008853 0.068957 120.000000 70.579778
0.009653 0.015977 120.000000 23.270325
0.000593 0.010051 120.000000 7.844147
0.002182 0.043608 120.000000 49.773326
-0.000488 0.075241 120.000000 87.647920
0.004459 0.085459 120.000000 106.600247
-0.002315 0.033026 120.000000 31.534453
-0.009599 0.094315 120.000000 102.302746
0.008500 0.032672 120.000000 43.093888
0.006825 0.084816 120.000000 108.568175
-0.004404 0.022198 120.000000 17.104387
0.006394 0.098870 120.000000 126.290196
-0.007537 0.020211 120.000000 14.598559
-0.001174 0.072693 120.000000 83.579826
-0.007143 0.013569 120.000000 12.227493
0.005744 0.061123 120.000000 76.561446
-0.009719 0.033785 120.000000 26.687672
0.005636 0.044239 120.000000 54.575546
0.001786 0.059619 120.000000 70.009763
0.001950 0.097333 120.000000 119.072691
-0.006322 0.080312 120.000000 87.775536
0.003620 0.025454 120.000000 28.079369
-0.001297 0.057939 120.000000 64.391575
-0.000994 0.029249 120.000000 28.079968
0.004676 0.096957 120.000000 121.774088
-0.001138 0.044344 120.000000 47.086120
-0.001842 0.054586 120.000000 59.480905
-0.006161 0.070148 120.000000 74.877091
-0.008686 0.028932 120.000000 22.041365
0.007987 0.066924 120.000000 86.758405
0.003926 0.048022 120.000000 57.466476
0.006394 0.076045 120.000000 96.678255
-0.004340 0.057675 120.000000 60.792304
0.000514 0.047222 120.000000 52.572399
-0.009137 0.029379 120.000000 22.300827
0.005808 0.089485 120.000000 113.415258
0.006615 0.013569 120.000000 16.539133
0.006286 0.086100 120.000000 109.591340
-0.006718 0.072207 120.000000 76.935017
0.003784 0.026196 120.000000 29.208431
-0.001785 0.015147 120.000000 11.309997
0.002847 0.094572 120.000000 116.534871
-0.000308 0.050619 120.000000 56.042729
0.003041 0.090207 120.000000 111.098671
-0.000683 0.086884 120.000000 102.502792
-0.004034 0.092948 120.000000 106.587071
0.004707 0.031715 120.000000 37.333244
-0.002759 0.036459 120.000000 35.411510
0.007121 0.078416 120.000000 100.620310
0.005511 0.040497 120.000000 49.593017
-0.002876 0.050071 120.000000 52.587093
0.003463 0.049168 120.000000 58.412809
-0.003666 0.044796 120.000000 45.051132
-0.006610 0.004239 120.000000 16.925673
0.007248 0.059522 120.000000 76.278767
-0.008244 0.040955 120.000000 36.068279
-0.009529 0.072656 120.000000 74.613028
0.005839 0.050532 120.000000 62.957159
0.009168 0.049659 120.000000 65.834407
0.004402 0.043118 120.000000 51.680219
-0.004963 0.069373 120.000000 75.151535
0.000768 0.067763 120.000000 79.390573
-0.005017 0.057681 120.000000 60.096557
0.001593 0.040377 120.000000 44.953887
0.008014 0.078479 120.000000 101.771814
-0.000226 0.069259 120.000000 80.203200
-0.005298 0.048584 120.000000 48.232396
-0.003946 0.009168 120.000000 10.105714
0.002437 0.048843 120.000000 56.817843
-0.007392 0.002137 120.000000 20.087302
0.009644 0.081045 120.000000 107.066012
0.009752 0.064807 120.000000 86.153588
-0.003931 0.002152 120.000000 15.218934
0.003065 0.021662 120.000000 22.673116
0.005448 0.089049 120.000000 112.424624
0.008023 0.037965 120.000000 49.331582
-0.000734 0.027637 120.000000 26.320183
-0.006731 0.030022 120.000000 24.308338
0.008833 0.047291 120.000000 62.364965
0.005906 0.035659 120.000000 43.816053
-0.009372 0.015101 120.000000 14.049887
0.006876 0.077613 120.000000 99.285181
-0.003214 0.087179 120.000000 100.038237
-0.001957 0.012351 120.000000 9.229143
-0.008135 0.051957 120.000000 49.758846
0.005824 0.086741 120.000000 109.874977
-0.009845 0.046875 120.000000 41.944834
-0.008045 0.015999 120.000000 13.003414
-0.004457 0.067611 120.000000 73.424994
-0.003450 0.058400 120.000000 62.661550
0.004961 0.088348 120.000000 110.939870
0.007226 0.025866 120.000000 32.803453
-0.000284 0.065290 120.000000 75.004891
-0.001954 0.049207 120.000000 52.451560
0.008137 0.031763 120.000000 41.480719
0.002173 0.054628 120.000000 63.995486
-0.002328 0.030516 120.000000 28.399249
0.006374 0.072573 120.000000 92.151582
0.006898 0.014667 120.000000 18.229198
-0.006354 0.097897 120.000000 110.422922
-0.009916 0.080090 120.000000 83.716608
0.007521 0.036089 120.000000 46.302298
0.008122 0.091837 120.000000 119.228266
-0.006931 0.091398 120.000000 101.404894
0.002880 0.079001 120.000000 96.378066
-0.009883 0.072912 120.000000 74.583950
-0.003077 0.006155 120.000000 10.650613
-0.006858 0.054066 120.000000 53.639986
0.006591 0.022378 120.000000 27.583716
-0.003666 0.089410 120.000000 102.420247
-0.007693 0.078930 120.000000 84.540925
0.008740 0.033537 120.000000 44.502782
0.005155 0.024026 120.000000 27.998710
-0.008921 0.061473 120.000000 61.002419
-0.001822 0.055445 120.000000 60.607342
0.009062 0.048137 120.000000 63.737392
-0.002356 0.074892 120.000000 85.106053
-0.002221 0.047745 120.000000 50.297591
0.005999 0.075007 120.000000 94.862236
-0.009496 0.042079 120.000000 36.425055
0.009049 0.067611 120.000000 88.932075
-0.001319 0.008145 120.000000 7.977719
-0.009046 0.003762 120.000000 20.814127
0.007779 0.072638 120.000000 93.915991
0.007142 0.036236 120.000000 46.036161
0.009700 0.053137 120.000000 70.983299
-0.007258 0.061033 120.000000 62.090834
0.004179 0.014590 120.000000 15.081960
-0.007932 0.058140 120.000000 57.747156
0.000082 0.051557 120.000000 57.680792
0.007975 0.099464 120.000000 128.947653
-0.009972 0.033563 120.000000 26.305220
-0.006914 0.090145 120.000000 99.806902
0.007995 0.090986 120.000000 117.971821
0.004644 0.007183 120.000000 7.316374
0.004734 0.052429 120.000000 64.109495
0.008623 0.082933 120.000000 108.280447
0.000320 0.081521 120.000000 96.697435
0.007856 0.097659 120.000000 126.463392
0.002666 0.079760 120.000000 97.113221
0.006609 0.021387 120.000000 26.343094
-0.009800 0.037385 120.000000 30.686816
0.009375 0.047213 120.000000 62.925202
-0.001843 0.073161 120.000000 83.438762
0.001390 0.086736 120.000000 104.683020
-0.006360 0.005247 120.000000 15.669383
0.008717 0.044038 120.000000 58.018469
0.000773 0.051296 120.000000 58.112299
0.003942 0.024997 120.000000 27.857118
0.007272 0.037585 120.000000 47.932140
0.008813 0.015768 120.000000 21.947043
-0.006738 0.098078 120.000000 110.235754
0.004373 0.035574 120.000000 41.914139
0.002130 0.009198 120.000000 7.617535
0.006135 0.009322 120.000000 10.934389
0.007119 0.060007 120.000000 76.752086
-0.000358 0.030585 120.000000 30.382439
0.002449 0.041556 120.000000 47.427856
-0.008827 0.064654 120.000000 65.128656
-0.003439 0.088165 120.000000 101.063482
0.006710 0.060545 120.000000 76.960539
0.005064 0.098433 120.000000 124.146140
0.007798 0.025566 120.000000 33.113372
0.001627 0.067718 120.000000 80.311919
0.002847 0.021649 120.000000 22.425434
0.000408 0.016238 120.000000 13.624769
0.009618 0.071807 120.000000 95.059839
0.005125 0.020911 120.000000 24.003055
-0.006615 0.033531 120.000000 28.459163
0.005189 0.046161 120.000000 56.534545
0.006790 0.033459 120.000000 42.032691
-0.001700 0.009590 120.000000 8.212435
-0.002695 0.060661 120.000000 66.376089
-0.001073 0.073548 120.000000 84.799021
-0.003690 0.040055 120.000000 39.032534
-0.003218 0.004987 120.000000 11.685492
0.008804 0.062933 120.000000 82.573313
-0.006453 0.076388 120.000000 82.585659
-0.002312 0.028516 120.000000 25.949662
-0.004116 0.048685 120.000000 49.540299
-0.003416 0.062210 120.000000 67.593039
-0.001519 0.007278 120.000000 8.353769
0.005424 0.051398 120.000000 63.587244
-0.009937 0.005444 120.000000 20.481769
-0.002466 0.002496 120.000000 12.886978
0.009232 0.043667 120.000000 58.169644
0.000473 0.090783 120.000000 108.874459
-0.005665 0.008989 120.000000 12.078927
-0.006163 0.002597 120.000000 17.887077
-0.008052 0.063261 120.000000 64.128870
0.006859 0.062265 120.000000 79.368001
0.007729 0.090635 120.000000 117.197995
-0.008065 0.024812 120.000000 18.241275
0.000044 0.012524 120.000000 9.621691
-0.003188 0.065250 120.000000 71.752659
0.000520 0.034063 120.000000 35.699904
-0.009482 0.063927 120.000000 63.563597
-0.008966 0.025643 120.000000 18.768582
0.002149 0.033371 120.000000 36.572341
0.001243 0.007638 120.000000 6.631522
0.007032 0.076064 120.000000 97.462517
-0.002370 0.064941 120.000000 72.244843
-0.006321 0.097171 120.000000 109.520966
0.003160 0.066978 120.000000 81.118179
0.006961 0.079499 120.000000 101.833078
0.002728 0.091471 120.000000 112.373604
-0.008924 0.084173 120.000000 89.979086
-0.009869 0.088810 120.000000 94.942235
-0.004851 0.062424 120.000000 66.343827
0.005884 0.087151 120.000000 110.477872
0.003306 0.092148 120.000000 113.926717
-0.009663 0.019965 120.000000 14.971412
0.003658 0.057451 120.000000 69.357597
0.002603 0.003417 120.000000 6.277906
-0.002350 0.075624 120.000000 86.059006
0.004255 0.007828 120.000000 7.619294
-0.006010 0.009562 120.000000 12.194189
0.000423 0.008711 120.000000 7.161185
-0.008684 0.098570 120.000000 108.759625
-0.005390 0.092068 120.000000 103.950514
-0.002877 0.079899 120.000000 90.999799
0.000111 0.007514 120.000000 7.054714
0.007350 0.012335 120.000000 15.902490
-0.002616 0.008678 120.000000 8.967073
0.000719 0.072795 120.000000 85.849021
-0.001104 0.087339 120.000000 102.614939
0.002150 0.046694 120.000000 53.717917
-0.003356 0.066280 120.000000 72.898239
-0.001122 0.095950 120.000000 113.750135
-0.000864 0.061370 120.000000 69.294341
0.006885 0.022065 120.000000 27.537027
-0.005646 0.020365 120.000000 14.864637
0.002013 0.018544 120.000000 17.729610
-0.000278 0.014876 120.000000 11.714719
0.002628 0.003380 120.000000 6.276313
0.009944 0.088816 120.000000 117.506230
-0.005142 0.072992 120.000000 79.616498
0.007215 0.063981 120.000000 82.017391
-0.006338 0.005205 120.000000 15.676608
0.006558 0.016627 120.000000 20.269430
-0.009859 0.017333 120.000000 14.420202
0.006565 0.042043 120.000000 52.840424
0.004158 0.004897 120.000000 5.598392
0.000967 0.039374 120.000000 42.977368
0.003176 0.044005 120.000000 51.412657
0.006730 0.078774 120.000000 100.616710
-0.000356 0.072154 120.000000 83.801510
0.001608 0.055733 120.000000 64.780660
0.006897 0.015029 120.000000 18.677171
0.002653 0.088874 120.000000 108.917185
-0.008190 0.033963 120.000000 27.837919
-0.008843 0.029959 120.000000 23.036653
-0.002911 0.041521 120.000000 41.653827
-0.007207 0.079966 120.000000 86.385335
0.006467 0.091440 120.000000 116.735209
0.005375 0.074208 120.000000 93.087145
-0.003333 0.071150 120.000000 79.199960
-0.007364 0.042895 120.000000 39.183470
-0.001767 0.074901 120.000000 85.773337
-0.009404 0.063621 120.000000 63.250488
0.009339 0.066836 120.000000 88.279353
0.004841 0.064981 120.000000 80.495095
0.009006 0.002828 120.000000 7.605395
-0.004317 0.031412 120.000000 27.750013
-0.009495 0.071204 120.000000 72.797757
-0.001286 0.083738 120.000000 97.745649
-0.006084 0.007025 120.000000 13.856432
0.005913 0.047210 120.000000 58.746049
0.009903 0.022303 120.000000 31.566578
-0.000431 0.041586 120.000000 44.305915
-0.005310 0.045467 120.000000 44.283554
-0.008299 0.019093 120.000000 14.101404
0.000440 0.041874 120.000000 45.613133
-0.008029 0.034603 120.000000 28.686805
0.004741 0.025143 120.000000 28.948131
0.003895 0.093979 120.000000 116.991268
0.005429 0.003419 120.000000 5.383588
0.003554 0.049578 120.000000 59.048540
0.008022 0.081249 120.000000 105.374020
0.004249 0.045149 120.000000 54.127967
-0.008178 0.053853 120.000000 52.100435
0.006111 0.054092 120.000000 67.887811
-0.003753 0.082660 120.000000 93.598817
-0.006001 0.089263 120.000000 99.660783
-0.007362 0.088792 120.000000 97.581272
-0.004132 0.050280 120.000000 51.556787
-0.006181 0.043926 120.000000 41.528116
0.000488 0.048390 120.000000 54.047348
-0.005345 0.086846 120.000000 97.256988
0.007376 0.074455 120.000000 95.788255
-0.003203 0.014521 120.000000 10.618092
-0.002887 0.057381 120.000000 61.951830
0.003377 0.048723 120.000000 57.739235
0.006672 0.062549 120.000000 79.511868
0.009250 0.052366 120.000000 69.436605
-0.002799 0.073979 120.000000 83.437443
-0.001853 0.008935 120.000000 8.301442
-0.006296 0.080535 120.000000 88.090225
-0.000597 0.023025 120.000000 20.775322
-0.006498 0.051627 120.000000 50.905323
0.005079 0.067703 120.000000 84.303726
-0.008485 0.091793 120.000000 100.242850
0.005548 0.068098 120.000000 85.369148
-0.008071 0.092664 120.000000 101.808220
0.003251 0.024035 120.000000 25.870505
0.002603 0.053683 120.000000 63.262896
0.005743 0.093527 120.000000 118.584144
-0.008438 0.054708 120.000000 52.928359
0.007713 0.003690 120.000000 6.970715
0.002187 0.002312 120.000000 7.344229
0.006347 0.009750 120.000000 11.656520
-0.000798 0.004027 120.000000 9.403859
0.006099 0.012244 120.000000 14.330100
0.007862 0.044628 120.000000 57.741981
0.003186 0.065695 120.000000 79.486358
-0.008814 0.063098 120.000000 63.166457
-0.005618 0.068651 120.000000 73.528374
0.008395 0.082266 120.000000 107.140496
-0.003713 0.096227 120.000000 111.186509
-0.000332 0.071869 120.000000 83.460028
-0.004866 0.069228 120.000000 75.069524
0.009246 0.058316 120.000000 77.131928
-0.002524 0.040434 120.000000 40.664016
0.002263 0.086370 120.000000 105.217516
-0.007250 0.091754 120.000000 101.518744
-0.009019 0.064488 120.000000 64.728707
-0.005981 0.041341 120.000000 38.492339
0.003371 0.002999 120.000000 5.912655
-0.002529 0.053970 120.000000 57.953133
0.003341 0.045746 120.000000 53.850152
-0.003158 0.029456 120.000000 26.358288
0.009552 0.038991 120.000000 52.529118
0.002834 0.075948 120.000000 92.365905
0.003837 0.095812 120.000000 119.301744
-0.009497 0.076139 120.000000 79.092979
-0.007745 0.061663 120.000000 62.403834
0.003465 0.019431 120.000000 20.301974
0.009670 0.098356 120.000000 129.549588
0.006854 0.050041 120.000000 63.530227
0.001441 0.013800 120.000000 11.686085
-0.007965 0.017449 120.000000 13.305401
-0.000486 0.072226 120.000000 83.747863
0.007745 0.075413 120.000000 97.472096
0.007598 0.059846 120.000000 77.118850
-0.007561 0.092449 120.000000 102.079547
-0.009123 0.091809 120.000000 99.584060
-0.000668 0.085248 120.000000 100.400320
0.002376 0.086450 120.000000 105.452101
0.003638 0.092363 120.000000 114.593471
-0.001149 0.052683 120.000000 57.782349
-0.007840 0.003160 120.000000 19.694594
0.003859 0.013320 120.000000 13.234855
0.001287 0.021966 120.000000 21.232035
-0.003042 0.018611 120.000000 14.096058
0.005452 0.023904 120.000000 28.188091
-0.002436 0.043019 120.000000 44.039270
-0.000186 0.034480 120.000000 35.491416
0.006029 0.001287 120.000000 5.395793
0.003597 0.054760 120.000000 65.803267
0.004951 0.011515 120.000000 12.212909
-0.008117 0.097895 120.000000 108.500139
0.002380 0.064409 120.000000 76.889977
0.004753 0.006305 120.000000 6.654627
0.002709 0.096570 120.000000 118.965911
0.003290 0.087190 120.000000 107.475940
-0.002916 0.014686 120.000000 10.730526
-0.001658 0.057625 120.000000 63.592443
-0.008744 0.045289 120.000000 40.933820
0.006578 0.022998 120.000000 28.358116
0.000560 0.032572 120.000000 33.844019
0.009636 0.098509 120.000000 129.706828
0.007464 0.052583 120.000000 67.551370
-0.008087 0.018308 120.000000 13.678984
-0.004609 0.033183 120.000000 29.655063
0.002680 0.037970 120.000000 43.069623
-0.003269 0.065358 120.000000 71.804272
0.007443 0.085231 120.000000 109.844171
0.004166 0.059457 120.000000 72.547005
-0.006506 0.012068 120.000000 11.856688
0.009246 0.098004 120.000000 128.580852
-0.006878 0.081280 120.000000 88.426657
0.008911 0.053500 120.000000 70.489860
0.006236 0.065482 120.000000 82.793509
0.009100 0.050641 120.000000 67.021776
-0.000805 0.033022 120.000000 33.009835
-0.003095 0.062672 120.000000 68.533373
0.007570 0.005642 120.000000 8.554898
-0.007655 0.096696 120.000000 107.454432
-0.009082 0.082118 120.000000 87.178193
-0.005914 0.083408 120.000000 92.203281
-0.006189 0.059909 120.000000 61.739166
0.005564 0.088341 120.000000 111.642032
0.002545 0.084812 120.000000 103.524135
0.002323 0.086337 120.000000 105.245085
0.000665 0.013533 120.000000 10.887524
0.004472 0.021466 120.000000 23.965709
-0.001316 0.043283 120.000000 45.539072
-0.005160 0.065046 120.000000 69.383308
0.007581 0.026174 120.000000 33.627975
0.006009 0.089384 120.000000 113.522602
0.003256 0.010698 120.000000 9.725634
-0.000185 0.084903 120.000000 100.502320
-0.009647 0.029319 120.000000 22.033201
0.004263 0.096962 120.000000 121.293604
-0.006530 0.067899 120.000000 71.606520
-0.004957 0.023793 120.000000 18.499276
0.001266 0.019680 120.000000 18.403976
-0.003673 0.062022 120.000000 67.076135
0.000385 0.015022 120.000000 12.272435
-0.000127 0.093093 120.000000 111.181473
-0.003265 0.007134 120.000000 10.273253
-0.002475 0.072697 120.000000 82.139535
0.007147 0.087063 120.000000 111.868364
0.005502 0.008039 120.000000 8.880835
0.009980 0.021797 120.000000 31.023028
0.004400 0.039717 120.000000 47.287965
0.009094 0.038624 120.000000 51.491930
-0.001607 0.009984 120.000000 8.221859
-0.006697 0.007135 120.000000 14.581793
-0.000781 0.023390 120.000000 21.054274
-0.009637 0.038724 120.000000 32.350303
-0.002357 0.065094 120.000000 72.456144
-0.007683 0.088520 120.000000 96.885794
-0.008686 0.064123 120.000000 64.594691
-0.005717 0.050898 120.000000 50.750406
-0.007467 0.023782 120.000000 17.461544
0.004540 0.048268 120.000000 58.499256
0.002792 0.054057 120.000000 63.964032
-0.003153 0.075027 120.000000 84.400997
-0.001693 0.090269 120.000000 105.743342
-0.009579 0.007711 120.000000 18.019804
-0.004324 0.007023 120.000000 11.610932
-0.000836 0.022288 120.000000 19.680427
-0.008567 0.051959 120.000000 49.360473
-0.005620 0.098480 120.000000 111.983289
0.008118 0.020493 120.000000 27.036755
-0.005590 0.089956 120.000000 101.003886
0.006599 0.077823 120.000000 99.227185
-0.009447 0.076525 120.000000 79.638230
0.004773 0.022783 120.000000 25.977926
-0.008219 0.004156 120.000000 19.261479
0.006114 0.013015 120.000000 15.281053
0.005399 0.029234 120.000000 34.949590
-0.006537 0.005072 120.000000 16.067259
-0.005460 0.091259 120.000000 102.828549
-0.009503 0.081964 120.000000 86.542234
0.009865 0.070677 120.000000 93.895870
0.006595 0.065980 120.000000 83.867258
0.000783 0.046444 120.000000 51.867298
0.009229 0.007745 120.000000 12.785943
-0.008369 0.086108 120.000000 93.052005
0.002282 0.085824 120.000000 104.531531
-0.001143 0.082486 120.000000 96.286518
0.004591 0.093100 120.000000 116.669682
0.002909 0.089123 120.000000 109.538353
-0.001820 0.098884 120.000000 116.757759
-0.000691 0.069483 120.000000 79.970223
-0.005070 0.008623 120.000000 11.571196
-0.006222 0.002315 120.000000 18.252003
-0.004942 0.056530 120.000000 58.702492
-0.006738 0.029350 120.000000 23.546625
0.008001 0.085068 120.000000 110.301892
-0.008657 0.030579 120.000000 23.788159
0.000843 0.012605 120.000000 10.061935
-0.007992 0.070954 120.000000 74.006389
0.008670 0.072776 120.000000 95.167971
-0.005598 0.023347 120.000000 17.713206
0.005820 0.039516 120.000000 48.690725
0.004292 0.069002 120.000000 85.063305
0.002073 0.065443 120.000000 77.876242
-0.004412 0.016958 120.000000 12.289638
-0.008005 0.056993 120.000000 56.224719
0.004704 0.042019 120.000000 50.613030
0.004994 0.028409 120.000000 33.420042
-0.007315 0.025631 120.000000 19.279556
-0.000052 0.095057 120.000000 113.813683
0.006673 0.024718 120.000000 30.669127
0.002156 0.005735 120.000000 6.023680
0.007414 0.064857 120.000000 83.390161
0.005944 0.016693 120.000000 19.632775
-0.006062 0.089707 120.000000 100.167097
0.002098 0.094505 120.000000 115.576799
-0.008824 0.056789 120.000000 55.181076
-0.006941 0.036931 120.000000 32.263613
0.006932 0.082049 120.000000 105.106531
0.000676 0.058079 120.000000 66.761641
-0.006852 0.061253 120.000000 62.780151
0.009893 0.076307 120.000000 101.226376
0.004610 0.071866 120.000000 89.148687
0.005206 0.038502 120.000000 46.659272
0.003447 0.086113 120.000000 106.262141
-0.000386 0.004573 120.000000 8.532768
0.002403 0.016068 120.000000 15.107629
-0.009085 0.028820 120.000000 21.756373
0.007916 0.058443 120.000000 75.683758
0.008000 0.053776 120.000000 69.742928
0.003010 0.066996 120.000000 80.968725
-0.009214 0.025433 120.000000 18.533822
0.009915 0.071853 120.000000 95.481699
0.002484 0.098126 120.000000 120.722261
0.005562 0.073005 120.000000 91.748209
-0.007560 0.019970 120.000000 14.442131
-0.000984 0.053652 120.000000 59.209843
0.002039 0.094135 120.000000 115.028802
-0.002545 0.016177 120.000000 11.988961
0.000846 0.056394 120.000000 64.775194
-0.009087 0.042051 120.000000 36.714010
-0.005780 0.014330 120.000000 11.318613
-0.008766 0.007212 120.000000 17.310380
0.003446 0.098420 120.000000 122.227513
0.006982 0.012108 120.000000 15.187709
0.004311 0.036519 120.000000 43.059417
0.008427 0.051088 120.000000 66.782062
-0.001970 0.078683 120.000000 90.436513
-0.009068 0.087045 120.000000 93.517114
0.003441 0.078717 120.000000 96.662439
0.006008 0.048314 120.000000 60.286896
-0.002583 0.048743 120.000000 51.194531
-0.004363 0.098745 120.000000 113.719051
0.007340 0.064274 120.000000 82.546001
0.006199 0.019218 120.000000 23.107923
0.006837 0.076698 120.000000 98.052116
-0.008641 0.009029 120.000000 15.776913
-0.009320 0.040725 120.000000 34.943286
-0.009442 0.067541 120.000000 68.187208
-0.000616 0.081354 120.000000 95.415968
-0.000920 0.067198 120.000000 76.760353
-0.004752 0.076837 120.000000 84.989703
0.003188 0.080400 120.000000 98.550409
-0.000588 0.018654 120.000000 15.619139
-0.007068 0.061310 120.000000 62.633896
0.003807 0.074669 120.000000 91.842000
0.003015 0.080963 120.000000 99.078202
-0.008987 0.062743 120.000000 62.547423
-0.009275 0.045631 120.000000 40.902927
0.007419 0.014297 120.000000 18.395916
-0.003613 0.068616 120.000000 75.629008
0.009154 0.005341 120.000000 10.079869
-0.009945 0.026130 120.000000 19.006240
-0.003441 0.045963 120.000000 46.761144
-0.004407 0.037937 120.000000 35.699974
0.005824 0.068501 120.000000 86.218268
-0.000466 0.076091 120.000000 88.772191
-0.009700 0.028519 120.000000 21.231346
0.005178 0.020357 120.000000 23.363316
-0.006536 0.027048 120.000000 21.130489
-0.007148 0.086130 120.000000 94.381421
-0.004390 0.050100 120.000000 51.064692
0.002475 0.011796 120.000000 10.288761
0.004601 0.095969 120.000000 120.403471
0.003677 0.032968 120.000000 37.762517
-0.008489 0.050933 120.000000 48.149881
-0.008656 0.020700 120.000000 15.045170
-0.001737 0.011711 120.000000 8.865018
-0.001709 0.020063 120.000000 16.409693
-0.004480 0.093852 120.000000 107.261307
-0.004471 0.093685 120.000000 107.054958
0.009439 0.094902 120.000000 124.790652
0.000880 0.081576 120.000000 97.407920
-0.006169 0.096890 120.000000 109.323942
0.009695 0.077903 120.000000 103.054494
0.000000 0.100000 140.000000 122.554226
-0.006475 0.004184 140.000000 16.764485
0.000287 0.065128 140.000000 76.927587
0.008232 0.001912 140.000000 6.276161
0.005733 0.086630 140.000000 111.520452
-0.006061 0.076124 140.000000 84.489408
0.001875 0.039256 140.000000 44.713082
0.001333 0.089042 140.000000 109.616801
0.003031 0.065896 140.000000 81.037845
-0.004986 0.081492 140.000000 92.669862
0.008961 0.061646 140.000000 82.395465
0.003142 0.089140 140.000000 111.820170
-0.004135 0.048347 140.000000 50.269671
0.008785 0.057056 140.000000 76.137217
-0.001525 0.088811 140.000000 106.088766
-0.000114 0.035504 140.000000 37.701415
0.003561 0.099916 140.000000 126.526686
0.006004 0.028972 140.000000 35.927529
0.004561 0.067775 140.000000 85.279226
-0.005399 0.018951 140.000000 14.191304
0.001071 0.013086 140.000000 10.954938
0.007735 0.001946 140.000000 5.928445
0.002444 0.039206 140.000000 45.275616
-0.006134 0.006613 140.000000 14.222292
0.006580 0.092528 140.000000 120.299953
-0.001123 0.079027 140.000000 93.651561
-0.001387 0.072232 140.000000 84.418167
0.008095 0.025013 140.000000 33.257429
0.002781 0.061920 140.000000 75.513440
-0.004879 0.025300 140.000000 20.842685
-0.001830 0.048207 140.000000 52.442835
-0.006982 0.015234 140.000000 12.470562
-0.000182 0.023225 140.000000 21.942139
-0.007030 0.071497 140.000000 77.435044
-0.008068 0.090455 140.000000 101.140522
0.001634 0.087962 140.000000 108.535921
-0.003430 0.042326 140.000000 43.188931
0.005017 0.090660 140.000000 116.002843
-0.002416 0.009657 140.000000 8.784031
0.002448 0.030263 140.000000 33.600440
0.008352 0.073920 140.000000 97.846722
-0.002018 0.053445 140.000000 59.085771
-0.001335 0.089549 140.000000 107.273163
0.004370 0.050439 140.000000 62.215401
-0.005489 0.049947 140.000000 51.004438
0.003992 0.042465 140.000000 51.294178
-0.002569 0.006123 140.000000 10.054981
0.005145 0.038758 140.000000 47.752239
-0.006811 0.027153 140.000000 21.811429
0.007948 0.090855 140.000000 119.709858
-0.001056 0.068463 140.000000 79.825855
0.009706 0.029872 140.000000 41.570017
0.001637 0.031650 140.000000 34.533880
-0.002829 0.041622 140.000000 42.873348
-0.004270 0.026052 140.000000 22.110350
-0.008404 0.008333 140.000000 15.958545
0.006738 0.061429 140.000000 79.460467
0.007069 0.021336 140.000000 27.246601
-0.001593 0.044147 140.000000 47.400312
0.008965 0.027750 140.000000 37.887008
-0.003675 0.002506 140.000000 14.497190
0.001956 0.012443 140.000000 10.851533
0.002782 0.068263 140.000000 83.873353
-0.007326 0.035161 140.000000 30.774685
-0.000391 0.051533 140.000000 58.324508
0.006837 0.033650 140.000000 43.033843
0.008756 0.037020 140.000000 49.758185
0.009892 0.065800 140.000000 88.991979
0.008931 0.095252 140.000000 126.682247
-0.009883 0.052708 140.000000 50.457939
-0.002664 0.088881 140.000000 104.916010
-0.002075 0.010656 140.000000 8.744087
-0.005004 0.048572 140.000000 49.704071
-0.005193 0.056435 140.000000 59.698305
-0.008732 0.059113 140.000000 59.687240
0.002714 0.008553 140.000000 7.476572
-0.004892 0.017532 140.000000 13.099459
0.001834 0.072231 140.000000 88.021642
0.003420 0.060740 140.000000 74.689722
0.009498 0.012075 140.000000 18.436956
-0.008061 0.059553 140.000000 60.898094
-0.003461 0.082609 140.000000 95.788500
0.002103 0.067435 140.000000 82.006835
-0.001313 0.081756 140.000000 97.032703
0.004130 0.015540 140.000000 16.502221
-0.002841 0.035443 140.000000 34.926907
-0.002739 0.095711 140.000000 113.825750
0.007066 0.004992 140.000000 7.459956
0.003945 0.007441 140.000000 7.172380
-0.001724 0.074325 140.000000 86.799399
-0.006883 0.051865 140.000000 52.131476
-0.005956 0.014753 140.000000 11.784144
0.004926 0.007956 140.000000 8.383109
0.007620 0.033232 140.000000 43.421503
-0.009302 0.087799 140.000000 96.373582
0.003358 0.013156 140.000000 12.823593
0.003670 0.070978 140.000000 88.472175
-0.008840 0.048685 140.000000 46.292099
-0.001063 0.055648 140.000000 62.992563
-0.000774 0.078759 140.000000 93.687294
0.009843 0.099838 140.000000 133.821396
-0.001739 0.014230 140.000000 10.855592
0.009135 0.099226 140.000000 132.169534
0.003647 0.089602 140.000000 113.012992
0.004991 0.077005 140.000000 97.952729
-0.007613 0.019067 140.000000 14.345070
-0.004698 0.077602 140.000000 87.874601
0.000370 0.073826 140.000000 88.471536
0.001591 0.062392 140.000000 74.786235
-0.003435 0.088018 140.000000 102.930776
0.008166 0.067187 140.000000 88.747092
-0.002435 0.010488 140.000000 8.881568
0.004459 0.045744 140.000000 56.139506
-0.009594 0.051083 140.000000 48.659227
0.000632 0.036593 140.000000 39.896081
0.000300 0.090791 140.000000 110.750144
0.001872 0.047674 140.000000 55.746820
0.005826 0.066799 140.000000 85.468317
0.001506 0.037320 140.000000 41.781148
-0.009481 0.085899 140.000000 93.705486
-0.008624 0.094955 140.000000 106.448103
0.000985 0.001746 140.000000 9.143820
0.001756 0.012012 140.000000 10.254253
-0.001633 0.057074 140.000000 64.246854
-0.000641 0.061814 140.000000 71.544050
-0.004519 0.065918 140.000000 72.759011
-0.009614 0.068124 140.000000 70.459918
0.001128 0.058025 140.000000 68.520606
0.008677 0.043714 140.000000 58.452938
-0.000018 0.049501 140.000000 56.066150
0.006407 0.050265 140.000000 64.361966
0.002902 0.038121 140.000000 44.363108
0.008271 0.072143 140.000000 95.407666
0.006907 0.042031 140.000000 54.118520
0.003571 0.016776 140.000000 17.471648
-0.003346 0.095026 140.000000 112.251478
0.001627 0.010743 140.000000 8.915432
-0.007591 0.049079 140.000000 47.907229
-0.005102 0.091695 140.000000 105.944753
-0.007836 0.037448 140.000000 33.161461
0.003992 0.056328 140.000000 69.535175
0.009544 0.010680 140.000000 16.778997
-0.002318 0.019372 140.000000 15.735241
0.009924 0.004315 140.000000 10.016722
0.006476 0.056263 140.000000 72.343703
0.008143 0.068727 140.000000 90.751204
0.008049 0.075703 140.000000 99.838946
-0.006387 0.089964 140.000000 102.284583
-0.004318 0.029339 140.000000 26.007036
-0.009397 0.071220 140.000000 74.682370
-0.008241 0.015910 140.000000 13.395782
-0.004779 0.017777 140.000000 13.301717
-0.006927 0.067289 140.000000 72.057312
0.005139 0.096398 140.000000 123.718431
0.000405 0.074923 140.000000 89.954507
0.004391 0.039197 140.000000 47.458580
0.002146 0.019513 140.000000 19.480836
0.008433 0.039866 140.000000 53.102919
-0.005426 0.015549 140.000000 11.892617
0.008665 0.015095 140.000000 21.180166
0.006934 0.060061 140.000000 77.890260
0.004201 0.092712 140.000000 117.760900
0.005812 0.028364 140.000000 34.908074
0.000301 0.079413 140.000000 95.754289
-0.008590 0.013052 140.000000 13.832343
-0.008478 0.078096 140.000000 84.555084
-0.000985 0.059952 140.000000 68.722704
-0.006842 0.081072 140.000000 90.144164
0.001074 0.081733 140.000000 99.683911
0.006547 0.005708 140.000000 7.624484
-0.003736 0.004373 140.000000 12.851755
0.003671 0.018730 140.000000 20.042391
-0.009038 0.070974 140.000000 74.721206
-0.002083 0.072983 140.000000 84.641455
-0.000828 0.046301 140.000000 51.011234
0.003783 0.074605 140.000000 93.385741
0.005648 0.065250 140.000000 83.216111
0.000813 0.044676 140.000000 50.648336
0.005270 0.077233 140.000000 98.578771
0.007184 0.092234 140.000000 120.625768
0.002558 0.048804 140.000000 57.999264
0.000515 0.087868 140.000000 107.138809
-0.002320 0.059039 140.000000 66.084756
-0.007647 0.033699 140.000000 28.797359
-0.005786 0.005008 140.000000 15.069599
-0.002430 0.007905 140.000000 9.058920
-0.005626 0.085620 140.000000 97.399961
0.005053 0.086694 140.000000 110.809887
-0.009418 0.068994 140.000000 71.776533
-0.006304 0.077300 140.000000 85.773790
-0.003525 0.011179 140.000000 9.630147
-0.007420 0.079984 140.000000 88.114746
0.007512 0.099329 140.000000 130.377054
-0.008672 0.099770 140.000000 112.709071
0.007842 0.069949 140.000000 92.003481
-0.004062 0.027575 140.000000 24.070688
0.002269 0.030940 140.000000 34.288718
0.008450 0.042635 140.000000 56.760257
-0.004058 0.061910 140.000000 68.003082
0.000248 0.008244 140.000000 7.168698
0.007087 0.027987 140.000000 35.920304
-0.000583 0.045116 140.000000 49.723307
-0.000642 0.063676 140.000000 73.989449
-0.002369 0.042233 140.000000 44.122862
-0.008954 0.065298 140.000000 67.448727
0.002864 0.059655 140.000000 72.624409
0.003286 0.005065 140.000000 5.665715
-0.008985 0.083610 140.000000 91.229640
0.001796 0.037846 140.000000 42.782810
-0.003208 0.089087 140.000000 104.587281
-0.001994 0.072313 140.000000 83.858575
0.004474 0.059837 140.000000 74.714608
0.003344 0.094331 140.000000 118.904624
0.002755 0.094856 140.000000 118.917597
0.005161 0.016380 140.000000 18.671359
-0.008808 0.084882 140.000000 93.073774
-0.001508 0.008598 140.000000 8.152155
0.006867 0.045119 140.000000 58.132910
0.008628 0.082879 140.000000 109.993544
-0.002977 0.051679 140.000000 55.776071
0.003183 0.029544 140.000000 33.466760
0.006271 0.067970 140.000000 87.534867
-0.003707 0.030020 140.000000 27.332250
0.001556 0.075217 140.000000 91.641696
0.003629 0.087215 140.000000 109.842773
0.001030 0.085548 140.000000 104.664355
0.001028 0.064134 140.000000 76.447473
-0.007356 0.026640 140.000000 20.991275
0.007131 0.037616 140.000000 48.585911
-0.006191 0.012782 140.000000 11.648523
-0.007081 0.098543 140.000000 112.801109
0.001766 0.054848 140.000000 65.055574
0.001410 0.039462 140.000000 44.475699
0.003685 0.086372 140.000000 108.795195
-0.001050 0.086676 140.000000 103.806808
-0.008707 0.085716 140.000000 94.269085
-0.009086 0.094351 140.000000 105.170159
-0.009766 0.049896 140.000000 47.014761
0.008912 0.085276 140.000000 113.496273
-0.001653 0.050068 140.000000 55.059356
-0.005650 0.062340 140.000000 66.914988
-0.000279 0.075151 140.000000 89.489171
0.000530 0.067014 140.000000 79.679841
-0.009621 0.045059 140.000000 41.102809
0.006193 0.045804 140.000000 58.237921
-0.004008 0.034803 140.000000 33.044683
0.003029 0.078338 140.000000 97.439960
0.000578 0.041159 140.000000 45.794811
0.004905 0.025990 140.000000 30.767293
0.001190 0.027656 140.000000 28.898932
-0.003201 0.014920 140.000000 11.212629
-0.005861 0.042648 140.000000 41.304178
-0.001287 0.066159 140.000000 76.544340
0.007773 0.092919 140.000000 122.226306
0.006763 0.077771 140.000000 101.042012
-0.006460 0.083682 140.000000 93.968100
0.006286 0.079551 140.000000 102.828683
-0.001866 0.034965 140.000000 35.248405
-0.006434 0.031275 140.000000 26.768067
0.005354 0.052658 140.000000 66.278155
0.007555 0.053663 140.000000 70.197478
-0.000795 0.015022 140.000000 11.936193
0.000897 0.058616 140.000000 69.040460
-0.004752 0.001968 140.000000 16.525703
-0.004554 0.038043 140.000000 36.648065
0.003406 0.068436 140.000000 84.815609
-0.001770 0.076905 140.000000 90.142640
-0.004938 0.075388 140.000000 84.715290
0.004526 0.060044 140.000000 75.046243
0.005083 0.021633 140.000000 25.316640
0.005001 0.046538 140.000000 57.811580
0.007076 0.041662 140.000000 53.834469
-0.008566 0.078221 140.000000 84.627970
0.003847 0.023477 140.000000 26.321845
0.007042 0.034898 140.000000 44.913745
0.006842 0.048105 140.000000 62.033146
0.008990 0.053239 140.000000 71.359397
-0.001133 0.057014 140.000000 64.707594
-0.002869 0.079253 140.000000 92.024475
0.008215 0.012286 140.000000 17.094357
0.009875 0.073244 140.000000 98.781451
0.003999 0.016708 140.000000 17.830702
0.005816 0.073095 140.000000 93.759300
-0.002239 0.028226 140.000000 26.356523
-0.006603 0.064812 140.000000 69.162305
-0.005116 0.085524 140.000000 97.821674
-0.001740 0.095502 140.000000 114.663516
-0.002113 0.078575 140.000000 91.961081
0.003280 0.091323 140.000000 114.860092
0.007825 0.036160 140.000000 47.506145
-0.007736 0.014966 140.000000 12.923712
0.009525 0.004492 140.000000 9.705179
0.007676 0.032020 140.000000 41.900594
-0.006252 0.046977 140.000000 46.461230
-0.001900 0.021871 140.000000 18.875878
-0.006931 0.095102 140.000000 108.444034
-0.002107 0.058551 140.000000 65.673910
-0.002930 0.036024 140.000000 35.583967
0.009422 0.092608 140.000000 123.778365
-0.007391 0.057711 140.000000 59.171382
0.003232 0.036231 140.000000 42.256505
-0.007461 0.090831 140.000000 102.275619
-0.002599 0.034045 140.000000 33.371308
0.008079 0.042849 140.000000 56.593817
0.001101 0.095980 140.000000 118.504371
0.001197 0.020186 140.000000 19.416907
-0.006350 0.085972 140.000000 97.085795
-0.001209 0.016233 140.000000 12.974789
-0.007965 0.034517 140.000000 29.547191
-0.007568 0.094961 140.000000 107.577798
-0.000180 0.009031 140.000000 7.542515
-0.003364 0.094085 140.000000 110.993005
0.006656 0.015281 140.000000 18.985607
-0.002127 0.009368 140.000000 8.578747
0.003797 0.019474 140.000000 21.122577
-0.005844 0.057380 140.000000 60.269992
-0.001051 0.067591 140.000000 78.686574
-0.009483 0.078757 140.000000 84.391326
0.001513 0.082215 140.000000 100.817917
0.002180 0.069400 140.000000 84.685041
-0.007002 0.042799 140.000000 40.478817
-0.008761 0.008174 140.000000 16.547934
0.009069 0.028837 140.000000 39.432651
0.008116 0.088319 140.000000 116.562716
0.009026 0.091603 140.000000 121.979536
-0.002056 0.015922 140.000000 12.292255
-0.002967 0.093866 140.000000 111.143349
0.004283 0.067209 140.000000 84.210064
-0.007206 0.099836 140.000000 114.365623
-0.005615 0.013520 140.000000 11.293874
-0.001733 0.036271 140.000000 37.057388
0.006655 0.025409 140.000000 32.044660
0.007556 0.040448 140.000000 52.813121
-0.008779 0.025919 140.000000 19.747987
-0.002597 0.050992 140.000000 55.275467
0.009712 0.069864 140.000000 94.129079
0.006320 0.071649 140.000000 92.445362
0.009967 0.027154 140.000000 38.351121
-0.006933 0.059203 140.000000 61.549995
-0.009839 0.091754 140.000000 100.984377
-0.008554 0.091477 140.000000 101.966120
-0.008361 0.023021 140.000000 17.236980
-0.002221 0.067538 140.000000 77.336811
0.009099 0.072940 140.000000 97.448833
-0.007210 0.068894 140.000000 73.858484
-0.006145 0.040186 140.000000 37.938168
-0.000965 0.095961 140.000000 116.138460
-0.004753 0.038375 140.000000 36.888483
0.009841 0.080023 140.000000 107.680282
0.002388 0.008910 140.000000 7.632914
0.005872 0.027472 140.000000 33.814924
-0.006661 0.079334 140.000000 88.059941
0.001214 0.038726 140.000000 43.300805
0.004051 0.067620 140.000000 84.482960
0.006842 0.056617 140.000000 73.243222
-0.009527 0.061166 140.000000 61.571765
-0.006526 0.055120 140.000000 56.669536
0.006844 0.062637 140.000000 81.177949
0.008371 0.086567 140.000000 114.553783
0.000598 0.088473 140.000000 108.030230
-0.009836 0.015252 140.000000 14.660341
0.002000 0.006718 140.000000 6.276001
0.003488 0.052693 140.000000 64.169129
0.004842 0.085042 140.000000 108.384118
0.001460 0.036114 140.000000 40.157027
-0.004040 0.045744 140.000000 46.999671
-0.006606 0.077531 140.000000 85.758369
0.000071 0.024625 140.000000 23.931225
0.006900 0.052885 140.000000 68.394040
-0.002139 0.092646 140.000000 110.455466
-0.000321 0.035043 140.000000 36.890694
-0.003421 0.090983 140.000000 106.846897
-0.006628 0.063540 140.000000 67.482719
-0.003388 0.075006 140.000000 85.878289
0.005282 0.092052 140.000000 118.148676
0.003842 0.073120 140.000000 91.494885
0.004414 0.093747 140.000000 119.374571
-0.000036 0.007371 140.000000 7.199889
0.000459 0.056889 140.000000 66.284426
-0.008454 0.007683 140.000000 16.505177
-0.000237 0.010634 140.000000 8.342045
-0.000068 0.022666 140.000000 21.348244
-0.006959 0.030966 140.000000 26.048884
-0.005859 0.052440 140.000000 53.860392
0.008391 0.071554 140.000000 94.774492
0.007420 0.084339 140.000000 110.485578
-0.003292 0.041007 140.000000 41.625888
0.008592 0.021009 140.000000 28.672080
0.008264 0.009628 140.000000 13.901035
0.003967 0.085077 140.000000 107.412377
0.000349 0.096130 140.000000 117.846551
-0.009375 0.094963 140.000000 105.666798
0.005910 0.069340 140.000000 88.916734
0.008250 0.019046 140.000000 25.718706
0.003499 0.097065 140.000000 122.691366
0.004230 0.099525 140.000000 126.786566
-0.002084 0.035493 140.000000 35.713749
0.004793 0.098303 140.000000 125.829299
0.009705 0.073782 140.000000 99.285681
-0.009915 0.030813 140.000000 24.263445
-0.003728 0.033272 140.000000 31.366762
0.005566 0.026245 140.000000 31.859390
0.007185 0.001134 140.000000 5.476004
0.005744 0.063838 140.000000 81.468012
0.008449 0.097249 140.000000 128.743077
0.007837 0.026063 140.000000 34.310975
0.006446 0.044208 140.000000 56.436887
-0.003211 0.023539 140.000000 19.899769
-0.003044 0.059649 140.000000 66.114495
0.004319 0.095008 140.000000 120.928234
0.001517 0.090567 140.000000 111.837108
0.000396 0.099286 140.000000 122.061120
0.004165 0.046313 140.000000 56.550203
0.003166 0.031559 140.000000 36.074910
0.007190 0.032228 140.000000 41.589347
-0.001172 0.067057 140.000000 77.851672
-0.001517 0.053184 140.000000 59.277700
-0.005372 0.033436 140.000000 30.183521
0.003363 0.024677 140.000000 27.344821
0.001233 0.039939 140.000000 44.906354
0.001973 0.080536 140.000000 99.129488
0.003169 0.024011 140.000000 26.275049
0.000110 0.088284 140.000000 107.229147
0.008742 0.052286 140.000000 69.805433
0.003739 0.033571 140.000000 39.343822
0.001463 0.078287 140.000000 95.583001
0.007108 0.096764 140.000000 126.515230
0.004059 0.083192 140.000000 105.033448
0.001926 0.094119 140.000000 116.991897
0.002289 0.011572 140.000000 10.145814
0.005163 0.037203 140.000000 45.730948
-0.008135 0.066141 140.000000 69.349488
0.007070 0.073537 140.000000 95.820259
0.000315 0.083487 140.000000 101.137086
0.001672 0.040332 140.000000 45.898439
-0.004930 0.055661 140.000000 58.959309
0.005007 0.035881 140.000000 43.816543
0.004072 0.037125 140.000000 44.375163
0.005459 0.097359 140.000000 125.361624
0.004145 0.038736 140.000000 46.571743
-0.003340 0.068048 140.000000 76.799875
0.001754 0.023421 140.000000 24.042068
-0.002866 0.093773 140.000000 111.132627
0.007690 0.008465 140.000000 11.835708
-0.003924 0.033098 140.000000 30.976991
-0.007213 0.083989 140.000000 93.573164
0.007570 0.022998 140.000000 30.002602
0.001274 0.053058 140.000000 62.154672
0.006178 0.080744 140.000000 104.275101
0.007802 0.063549 140.000000 83.517045
0.005204 0.083618 140.000000 106.927680
0.007981 0.033548 140.000000 44.268546
0.001079 0.047564 140.000000 54.724995
-0.009371 0.040859 140.000000 36.146834
0.006351 0.087407 140.000000 113.272960
-0.006741 0.072013 140.000000 78.406657
0.004006 0.012180 140.000000 12.273592
0.009016 0.072649 140.000000 96.964680
0.003131 0.039871 140.000000 46.912864
-0.009899 0.090725 140.000000 99.578191
-0.001048 0.048872 140.000000 54.136925
-0.006799 0.004377 140.000000 17.035978
-0.004926 0.024078 140.000000 19.444708
0.008365 0.021149 140.000000 28.573207
0.002403 0.078187 140.000000 96.522558
0.006941 0.047299 140.000000 61.089686
-0.007010 0.086113 140.000000 96.570337
-0.001145 0.021727 140.000000 19.283130
0.003799 0.016613 140.000000 17.502671
0.003149 0.055243 140.000000 67.139840
0.005529 0.076756 140.000000 98.253657
0.009835 0.021517 140.000000 30.874042
-0.009022 0.002647 140.000000 21.868595
0.003766 0.061057 140.000000 75.504883
0.005206 0.020746 140.000000 24.310890
-0.005583 0.065604 140.000000 71.238800
0.001912 0.061322 140.000000 73.740278
0.004650 0.004042 140.000000 5.409408
0.000061 0.084682 140.000000 102.426952
0.000774 0.086449 140.000000 105.561448
-0.001300 0.030725 140.000000 30.370749
-0.002771 0.049148 140.000000 52.691712
0.007999 0.052120 140.000000 68.696065
0.001529 0.097943 140.000000 121.582113
0.006013 0.046044 140.000000 58.342254
-0.009843 0.015810 140.000000 14.627262
-0.003823 0.058913 140.000000 64.333973
0.006480 0.097271 140.000000 126.443566
0.004822 0.048867 140.000000 60.667648
-0.006242 0.033752 140.000000 29.885050
-0.005003 0.092503 140.000000 107.114388
-0.003972 0.062985 140.000000 69.498765
-0.008655 0.095702 140.000000 107.394561
-0.001948 0.046440 140.000000 50.017521
-0.005881 0.059796 140.000000 63.371305
0.004884 0.090476 140.000000 115.603851
-0.008802 0.051252 140.000000 49.573588
-0.006420 0.033978 140.000000 30.022744
0.001364 0.009946 140.000000 8.110438
0.006128 0.011723 140.000000 13.937279
-0.000137 0.071124 140.000000 84.345953
0.005207 0.021036 140.000000 24.686976
0.000506 0.096376 140.000000 118.348616
0.003855 0.066860 140.000000 83.254973
0.008286 0.070717 140.000000 93.544896
0.003176 0.032788 140.000000 37.690506
0.001278 0.088847 140.000000 109.297690
0.002085 0.084895 140.000000 105.006413
0.004165 0.049307 140.000000 60.488880
0.008407 0.096796 140.000000 128.095030
-0.008328 0.092876 140.000000 104.036366
-0.000006 0.045317 140.000000 50.601940
0.001148 0.033514 140.000000 36.437852
0.007695 0.018787 140.000000 24.709176
0.003860 0.009836 140.000000 9.472468
-0.007035 0.096939 140.000000 110.745385
-0.002796 0.013337 140.000000 10.143119
-0.001916 0.075300 140.000000 87.871714
0.005678 0.005698 140.000000 6.864630
0.002537 0.033055 140.000000 37.334751
0.007871 0.091869 140.000000 120.956572
0.002519 0.014169 140.000000 13.272111
0.001966 0.039494 140.000000 45.124873
-0.007931 0.031682 140.000000 26.260399
0.004590 0.006837 140.000000 7.057972
-0.009653 0.033392 140.000000 27.196332
-0.008896 0.088230 140.000000 97.359284
0.007268 0.003618 140.000000 6.526236
0.000442 0.029805 140.000000 30.904360
-0.008199 0.020106 140.000000 15.086079
0.001011 0.086641 140.000000 106.084011
-0.007765 0.019680 140.000000 14.749746
-0.004826 0.011261 140.000000 10.592546
0.009945 0.010971 140.000000 17.648527
0.004570 0.073640 140.000000 93.024145
0.008945 0.058524 140.000000 78.264549
0.004336 0.058462 140.000000 72.742218
-0.007368 0.041251 140.000000 38.225713
-0.002455 0.052148 140.000000 56.932371
-0.002780 0.003728 140.000000 12.146699
-0.009058 0.071225 140.000000 75.025746
0.007305 0.022844 140.000000 29.483823
-0.000592 0.038943 140.000000 41.671836
0.000603 0.026547 140.000000 26.885887
-0.007317 0.045507 140.000000 43.619586
0.007614 0.057998 140.000000 75.977404
-0.002422 0.078326 140.000000 91.293688
-0.001529 0.082168 140.000000 97.335586
0.002487 0.016483 140.000000 16.039245
-0.001135 0.071826 140.000000 84.162658
-0.009823 0.078192 140.000000 83.312401
0.004374 0.049394 140.000000 60.844488
0.003845 0.002799 140.000000 5.681818
-0.002124 0.079085 140.000000 92.620487
-0.004318 0.071840 140.000000 80.724873
-0.004107 0.096951 140.000000 113.944977
-0.003593 0.076602 140.000000 87.751556
0.005143 0.067929 140.000000 86.159103
-0.003230 0.038192 140.000000 38.070825
0.009019 0.099221 140.000000 132.024149
0.003568 0.075612 140.000000 94.465139
0.004425 0.096377 140.000000 122.857499
0.007384 0.097417 140.000000 127.703432
0.001398 0.072610 140.000000 88.027893
-0.008145 0.007900 140.000000 15.927722
-0.000659 0.096592 140.000000 117.315052
-0.001650 0.011585 140.000000 8.997553
-0.008728 0.084809 140.000000 93.061012
-0.009603 0.060727 140.000000 60.936466
0.003938 0.020512 140.000000 22.604136
0.001789 0.005895 140.000000 6.206109
0.009275 0.069085 140.000000 92.577242
0.002219 0.059519 140.000000 71.713999
0.004105 0.036902 140.000000 44.121759
-0.008844 0.074255 140.000000 79.178569
-0.004791 0.065462 140.000000 71.878446
0.002114 0.030661 140.000000 33.758415
-0.001421 0.038170 140.000000 39.819856
-0.005914 0.069908 140.000000 76.515141
-0.004477 0.092862 140.000000 108.160242
-0.004834 0.094643 140.000000 110.111400
-0.000353 0.014978 140.000000 12.118355
-0.008453 0.080340 140.000000 87.509182
-0.001116 0.098654 140.000000 119.518276
-0.001746 0.047187 140.000000 51.201564
-0.009005 0.091245 140.000000 101.189413
0.004917 0.054466 140.000000 68.150664
0.004917 0.062379 140.000000 78.578245
-0.007174 0.062097 140.000000 65.060655
-0.003298 0.077125 140.000000 88.758748
0.001305 0.024325 140.000000 24.745384
0.006212 0.089090 140.000000 115.330021
0.006583 0.060055 140.000000 77.466994
0.002571 0.025314 140.000000 27.318992
0.004271 0.025678 140.000000 29.644628
0.000832 0.070095 140.000000 84.076041
-0.006736 0.052675 140.000000 53.313549
0.006459 0.031317 140.000000 39.529309
0.006653 0.052944 140.000000 68.180128
-0.002388 0.043287 140.000000 45.468679
0.008084 0.066792 140.000000 88.128839
-0.002429 0.027334 140.000000 25.083253
0.002762 0.037891 140.000000 43.906183
0.009333 0.080701 140.000000 107.964875
0.004435 0.041526 140.000000 50.567656
0.009558 0.055158 140.000000 74.571191
-0.006036 0.002175 140.000000 18.114030
-0.001959 0.002980 140.000000 11.736050
-0.006238 0.055517 140.000000 57.465179
-0.005775 0.051478 140.000000 52.700715
0.001043 0.040130 140.000000 44.951517
-0.008678 0.058633 140.000000 59.120948
-0.007285 0.079538 140.000000 87.673562
-0.005794 0.019177 140.000000 14.332040
0.006677 0.036327 140.000000 46.354200
-0.002562 0.016728 140.000000 12.880679
-0.007289 0.090220 140.000000 101.656948
0.003580 0.013201 140.000000 13.085676
-0.002573 0.002294 140.000000 13.205136
0.003095 0.059307 140.000000 72.429799
0.002773 0.072558 140.000000 89.524430
-0.004126 0.024671 140.000000 20.598862
-0.000140 0.096105 140.000000 117.258939
0.004735 0.079911 140.000000 101.489367
0.001086 0.011614 140.000000 9.477377
0.008790 0.034213 140.000000 46.120874
-0.001055 0.068384 140.000000 79.723084
0.000925 0.018694 140.000000 17.331910
0.008057 0.024321 140.000000 32.310508
-0.008063 0.064708 140.000000 67.562884
0.002475 0.070744 140.000000 86.792286
-0.004870 0.017612 140.000000 13.163380
-0.005109 0.078922 140.000000 89.166065
0.004188 0.070877 140.000000 88.936073
0.005474 0.075135 140.000000 96.050960
0.005668 0.033645 140.000000 41.651199
-0.007369 0.086838 140.000000 97.140196
0.001135 0.035903 140.000000 39.532752
-0.002063 0.065598 140.000000 74.962128
0.003154 0.059868 140.000000 73.236061
0.009365 0.056868 140.000000 76.589734
0.000925 0.090154 140.000000 110.619500
0.000474 0.099999 140.000000 123.091600
0.006731 0.096518 140.000000 125.745535
0.008769 0.055514 140.000000 74.088236
0.003780 0.026379 140.000000 30.009293
0.000405 0.059336 140.000000 69.440556
0.001477 0.087483 140.000000 107.724419
0.008852 0.051340 140.000000 68.693940
-0.007606 0.099608 140.000000 113.636427
0.000144 0.074375 140.000000 88.940570
0.004325 0.023877 140.000000 27.368604
0.004951 0.007604 140.000000 8.048758
-0.005542 0.044429 140.000000 43.867456
0.006236 0.076660 140.000000 98.955911
0.003013 0.062321 140.000000 76.307117
-0.001896 0.056083 140.000000 62.667516
-0.004611 0.034227 140.000000 31.795564
0.007196 0.026358 140.000000 33.924065
0.008634 0.075358 140.000000 100.080962
0.003318 0.016486 140.000000 16.852497
0.009523 0.013218 140.000000 19.893269
-0.006495 0.027453 140.000000 22.316304
0.006798 0.042562 140.000000 54.689257
0.009204 0.091757 140.000000 122.395515
0.003722 0.003774 140.000000 5.507219
0.008811 0.077856 140.000000 103.587290
0.004501 0.098436 140.000000 125.664797
0.000461 0.005932 140.000000 7.044866
-0.003625 0.084709 140.000000 98.369997
-0.007797 0.066699 140.000000 70.411039
0.001419 0.035265 140.000000 39.005949
-0.008040 0.018284 140.000000 14.042483
-0.005504 0.054843 140.000000 57.320248
0.005173 0.032290 140.000000 39.300753
0.009323 0.079300 140.000000 106.103913
0.006762 0.014288 140.000000 17.855598
0.007828 0.082607 140.000000 108.683644
-0.005339 0.057963 140.000000 61.535608
-0.001526 0.083818 140.000000 99.510819
0.005109 0.051826 140.000000 64.896492
0.001493 0.005562 140.000000 6.384922
0.000723 0.005776 140.000000 6.879609
0.007270 0.087080 140.000000 113.924808
0.002379 0.030650 140.000000 34.028482
0.000538 0.061911 140.000000 72.974329
0.003745 0.050087 140.000000 61.033338
-0.003567 0.006731 140.000000 10.872302
0.009163 0.077713 140.000000 103.819691
-0.002049 0.079408 140.000000 93.128550
-0.006321 0.052589 140.000000 53.602308
-0.007896 0.089289 140.000000 99.793575
0.001562 0.089986 140.000000 111.122811
0.008875 0.002354 140.000000 7.121968
0.007137 0.080619 140.000000 105.241276
0.004240 0.056532 140.000000 70.088785
0.001176 0.070834 140.000000 85.436193
0.000990 0.074378 140.000000 89.896212
-0.005082 0.065972 140.000000 72.239514
-0.008582 0.084005 140.000000 92.163199
0.002948 0.084628 140.000000 105.644455
-0.001699 0.089839 140.000000 107.248984
0.009941 0.016549 140.000000 24.633708
0.005156 0.050611 140.000000 63.352416
-0.002873 0.090049 140.000000 106.222235
0.004311 0.013635 140.000000 14.331248
0.009056 0.070573 140.000000 94.275628
-0.006603 0.050928 140.000000 51.193675
-0.008260 0.041234 140.000000 37.470917
-0.001948 0.076802 140.000000 89.810835
0.002915 0.074662 140.000000 92.460394
-0.001834 0.092155 140.000000 110.148716
-0.006109 0.099795 140.000000 115.497697
-0.006564 0.024965 140.000000 19.582167
-0.001119 0.001275 140.000000 12.273450
0.003127 0.032321 140.000000 37.026169
-0.005282 0.065939 140.000000 71.989221
0.001843 0.086353 140.000000 106.651617
-0.006271 0.049419 140.000000 49.572207
0.009453 0.027794 140.000000 38.546060
0.005796 0.034951 140.000000 43.512643
0.004865 0.022469 140.000000 26.152269
0.005900 0.062732 140.000000 80.191966
-0.008546 0.020624 140.000000 15.468677
0.001258 0.032681 140.000000 35.470812
-0.001746 0.045614 140.000000 49.152215
-0.009439 0.004244 140.000000 20.881090
0.003722 0.003234 140.000000 5.608043
-0.004826 0.012822 140.000000 10.685563
-0.009082 0.064899 140.000000 66.808934
0.008170 0.026712 140.000000 35.562146
-0.007000 0.038219 140.000000 34.764959
0.002584 0.036905 140.000000 42.418424
0.000755 0.017163 140.000000 15.344245
-0.009975 0.091271 140.000000 100.211868
-0.009524 0.075522 140.000000 80.140794
-0.002140 0.008459 140.000000 8.658208
-0.002458 0.080515 140.000000 94.134397
-0.006849 0.062133 140.000000 65.431347
-0.002457 0.005553 140.000000 10.291509
0.009273 0.048109 140.000000 64.952932
0.002843 0.088614 140.000000 110.782169
-0.009488 0.002958 140.000000 22.220717
-0.003548 0.012518 140.000000 9.955518
-0.000932 0.099918 140.000000 121.391828
-0.008315 0.092121 140.000000 103.061613
-0.001984 0.055097 140.000000 61.283169
0.007717 0.043487 140.000000 56.998490
0.006994 0.080351 140.000000 104.719026
-0.005347 0.094995 140.000000 110.015663
-0.004078 0.053023 140.000000 56.394485
0.005134 0.071602 140.000000 90.993038
-0.009896 0.028150 140.000000 21.572637
-0.007477 0.017140 140.000000 13.328637
0.009360 0.049625 140.000000 67.051193
0.007765 0.091195 140.000000 119.941392
-0.006192 0.009532 140.000000 12.464795
-0.000027 0.002755 140.000000 9.475341
0.008127 0.085140 140.000000 112.380059
-0.006329 0.006113 140.000000 14.876693
0.008883 0.016202 140.000000 22.858495
0.006602 0.025429 140.000000 32.007120
-0.005114 0.085337 140.000000 97.578703
0.003360 0.077364 140.000000 96.535193
-0.008674 0.092390 140.000000 103.034912
-0.009219 0.064171 140.000000 65.737190
-0.001044 0.013281 140.000000 10.214063
0.007659 0.014757 140.000000 19.518666
0.001463 0.064654 140.000000 77.619491
-0.003670 0.034271 140.000000 32.675559
-0.004095 0.026534 140.000000 22.801925
0.005809 0.015209 140.000000 17.917808
-0.003782 0.021516 140.000000 17.260127
0.008039 0.027050 140.000000 35.843226
-0.001144 0.099184 140.000000 120.185886
0.000453 0.003155 140.000000 8.573740
0.008223 0.029575 140.000000 39.362310
-0.007474 0.081734 140.000000 90.348510
-0.008050 0.047424 140.000000 45.393804
-0.004046 0.072213 140.000000 81.505904
0.004861 0.022017 140.000000 25.561392
0.008684 0.076152 140.000000 101.186983
-0.003017 0.046192 140.000000 48.600858
-0.006334 0.067520 140.000000 72.964456
0.009020 0.011256 140.000000 16.820717
-0.006578 0.084186 140.000000 94.502823
-0.004499 0.017549 140.000000 13.148797
0.000098 0.004008 140.000000 8.350119
0.002802 0.094262 140.000000 118.187267
0.008474 0.029689 140.000000 39.816882
0.000289 0.041095 140.000000 45.401335
0.006562 0.056538 140.000000 72.807052
0.001669 0.003696 140.000000 6.917008
0.003302 0.059649 140.000000 73.117253
0.004618 0.045533 140.000000 56.046571
-0.004136 0.084533 140.000000 97.581738
-0.006585 0.064632 140.000000 68.945994
0.003151 0.045257 140.000000 54.007314
-0.000539 0.044707 140.000000 49.236582
-0.007691 0.044514 140.000000 42.037994
-0.005057 0.077143 140.000000 86.888848
0.002856 0.032075 140.000000 36.405661
-0.000619 0.005611 140.000000 8.169343
0.005177 0.005110 140.000000 6.083649
0.005896 0.050772 140.000000 64.429298
0.004440 0.079999 140.000000 101.262524
0.000590 0.072305 140.000000 86.715229
-0.003153 0.018296 140.000000 14.189832
-0.003443 0.020251 140.000000 16.075804
-0.005593 0.065514 140.000000 71.112035
-0.002335 0.053750 140.000000 59.150263
-0.005120 0.055565 140.000000 58.641122
-0.003842 0.009620 140.000000 9.952047
-0.000804 0.047345 140.000000 52.400707
0.009056 0.074550 140.000000 99.520633
-0.000303 0.078422 140.000000 93.769963
0.005936 0.063707 140.000000 81.518843
0.000782 0.029980 140.000000 31.476787
0.008744 0.025929 140.000000 35.242085
-0.007568 0.082222 140.000000 90.888003
0.007564 0.018227 140.000000 23.831173
0.003300 0.071696 140.000000 88.992583
0.008497 0.068688 140.000000 91.120948
-0.006423 0.077460 140.000000 85.857453
-0.001921 0.003866 140.000000 10.909118
-0.000335 0.067155 140.000000 78.903138
-0.009052 0.071280 140.000000 75.103252
-0.005500 0.042421 140.000000 41.345766
-0.009805 0.009280 140.000000 17.143703
0.003116 0.080597 140.000000 100.518684
0.008395 0.006665 140.000000 10.629979
0.005111 0.025019 140.000000 29.739035
0.004348 0.029355 140.000000 34.521336
0.006483 0.044222 140.000000 56.498530
0.003535 0.033710 140.000000 39.296621
-0.008015 0.016945 140.000000 13.506487
0.009751 0.002562 140.000000 8.212429
-0.005695 0.046350 140.000000 46.181964
0.009898 0.035916 140.000000 49.709787
0.003724 0.056454 140.000000 69.391503
-0.003918 0.010565 140.000000 9.893707
0.008190 0.063337 140.000000 83.700908
0.006984 0.069515 140.000000 90.413179
0.001823 0.063087 140.000000 75.963150
-0.003395 0.056868 140.000000 62.110633
0.001953 0.045167 140.000000 52.545099
-0.008547 0.004773 140.000000 19.117192
-0.000931 0.043757 140.000000 47.583687
0.005727 0.030454 140.000000 37.541084
-0.004602 0.052006 140.000000 54.545097
-0.005773 0.056216 140.000000 58.831856
0.007227 0.084107 140.000000 109.951069
0.008365 0.099035 140.000000 131.000866
-0.005692 0.053929 140.000000 55.949929
0.002619 0.056485 140.000000 68.171870
0.000234 0.089500 140.000000 108.972197
-0.002416 0.038848 140.000000 39.702937
-0.003829 0.072884 140.000000 82.617417
0.001226 0.074481 140.000000 90.297847
0.003729 0.093630 140.000000 118.424559
0.003229 0.039266 140.000000 46.230257
-0.004533 0.094076 140.000000 109.694861
-0.005253 0.012270 140.000000 10.913244
-0.005922 0.059008 140.000000 62.304444
0.006527 0.060875 140.000000 78.481449
0.005729 0.057038 140.000000 72.486331
-0.001185 0.005777 140.000000 8.682337
-0.008813 0.060662 140.000000 61.603582
0.002842 0.002885 140.000000 6.336440
-0.009460 0.007821 140.000000 17.759175
0.009575 0.009451 140.000000 15.329029
0.004284 0.075013 140.000000 94.504150
-0.008047 0.017789 140.000000 13.828192
-0.003893 0.095948 140.000000 112.860862
-0.008773 0.027575 140.000000 21.376436
0.002370 0.054353 140.000000 65.084620
0.001095 0.062958 140.000000 74.974646
0.000606 0.050580 140.000000 58.161090
0.009946 0.097774 140.000000 131.221853
-0.009231 0.095405 140.000000 106.397949
0.009604 0.003715 140.000000 9.049029
0.008668 0.004546 140.000000 8.746658
-0.009507 0.066560 140.000000 68.542088
0.009142 0.064152 140.000000 85.915012
-0.008069 0.090718 140.000000 101.483526
-0.006096 0.007908 140.000000 13.257895
0.004152 0.075972 140.000000 95.616045
0.008118 0.082381 140.000000 108.730976
0.008657 0.063297 140.000000 84.207042
0.009358 0.010092 140.000000 15.825921
0.002232 0.050366 140.000000 59.686203
0.004735 0.070275 140.000000 88.777693
0.002377 0.064738 140.000000 78.765585
0.004156 0.031626 140.000000 37.270312
-0.004963 0.059088 140.000000 63.383323
0.000116 0.077164 140.000000 92.581543
-0.007454 0.062402 140.000000 65.178108
-0.007692 0.092823 140.000000 104.642828
0.003009 0.080411 140.000000 100.150354
-0.002496 0.009208 140.000000 8.855734
0.000044 0.025418 140.000000 24.906668
-0.002150 0.043843 140.000000 46.432717
-0.002370 0.064987 140.000000 73.828351
0.008894 0.055661 140.000000 74.432748
0.004367 0.010871 140.000000 11.082990
0.005332 0.057287 140.000000 72.351008
0.003788 0.099241 140.000000 125.899135
-0.005987 0.047208 140.000000 47.006127
0.003042 0.091478 140.000000 114.790650
-0.004056 0.077693 140.000000 88.684303
-0.009070 0.047335 140.000000 44.395002
-0.007610 0.054679 140.000000 55.055545
0.009211 0.082501 140.000000 110.191614
-0.005950 0.032664 140.000000 28.786771
0.000518 0.094878 140.000000 116.387072
-0.000574 0.018791 140.000000 16.232763
-0.004121 0.061680 140.000000 67.637304
0.001395 0.079746 140.000000 97.428950
-0.000183 0.056699 140.000000 65.328073
0.007324 0.042024 140.000000 54.606964
0.001926 0.025310 140.000000 26.638045
0.009687 0.027548 140.000000 38.516348
-0.008789 0.064468 140.000000 66.538041
0.006759 0.075395 140.000000 97.903276
0.006344 0.052198 140.000000 66.833253
0.006488 0.099173 140.000000 128.964134
0.002851 0.096238 140.000000 120.850940
-0.002884 0.068790 140.000000 78.262978
0.000368 0.069121 140.000000 82.272073
0.003268 0.016417 140.000000 16.716697
-0.004385 0.032118 140.000000 29.363776
0.006119 0.085750 140.000000 110.812853
0.005820 0.057444 140.000000 73.128706
-0.002650 0.064206 140.000000 72.502670
-0.003819 0.035852 140.000000 34.540569
0.005521 0.072930 140.000000 93.195765
-0.002991 0.080707 140.000000 93.800817
0.001882 0.027622 140.000000 29.572804
0.000503 0.098416 140.000000 121.035979
-0.008034 0.030459 140.000000 24.813999
-0.005396 0.067891 140.000000 74.419966
0.009240 0.010338 140.000000 15.974680
-0.004594 0.026323 140.000000 22.206440
-0.007910 0.097580 140.000000 110.648387
-0.006655 0.061805 140.000000 65.200863
0.006037 0.087292 140.000000 112.751922
0.002716 0.075607 140.000000 93.479193
0.008160 0.048245 140.000000 63.787646
0.003067 0.027013 140.000000 30.050312
-0.007440 0.002723 140.000000 19.541690
0.000911 0.020837 140.000000 19.963410
0.004793 0.023045 140.000000 26.815902
0.001323 0.099352 140.000000 123.205367
0.009232 0.036128 140.000000 49.169644
0.003219 0.086844 140.000000 108.880228
0.001020 0.026292 140.000000 26.974003
0.004379 0.027929 140.000000 32.696417
0.004874 0.008412 140.000000 8.812439
-0.004378 0.015219 140.000000 11.480880
0.009303 0.061646 140.000000 82.808276
0.004202 0.006823 140.000000 6.805419
0.000386 0.083456 140.000000 101.177716
-0.001255 0.002456 140.000000 11.299670
-0.006980 0.020348 140.000000 15.182767
0.004549 0.089397 140.000000 113.789011
0.008093 0.005463 140.000000 8.999769
0.001809 0.051351 140.000000 60.506215
0.008613 0.039937 140.000000 53.413372
-0.004658 0.034317 140.000000 31.868630
-0.006109 0.097846 140.000000 112.936406
-0.002915 0.089574 140.000000 105.549930
0.008779 0.010224 140.000000 15.257947
0.009480 0.099917 140.000000 133.492434
0.007823 0.023324 140.000000 30.730380
0.006790 0.036088 140.000000 46.174982
0.007085 0.061512 140.000000 79.981594
-0.009524 0.081649 140.000000 88.117049
0.001876 0.040821 140.000000 46.764197
-0.002353 0.092724 140.000000 110.319592
0.003736 0.064986 140.000000 80.647934
0.006787 0.092275 140.000000 120.210186
0.000302 0.021818 140.000000 20.627062
-0.006263 0.016736 140.000000 12.727452
-0.001563 0.079644 140.000000 93.975269
-0.006165 0.057002 140.000000 59.459716
-0.003387 0.005964 140.000000 11.155005
0.003453 0.040551 140.000000 48.168037
-0.002011 0.018199 140.000000 14.631908
0.005553 0.091776 140.000000 118.101571
0.006049 0.006928 140.000000 8.351116
-0.001524 0.067563 140.000000 78.130468
-0.003774 0.034918 140.000000 33.399965
-0.005624 0.019952 140.000000 15.011322
-0.002909 0.021768 140.000000 18.059196
0.006048 0.007813 140.000000 9.284724
0.003243 0.061865 140.000000 75.968992
0.009729 0.049962 140.000000 67.943054
-0.006039 0.088579 140.000000 100.839904
-0.009268 0.023435 140.000000 17.514208
0.004126 0.081907 140.000000 103.415271
-0.001049 0.064564 140.000000 74.709157
-0.008289 0.059832 140.000000 61.037460
0.004658 0.057131 140.000000 71.360729
-0.005848 0.092015 140.000000 105.556877
-0.001862 0.015931 140.000000 12.372670
0.004644 0.094139 140.000000 120.158832
0.009635 0.063840 140.000000 86.099375
-0.005703 0.096129 140.000000 111.119475
0.005909 0.050974 140.000000 64.710065
0.008815 0.032059 140.000000 43.332006
0.006645 0.026320 140.000000 33.218975
0.000059 0.085113 140.000000 102.991384
0.001731 0.031334 140.000000 34.223937
0.005585 0.045512 140.000000 57.141010
0.004791 0.053728 140.000000 67.032589
0.000139 0.005608 140.000000 7.428443
-0.003996 0.040697 140.000000 40.549722
-0.003990 0.077271 140.000000 88.202413
-0.001383 0.091468 140.000000 109.747189
0.000537 0.053706 140.000000 62.189766
0.007116 0.043791 140.000000 56.682190
0.001442 0.032421 140.000000 35.328867
-0.003456 0.059181 140.000000 65.068940
-0.003648 0.098287 140.000000 116.210802
-0.005891 0.041259 140.000000 39.516685
0.002342 0.086594 140.000000 107.541703
-0.007765 0.084170 140.000000 93.229592
0.001312 0.044817 140.000000 51.379599
0.004408 0.065148 140.000000 81.637773
-0.004273 0.037287 140.000000 35.944839
-0.003745 0.072194 140.000000 81.803577
-0.000095 0.040391 140.000000 44.075261
-0.003473 0.021796 140.000000 17.743594
0.000709 0.034207 140.000000 36.875412
0.000287 0.004364 140.000000 7.910126
-0.006602 0.038249 140.000000 35.128065
0.004240 0.040139 140.000000 48.522977
0.002276 0.036996 140.000000 42.196791
0.007774 0.098490 140.000000 129.580221
0.004528 0.034000 140.000000 40.799690
-0.003398 0.096474 140.000000 114.099550
-0.003004 0.010037 140.000000 9.207018
-0.007542 0.017190 140.000000 13.376060
0.001098 0.007856 140.000000 6.819293
0.007816 0.099367 140.000000 130.787589
-0.000284 0.097482 140.000000 118.912088
0.000686 0.038309 140.000000 42.190638
0.008050 0.072668 140.000000 95.837315
0.008498 0.015990 140.000000 22.111147
0.007097 0.070816 140.000000 92.262606
-0.001217 0.047261 140.000000 51.852369
0.001126 0.009539 140.000000 7.741373
0.001687 0.021074 140.000000 20.997584
0.009757 0.071636 140.000000 96.519887
0.004405 0.051281 140.000000 63.364194
-0.008652 0.062856 140.000000 64.588661
-0.006278 0.071752 140.000000 78.546078
-0.001610 0.033655 140.000000 33.817487
0.006855 0.068683 140.000000 89.162807
-0.002576 0.099342 140.000000 118.789764
-0.005521 0.055042 140.000000 57.561086
0.002674 0.061679 140.000000 75.074212
-0.002554 0.062694 140.000000 70.623773
0.001820 0.065784 140.000000 79.511754
-0.004402 0.095045 140.000000 111.113698
0.006977 0.021216 140.000000 26.980604
-0.008935 0.070812 140.000000 74.612583
0.006743 0.084525 140.000000 109.930856
0.008123 0.063905 140.000000 84.369363
-0.006120 0.030708 140.000000 26.315194
-0.001799 0.079923 140.000000 94.082018
0.001986 0.080172 140.000000 98.664364
0.007092 0.016474 140.000000 21.018692
0.009872 0.050210 140.000000 68.442583
-0.004851 0.085188 140.000000 97.666979
-0.002512 0.055903 140.000000 61.777842
0.006124 0.062590 140.000000 80.268033
-0.009245 0.036877 140.000000 31.463429
0.004566 0.030563 140.000000 36.346352
0.008149 0.032230 140.000000 42.745449
0.006710 0.052049 140.000000 67.068915
-0.001173 0.077409 140.000000 91.466508
0.005824 0.046083 140.000000 58.172187
0.003877 0.083141 140.000000 104.754841
0.007815 0.072625 140.000000 95.500165
0.002256 0.006311 140.000000 6.115318
0.001607 0.018840 140.000000 18.126492
0.003461 0.099435 140.000000 125.774984
-0.009868 0.018385 140.000000 14.936744
-0.003023 0.031052 140.000000 29.202997
0.008287 0.059821 140.000000 79.184066
0.009044 0.095830 140.000000 127.579767
-0.007418 0.038885 140.000000 35.248754
0.003446 0.034440 140.000000 40.152135
-0.008119 0.096194 140.000000 108.607769
0.005684 0.037865 140.000000 47.205828
-0.001226 0.083022 140.000000 98.797214
0.004579 0.062739 140.000000 78.660541
-0.004078 0.040208 140.000000 39.845846
-0.004936 0.075916 140.000000 85.410126
-0.002187 0.083853 140.000000 98.825083
0.005203 0.010120 140.000000 11.030094
-0.005511 0.061182 140.000000 65.550123
-0.009951 0.017850 140.000000 14.867270
0.001260 0.075282 140.000000 91.392806
0.004211 0.081759 140.000000 103.317015
-0.006103 0.071313 140.000000 78.154326
0.007265 0.074279 140.000000 97.029665
-0.001193 0.035950 140.000000 37.180794
-0.004076 0.017044 140.000000 12.789620
0.005102 0.010671 140.000000 11.571735
0.005859 0.076638 140.000000 98.483727
0.008011 0.071267 140.000000 93.942667
-0.009043 0.084346 140.000000 92.129878
-0.000912 0.041985 140.000000 45.294653
0.007348 0.008987 140.000000 12.044276
0.008145 0.043935 140.000000 58.102433
-0.009131 0.057306 140.000000 56.993408
0.009179 0.048697 140.000000 65.611774
-0.002175 0.007253 140.000000 9.037138
0.001175 0.074411 140.000000 90.147322
0.005003 0.065996 140.000000 83.447226
-0.004568 0.064520 140.000000 70.880357
0.004288 0.096499 140.000000 122.860312
0.004109 0.073991 140.000000 92.952209
-0.001159 0.093269 140.000000 112.372165
-0.005302 0.095835 140.000000 111.169686
0.009208 0.033327 140.000000 45.471445
-0.008608 0.016325 140.000000 13.708122
0.002600 0.080826 140.000000 100.229231
0.007267 0.038877 140.000000 50.403675
-0.003942 0.090884 140.000000 106.143717
-0.003607 0.004036 140.000000 12.974226
-0.001297 0.064916 140.000000 74.901491
0.008962 0.051616 140.000000 69.188492
0.007565 0.054286 140.000000 71.028934
-0.006588 0.008384 140.000000 13.576791
0.001693 0.060935 140.000000 72.984418
-0.007971 0.014332 140.000000 13.081945
-0.001797 0.013383 140.000000 10.165442
-0.005576 0.009704 140.000000 11.693997
0.002931 0.018342 140.000000 18.787458
-0.007163 0.042181 140.000000 39.563569
-0.006053 0.004333 140.000000 16.039676
0.008280 0.020954 140.000000 28.216875
0.002476 0.002931 140.000000 6.623562
0.005680 0.004725 140.000000 6.120643
-0.002580 0.020916 140.000000 17.300067
-0.009288 0.030568 140.000000 24.285575
0.005149 0.011739 140.000000 12.892504
-0.007857 0.067515 140.000000 71.410536
-0.006801 0.006267 140.000000 15.389397
-0.007625 0.024446 140.000000 18.667625
-0.002814 0.009550 140.000000 9.079802
0.000347 0.046341 140.000000 52.323509
-0.001297 0.079436 140.000000 93.996743
0.006694 0.080141 140.000000 104.087521
0.000461 0.007287 140.000000 6.915969
-0.005064 0.064721 140.000000 70.625237
0.006612 0.094135 140.000000 122.459303
-0.003767 0.058430 140.000000 63.761116
0.005071 0.058885 140.000000 74.152388
-0.008640 0.090644 140.000000 100.785698
0.003969 0.084505 140.000000 106.660285
-0.002036 0.024943 140.000000 22.469035
0.005081 0.031031 140.000000 37.548345
-0.003043 0.004452 140.000000 11.871506
-0.008535 0.034746 140.000000 29.430855
0.008048 0.037404 140.000000 49.405032
-0.006832 0.061699 140.000000 64.885503
0.002923 0.080271 140.000000 99.867011
0.001730 0.022297 140.000000 22.587261
0.000893 0.011920 140.000000 9.678462
0.008822 0.007665 140.000000 12.277142
-0.000103 0.029353 140.000000 29.779041
-0.001187 0.035456 140.000000 36.550107
0.000544 0.039733 140.000000 43.895257
0.001403 0.060286 140.000000 71.803637
0.007909 0.001236 140.000000 5.796307
-0.009001 0.038181 140.000000 33.185926
-0.006798 0.098940 140.000000 113.628280
-0.009077 0.059991 140.000000 60.488800
0.005818 0.084808 140.000000 109.216809
0.008639 0.043960 140.000000 58.730147
-0.005017 0.056055 140.000000 59.383157
0.002268 0.014640 140.000000 13.612865
0.003054 0.004659 140.000000 5.689111
-0.007753 0.098998 140.000000 112.677746
0.009539 0.032362 140.000000 44.615980
-0.003660 0.050019 140.000000 52.916176
0.007726 0.012678 140.000000 16.986342
0.001963 0.085048 140.000000 105.067962
0.003424 0.073975 140.000000 92.140381
0.006736 0.024609 140.000000 31.099022
-0.008631 0.013481 140.000000 13.778490
0.006082 0.054036 140.000000 68.945100
0.004333 0.063494 140.000000 79.369850
-0.001909 0.043673 140.000000 46.459352
0.000826 0.050739 140.000000 58.612285
-0.008688 0.044565 140.000000 41.253354
0.007003 0.084280 140.000000 109.914363
-0.005705 0.005980 140.000000 14.147188
-0.002080 0.086805 140.000000 102.829581
0.007892 0.058166 140.000000 76.530360
0.007176 0.058708 140.000000 76.393324
-0.009767 0.097341 140.000000 108.369539
0.001054 0.063246 140.000000 75.307371
-0.004075 0.069947 140.000000 78.502524
0.007844 0.032470 140.000000 42.691225
0.000133 0.005500 140.000000 7.477502
0.009918 0.082385 140.000000 110.886555
0.001459 0.084346 140.000000 103.567250
-0.001681 0.017714 140.000000 14.293636
0.001569 0.073525 140.000000 89.426413
-0.001563 0.069034 140.000000 80.019571
0.008265 0.031333 140.000000 41.712995
0.001515 0.034223 140.000000 37.750753
-0.005089 0.017882 140.000000 13.359190
-0.009480 0.088985 140.000000 97.738977
-0.008137 0.024708 140.000000 18.774892
0.008293 0.082223 140.000000 108.729748
0.009866 0.057304 140.000000 77.770207
0.001937 0.062671 140.000000 75.545168
0.005997 0.070053 140.000000 89.959541
-0.009661 0.016528 140.000000 14.489208
-0.007262 0.062645 140.000000 65.682867
-0.004704 0.021335 140.000000 16.623647
-0.005524 0.013608 140.000000 11.255643
-0.001364 0.019755 140.000000 16.783982
0.008652 0.030023 140.000000 40.470610
-0.006673 0.078809 140.000000 87.360633
-0.000630 0.073936 140.000000 87.498352
-0.005079 0.024929 140.000000 20.304657
-0.001046 0.030801 140.000000 30.710719
-0.004803 0.096916 140.000000 113.134812
-0.002734 0.004889 140.000000 11.121569
-0.004452 0.005498 140.000000 12.869587
0.002426 0.003863 140.000000 6.200315
-0.009291 0.047591 140.000000 44.527654
0.001554 0.013404 140.000000 11.622647
0.007639 0.023833 140.000000 31.170048
-0.004841 0.048632 140.000000 49.940574
-0.002933 0.048577 140.000000 51.783484
-0.008373 0.061456 140.000000 63.051845
-0.001774 0.013887 140.000000 10.563776
0.006060 0.043615 140.000000 55.203094
0.003397 0.096977 140.000000 122.456875
0.005669 0.081992 140.000000 105.325946
0.006085 0.009591 140.000000 11.335279
0.000220 0.023855 140.000000 23.100368
-0.008315 0.018247 140.000000 14.128151
-0.009205 0.008071 140.000000 17.221112
-0.000980 0.054252 140.000000 61.251564
-0.000457 0.041727 140.000000 45.435231
-0.007269 0.085406 140.000000 95.369991
-0.000960 0.012321 140.000000 9.461130
0.008204 0.009748 140.000000 13.973032
-0.007117 0.098179 140.000000 112.284546
0.005474 0.086774 140.000000 111.407822
0.002250 0.028452 140.000000 31.036895
0.000304 0.056809 140.000000 66.007570
0.000854 0.001964 140.000000 9.103356
0.002475 0.037018 140.000000 42.444965
0.003593 0.018754 140.000000 19.991419
-0.007568 0.049984 140.000000 49.081261
0.007079 0.094829 140.000000 123.925590
-0.006994 0.034154 140.000000 29.805901
-0.000580 0.025881 140.000000 24.907038
0.009514 0.061139 140.000000 82.394864
0.004039 0.028176 140.000000 32.634996
0.002136 0.086349 140.000000 106.983030
0.001421 0.028540 140.000000 30.277293
-0.000813 0.024248 140.000000 22.652380
0.004073 0.092599 140.000000 117.461553
-0.000321 0.005710 140.000000 7.821604
0.003614 0.091790 140.000000 115.862876
-0.006923 0.093133 140.000000 105.869634
-0.004704 0.081313 140.000000 92.738329
0.001279 0.053999 140.000000 63.396454
0.000770 0.070428 140.000000 84.444029
0.001264 0.002673 140.000000 8.029368
-0.008318 0.012952 140.000000 13.579947
-0.009089 0.063622 140.000000 65.154380
-0.004652 0.027646 140.000000 23.723022
0.003495 0.076853 140.000000 96.017855
-0.002964 0.064624 140.000000 72.713892
-0.004402 0.025236 140.000000 21.071472
0.000700 0.063837 140.000000 75.688960
0.003939 0.071373 140.000000 89.303599
-0.007510 0.025711 140.000000 19.961022
-0.007313 0.013622 140.000000 12.551542
0.004977 0.074344 140.000000 94.426078
-0.001563 0.042245 140.000000 44.959652
-0.007928 0.096715 140.000000 109.494479
-0.003812 0.071226 140.000000 80.460160
-0.009545 0.068490 140.000000 70.999712
0.000775 0.063813 140.000000 75.740473
0.000727 0.025710 140.000000 25.939157
-0.009977 0.096013 140.000000 106.410590
-0.008411 0.014826 140.000000 13.440465
-0.007496 0.008365 140.000000 14.748592
-0.004738 0.065622 140.000000 72.141411
0.002933 0.043786 140.000000 51.828808
0.003338 0.066024 140.000000 81.558784
-0.009687 0.012230 140.000000 15.319543
-0.000821 0.017158 140.000000 14.196036
-0.009497 0.091437 140.000000 100.926061
-0.006104 0.029140 140.000000 24.483654
-0.004771 0.015108 140.000000 11.494497
-0.007726 0.083397 140.000000 92.259446
-0.003046 0.052836 140.000000 57.213203
-0.007029 0.099437 140.000000 114.032411
-0.000828 0.074848 140.000000 88.479174
-0.008651 0.027332 140.000000 21.174905
-0.004243 0.092583 140.000000 108.049646
0.007458 0.075548 140.000000 98.931886
0.007102 0.076914 140.000000 100.312010
0.003686 0.067538 140.000000 83.953921
-0.009905 0.057438 140.000000 56.445831
-0.003989 0.062176 140.000000 68.423033
0.003158 0.042002 140.000000 49.739528
0.004992 0.089756 140.000000 114.780844
0.008922 0.089479 140.000000 119.052133
0.006646 0.033192 140.000000 42.206704
-0.005582 0.003739 140.000000 15.940530
0.008331 0.022783 140.000000 30.647227
-0.009614 0.076944 140.000000 81.900258
0.007021 0.063507 140.000000 82.535672
0.004966 0.092171 140.000000 117.937534
0.008230 0.099878 140.000000 131.953936
-0.003252 0.092933 140.000000 109.600018
-0.004913 0.078131 140.000000 88.338673
-0.001398 0.060118 140.000000 68.492140
-0.002407 0.096856 140.000000 115.703481
-0.004883 0.085427 140.000000 97.946250
0.009223 0.037641 140.000000 51.142420
-0.001069 0.034785 140.000000 35.802904
0.003085 0.080870 140.000000 100.844254
-0.001930 0.083549 140.000000 98.709324
-0.007231 0.021247 140.000000 15.883015
-0.004817 0.088076 140.000000 101.498107
0.002595 0.028700 140.000000 31.728007
-0.000313 0.069112 140.000000 81.502871
-0.004305 0.085504 140.000000 98.674870
-0.007720 0.088420 140.000000 98.841763
-0.007446 0.066605 140.000000 70.641249
0.001051 0.080023 140.000000 97.404252
0.001011 0.094255 140.000000 116.125960
0.004672 0.052697 140.000000 65.536402
-0.001729 0.061122 140.000000 69.450263
0.004184 0.041408 140.000000 50.124675
0.008641 0.018772 140.000000 25.848564
-0.006513 0.026341 140.000000 21.078096
-0.009570 0.048211 140.000000 45.068551
0.007434 0.077633 140.000000 101.653560
0.004821 0.090263 140.000000 115.250055
-0.009779 0.085462 140.000000 92.829116
0.008115 0.035057 140.000000 46.408898
0.005614 0.010318 140.000000 11.686015
0.007397 0.066864 140.000000 87.407426
0.003185 0.099707 140.000000 125.814706
-0.006084 0.048049 140.000000 47.992298
-0.000387 0.030555 140.000000 31.039352
-0.000020 0.090757 140.000000 110.343574
0.007147 0.030359 140.000000 39.091979
-0.006359 0.010464 140.000000 12.262000
0.003782 0.064341 140.000000 79.850061
-0.006161 0.043654 140.000000 42.309656
-0.005192 0.008186 140.000000 11.976371
0.008401 0.049629 140.000000 65.899463
0.003560 0.086448 140.000000 108.750586
-0.003979 0.064003 140.000000 70.822840
0.008190 0.032025 140.000000 42.527196
0.009808 0.037929 140.000000 52.234896
-0.004666 0.018127 140.000000 13.605747
0.002095 0.038818 140.000000 44.381749
-0.005614 0.078234 140.000000 87.726069
0.006881 0.078180 140.000000 101.721118
0.003355 0.056888 140.000000 69.540603
-0.009881 0.070889 140.000000 73.774871
0.007576 0.013415 140.000000 17.726874
0.004498 0.075150 140.000000 94.932253
-0.006015 0.042005 140.000000 40.349841
-0.002352 0.098988 140.000000 118.573042
-0.007048 0.067745 140.000000 72.527139
-0.007421 0.061718 140.000000 64.323899
0.007445 0.060177 140.000000 78.648504
-0.002209 0.001995 140.000000 13.008112
0.008586 0.062343 140.000000 82.864655
-0.008776 0.085711 140.000000 94.191041
-0.005431 0.024854 140.000000 20.022723
0.003631 0.041840 140.000000 50.061288
-0.004808 0.026463 140.000000 22.225755
0.006607 0.072918 140.000000 94.456585
-0.002608 0.025614 140.000000 22.825524
0.003302 0.022163 140.000000 24.038443
0.006024 0.051365 140.000000 65.359192
-0.003177 0.004173 140.000000 12.282159
0.004127 0.058140 140.000000 72.076418
0.000074 0.041356 140.000000 45.512274
-0.008079 0.023520 140.000000 17.704702
-0.005361 0.051007 140.000000 52.497987
0.002277 0.024934 140.000000 26.519930
-0.005645 0.044118 140.000000 43.373923
-0.009538 0.002383 140.000000 22.877268
0.007291 0.065606 140.000000 85.622725
-0.009116 0.023155 140.000000 17.300404
-0.004521 0.040367 140.000000 39.633445
-0.006233 0.037321 140.000000 34.280949
-0.008219 0.071273 140.000000 75.930642
-0.009486 0.096273 140.000000 107.266695
-0.003660 0.091424 140.000000 107.163805
-0.009947 0.016362 140.000000 14.709426
0.008878 0.086596 140.000000 115.195847
-0.001756 0.071025 140.000000 82.425894
-0.009809 0.048501 140.000000 45.230296
-0.006252 0.071298 140.000000 77.980455
-0.002476 0.066526 140.000000 75.732961
-0.006378 0.051896 140.000000 52.654813
0.000470 0.031871 140.000000 33.599102
0.008339 0.047328 140.000000 62.797107
0.009622 0.006499 140.000000 11.955458
0.002208 0.057930 140.000000 69.608268
0.007603 0.052143 140.000000 68.252533
-0.001679 0.029368 140.000000 28.292934
-0.009678 0.075355 140.000000 79.770111
-0.008365 0.031438 140.000000 25.726305
-0.002990 0.093685 140.000000 110.879805
0.009228 0.037877 140.000000 51.457461
-0.000464 0.063986 140.000000 74.593072
0.009115 0.037995 140.000000 51.474057
-0.000510 0.031633 140.000000 32.302273
0.000362 0.035508 140.000000 38.201514
-0.001958 0.069456 140.000000 80.142412
0.002084 0.047025 140.000000 55.130221
0.001159 0.080970 140.000000 98.775824
-0.002510 0.063880 140.000000 72.225938
0.008867 0.050162 140.000000 67.160321
-0.009051 0.074018 140.000000 78.661744
-0.008853 0.068957 140.000000 72.287881
0.009653 0.015977 140.000000 23.539559
0.000593 0.010051 140.000000 8.017150
0.002182 0.043608 140.000000 50.755381
-0.000488 0.075241 140.000000 89.374701
0.004459 0.085459 140.000000 108.488469
-0.002315 0.033026 140.000000 32.341709
-0.009599 0.094315 140.000000 104.585282
0.008500 0.032672 140.000000 43.749621
0.006825 0.084816 140.000000 110.411498
-0.004404 0.022198 140.000000 17.672110
0.006394 0.098870 140.000000 128.452928
-0.007537 0.020211 140.000000 15.085152
-0.001174 0.072693 140.000000 85.259342
-0.007143 0.013569 140.000000 12.411330
0.005744 0.061123 140.000000 77.888870
-0.009719 0.033785 140.000000 27.600668
0.005636 0.044239 140.000000 55.525972
0.001786 0.059619 140.000000 71.356034
0.001950 0.097333 140.000000 121.259404
-0.006322 0.080312 140.000000 89.698731
0.003620 0.025454 140.000000 28.631345
-0.001297 0.057939 140.000000 65.743435
-0.000994 0.029249 140.000000 28.782235
0.004676 0.096957 140.000000 123.916333
-0.001138 0.044344 140.000000 48.131544
-0.001842 0.054586 140.000000 60.765673
-0.006161 0.070148 140.000000 76.571780
-0.008686 0.028932 140.000000 22.817110
0.007987 0.066924 140.000000 88.187255
0.003926 0.048022 140.000000 58.524080
0.006394 0.076045 140.000000 98.331075
-0.004340 0.057675 140.000000 62.182385
0.000514 0.047222 140.000000 53.658775
-0.009137 0.029379 140.000000 23.090754
0.005808 0.089485 140.000000 115.375906
0.006615 0.013569 140.000000 16.779928
0.006286 0.086100 140.000000 111.470219
-0.006718 0.072207 140.000000 78.683728
0.003784 0.026196 140.000000 29.775233
-0.001785 0.015147 140.000000 11.657078
0.002847 0.094572 140.000000 118.647947
-0.000308 0.050619 140.000000 57.216815
0.003041 0.090207 140.000000 113.111682
-0.000683 0.086884 140.000000 104.492129
-0.004034 0.092948 140.000000 108.758615
0.004707 0.031715 140.000000 38.013477
-0.002759 0.036459 140.000000 36.303060
0.007121 0.078416 140.000000 102.316877
0.005511 0.040497 140.000000 50.460966
-0.002876 0.050071 140.000000 53.785976
0.003463 0.049168 140.000000 59.502279
-0.003666 0.044796 140.000000 46.143540
-0.006610 0.004239 140.000000 16.900425
0.007248 0.059522 140.000000 77.551287
-0.008244 0.040955 140.000000 37.138882
-0.009529 0.072656 140.000000 76.413398
0.005839 0.050532 140.000000 64.046160
0.009168 0.049659 140.000000 66.862881
0.004402 0.043118 140.000000 52.621435
-0.004963 0.069373 140.000000 76.811405
0.000768 0.067763 140.000000 80.932940
-0.005017 0.057681 140.000000 61.496743
0.001593 0.040377 140.000000 45.871462
0.008014 0.078479 140.000000 103.458571
-0.000226 0.069259 140.000000 81.792777
-0.005298 0.048584 140.000000 49.433631
-0.003946 0.009168 140.000000 10.167403
0.002437 0.048843 140.000000 57.913879
-0.007392 0.002137 140.000000 20.069265
0.009644 0.081045 140.000000 108.789903
0.009752 0.064807 140.000000 87.513581
-0.003931 0.002152 140.000000 15.199595
0.003065 0.021662 140.000000 23.144883
0.005448 0.089049 140.000000 114.380186
0.008023 0.037965 140.000000 50.111703
-0.000734 0.027637 140.000000 26.981768
-0.006731 0.030022 140.000000 25.100118
0.008833 0.047291 140.000000 63.344446
0.005906 0.035659 140.000000 44.570114
-0.009372 0.015101 140.000000 14.253500
0.006876 0.077613 140.000000 100.966894
-0.003214 0.087179 140.000000 102.069607
-0.001957 0.012351 140.000000 9.466783
-0.008135 0.051957 140.000000 51.077265
0.005824 0.086741 140.000000 111.774110
-0.009845 0.046875 140.000000 43.172786
-0.008045 0.015999 140.000000 13.282739
-0.004457 0.067611 140.000000 75.038230
-0.003450 0.058400 140.000000 64.054789
0.004961 0.088348 140.000000 112.886083
0.007226 0.025866 140.000000 33.320363
-0.000284 0.065290 140.000000 76.506634
-0.001954 0.049207 140.000000 53.617685
0.008137 0.031763 140.000000 42.120191
0.002173 0.054628 140.000000 65.224772
-0.002328 0.030516 140.000000 29.149224
0.006374 0.072573 140.000000 93.727048
0.006898 0.014667 140.000000 18.493094
-0.006354 0.097897 140.000000 112.737852
-0.009916 0.080090 140.000000 85.687881
0.007521 0.036089 140.000000 47.046249
0.008122 0.091837 140.000000 121.212012
-0.006931 0.091398 140.000000 103.583562
0.002880 0.079001 140.000000 98.142871
-0.009883 0.072912 140.000000 76.395289
-0.003077 0.006155 140.000000 10.643856
-0.006858 0.054066 140.000000 54.986767
0.006591 0.022378 140.000000 28.028631
-0.003666 0.089410 140.000000 104.507743
-0.007693 0.078930 140.000000 86.453489
0.008740 0.033537 140.000000 45.175206
0.005155 0.024026 140.000000 28.498426
-0.008921 0.061473 140.000000 62.544989
-0.001822 0.055445 140.000000 61.911001
0.009062 0.048137 140.000000 64.733086
-0.002356 0.074892 140.000000 86.851319
-0.002221 0.047745 140.000000 51.434890
0.005999 0.075007 140.000000 96.496906
-0.009496 0.042079 140.000000 37.537884
0.009049 0.067611 140.000000 90.363232
-0.001319 0.008145 140.000000 8.041701
-0.009046 0.003762 140.000000 20.789266
0.007779 0.072638 140.000000 95.475162
0.007142 0.036236 140.000000 46.787983
0.009700 0.053137 140.000000 72.083227
-0.007258 0.061033 140.000000 63.598889
0.004179 0.014590 140.000000 15.371969
-0.007932 0.058140 140.000000 59.200757
0.000082 0.051557 140.000000 58.870345
0.007975 0.099464 140.000000 131.103567
-0.009972 0.033563 140.000000 27.214160
-0.006914 0.090145 140.000000 101.957453
0.007995 0.090986 140.000000 119.938169
0.004644 0.007183 140.000000 7.404794
0.004734 0.052429 140.000000 65.255280
0.008623 0.082933 140.000000 110.059088
0.000320 0.081521 140.000000 98.553240
0.007856 0.097659 140.000000 128.580512
0.002666 0.079760 140.000000 98.897848
0.006609 0.021387 140.000000 26.765149
-0.009800 0.037385 140.000000 31.691273
0.009375 0.047213 140.000000 63.896529
-0.001843 0.073161 140.000000 85.138152
0.001390 0.086736 140.000000 106.640663
-0.006360 0.005247 140.000000 15.646278
0.008717 0.044038 140.000000 58.926517
0.000773 0.051296 140.000000 59.286305
0.003942 0.024997 140.000000 28.394425
0.007272 0.037585 140.000000 48.712712
0.008813 0.015768 140.000000 22.218715
-0.006738 0.098078 140.000000 112.560247
0.004373 0.035574 140.000000 42.685920
0.002130 0.009198 140.000000 7.768137
0.006135 0.009322 140.000000 11.075899
0.007119 0.060007 140.000000 78.037088
-0.000358 0.030585 140.000000 31.106307
0.002449 0.041556 140.000000 48.360138
-0.008827 0.064654 140.000000 66.740640
-0.003439 0.088165 140.000000 103.120019
0.006710 0.060545 140.000000 78.262705
0.005064 0.098433 140.000000 126.316279
0.007798 0.025566 140.000000 33.617027
0.001627 0.067718 140.000000 81.841493
0.002847 0.021649 140.000000 22.899722
0.000408 0.016238 140.000000 13.995814
0.009618 0.071807 140.000000 96.577792
0.005125 0.020911 140.000000 24.431528
-0.006615 0.033531 140.000000 29.335439
0.005189 0.046161 140.000000 57.533840
0.006790 0.033459 140.000000 42.726252
-0.001700 0.009590 140.000000 8.330214
-0.002695 0.060661 140.000000 67.808797
-0.001073 0.073548 140.000000 86.496200
-0.003690 0.040055 140.000000 40.018766
-0.003218 0.004987 140.000000 11.665358
0.008804 0.062933 140.000000 83.902918
-0.006453 0.076388 140.000000 84.423458
-0.002312 0.028516 140.000000 26.653171
-0.004116 0.048685 140.000000 50.726375
-0.003416 0.062210 140.000000 69.070749
-0.001519 0.007278 140.000000 8.384809
0.005424 0.051398 140.000000 64.700985
-0.009937 0.005444 140.000000 20.456060
-0.002466 0.002496 140.000000 12.865092
0.009232 0.043667 140.000000 59.063338
0.000473 0.090783 140.000000 110.934931
-0.005665 0.008989 140.000000 12.113772
-0.006163 0.002597 140.000000 17.866079
-0.008052 0.063261 140.000000 65.698327
0.006859 0.062265 140.000000 80.706790
0.007729 0.090635 140.000000 119.159838
-0.008065 0.024812 140.000000 18.891854
0.000044 0.012524 140.000000 9.883154
-0.003188 0.065250 140.000000 73.294845
0.000520 0.034063 140.000000 36.490232
-0.009482 0.063927 140.000000 65.169155
-0.008966 0.025643 140.000000 19.443258
0.002149 0.033371 140.000000 37.324241
0.001243 0.007638 140.000000 6.713993
0.007032 0.076064 140.000000 99.107639
-0.002370 0.064941 140.000000 73.768380
-0.006321 0.097171 140.000000 111.819247
0.003160 0.066978 140.000000 82.610480
0.006961 0.079499 140.000000 103.555880
0.002728 0.091471 140.000000 114.419014
-0.008924 0.084173 140.000000 92.026346
-0.009869 0.088810 140.000000 97.106471
-0.004851 0.062424 140.000000 67.847281
0.005884 0.087151 140.000000 112.385406
0.003306 0.092148 140.000000 115.979564
-0.009663 0.019965 140.000000 15.405510
0.003658 0.057451 140.000000 70.630084
0.002603 0.003417 140.000000 6.256890
-0.002350 0.075624 140.000000 87.820519
0.004255 0.007828 140.000000 7.727232
-0.006010 0.009562 140.000000 12.241472
0.000423 0.008711 140.000000 7.276718
-0.008684 0.098570 140.000000 111.123294
-0.005390 0.092068 140.000000 106.121832
-0.002877 0.079899 140.000000 92.864121
0.000111 0.007514 140.000000 7.116066
0.007350 0.012335 140.000000 16.107860
-0.002616 0.008678 140.000000 9.031063
0.000719 0.072795 140.000000 87.504473
-0.001104 0.087339 140.000000 104.620278
0.002150 0.046694 140.000000 54.769679
-0.003356 0.066280 140.000000 74.465823
-0.001122 0.095950 140.000000 115.947820
-0.000864 0.061370 140.000000 70.716674
0.006885 0.022065 140.000000 27.971465
-0.005646 0.020365 140.000000 15.375807
0.002013 0.018544 140.000000 18.141099
-0.000278 0.014876 140.000000 12.051868
0.002628 0.003380 140.000000 6.255055
0.009944 0.088816 140.000000 119.399920
-0.005142 0.072992 140.000000 81.359543
0.007215 0.063981 140.000000 83.390087
-0.006338 0.005205 140.000000 15.653358
0.006558 0.016627 140.000000 20.582401
-0.009859 0.017333 140.000000 14.719384
0.006565 0.042043 140.000000 53.729812
0.004158 0.004897 140.000000 5.615196
0.000967 0.039374 140.000000 43.881142
0.003176 0.044005 140.000000 52.390103
0.006730 0.078774 140.000000 102.326234
-0.000356 0.072154 140.000000 85.457524
0.001608 0.055733 140.000000 66.042415
0.006897 0.015029 140.000000 18.949522
0.002653 0.088874 140.000000 110.905583
-0.008190 0.033963 140.000000 28.741995
-0.008843 0.029959 140.000000 23.841840
-0.002911 0.041521 140.000000 42.661676
-0.007207 0.079966 140.000000 88.313787
0.006467 0.091440 140.000000 118.731069
0.005375 0.074208 140.000000 94.711985
-0.003333 0.071150 140.000000 80.875766
-0.007364 0.042895 140.000000 40.286525
-0.001767 0.074901 140.000000 87.510475
-0.009404 0.063621 140.000000 64.848064
0.009339 0.066836 140.000000 89.689648
0.004841 0.064981 140.000000 81.920535
0.009006 0.002828 140.000000 7.606934
-0.004317 0.031412 140.000000 28.547636
-0.009495 0.071204 140.000000 74.565364
-0.001286 0.083738 140.000000 99.673175
-0.006084 0.007025 140.000000 13.849123
0.005913 0.047210 140.000000 59.759621
0.009903 0.022303 140.000000 31.974859
-0.000431 0.041586 140.000000 45.279289
-0.005310 0.045467 140.000000 45.415106
-0.008299 0.019093 140.000000 14.524916
0.000440 0.041874 140.000000 46.580557
-0.008029 0.034603 140.000000 29.604867
0.004741 0.025143 140.000000 29.478570
0.003895 0.093979 140.000000 119.077218
0.005429 0.003419 140.000000 5.375930
0.003554 0.049578 140.000000 60.145977
0.008022 0.081249 140.000000 107.122550
0.004249 0.045149 140.000000 55.116811
-0.008178 0.053853 140.000000 53.461947
0.006111 0.054092 140.000000 69.053122
-0.003753 0.082660 140.000000 95.537149
-0.006001 0.089263 140.000000 101.778457
-0.007362 0.088792 140.000000 99.708261
-0.004132 0.050280 140.000000 52.778760
-0.006181 0.043926 140.000000 42.637688
0.000488 0.048390 140.000000 55.160255
-0.005345 0.086846 140.000000 99.311406
0.007376 0.074455 140.000000 97.393093
-0.003203 0.014521 140.000000 10.930205
-0.002887 0.057381 140.000000 63.314129
0.003377 0.048723 140.000000 58.819880
0.006672 0.062549 140.000000 80.859352
0.009250 0.052366 140.000000 70.524643
-0.002799 0.073979 140.000000 85.168656
-0.001853 0.008935 140.000000 8.388182
-0.006296 0.080535 140.000000 90.017990
-0.000597 0.023025 140.000000 21.327120
-0.006498 0.051627 140.000000 52.192302
0.005079 0.067703 140.000000 85.786960
-0.008485 0.091793 140.000000 102.452988
0.005548 0.068098 140.000000 86.855141
-0.008071 0.092664 140.000000 104.031661
0.003251 0.024035 140.000000 26.394757
0.002603 0.053683 140.000000 64.465150
0.005743 0.093527 140.000000 120.635917
-0.008438 0.054708 140.000000 54.312815
0.007713 0.003690 140.000000 6.979826
0.002187 0.002312 140.000000 7.320661
0.006347 0.009750 140.000000 11.807386
-0.000798 0.004027 140.000000 9.381324
0.006099 0.012244 140.000000 14.543910
0.007862 0.044628 140.000000 58.673459
0.003186 0.065695 140.000000 80.949617
-0.008814 0.063098 140.000000 64.743618
-0.005618 0.068651 140.000000 75.181751
0.008395 0.082266 140.000000 108.907085
-0.003713 0.096227 140.000000 113.426590
-0.000332 0.071869 140.000000 85.109354
-0.004866 0.069228 140.000000 76.724745
0.009246 0.058316 140.000000 78.352990
-0.002524 0.040434 140.000000 41.641795
0.002263 0.086370 140.000000 107.155232
-0.007250 0.091754 140.000000 103.709962
-0.009019 0.064488 140.000000 66.339855
-0.005981 0.041341 140.000000 39.540628
0.003371 0.002999 140.000000 5.890506
-0.002529 0.053970 140.000000 59.234083
0.003341 0.045746 140.000000 54.864462
-0.003158 0.029456 140.000000 27.095008
0.009552 0.038991 140.000000 53.314503
0.002834 0.075948 140.000000 94.063104
0.003837 0.095812 140.000000 121.429410
-0.009497 0.076139 140.000000 80.970259
-0.007745 0.061663 140.000000 63.933168
0.003465 0.019431 140.000000 20.716437
0.009670 0.098356 140.000000 131.659586
0.006854 0.050041 140.000000 64.595404
0.001441 0.013800 140.000000 11.982275
-0.007965 0.017449 140.000000 13.658204
-0.000486 0.072226 140.000000 85.407321
0.007745 0.075413 140.000000 99.093699
0.007598 0.059846 140.000000 78.394264
-0.007561 0.092449 140.000000 104.290744
-0.009123 0.091809 140.000000 101.803916
-0.000668 0.085248 140.000000 102.352960
0.002376 0.086450 140.000000 107.390082
0.003638 0.092363 140.000000 116.646718
-0.001149 0.052683 140.000000 59.014624
-0.007840 0.003160 140.000000 19.671511
0.003859 0.013320 140.000000 13.496540
0.001287 0.021966 140.000000 21.734238
-0.003042 0.018611 140.000000 14.554173
0.005452 0.023904 140.000000 28.681368
-0.002436 0.043019 140.000000 45.073828
-0.000186 0.034480 140.000000 36.301205
0.006029 0.001287 140.000000 5.379373
0.003597 0.054760 140.000000 67.016288
0.004951 0.011515 140.000000 12.418649
-0.008117 0.097895 140.000000 110.840544
0.002380 0.064409 140.000000 78.335308
0.004753 0.006305 140.000000 6.716833
0.002709 0.096570 140.000000 121.125440
0.003290 0.087190 140.000000 109.418267
-0.002916 0.014686 140.000000 11.052915
-0.001658 0.057625 140.000000 64.942439
-0.008744 0.045289 140.000000 42.110523
0.006578 0.022998 140.000000 28.817322
0.000560 0.032572 140.000000 34.600031
0.009636 0.098509 140.000000 131.820675
0.007464 0.052583 140.000000 68.665912
-0.008087 0.018308 140.000000 14.070271
-0.004609 0.033183 140.000000 30.497725
0.002680 0.037970 140.000000 43.918056
-0.003269 0.065358 140.000000 73.350037
0.007443 0.085231 140.000000 111.688934
0.004166 0.059457 140.000000 73.857672
-0.006506 0.012068 140.000000 11.987270
0.009246 0.098004 140.000000 130.688268
-0.006878 0.081280 140.000000 90.379501
0.008911 0.053500 140.000000 71.607298
0.006236 0.065482 140.000000 84.212161
0.009100 0.050641 140.000000 68.073020
-0.000805 0.033022 140.000000 33.795457
-0.003095 0.062672 140.000000 70.016729
0.007570 0.005642 140.000000 8.602876
-0.007655 0.096696 140.000000 109.761441
-0.009082 0.082118 140.000000 89.182133
-0.005914 0.083408 140.000000 94.189406
-0.006189 0.059909 140.000000 63.206322
0.005564 0.088341 140.000000 113.580274
0.002545 0.084812 140.000000 105.423267
0.002323 0.086337 140.000000 107.181249
0.000665 0.013533 140.000000 11.180555
0.004472 0.021466 140.000000 24.415023
-0.001316 0.043283 140.000000 46.563274
-0.005160 0.065046 140.000000 70.949687
0.007581 0.026174 140.000000 34.147812
0.006009 0.089384 140.000000 115.478402
0.003256 0.010698 140.000000 9.922027
-0.000185 0.084903 140.000000 102.440579
-0.009647 0.029319 140.000000 22.822438
0.004263 0.096962 140.000000 123.441346
-0.006530 0.067899 140.000000 73.256606
-0.004957 0.023793 140.000000 19.114309
0.001266 0.019680 140.000000 18.852109
-0.003673 0.062022 140.000000 68.553393
0.000385 0.015022 140.000000 12.610286
-0.000127 0.093093 140.000000 113.301703
-0.003265 0.007134 140.000000 10.283776
-0.002475 0.072697 140.000000 83.837558
0.007147 0.087063 140.000000 113.757791
0.005502 0.008039 140.000000 8.992052
0.009980 0.021797 140.000000 31.419285
0.004400 0.039717 140.000000 48.152730
0.009094 0.038624 140.000000 52.274344
-0.001607 0.009984 140.000000 8.359079
-0.006697 0.007135 140.000000 14.573505
-0.000781 0.023390 140.000000 21.617106
-0.009637 0.038724 140.000000 33.385522
-0.002357 0.065094 140.000000 73.982901
-0.007683 0.088520 140.000000 99.011423
-0.008686 0.064123 140.000000 66.192755
-0.005717 0.050898 140.000000 52.009568
-0.007467 0.023782 140.000000 18.080268
0.004540 0.048268 140.000000 59.554294
0.002792 0.054057 140.000000 65.172111
-0.003153 0.075027 140.000000 86.160655
-0.001693 0.090269 140.000000 107.822238
-0.009579 0.007711 140.000000 18.008219
-0.004324 0.007023 140.000000 11.612140
-0.000836 0.022288 140.000000 20.217518
-0.008567 0.051959 140.000000 50.685251
-0.005620 0.098480 140.000000 114.300652
0.008118 0.020493 140.000000 27.422098
-0.005590 0.089956 140.000000 103.131066
0.006599 0.077823 140.000000 100.917120
-0.009447 0.076525 140.000000 81.523354
0.004773 0.022783 140.000000 26.453874
-0.008219 0.004156 140.000000 19.235955
0.006114 0.013015 140.000000 15.513308
0.005399 0.029234 140.000000 35.564830
-0.006537 0.005072 140.000000 16.043338
-0.005460 0.091259 140.000000 104.982867
-0.009503 0.081964 140.000000 88.548989
0.009865 0.070677 140.000000 95.385581
0.006595 0.065980 140.000000 85.292482
0.000783 0.046444 140.000000 52.932449
0.009229 0.007745 140.000000 12.876432
-0.008369 0.086108 140.000000 95.134080
0.002282 0.085824 140.000000 106.456796
-0.001143 0.082486 140.000000 98.184130
0.004591 0.093100 140.000000 118.726882
0.002909 0.089123 140.000000 111.528906
-0.001820 0.098884 140.000000 119.030548
-0.000691 0.069483 140.000000 81.571309
-0.005070 0.008623 140.000000 11.602295
-0.006222 0.002315 140.000000 18.232545
-0.004942 0.056530 140.000000 60.075907
-0.006738 0.029350 140.000000 24.321444
0.008001 0.085068 140.000000 112.135996
-0.008657 0.030579 140.000000 24.609279
0.000843 0.012605 140.000000 10.325873
-0.007992 0.070954 140.000000 75.746071
0.008670 0.072776 140.000000 96.719152
-0.005598 0.023347 140.000000 18.318518
0.005820 0.039516 140.000000 49.532670
0.004292 0.069002 140.000000 86.585874
0.002073 0.065443 140.000000 79.348859
-0.004412 0.016958 140.000000 12.685471
-0.008005 0.056993 140.000000 57.653806
0.004704 0.042019 140.000000 51.525603
0.004994 0.028409 140.000000 34.021666
-0.007315 0.025631 140.000000 19.956012
-0.000052 0.095057 140.000000 115.976725
0.006673 0.024718 140.000000 31.166397
0.002156 0.005735 140.000000 6.047435
0.007414 0.064857 140.000000 84.779945
0.005944 0.016693 140.000000 19.953808
-0.006062 0.089707 140.000000 102.295559
0.002098 0.094505 140.000000 117.698371
-0.008824 0.056789 140.000000 56.617715
-0.006941 0.036931 140.000000 33.223942
0.006932 0.082049 140.000000 106.886672
0.000676 0.058079 140.000000 68.088791
-0.006852 0.061253 140.000000 64.287074
0.009893 0.076307 140.000000 102.841469
0.004610 0.071866 140.000000 90.731125
0.005206 0.038502 140.000000 47.486238
0.003447 0.086113 140.000000 108.178321
-0.000386 0.004573 140.000000 8.515205
0.002403 0.016068 140.000000 15.453846
-0.009085 0.028820 140.000000 22.529987
0.007916 0.058443 140.000000 76.923852
0.008000 0.053776 140.000000 70.877575
0.003010 0.066996 140.000000 82.463453
-0.009214 0.025433 140.000000 19.200055
0.009915 0.071853 140.000000 96.997083
0.002484 0.098126 140.000000 122.919527
0.005562 0.073005 140.000000 93.343741
-0.007560 0.019970 140.000000 14.918304
-0.000984 0.053652 140.000000 60.461417
0.002039 0.094135 140.000000 117.142927
-0.002545 0.016177 140.000000 12.369033
0.000846 0.056394 140.000000 66.062277
-0.009087 0.042051 140.000000 37.820966
-0.005780 0.014330 140.000000 11.571425
-0.008766 0.007212 140.000000 17.296198
0.003446 0.098420 140.000000 124.418597
0.006982 0.012108 140.000000 15.390734
0.004311 0.036519 140.000000 43.853306
0.008427 0.051088 140.000000 67.851372
-0.001970 0.078683 140.000000 92.260879
-0.009068 0.087045 140.000000 95.630318
0.003441 0.078717 140.000000 98.413435
0.006008 0.048314 140.000000 61.324013
-0.002583 0.048743 140.000000 52.359453
-0.004363 0.098745 140.000000 116.024416
0.007340 0.064274 140.000000 83.923669
0.006199 0.019218 140.000000 23.484779
0.006837 0.076698 140.000000 99.713888
-0.008641 0.009029 140.000000 15.788482
-0.009320 0.040725 140.000000 36.022256
-0.009442 0.067541 140.000000 69.872583
-0.000616 0.081354 140.000000 97.280972
-0.000920 0.067198 140.000000 78.313626
-0.004752 0.076837 140.000000 86.812711
0.003188 0.080400 140.000000 100.342360
-0.000588 0.018654 140.000000 16.062912
-0.007068 0.061310 140.000000 64.145304
0.003807 0.074669 140.000000 93.497674
0.003015 0.080963 140.000000 100.885047
-0.008987 0.062743 140.000000 64.119256
-0.009275 0.045631 140.000000 42.094705
0.007419 0.014297 140.000000 18.646340
-0.003613 0.068616 140.000000 77.252371
0.009154 0.005341 140.000000 10.121628
-0.009945 0.026130 140.000000 19.691949
-0.003441 0.045963 140.000000 47.876400
-0.004407 0.037937 140.000000 36.648663
0.005824 0.068501 140.000000 87.709714
-0.000466 0.076091 140.000000 90.517647
-0.009700 0.028519 140.000000 21.996412
0.005178 0.020357 140.000000 23.778344
-0.006536 0.027048 140.000000 21.843577
-0.007148 0.086130 140.000000 96.446072
-0.004390 0.050100 140.000000 52.286443
0.002475 0.011796 140.000000 10.521245
0.004601 0.095969 140.000000 122.524625
0.003677 0.032968 140.000000 38.484598
-0.008489 0.050933 140.000000 49.450509
-0.008656 0.020700 140.000000 15.534084
-0.001737 0.011711 140.000000 9.078066
-0.001709 0.020063 140.000000 16.900592
-0.004480 0.093852 140.000000 109.459343
-0.004471 0.093685 140.000000 109.249162
0.009439 0.094902 140.000000 126.826420
0.000880 0.081576 140.000000 99.257284
-0.006169 0.096890 140.000000 111.613799
0.009695 0.077903 140.000000 104.707609
0.000000 0.100000 160.000000 123.888151
-0.006475 0.004184 160.000000 16.782800
0.000287 0.065128 160.000000 77.821255
0.008232 0.001912 160.000000 6.269220
0.005733 0.086630 160.000000 112.601375
-0.006061 0.076124 160.000000 85.626051
0.001875 0.039256 160.000000 45.258003
0.001333 0.089042 160.000000 110.793090
0.003031 0.065896 160.000000 81.898151
-0.004986 0.081492 160.000000 93.854020
0.008961 0.061646 160.000000 83.117486
0.003142 0.089140 160.000000 112.970408
-0.004135 0.048347 160.000000 51.033015
0.008785 0.057056 160.000000 76.803889
-0.001525 0.088811 160.000000 107.306814
-0.000114 0.035504 160.000000 38.234303
0.003561 0.099916 160.000000 127.805951
0.006004 0.028972 160.000000 36.278045
0.004561 0.067775 160.000000 86.140218
-0.005399 0.018951 160.000000 14.606071
0.001071 0.013086 160.000000 11.181676
0.007735 0.001946 160.000000 5.921800
0.002444 0.039206 160.000000 45.810540
-0.006134 0.006613 160.000000 14.274513
0.006580 0.092528 160.000000 121.442936
-0.001123 0.079027 160.000000 94.741198
-0.001387 0.072232 160.000000 85.427504
0.008095 0.025013 160.000000 33.528997
0.002781 0.061920 160.000000 76.327703
-0.004879 0.025300 160.000000 21.345020
-0.001830 0.048207 160.000000 53.162476
-0.006982 0.015234 160.000000 12.783631
-0.000182 0.023225 160.000000 22.325786
-0.007030 0.071497 160.000000 78.532307
-0.008068 0.090455 160.000000 102.488012
0.001634 0.087962 160.000000 109.694090
-0.003430 0.042326 160.000000 43.866336
0.005017 0.090660 160.000000 117.144672
-0.002416 0.009657 160.000000 8.945770
0.002448 0.030263 160.000000 34.023263
0.008352 0.073920 160.000000 98.731254
-0.002018 0.053445 160.000000 59.873117
-0.001335 0.089549 160.000000 108.497381
0.004370 0.050439 160.000000 62.861312
-0.005489 0.049947 160.000000 51.812568
0.003992 0.042465 160.000000 51.845482
-0.002569 0.006123 160.000000 10.109779
0.005145 0.038758 160.000000 48.239349
-0.006811 0.027153 160.000000 22.373517
0.007948 0.090855 160.000000 120.812718
-0.001056 0.068463 160.000000 80.782895
0.009706 0.029872 160.000000 41.882938
0.001637 0.031650 160.000000 34.987967
-0.002829 0.041622 160.000000 43.530921
-0.004270 0.026052 160.000000 22.610099
-0.008404 0.008333 160.000000 16.036769
0.006738 0.061429 160.000000 80.210282
0.007069 0.021336 160.000000 27.484696
-0.001593 0.044147 160.000000 48.065934
0.008965 0.027750 160.000000 38.182272
-0.003675 0.002506 160.000000 14.503128
0.001956 0.012443 160.000000 11.053234
0.002782 0.068263 160.000000 84.767138
-0.007326 0.035161 160.000000 31.444655
-0.000391 0.051533 160.000000 59.060239
0.006837 0.033650 160.000000 43.431893
0.008756 0.037020 160.000000 50.173033
0.009892 0.065800 160.000000 89.753828
0.008931 0.095252 160.000000 127.826854
-0.009883 0.052708 160.000000 51.384534
-0.002664 0.088881 160.000000 106.153244
-0.002075 0.010656 160.000000 8.941429
-0.005004 0.048572 160.000000 50.486475
-0.005193 0.056435 160.000000 60.579146
-0.008732 0.059113 160.000000 60.666889
0.002714 0.008553 160.000000 7.601075
-0.004892 0.017532 160.000000 13.481320
0.001834 0.072231 160.000000 88.979706
0.003420 0.060740 160.000000 75.479417
0.009498 0.012075 160.000000 18.529380
-0.008061 0.059553 160.000000 61.870153
-0.003461 0.082609 160.000000 96.960886
0.002103 0.067435 160.000000 82.900671
-0.001313 0.081756 160.000000 98.159408
0.004130 0.015540 160.000000 16.708562
-0.002841 0.035443 160.000000 35.510279
-0.002739 0.095711 160.000000 115.149217
0.007066 0.004992 160.000000 7.482112
0.003945 0.007441 160.000000 7.261383
-0.001724 0.074325 160.000000 87.840271
-0.006883 0.051865 160.000000 52.989206
-0.005956 0.014753 160.000000 12.089902
0.004926 0.007956 160.000000 8.469047
0.007620 0.033232 160.000000 43.803523
-0.009302 0.087799 160.000000 97.710230
0.003358 0.013156 160.000000 13.010844
0.003670 0.070978 160.000000 89.386624
-0.008840 0.048685 160.000000 47.150782
-0.001063 0.055648 160.000000 63.790659
-0.000774 0.078759 160.000000 94.767998
0.009843 0.099838 160.000000 135.011218
-0.001739 0.014230 160.000000 11.142740
0.009135 0.099226 160.000000 133.361272
0.003647 0.089602 160.000000 114.161554
0.004991 0.077005 160.000000 98.923406
-0.007613 0.019067 160.000000 14.771834
-0.004698 0.077602 160.000000 89.005851
0.000370 0.073826 160.000000 89.472452
0.001591 0.062392 160.000000 75.624935
-0.003435 0.088018 160.000000 104.169862
0.008166 0.067187 160.000000 89.549529
-0.002435 0.010488 160.000000 9.071308
0.004459 0.045744 160.000000 56.724978
-0.009594 0.051083 160.000000 49.561033
0.000632 0.036593 160.000000 40.429123
0.000300 0.090791 160.000000 111.964224
0.001872 0.047674 160.000000 56.396994
0.005826 0.066799 160.000000 86.298651
0.001506 0.037320 160.000000 42.308129
-0.009481 0.085899 160.000000 95.022156
-0.008624 0.094955 160.000000 107.860516
0.000985 0.001746 160.000000 9.144434
0.001756 0.012012 160.000000 10.452811
-0.001633 0.057074 160.000000 65.072297
-0.000641 0.061814 160.000000 72.411593
-0.004519 0.065918 160.000000 73.743434
-0.009614 0.068124 160.000000 71.564012
0.001128 0.058025 160.000000 69.312085
0.008677 0.043714 160.000000 58.953158
-0.000018 0.049501 160.000000 56.770351
0.006407 0.050265 160.000000 64.975901
0.002902 0.038121 160.000000 44.876981
0.008271 0.072143 160.000000 96.270980
0.006907 0.042031 160.000000 54.621558
0.003571 0.016776 160.000000 17.703738
-0.003346 0.095026 160.000000 113.576214
0.001627 0.010743 160.000000 9.095024
-0.007591 0.049079 160.000000 48.745723
-0.005102 0.091695 160.000000 107.257028
-0.007836 0.037448 160.000000 33.868615
0.003992 0.056328 160.000000 70.260801
0.009544 0.010680 160.000000 16.853984
-0.002318 0.019372 160.000000 16.112269
0.009924 0.004315 160.000000 10.021265
0.006476 0.056263 160.000000 73.032201
0.008143 0.068727 160.000000 91.573318
0.008049 0.075703 160.000000 100.750034
-0.006387 0.089964 160.000000 103.597128
-0.004318 0.029339 160.000000 26.547269
-0.009397 0.071220 160.000000 75.819599
-0.008241 0.015910 160.000000 13.719381
-0.004779 0.017777 160.000000 13.687827
-0.006927 0.067289 160.000000 73.101534
0.005139 0.096398 160.000000 124.930571
0.000405 0.074923 160.000000 90.968575
0.004391 0.039197 160.000000 47.962606
0.002146 0.019513 160.000000 19.773669
0.008433 0.039866 160.000000 53.557875
-0.005426 0.015549 160.000000 12.225998
0.008665 0.015095 160.000000 21.318751
0.006934 0.060061 160.000000 78.620109
0.004201 0.092712 160.000000 118.940361
0.005812 0.028364 160.000000 35.253662
0.000301 0.079413 160.000000 96.826097
-0.008590 0.013052 160.000000 14.047258
-0.008478 0.078096 160.000000 85.758743
-0.000985 0.059952 160.000000 69.572843
-0.006842 0.081072 160.000000 91.355147
0.001074 0.081733 160.000000 100.772685
0.006547 0.005708 160.000000 7.659702
-0.003736 0.004373 160.000000 12.874097
0.003671 0.018730 160.000000 20.298188
-0.009038 0.070974 160.000000 75.848800
-0.002083 0.072983 160.000000 85.671585
-0.000828 0.046301 160.000000 51.689779
0.003783 0.074605 160.000000 94.344036
0.005648 0.065250 160.000000 84.029529
0.000813 0.044676 160.000000 51.278594
0.005270 0.077233 160.000000 99.548280
0.007184 0.092234 160.000000 121.756575
0.002558 0.048804 160.000000 58.652580
0.000515 0.087868 160.000000 108.313007
-0.002320 0.059039 160.000000 66.946276
-0.007647 0.033699 160.000000 29.456468
-0.005786 0.005008 160.000000 15.097625
-0.002430 0.007905 160.000000 9.162478
-0.005626 0.085620 160.000000 98.645951
0.005053 0.086694 160.000000 111.901384
-0.009418 0.068994 160.000000 72.887392
-0.006304 0.077300 160.000000 86.929111
-0.003525 0.011179 160.000000 9.834885
-0.007420 0.079984 160.000000 89.322563
0.007512 0.099329 160.000000 131.592417
-0.008672 0.099770 160.000000 114.181493
0.007842 0.069949 160.000000 92.845086
-0.004062 0.027575 160.000000 24.584685
0.002269 0.030940 160.000000 34.723063
0.008450 0.042635 160.000000 57.249891
-0.004058 0.061910 160.000000 68.930224
0.000248 0.008244 160.000000 7.299057
0.007087 0.027987 160.000000 36.243038
-0.000583 0.045116 160.000000 50.382948
-0.000642 0.063676 160.000000 74.880161
-0.002369 0.042233 160.000000 44.779285
-0.008954 0.065298 160.000000 68.506503
0.002864 0.059655 160.000000 73.408981
0.003286 0.005065 160.000000 5.709674
-0.008985 0.083610 160.000000 92.509550
0.001796 0.037846 160.000000 43.311470
-0.003208 0.089087 160.000000 105.835928
-0.001994 0.072313 160.000000 84.878911
0.004474 0.059837 160.000000 75.477127
0.003344 0.094331 160.000000 120.116998
0.002755 0.094856 160.000000 120.145301
0.005161 0.016380 160.000000 18.872408
-0.008808 0.084882 160.000000 94.366034
-0.001508 0.008598 160.000000 8.285259
0.006867 0.045119 160.000000 58.675463
0.008628 0.082879 160.000000 110.986876
-0.002977 0.051679 160.000000 56.558738
0.003183 0.029544 160.000000 33.868231
0.006271 0.067970 160.000000 88.373565
-0.003707 0.030020 160.000000 27.868214
0.001556 0.075217 160.000000 92.641459
0.003629 0.087215 160.000000 110.961643
0.001030 0.085548 160.000000 105.801561
0.001028 0.064134 160.000000 77.316867
-0.007356 0.026640 160.000000 21.555989
0.007131 0.037616 160.000000 49.030055
-0.006191 0.012782 160.000000 11.882639
-0.007081 0.098543 160.000000 114.231293
0.001766 0.054848 160.000000 65.797141
0.001410 0.039462 160.000000 45.030999
0.003685 0.086372 160.000000 109.902659
-0.001050 0.086676 160.000000 104.990669
-0.008707 0.085716 160.000000 95.569740
-0.009086 0.094351 160.000000 106.583191
-0.009766 0.049896 160.000000 47.906149
0.008912 0.085276 160.000000 114.515854
-0.001653 0.050068 160.000000 55.798750
-0.005650 0.062340 160.000000 67.875872
-0.000279 0.075151 160.000000 90.516960
0.000530 0.067014 160.000000 80.593147
-0.009621 0.045059 160.000000 41.934926
0.006193 0.045804 160.000000 58.798675
-0.004008 0.034803 160.000000 33.643420
0.003029 0.078338 160.000000 98.456380
0.000578 0.041159 160.000000 46.385376
0.004905 0.025990 160.000000 31.096242
0.001190 0.027656 160.000000 29.311300
-0.003201 0.014920 160.000000 11.526614
-0.005861 0.042648 160.000000 42.032559
-0.001287 0.066159 160.000000 77.476556
0.007773 0.092919 160.000000 123.357514
0.006763 0.077771 160.000000 101.996979
-0.006460 0.083682 160.000000 95.204515
0.006286 0.079551 160.000000 103.812769
-0.001866 0.034965 160.000000 35.807252
-0.006434 0.031275 160.000000 27.374034
0.005354 0.052658 160.000000 66.937407
0.007555 0.053663 160.000000 70.838147
-0.000795 0.015022 160.000000 12.223978
0.000897 0.058616 160.000000 69.843032
-0.004752 0.001968 160.000000 16.529236
-0.004554 0.038043 160.000000 37.296073
0.003406 0.068436 160.000000 85.702108
-0.001770 0.076905 160.000000 91.216358
-0.004938 0.075388 160.000000 85.823384
0.004526 0.060044 160.000000 75.810601
0.005083 0.021633 160.000000 25.587089
0.005001 0.046538 160.000000 58.398938
0.007076 0.041662 160.000000 54.330496
-0.008566 0.078221 160.000000 85.834739
0.003847 0.023477 160.000000 26.635556
0.007042 0.034898 160.000000 45.324754
0.006842 0.048105 160.000000 62.613707
0.008990 0.053239 160.000000 71.975328
-0.001133 0.057014 160.000000 65.523794
-0.002869 0.079253 160.000000 93.145418
0.008215 0.012286 160.000000 17.201891
0.009875 0.073244 160.000000 99.637000
0.003999 0.016708 160.000000 18.054641
0.005816 0.073095 160.000000 94.668943
-0.002239 0.028226 160.000000 26.841565
-0.006603 0.064812 160.000000 70.170566
-0.005116 0.085524 160.000000 99.057846
-0.001740 0.095502 160.000000 115.968446
-0.002113 0.078575 160.000000 93.061159
0.003280 0.091323 160.000000 116.035669
0.007825 0.036160 160.000000 47.922433
-0.007736 0.014966 160.000000 13.219131
0.009525 0.004492 160.000000 9.712156
0.007676 0.032020 160.000000 42.266512
-0.006252 0.046977 160.000000 47.248593
-0.001900 0.021871 160.000000 19.276991
-0.006931 0.095102 160.000000 109.829199
-0.002107 0.058551 160.000000 66.525747
-0.002930 0.036024 160.000000 36.176038
0.009422 0.092608 160.000000 124.883117
-0.007391 0.057711 160.000000 60.108670
0.003232 0.036231 160.000000 42.741337
-0.007461 0.090831 160.000000 103.617223
-0.002599 0.034045 160.000000 33.933200
0.008079 0.042849 160.000000 57.091104
0.001101 0.095980 160.000000 119.771095
0.001197 0.020186 160.000000 19.736070
-0.006350 0.085972 160.000000 98.348498
-0.001209 0.016233 160.000000 13.287837
-0.007965 0.034517 160.000000 30.222380
-0.007568 0.094961 160.000000 108.972078
-0.000180 0.009031 160.000000 7.695624
-0.003364 0.094085 160.000000 112.306325
0.006656 0.015281 160.000000 19.150814
-0.002127 0.009368 160.000000 8.733010
0.003797 0.019474 160.000000 21.385843
-0.005844 0.057380 160.000000 61.174284
-0.001051 0.067591 160.000000 79.632680
-0.009483 0.078757 160.000000 85.621200
0.001513 0.082215 160.000000 101.905955
0.002180 0.069400 160.000000 85.602308
-0.007002 0.042799 160.000000 41.231701
-0.008761 0.008174 160.000000 16.621354
0.009069 0.028837 160.000000 39.740349
0.008116 0.088319 160.000000 117.631407
0.009026 0.091603 160.000000 123.077015
-0.002056 0.015922 160.000000 12.613711
-0.002967 0.093866 160.000000 112.447532
0.004283 0.067209 160.000000 85.068057
-0.007206 0.099836 160.000000 115.813894
-0.005615 0.013520 160.000000 11.560673
-0.001733 0.036271 160.000000 37.629525
0.006655 0.025409 160.000000 32.340533
0.007556 0.040448 160.000000 53.287206
-0.008779 0.025919 160.000000 20.323118
-0.002597 0.050992 160.000000 56.042905
0.009712 0.069864 160.000000 94.944344
0.006320 0.071649 160.000000 93.329636
0.009967 0.027154 160.000000 38.626827
-0.006933 0.059203 160.000000 62.496565
-0.009839 0.091754 160.000000 102.378862
-0.008554 0.091477 160.000000 103.334626
-0.008361 0.023021 160.000000 17.756242
-0.002221 0.067538 160.000000 78.301712
0.009099 0.072940 160.000000 98.310929
-0.007210 0.068894 160.000000 74.927342
-0.006145 0.040186 160.000000 38.643186
-0.000965 0.095961 160.000000 117.436882
-0.004753 0.038375 160.000000 37.544361
0.009841 0.080023 160.000000 108.621387
0.002388 0.008910 160.000000 7.768253
0.005872 0.027472 160.000000 34.148278
-0.006661 0.079334 160.000000 89.246449
0.001214 0.038726 160.000000 43.850270
0.004051 0.067620 160.000000 85.349556
0.006842 0.056617 160.000000 73.931007
-0.009527 0.061166 160.000000 62.591142
-0.006526 0.055120 160.000000 57.559376
0.006844 0.062637 160.000000 81.941472
0.008371 0.086567 160.000000 115.596965
0.000598 0.088473 160.000000 109.210702
-0.009836 0.015252 160.000000 14.939748
0.002000 0.006718 160.000000 6.363170
0.003488 0.052693 160.000000 64.856751
0.004842 0.085042 160.000000 109.457917
0.001460 0.036114 160.000000 40.669779
-0.004040 0.045744 160.000000 47.729821
-0.006606 0.077531 160.000000 86.921820
0.000071 0.024625 160.000000 24.327139
0.006900 0.052885 160.000000 69.034026
-0.002139 0.092646 160.000000 111.731128
-0.000321 0.035043 160.000000 37.421670
-0.003421 0.090983 160.000000 108.122579
-0.006628 0.063540 160.000000 68.476019
-0.003388 0.075006 160.000000 86.955249
0.005282 0.092052 160.000000 119.304179
0.003842 0.073120 160.000000 92.433673
0.004414 0.093747 160.000000 120.563918
-0.000036 0.007371 160.000000 7.302509
0.000459 0.056889 160.000000 67.072573
-0.008454 0.007683 160.000000 16.570007
-0.000237 0.010634 160.000000 8.538718
-0.000068 0.022666 160.000000 21.722766
-0.006959 0.030966 160.000000 26.661535
-0.005859 0.052440 160.000000 54.705459
0.008391 0.071554 160.000000 95.628763
0.007420 0.084339 160.000000 111.513906
-0.003292 0.041007 160.000000 42.284789
0.008592 0.021009 160.000000 28.886622
0.008264 0.009628 160.000000 13.973994
0.003967 0.085077 160.000000 108.499420
0.000349 0.096130 160.000000 119.126676
-0.009375 0.094963 160.000000 107.092376
0.005910 0.069340 160.000000 89.777822
0.008250 0.019046 160.000000 25.912415
0.003499 0.097065 160.000000 123.935759
0.004230 0.099525 160.000000 128.051137
-0.002084 0.035493 160.000000 36.283128
0.004793 0.098303 160.000000 127.070362
0.009705 0.073782 160.000000 100.150243
-0.009915 0.030813 160.000000 24.928197
-0.003728 0.033272 160.000000 31.941755
0.005566 0.026245 160.000000 32.181603
0.007185 0.001134 160.000000 5.469461
0.005744 0.063838 160.000000 82.262290
0.008449 0.097249 160.000000 129.919345
0.007837 0.026063 160.000000 34.599217
0.006446 0.044208 160.000000 56.973894
-0.003211 0.023539 160.000000 20.347596
-0.003044 0.059649 160.000000 66.996082
0.004319 0.095008 160.000000 122.134800
0.001517 0.090567 160.000000 113.029700
0.000396 0.099286 160.000000 123.380020
0.004165 0.046313 160.000000 57.147293
0.003166 0.031559 160.000000 36.502029
0.007190 0.032228 160.000000 41.964500
-0.001172 0.067057 160.000000 78.793142
-0.001517 0.053184 160.000000 60.053130
-0.005372 0.033436 160.000000 30.793598
0.003363 0.024677 160.000000 27.681815
0.001233 0.039939 160.000000 45.470588
0.001973 0.080536 160.000000 100.189451
0.003169 0.024011 160.000000 26.606874
0.000110 0.088284 160.000000 108.414830
0.008742 0.052286 160.000000 70.412686
0.003739 0.033571 160.000000 39.787071
0.001463 0.078287 160.000000 96.622632
0.007108 0.096764 160.000000 127.704012
0.004059 0.083192 160.000000 106.095466
0.001926 0.094119 160.000000 118.222798
0.002289 0.011572 160.000000 10.328604
0.005163 0.037203 160.000000 46.198145
-0.008135 0.066141 160.000000 70.402044
0.007070 0.073537 160.000000 96.717704
0.000315 0.083487 160.000000 102.259604
0.001672 0.040332 160.000000 46.460184
-0.004930 0.055661 160.000000 59.825939
0.005007 0.035881 160.000000 44.269369
0.004072 0.037125 160.000000 44.857975
0.005459 0.097359 160.000000 126.581239
0.004145 0.038736 160.000000 47.073741
-0.003340 0.068048 160.000000 77.790050
0.001754 0.023421 160.000000 24.391394
-0.002866 0.093773 160.000000 112.434015
0.007690 0.008465 160.000000 11.898855
-0.003924 0.033098 160.000000 31.553822
-0.007213 0.083989 160.000000 94.826422
0.007570 0.022998 160.000000 30.255317
0.001274 0.053058 160.000000 62.881778
0.006178 0.080744 160.000000 105.275715
0.007802 0.063549 160.000000 84.278726
0.005204 0.083618 160.000000 107.978360
0.007981 0.033548 160.000000 44.649729
0.001079 0.047564 160.000000 55.386759
-0.009371 0.040859 160.000000 36.924963
0.006351 0.087407 160.000000 114.354842
-0.006741 0.072013 160.000000 79.505025
0.004006 0.012180 160.000000 12.436272
0.009016 0.072649 160.000000 97.824236
0.003131 0.039871 160.000000 47.445043
-0.009899 0.090725 160.000000 100.961171
-0.001048 0.048872 160.000000 54.851021
-0.006799 0.004377 160.000000 17.055985
-0.004926 0.024078 160.000000 19.932231
0.008365 0.021149 160.000000 28.792283
0.002403 0.078187 160.000000 97.546538
0.006941 0.047299 160.000000 61.658706
-0.007010 0.086113 160.000000 97.846142
-0.001145 0.021727 160.000000 19.667423
0.003799 0.016613 160.000000 17.728725
0.003149 0.055243 160.000000 67.864695
0.005529 0.076756 160.000000 99.213438
0.009835 0.021517 160.000000 31.080621
-0.009022 0.002647 160.000000 21.875609
0.003766 0.061057 160.000000 76.293317
0.005206 0.020746 160.000000 24.568049
-0.005583 0.065604 160.000000 72.238248
0.001912 0.061322 160.000000 74.560540
0.004650 0.004042 160.000000 5.429494
0.000061 0.084682 160.000000 103.568378
0.000774 0.086449 160.000000 106.713874
-0.001300 0.030725 160.000000 30.867433
-0.002771 0.049148 160.000000 53.439738
0.007999 0.052120 160.000000 69.311234
0.001529 0.097943 160.000000 122.866940
0.006013 0.046044 160.000000 58.908610
-0.009843 0.015810 160.000000 14.927308
-0.003823 0.058913 160.000000 65.220257
0.006480 0.097271 160.000000 127.647548
0.004822 0.048867 160.000000 61.287003
-0.006242 0.033752 160.000000 30.516486
-0.005003 0.092503 160.000000 108.435026
-0.003972 0.062985 160.000000 70.437585
-0.008655 0.095702 160.000000 108.816688
-0.001948 0.046440 160.000000 50.717601
-0.005881 0.059796 160.000000 64.305526
0.004884 0.090476 160.000000 116.745290
-0.008802 0.051252 160.000000 50.461620
-0.006420 0.033978 160.000000 30.660456
0.001364 0.009946 160.000000 8.278311
0.006128 0.011723 160.000000 14.062055
-0.000137 0.071124 160.000000 85.321213
0.005207 0.021036 160.000000 24.947860
0.000506 0.096376 160.000000 119.629397
0.003855 0.066860 160.000000 84.114960
0.008286 0.070717 160.000000 94.390067
0.003176 0.032788 160.000000 38.132939
0.001278 0.088847 160.000000 110.472379
0.002085 0.084895 160.000000 106.119300
0.004165 0.049307 160.000000 61.123630
0.008407 0.096796 160.000000 129.266205
-0.008328 0.092876 160.000000 105.418101
-0.000006 0.045317 160.000000 51.254072
0.001148 0.033514 160.000000 36.923669
0.007695 0.018787 160.000000 24.906410
0.003860 0.009836 160.000000 9.603003
-0.007035 0.096939 160.000000 112.154985
-0.002796 0.013337 160.000000 10.417224
-0.001916 0.075300 160.000000 88.927856
0.005678 0.005698 160.000000 6.906366
0.002537 0.033055 160.000000 37.791074
0.007871 0.091869 160.000000 122.073243
0.002519 0.014169 160.000000 13.488183
0.001966 0.039494 160.000000 45.671274
-0.007931 0.031682 160.000000 26.900707
0.004590 0.006837 160.000000 7.129032
-0.009653 0.033392 160.000000 27.890427
-0.008896 0.088230 160.000000 98.694017
0.007268 0.003618 160.000000 6.531490
0.000442 0.029805 160.000000 31.356950
-0.008199 0.020106 160.000000 15.539679
0.001011 0.086641 160.000000 107.235192
-0.007765 0.019680 160.000000 15.192289
-0.004826 0.011261 160.000000 10.787181
0.009945 0.010971 160.000000 17.723782
0.004570 0.073640 160.000000 93.958703
0.008945 0.058524 160.000000 78.947537
0.004336 0.058462 160.000000 73.489499
-0.007368 0.041251 160.000000 38.967848
-0.002455 0.052148 160.000000 57.711469
-0.002780 0.003728 160.000000 12.162390
-0.009058 0.071225 160.000000 76.156733
0.007305 0.022844 160.000000 29.738078
-0.000592 0.038943 160.000000 42.255602
0.000603 0.026547 160.000000 27.295347
-0.007317 0.045507 160.000000 44.410582
0.007614 0.057998 160.000000 76.671837
-0.002422 0.078326 160.000000 92.395751
-0.001529 0.082168 160.000000 98.470888
0.002487 0.016483 160.000000 16.286764
-0.001135 0.071826 160.000000 85.162824
-0.009823 0.078192 160.000000 84.541655
0.004374 0.049394 160.000000 61.477172
0.003845 0.002799 160.000000 5.686451
-0.002124 0.079085 160.000000 93.727083
-0.004318 0.071840 160.000000 81.778587
-0.004107 0.096951 160.000000 115.306031
-0.003593 0.076602 160.000000 88.851731
0.005143 0.067929 160.000000 87.013511
-0.003230 0.038192 160.000000 38.694699
0.009019 0.099221 160.000000 133.217385
0.003568 0.075612 160.000000 95.439281
0.004425 0.096377 160.000000 124.079702
0.007384 0.097417 160.000000 128.896560
0.001398 0.072610 160.000000 88.997461
-0.008145 0.007900 160.000000 15.997978
-0.000659 0.096592 160.000000 118.616576
-0.001650 0.011585 160.000000 9.223353
-0.008728 0.084809 160.000000 94.350964
-0.009603 0.060727 160.000000 61.952104
0.003938 0.020512 160.000000 22.878416
0.001789 0.005895 160.000000 6.271428
0.009275 0.069085 160.000000 93.388541
0.002219 0.059519 160.000000 72.506884
0.004105 0.036902 160.000000 44.601253
-0.008844 0.074255 160.000000 80.342230
-0.004791 0.065462 160.000000 72.862063
0.002114 0.030661 160.000000 34.191906
-0.001421 0.038170 160.000000 40.409273
-0.005914 0.069908 160.000000 77.573057
-0.004477 0.092862 160.000000 109.476613
-0.004834 0.094643 160.000000 111.455750
-0.000353 0.014978 160.000000 12.398086
-0.008453 0.080340 160.000000 88.739721
-0.001116 0.098654 160.000000 120.852704
-0.001746 0.047187 160.000000 51.907189
-0.009005 0.091245 160.000000 102.562971
0.004917 0.054466 160.000000 68.839078
0.004917 0.062379 160.000000 79.366184
-0.007174 0.062097 160.000000 66.046600
-0.003298 0.077125 160.000000 89.860448
0.001305 0.024325 160.000000 25.114243
0.006212 0.089090 160.000000 116.435018
0.006583 0.060055 160.000000 78.201704
0.002571 0.025314 160.000000 27.677534
0.004271 0.025678 160.000000 29.979518
0.000832 0.070095 160.000000 85.023039
-0.006736 0.052675 160.000000 54.178135
0.006459 0.031317 160.000000 39.903101
0.006653 0.052944 160.000000 68.824319
-0.002388 0.043287 160.000000 46.138266
0.008084 0.066792 160.000000 88.927437
-0.002429 0.027334 160.000000 25.561406
0.002762 0.037891 160.000000 44.419451
0.009333 0.080701 160.000000 108.921300
0.004435 0.041526 160.000000 51.100364
0.009558 0.055158 160.000000 75.203764
-0.006036 0.002175 160.000000 18.118617
-0.001959 0.002980 160.000000 11.745052
-0.006238 0.055517 160.000000 58.354358
-0.005775 0.051478 160.000000 53.532631
0.001043 0.040130 160.000000 45.521343
-0.008678 0.058633 160.000000 60.093853
-0.007285 0.079538 160.000000 88.873531
-0.005794 0.019177 160.000000 14.754587
0.006677 0.036327 160.000000 46.788386
-0.002562 0.016728 160.000000 13.222688
-0.007289 0.090220 160.000000 102.988086
0.003580 0.013201 160.000000 13.269728
-0.002573 0.002294 160.000000 13.209733
0.003095 0.059307 160.000000 73.206463
0.002773 0.072558 160.000000 90.472221
-0.004126 0.024671 160.000000 21.078731
-0.000140 0.096105 160.000000 118.546305
0.004735 0.079911 160.000000 102.500281
0.001086 0.011614 160.000000 9.680090
0.008790 0.034213 160.000000 46.499883
-0.001055 0.068384 160.000000 80.679120
0.000925 0.018694 160.000000 17.637428
0.008057 0.024321 160.000000 32.573769
-0.008063 0.064708 160.000000 68.596853
0.002475 0.070744 160.000000 87.721861
-0.004870 0.017612 160.000000 13.546783
-0.005109 0.078922 160.000000 90.320640
0.004188 0.070877 160.000000 89.841544
0.005474 0.075135 160.000000 96.991157
0.005668 0.033645 160.000000 42.065927
-0.007369 0.086838 160.000000 98.431141
0.001135 0.035903 160.000000 40.048464
-0.002063 0.065598 160.000000 75.900343
0.003154 0.059868 160.000000 74.018878
0.009365 0.056868 160.000000 77.246330
0.000925 0.090154 160.000000 111.815974
0.000474 0.099999 160.000000 124.418226
0.006731 0.096518 160.000000 126.936521
0.008769 0.055514 160.000000 74.735726
0.003780 0.026379 160.000000 30.360972
0.000405 0.059336 160.000000 70.260096
0.001477 0.087483 160.000000 108.878979
0.008852 0.051340 160.000000 69.287822
-0.007606 0.099608 160.000000 115.088653
0.000144 0.074375 160.000000 89.951922
0.004325 0.023877 160.000000 27.679673
0.004951 0.007604 160.000000 8.128729
-0.005542 0.044429 160.000000 44.610686
0.006236 0.076660 160.000000 99.904375
0.003013 0.062321 160.000000 77.122855
-0.001896 0.056083 160.000000 63.485244
-0.004611 0.034227 160.000000 32.399580
0.007196 0.026358 160.000000 34.224600
0.008634 0.075358 160.000000 100.979733
0.003318 0.016486 160.000000 17.085151
0.009523 0.013218 160.000000 19.999574
-0.006495 0.027453 160.000000 22.876481
0.006798 0.042562 160.000000 55.200524
0.009204 0.091757 160.000000 123.492531
0.003722 0.003774 160.000000 5.525104
0.008811 0.077856 160.000000 104.515037
0.004501 0.098436 160.000000 126.911750
0.000461 0.005932 160.000000 7.107759
-0.003625 0.084709 160.000000 99.571149
-0.007797 0.066699 160.000000 71.464064
0.001419 0.035265 160.000000 39.508820
-0.008040 0.018284 160.000000 14.446153
-0.005504 0.054843 160.000000 58.187571
0.005173 0.032290 160.000000 39.705648
0.009323 0.079300 160.000000 107.042884
0.006762 0.014288 160.000000 18.006362
0.007828 0.082607 160.000000 109.684542
-0.005339 0.057963 160.000000 62.437661
-0.001526 0.083818 160.000000 100.666641
0.005109 0.051826 160.000000 65.548859
0.001493 0.005562 160.000000 6.441101
0.000723 0.005776 160.000000 6.939291
0.007270 0.087080 160.000000 114.989663
0.002379 0.030650 160.000000 34.457321
0.000538 0.061911 160.000000 73.823815
0.003745 0.050087 160.000000 61.684286
-0.003567 0.006731 160.000000 10.936694
0.009163 0.077713 160.000000 104.740875
-0.002049 0.079408 160.000000 94.237943
-0.006321 0.052589 160.000000 54.457920
-0.007896 0.089289 160.000000 101.123768
0.001562 0.089986 160.000000 112.307441
0.008875 0.002354 160.000000 7.116029
0.007137 0.080619 160.000000 106.226800
0.004240 0.056532 160.000000 70.813253
0.001176 0.070834 160.000000 86.387015
0.000990 0.074378 160.000000 90.894269
-0.005082 0.065972 160.000000 73.234529
-0.008582 0.084005 160.000000 93.440742
0.002948 0.084628 160.000000 106.740994
-0.001699 0.089839 160.000000 108.482622
0.009941 0.016549 160.000000 24.777229
0.005156 0.050611 160.000000 63.988790
-0.002873 0.090049 160.000000 107.477400
0.004311 0.013635 160.000000 14.509050
0.009056 0.070573 160.000000 95.108553
-0.006603 0.050928 160.000000 52.034845
-0.008260 0.041234 160.000000 38.230889
-0.001948 0.076802 160.000000 90.886163
0.002915 0.074662 160.000000 93.432422
-0.001834 0.092155 160.000000 111.413395
-0.006109 0.099795 160.000000 116.927049
-0.006564 0.024965 160.000000 20.110379
-0.001119 0.001275 160.000000 12.273837
0.003127 0.032321 160.000000 37.463520
-0.005282 0.065939 160.000000 72.987394
0.001843 0.086353 160.000000 107.786458
-0.006271 0.049419 160.000000 50.388991
0.009453 0.027794 160.000000 38.835912
0.005796 0.034951 160.000000 43.942021
0.004865 0.022469 160.000000 26.436823
0.005900 0.062732 160.000000 80.970085
-0.008546 0.020624 160.000000 15.935584
0.001258 0.032681 160.000000 35.944359
-0.001746 0.045614 160.000000 49.838551
-0.009439 0.004244 160.000000 20.898599
0.003722 0.003234 160.000000 5.617922
-0.004826 0.012822 160.000000 10.935552
-0.009082 0.064899 160.000000 67.864336
0.008170 0.026712 160.000000 35.854316
-0.007000 0.038219 160.000000 35.464170
0.002584 0.036905 160.000000 42.922220
0.000755 0.017163 160.000000 15.633380
-0.009975 0.091271 160.000000 101.602858
-0.009524 0.075522 160.000000 81.332275
-0.002140 0.008459 160.000000 8.781842
-0.002458 0.080515 160.000000 95.264250
-0.006849 0.062133 160.000000 66.411695
-0.002457 0.005553 160.000000 10.334739
0.009273 0.048109 160.000000 65.500634
0.002843 0.088614 160.000000 111.930266
-0.009488 0.002958 160.000000 22.229361
-0.003548 0.012518 160.000000 10.204683
-0.000932 0.099918 160.000000 122.739190
-0.008315 0.092121 160.000000 104.433856
-0.001984 0.055097 160.000000 62.090263
0.007717 0.043487 160.000000 57.508716
0.006994 0.080351 160.000000 105.703183
-0.005347 0.094995 160.000000 111.372889
-0.004078 0.053023 160.000000 57.213466
0.005134 0.071602 160.000000 91.893758
-0.009896 0.028150 160.000000 22.197979
-0.007477 0.017140 160.000000 13.700474
0.009360 0.049625 160.000000 67.616813
0.007765 0.091195 160.000000 121.051061
-0.006192 0.009532 160.000000 12.587608
-0.000027 0.002755 160.000000 9.482327
0.008127 0.085140 160.000000 113.408659
-0.006329 0.006113 160.000000 14.919761
0.008883 0.016202 160.000000 23.008742
0.006602 0.025429 160.000000 32.303994
-0.005114 0.085337 160.000000 98.812523
0.003360 0.077364 160.000000 97.534427
-0.008674 0.092390 160.000000 104.416708
-0.009219 0.064171 160.000000 66.786488
-0.001044 0.013281 160.000000 10.475193
0.007659 0.014757 160.000000 19.664392
0.001463 0.064654 160.000000 78.488508
-0.003670 0.034271 160.000000 33.261249
-0.004095 0.026534 160.000000 23.304040
0.005809 0.015209 160.000000 18.093786
-0.003782 0.021516 160.000000 17.692775
0.008039 0.027050 160.000000 36.141367
-0.001144 0.099184 160.000000 121.527392
0.000453 0.003155 160.000000 8.584335
0.008223 0.029575 160.000000 39.690065
-0.007474 0.081734 160.000000 91.578697
-0.008050 0.047424 160.000000 46.221922
-0.004046 0.072213 160.000000 82.559544
0.004861 0.022017 160.000000 25.840211
0.008684 0.076152 160.000000 102.095043
-0.003017 0.046192 160.000000 49.317349
-0.006334 0.067520 160.000000 74.000756
0.009020 0.011256 160.000000 16.907318
-0.006578 0.084186 160.000000 95.747464
-0.004499 0.017549 160.000000 13.527976
0.000098 0.004008 160.000000 8.371409
0.002802 0.094262 160.000000 119.406830
0.008474 0.029689 160.000000 40.142841
0.000289 0.041095 160.000000 45.996096
0.006562 0.056538 160.000000 73.497799
0.001669 0.003696 160.000000 6.934609
0.003302 0.059649 160.000000 73.895045
0.004618 0.045533 160.000000 56.626993
-0.004136 0.084533 160.000000 98.789189
-0.006585 0.064632 160.000000 69.951744
0.003151 0.045257 160.000000 54.606805
-0.000539 0.044707 160.000000 49.890412
-0.007691 0.044514 160.000000 42.824802
-0.005057 0.077143 160.000000 88.020601
0.002856 0.032075 160.000000 36.844382
-0.000619 0.005611 160.000000 8.219981
0.005177 0.005110 160.000000 6.119349
0.005896 0.050772 160.000000 65.056926
0.004440 0.079999 160.000000 102.278858
0.000590 0.072305 160.000000 87.693660
-0.003153 0.018296 160.000000 14.565614
-0.003443 0.020251 160.000000 16.485066
-0.005593 0.065514 160.000000 72.110561
-0.002335 0.053750 160.000000 59.946908
-0.005120 0.055565 160.000000 59.510080
-0.003842 0.009620 160.000000 10.099369
-0.000804 0.047345 160.000000 53.091720
0.009056 0.074550 160.000000 100.403534
-0.000303 0.078422 160.000000 94.838946
0.005936 0.063707 160.000000 82.308711
0.000782 0.029980 160.000000 31.925352
0.008744 0.025929 160.000000 35.517086
-0.007568 0.082222 160.000000 92.125815
0.007564 0.018227 160.000000 24.022867
0.003300 0.071696 160.000000 89.921592
0.008497 0.068688 160.000000 91.937745
-0.006423 0.077460 160.000000 87.016815
-0.001921 0.003866 160.000000 10.926840
-0.000335 0.067155 160.000000 79.832138
-0.009052 0.071280 160.000000 76.234793
-0.005500 0.042421 160.000000 42.064353
-0.009805 0.009280 160.000000 17.236295
0.003116 0.080597 160.000000 101.562133
0.008395 0.006665 160.000000 10.664881
0.005111 0.025019 160.000000 30.052450
0.004348 0.029355 160.000000 34.901685
0.006483 0.044222 160.000000 57.035187
0.003535 0.033710 160.000000 39.744860
-0.008015 0.016945 160.000000 13.868106
0.009751 0.002562 160.000000 8.206821
-0.005695 0.046350 160.000000 46.951042
0.009898 0.035916 160.000000 50.096287
0.003724 0.056454 160.000000 70.122772
-0.003918 0.010565 160.000000 10.073167
0.008190 0.063337 160.000000 84.454616
0.006984 0.069515 160.000000 91.261245
0.001823 0.063087 160.000000 76.806900
-0.003395 0.056868 160.000000 62.964262
0.001953 0.045167 160.000000 53.162611
-0.008547 0.004773 160.000000 19.140009
-0.000931 0.043757 160.000000 48.232692
0.005727 0.030454 160.000000 37.914466
-0.004602 0.052006 160.000000 55.361378
-0.005773 0.056216 160.000000 59.720761
0.007227 0.084107 160.000000 110.979166
0.008365 0.099035 160.000000 132.200735
-0.005692 0.053929 160.000000 56.809742
0.002619 0.056485 160.000000 68.920494
0.000234 0.089500 160.000000 110.171160
-0.002416 0.038848 160.000000 40.319172
-0.003829 0.072884 160.000000 83.675629
0.001226 0.074481 160.000000 91.293511
0.003729 0.093630 160.000000 119.622471
0.003229 0.039266 160.000000 46.753262
-0.004533 0.094076 160.000000 111.027207
-0.005253 0.012270 160.000000 11.139415
-0.005922 0.059008 160.000000 63.229879
0.006527 0.060875 160.000000 79.227265
0.005729 0.057038 160.000000 73.195273
-0.001185 0.005777 160.000000 8.734733
-0.008813 0.060662 160.000000 62.603241
0.002842 0.002885 160.000000 6.343186
-0.009460 0.007821 160.000000 17.823290
0.009575 0.009451 160.000000 15.389009
0.004284 0.075013 160.000000 95.460157
-0.008047 0.017789 160.000000 14.216753
-0.003893 0.095948 160.000000 114.205958
-0.008773 0.027575 160.000000 21.977072
0.002370 0.054353 160.000000 65.810420
0.001095 0.062958 160.000000 75.828290
0.000606 0.050580 160.000000 58.868257
0.009946 0.097774 160.000000 132.384376
-0.009231 0.095405 160.000000 107.826440
0.009604 0.003715 160.000000 9.049777
0.008668 0.004546 160.000000 8.756722
-0.009507 0.066560 160.000000 69.625419
0.009142 0.064152 160.000000 86.666110
-0.008069 0.090718 160.000000 102.834263
-0.006096 0.007908 160.000000 13.337548
0.004152 0.075972 160.000000 96.586043
0.008118 0.082381 160.000000 109.725036
0.008657 0.063297 160.000000 84.953896
0.009358 0.010092 160.000000 15.895294
0.002232 0.050366 160.000000 60.364263
0.004735 0.070275 160.000000 89.667545
0.002377 0.064738 160.000000 79.621410
0.004156 0.031626 160.000000 37.682400
-0.004963 0.059088 160.000000 64.292200
0.000116 0.077164 160.000000 93.628171
-0.007454 0.062402 160.000000 66.172938
-0.007692 0.092823 160.000000 106.012921
0.003009 0.080411 160.000000 101.193077
-0.002496 0.009208 160.000000 9.001487
0.000044 0.025418 160.000000 25.312838
-0.002150 0.043843 160.000000 47.104720
-0.002370 0.064987 160.000000 74.764193
0.008894 0.055661 160.000000 75.080424
0.004367 0.010871 160.000000 11.221205
0.005332 0.057287 160.000000 73.068830
0.003788 0.099241 160.000000 127.166593
-0.005987 0.047208 160.000000 47.791075
0.003042 0.091478 160.000000 115.971713
-0.004056 0.077693 160.000000 89.805782
-0.009070 0.047335 160.000000 45.242501
-0.007610 0.054679 160.000000 55.960809
0.009211 0.082501 160.000000 111.172289
-0.005950 0.032664 160.000000 29.399469
0.000518 0.094878 160.000000 117.648928
-0.000574 0.018791 160.000000 16.568813
-0.004121 0.061680 160.000000 68.562749
0.001395 0.079746 160.000000 98.487889
-0.000183 0.056699 160.000000 66.124445
0.007324 0.042024 160.000000 55.104122
0.001926 0.025310 160.000000 27.007898
0.009687 0.027548 160.000000 38.800299
-0.008789 0.064468 160.000000 67.582754
0.006759 0.075395 160.000000 98.828428
0.006344 0.052198 160.000000 67.472439
0.006488 0.099173 160.000000 130.191890
0.002851 0.096238 160.000000 122.094559
-0.002884 0.068790 160.000000 79.254555
0.000368 0.069121 160.000000 83.214262
0.003268 0.016417 160.000000 16.949323
-0.004385 0.032118 160.000000 29.938315
0.006119 0.085750 160.000000 111.877204
0.005820 0.057444 160.000000 73.841437
-0.002650 0.064206 160.000000 73.433616
-0.003819 0.035852 160.000000 35.148010
0.005521 0.072930 160.000000 94.107573
-0.002991 0.080707 160.000000 94.941818
0.001882 0.027622 160.000000 29.972349
0.000503 0.098416 160.000000 122.342353
-0.008034 0.030459 160.000000 25.441017
-0.005396 0.067891 160.000000 75.444037
0.009240 0.010338 160.000000 16.048012
-0.004594 0.026323 160.000000 22.715917
-0.007910 0.097580 160.000000 112.080796
-0.006655 0.061805 160.000000 66.173669
0.006037 0.087292 160.000000 113.836820
0.002716 0.075607 160.000000 94.466083
0.008160 0.048245 160.000000 64.351838
0.003067 0.027013 160.000000 30.421794
-0.007440 0.002723 160.000000 19.549064
0.000911 0.020837 160.000000 20.296216
0.004793 0.023045 160.000000 27.108965
0.001323 0.099352 160.000000 124.510961
0.009232 0.036128 160.000000 49.567152
0.003219 0.086844 160.000000 110.000513
0.001020 0.026292 160.000000 27.372565
0.004379 0.027929 160.000000 33.058199
0.004874 0.008412 160.000000 8.906265
-0.004378 0.015219 160.000000 11.806235
0.009303 0.061646 160.000000 83.525732
0.004202 0.006823 160.000000 6.880214
0.000386 0.083456 160.000000 102.298739
-0.001255 0.002456 160.000000 11.304870
-0.006980 0.020348 160.000000 15.637880
0.004549 0.089397 160.000000 114.921774
0.008093 0.005463 160.000000 9.022152
0.001809 0.051351 160.000000 61.203370
0.008613 0.039937 160.000000 53.866855
-0.004658 0.034317 160.000000 32.474646
-0.006109 0.097846 160.000000 114.341638
-0.002915 0.089574 160.000000 106.799853
0.008779 0.010224 160.000000 15.333821
0.009480 0.099917 160.000000 134.688156
0.007823 0.023324 160.000000 30.983967
0.006790 0.036088 160.000000 46.604561
0.007085 0.061512 160.000000 80.727585
-0.009524 0.081649 160.000000 89.382778
0.001876 0.040821 160.000000 47.328655
-0.002353 0.092724 160.000000 111.599655
0.003736 0.064986 160.000000 81.486176
0.006787 0.092275 160.000000 121.347076
0.000302 0.021818 160.000000 20.983870
-0.006263 0.016736 160.000000 13.092570
-0.001563 0.079644 160.000000 95.079700
-0.006165 0.057002 160.000000 60.365422
-0.003387 0.005964 160.000000 11.203453
0.003453 0.040551 160.000000 48.703651
-0.002011 0.018199 160.000000 14.987229
0.005553 0.091776 160.000000 119.249710
0.006049 0.006928 160.000000 8.408530
-0.001524 0.067563 160.000000 79.084047
-0.003774 0.034918 160.000000 33.995406
-0.005624 0.019952 160.000000 15.447160
-0.002909 0.021768 160.000000 18.478821
0.006048 0.007813 160.000000 9.355301
0.003243 0.061865 160.000000 76.775504
0.009729 0.049962 160.000000 68.508125
-0.006039 0.088579 160.000000 102.129423
-0.009268 0.023435 160.000000 18.048186
0.004126 0.081907 160.000000 104.460176
-0.001049 0.064564 160.000000 75.617620
-0.008289 0.059832 160.000000 62.017208
0.004658 0.057131 160.000000 72.086503
-0.005848 0.092015 160.000000 106.885615
-0.001862 0.015931 160.000000 12.691455
0.004644 0.094139 160.000000 121.349758
0.009635 0.063840 160.000000 86.840000
-0.005703 0.096129 160.000000 112.496671
0.005909 0.050974 160.000000 65.340044
0.008815 0.032059 160.000000 43.683530
0.006645 0.026320 160.000000 33.526614
0.000059 0.085113 160.000000 104.138225
0.001731 0.031334 160.000000 34.672455
0.005585 0.045512 160.000000 57.706866
0.004791 0.053728 160.000000 67.713587
0.000139 0.005608 160.000000 7.481782
-0.003996 0.040697 160.000000 41.218419
-0.003990 0.077271 160.000000 89.317553
-0.001383 0.091468 160.000000 110.996125
0.000537 0.053706 160.000000 62.937005
0.007116 0.043791 160.000000 57.204527
0.001442 0.032421 160.000000 35.795958
-0.003456 0.059181 160.000000 65.952003
-0.003648 0.098287 160.000000 117.581003
-0.005891 0.041259 160.000000 40.229253
0.002342 0.086594 160.000000 108.671994
-0.007765 0.084170 160.000000 94.494729
0.001312 0.044817 160.000000 52.003263
0.004408 0.065148 160.000000 82.468025
-0.004273 0.037287 160.000000 36.578317
-0.003745 0.072194 160.000000 82.851837
-0.000095 0.040391 160.000000 44.668033
-0.003473 0.021796 160.000000 18.174291
0.000709 0.034207 160.000000 37.377559
0.000287 0.004364 160.000000 7.937446
-0.006602 0.038249 160.000000 35.819575
0.004240 0.040139 160.000000 49.041196
0.002276 0.036996 160.000000 42.706799
0.007774 0.098490 160.000000 130.781416
0.004528 0.034000 160.000000 41.236024
-0.003398 0.096474 160.000000 115.443144
-0.003004 0.010037 160.000000 9.376751
-0.007542 0.017190 160.000000 13.749071
0.001098 0.007856 160.000000 6.938676
0.007816 0.099367 160.000000 131.999196
-0.000284 0.097482 160.000000 120.218908
0.000686 0.038309 160.000000 42.743991
0.008050 0.072668 160.000000 96.710239
0.008498 0.015990 160.000000 22.262974
0.007097 0.070816 160.000000 93.125447
-0.001217 0.047261 160.000000 52.549554
0.001126 0.009539 160.000000 7.902895
0.001687 0.021074 160.000000 21.318684
0.009757 0.071636 160.000000 97.356809
0.004405 0.051281 160.000000 64.020153
-0.008652 0.062856 160.000000 65.611478
-0.006278 0.071752 160.000000 79.633009
-0.001610 0.033655 160.000000 34.355606
0.006855 0.068683 160.000000 90.002232
-0.002576 0.099342 160.000000 120.155861
-0.005521 0.055042 160.000000 58.431151
0.002674 0.061679 160.000000 75.887104
-0.002554 0.062694 160.000000 71.534399
0.001820 0.065784 160.000000 80.389325
-0.004402 0.095045 160.000000 112.455922
0.006977 0.021216 160.000000 27.218409
-0.008935 0.070812 160.000000 75.736324
0.006743 0.084525 160.000000 110.970998
0.008123 0.063905 160.000000 85.131117
-0.006120 0.030708 160.000000 26.908087
-0.001799 0.079923 160.000000 95.193746
0.001986 0.080172 160.000000 99.719566
0.007092 0.016474 160.000000 21.193769
0.009872 0.050210 160.000000 69.008924
-0.004851 0.085188 160.000000 98.894523
-0.002512 0.055903 160.000000 62.604070
0.006124 0.062590 160.000000 81.041169
-0.009245 0.036877 160.000000 32.192166
0.004566 0.030563 160.000000 36.738617
0.008149 0.032230 160.000000 43.107752
0.006710 0.052049 160.000000 67.701027
-0.001173 0.077409 160.000000 92.536796
0.005824 0.046083 160.000000 58.741769
0.003877 0.083141 160.000000 105.818899
0.007815 0.072625 160.000000 96.375790
0.002256 0.006311 160.000000 6.191424
0.001607 0.018840 160.000000 18.420817
0.003461 0.099435 160.000000 127.049674
-0.009868 0.018385 160.000000 15.329651
-0.003023 0.031052 160.000000 29.737486
0.008287 0.059821 160.000000 79.892227
0.009044 0.095830 160.000000 128.730093
-0.007418 0.038885 160.000000 35.964246
0.003446 0.034440 160.000000 40.611001
-0.008119 0.096194 160.000000 110.026677
0.005684 0.037865 160.000000 47.673695
-0.001226 0.083022 160.000000 99.938312
0.004579 0.062739 160.000000 79.457983
-0.004078 0.040208 160.000000 40.510286
-0.004936 0.075916 160.000000 86.524683
-0.002187 0.083853 160.000000 99.992012
0.005203 0.010120 160.000000 11.145056
-0.005511 0.061182 160.000000 66.494405
-0.009951 0.017850 160.000000 15.240587
0.001260 0.075282 160.000000 92.397958
0.004211 0.081759 160.000000 104.358810
-0.006103 0.071313 160.000000 79.232783
0.007265 0.074279 160.000000 97.933709
-0.001193 0.035950 160.000000 37.738911
-0.004076 0.017044 160.000000 13.155022
0.005102 0.010671 160.000000 11.696054
0.005859 0.076638 160.000000 99.437291
0.008011 0.071267 160.000000 94.798517
-0.009043 0.084346 160.000000 93.419796
-0.000912 0.041985 160.000000 45.921525
0.007348 0.008987 160.000000 12.117609
0.008145 0.043935 160.000000 58.612523
-0.009131 0.057306 160.000000 57.959322
0.009179 0.048697 160.000000 66.168094
-0.002175 0.007253 160.000000 9.122993
0.001175 0.074411 160.000000 91.142904
0.005003 0.065996 160.000000 84.279389
-0.004568 0.064520 160.000000 71.848505
0.004288 0.096499 160.000000 124.086048
0.004109 0.073991 160.000000 93.897952
-0.001159 0.093269 160.000000 113.640019
-0.005302 0.095835 160.000000 112.536571
0.009208 0.033327 160.000000 45.833980
-0.008608 0.016325 160.000000 14.042383
0.002600 0.080826 160.000000 101.283305
0.007267 0.038877 160.000000 50.861883
-0.003942 0.090884 160.000000 107.426708
-0.003607 0.004036 160.000000 12.992750
-0.001297 0.064916 160.000000 75.818438
0.008962 0.051616 160.000000 69.784388
0.007565 0.054286 160.000000 71.677312
-0.006588 0.008384 160.000000 13.665326
0.001693 0.060935 160.000000 73.803286
-0.007971 0.014332 160.000000 13.351313
-0.001797 0.013383 160.000000 10.435798
-0.005576 0.009704 160.000000 11.827500
0.002931 0.018342 160.000000 19.051096
-0.007163 0.042181 160.000000 40.312435
-0.006053 0.004333 160.000000 16.059721
0.008280 0.020954 160.000000 28.434529
0.002476 0.002931 160.000000 6.631098
0.005680 0.004725 160.000000 6.146994
-0.002580 0.020916 160.000000 17.702410
-0.009288 0.030568 160.000000 24.936484
0.005149 0.011739 160.000000 13.031198
-0.007857 0.067515 160.000000 72.474546
-0.006801 0.006267 160.000000 15.433886
-0.007625 0.024446 160.000000 19.204002
-0.002814 0.009550 160.000000 9.234442
0.000347 0.046341 160.000000 52.982315
-0.001297 0.079436 160.000000 95.094273
0.006694 0.080141 160.000000 105.073248
0.000461 0.007287 160.000000 7.018027
-0.005064 0.064721 160.000000 71.604646
0.006612 0.094135 160.000000 123.622025
-0.003767 0.058430 160.000000 64.640488
0.005071 0.058885 160.000000 74.894145
-0.008640 0.090644 160.000000 102.145490
0.003969 0.084505 160.000000 107.740111
-0.002036 0.024943 160.000000 22.910501
0.005081 0.031031 160.000000 37.938670
-0.003043 0.004452 160.000000 11.895588
-0.008535 0.034746 160.000000 30.120087
0.008048 0.037404 160.000000 49.834041
-0.006832 0.061699 160.000000 65.860275
0.002923 0.080271 160.000000 100.909263
0.001730 0.022297 160.000000 22.922933
0.000893 0.011920 160.000000 9.889306
0.008822 0.007665 160.000000 12.321211
-0.000103 0.029353 160.000000 30.236215
-0.001187 0.035456 160.000000 37.102100
0.000544 0.039733 160.000000 44.468731
0.001403 0.060286 160.000000 72.618984
0.007909 0.001236 160.000000 5.789320
-0.009001 0.038181 160.000000 33.925207
-0.006798 0.098940 160.000000 115.058596
-0.009077 0.059991 160.000000 61.485545
0.005818 0.084808 160.000000 110.273620
0.008639 0.043960 160.000000 59.233967
-0.005017 0.056055 160.000000 60.256158
0.002268 0.014640 160.000000 13.839937
0.003054 0.004659 160.000000 5.724640
-0.007753 0.098998 160.000000 114.124958
0.009539 0.032362 160.000000 44.962253
-0.003660 0.050019 160.000000 53.691007
0.007726 0.012678 160.000000 17.104283
0.001963 0.085048 160.000000 106.184626
0.003424 0.073975 160.000000 93.096133
0.006736 0.024609 160.000000 31.383557
-0.008631 0.013481 160.000000 14.008284
0.006082 0.054036 160.000000 69.611162
0.004333 0.063494 160.000000 80.180423
-0.001909 0.043673 160.000000 47.124881
0.000826 0.050739 160.000000 59.317797
-0.008688 0.044565 160.000000 42.060834
0.007003 0.084280 160.000000 110.947760
-0.005705 0.005980 160.000000 14.189513
-0.002080 0.086805 160.000000 104.031522
0.007892 0.058166 160.000000 77.223077
0.007176 0.058708 160.000000 77.102769
-0.009767 0.097341 160.000000 109.831108
0.001054 0.063246 160.000000 76.165247
-0.004075 0.069947 160.000000 79.528736
0.007844 0.032470 160.000000 43.060590
0.000133 0.005500 160.000000 7.528183
0.009918 0.082385 160.000000 111.856294
0.001459 0.084346 160.000000 104.682798
-0.001681 0.017714 160.000000 14.636260
0.001569 0.073525 160.000000 90.404790
-0.001563 0.069034 160.000000 80.992057
0.008265 0.031333 160.000000 42.062432
0.001515 0.034223 160.000000 38.239016
-0.005089 0.017882 160.000000 13.749808
-0.009480 0.088985 160.000000 99.093281
-0.008137 0.024708 160.000000 19.322130
0.008293 0.082223 160.000000 109.719412
0.009866 0.057304 160.000000 78.425715
0.001937 0.062671 160.000000 76.381930
0.005997 0.070053 160.000000 90.828356
-0.009661 0.016528 160.000000 14.818184
-0.007262 0.062645 160.000000 66.677051
-0.004704 0.021335 160.000000 17.069524
-0.005524 0.013608 160.000000 11.526375
-0.001364 0.019755 160.000000 17.147847
0.008652 0.030023 160.000000 40.798506
-0.006673 0.078809 160.000000 88.540915
-0.000630 0.073936 160.000000 88.516619
-0.005079 0.024929 160.000000 20.806065
-0.001046 0.030801 160.000000 31.203454
-0.004803 0.096916 160.000000 114.506846
-0.002734 0.004889 160.000000 11.152445
-0.004452 0.005498 160.000000 12.906824
0.002426 0.003863 160.000000 6.220694
-0.009291 0.047591 160.000000 45.382596
0.001554 0.013404 160.000000 11.845578
0.007639 0.023833 160.000000 31.432502
-0.004841 0.048632 160.000000 50.720609
-0.002933 0.048577 160.000000 52.527485
-0.008373 0.061456 160.000000 64.052595
-0.001774 0.013887 160.000000 10.844510
0.006060 0.043615 160.000000 55.738129
0.003397 0.096977 160.000000 123.701673
0.005669 0.081992 160.000000 106.349499
0.006085 0.009591 160.000000 11.431044
0.000220 0.023855 160.000000 23.483938
-0.008315 0.018247 160.000000 14.529260
-0.009205 0.008071 160.000000 17.290806
-0.000980 0.054252 160.000000 62.030983
-0.000457 0.041727 160.000000 46.050860
-0.007269 0.085406 160.000000 96.641615
-0.000960 0.012321 160.000000 9.701689
0.008204 0.009748 160.000000 14.048078
-0.007117 0.098179 160.000000 113.710837
0.005474 0.086774 160.000000 112.494253
0.002250 0.028452 160.000000 31.440409
0.000304 0.056809 160.000000 66.797278
0.000854 0.001964 160.000000 9.104946
0.002475 0.037018 160.000000 42.951971
0.003593 0.018754 160.000000 20.248841
-0.007568 0.049984 160.000000 49.929999
0.007079 0.094829 160.000000 125.090477
-0.006994 0.034154 160.000000 30.457291
-0.000580 0.025881 160.000000 25.330946
0.009514 0.061139 160.000000 83.103166
0.004039 0.028176 160.000000 33.005293
0.002136 0.086349 160.000000 108.113366
0.001421 0.028540 160.000000 30.696490
-0.000813 0.024248 160.000000 23.060969
0.004073 0.092599 160.000000 118.641467
-0.000321 0.005710 160.000000 7.875760
0.003614 0.091790 160.000000 117.039368
-0.006923 0.093133 160.000000 107.230380
-0.004704 0.081313 160.000000 93.915492
0.001279 0.053999 160.000000 64.135231
0.000770 0.070428 160.000000 85.396157
0.001264 0.002673 160.000000 8.035212
-0.008318 0.012952 160.000000 13.794546
-0.009089 0.063622 160.000000 66.194651
-0.004652 0.027646 160.000000 24.249740
0.003495 0.076853 160.000000 97.008652
-0.002964 0.064624 160.000000 73.655376
-0.004402 0.025236 160.000000 21.563772
0.000700 0.063837 160.000000 76.559884
0.003939 0.071373 160.000000 90.219000
-0.007510 0.025711 160.000000 20.515052
-0.007313 0.013622 160.000000 12.802920
0.004977 0.074344 160.000000 95.363532
-0.001563 0.042245 160.000000 45.601436
-0.007928 0.096715 160.000000 110.916539
-0.003812 0.071226 160.000000 81.497622
-0.009545 0.068490 160.000000 72.106885
0.000775 0.063813 160.000000 76.609892
0.000727 0.025710 160.000000 26.335963
-0.009977 0.096013 160.000000 107.859585
-0.008411 0.014826 160.000000 13.722489
-0.007496 0.008365 160.000000 14.831791
-0.004738 0.065622 160.000000 73.126054
0.002933 0.043786 160.000000 52.413270
0.003338 0.066024 160.000000 82.416042
-0.009687 0.012230 160.000000 15.494323
-0.000821 0.017158 160.000000 14.515252
-0.009497 0.091437 160.000000 102.310609
-0.006104 0.029140 160.000000 25.057301
-0.004771 0.015108 160.000000 11.816766
-0.007726 0.083397 160.000000 93.514428
-0.003046 0.052836 160.000000 58.011262
-0.007029 0.099437 160.000000 115.472761
-0.000828 0.074848 160.000000 89.511990
-0.008651 0.027332 160.000000 21.770127
-0.004243 0.092583 160.000000 109.358688
0.007458 0.075548 160.000000 99.849198
0.007102 0.076914 160.000000 101.251447
0.003686 0.067538 160.000000 84.824949
-0.009905 0.057438 160.000000 57.428444
-0.003989 0.062176 160.000000 69.352218
0.003158 0.042002 160.000000 50.298030
0.004992 0.089756 160.000000 115.911683
0.008922 0.089479 160.000000 120.124363
0.006646 0.033192 160.000000 42.601638
-0.005582 0.003739 160.000000 15.955173
0.008331 0.022783 160.000000 30.887493
-0.009614 0.076944 160.000000 83.110575
0.007021 0.063507 160.000000 83.307664
0.004966 0.092171 160.000000 119.099079
0.008230 0.099878 160.000000 133.166244
-0.003252 0.092933 160.000000 110.897194
-0.004913 0.078131 160.000000 89.480135
-0.001398 0.060118 160.000000 69.351277
-0.002407 0.096856 160.000000 117.035899
-0.004883 0.085427 160.000000 99.177291
0.009223 0.037641 160.000000 51.559074
-0.001069 0.034785 160.000000 36.344526
0.003085 0.080870 160.000000 101.891601
-0.001930 0.083549 160.000000 99.868303
-0.007231 0.021247 160.000000 16.358321
-0.004817 0.088076 160.000000 102.760799
0.002595 0.028700 160.000000 32.128705
-0.000313 0.069112 160.000000 82.455889
-0.004305 0.085504 160.000000 99.897175
-0.007720 0.088420 160.000000 100.158232
-0.007446 0.066605 160.000000 71.686664
0.001051 0.080023 160.000000 98.471979
0.001011 0.094255 160.000000 117.372466
0.004672 0.052697 160.000000 66.206190
-0.001729 0.061122 160.000000 70.327413
0.004184 0.041408 160.000000 50.659728
0.008641 0.018772 160.000000 26.034136
-0.006513 0.026341 160.000000 21.624159
-0.009570 0.048211 160.000000 45.936333
0.007434 0.077633 160.000000 102.597404
0.004821 0.090263 160.000000 116.389741
-0.009779 0.085462 160.000000 94.145797
0.008115 0.035057 160.000000 46.807371
0.005614 0.010318 160.000000 11.798164
0.007397 0.066864 160.000000 88.216402
0.003185 0.099707 160.000000 127.096881
-0.006084 0.048049 160.000000 48.789154
-0.000387 0.030555 160.000000 31.516579
-0.000020 0.090757 160.000000 111.562203
0.007147 0.030359 160.000000 39.444023
-0.006359 0.010464 160.000000 12.412607
0.003782 0.064341 160.000000 80.679497
-0.006161 0.043654 160.000000 43.055857
-0.005192 0.008186 160.000000 12.068287
0.008401 0.049629 160.000000 66.477836
0.003560 0.086448 160.000000 109.860849
-0.003979 0.064003 160.000000 71.774284
0.008190 0.032025 160.000000 42.886357
0.009808 0.037929 160.000000 52.647790
-0.004666 0.018127 160.000000 13.997777
0.002095 0.038818 160.000000 44.917544
-0.005614 0.078234 160.000000 88.880851
0.006881 0.078180 160.000000 102.679574
0.003355 0.056888 160.000000 70.282941
-0.009881 0.070889 160.000000 74.917165
0.007576 0.013415 160.000000 17.856142
0.004498 0.075150 160.000000 95.886819
-0.006015 0.042005 160.000000 41.073702
-0.002352 0.098988 160.000000 119.931162
-0.007048 0.067745 160.000000 73.579103
-0.007421 0.061718 160.000000 65.309862
0.007445 0.060177 160.000000 79.372698
-0.002209 0.001995 160.000000 13.011185
0.008586 0.062343 160.000000 83.600483
-0.008776 0.085711 160.000000 95.492859
-0.005431 0.024854 160.000000 20.529679
0.003631 0.041840 160.000000 50.610334
-0.004808 0.026463 160.000000 22.741169
0.006607 0.072918 160.000000 95.352749
-0.002608 0.025614 160.000000 23.286597
0.003302 0.022163 160.000000 24.344529
0.006024 0.051365 160.000000 65.992455
-0.003177 0.004173 160.000000 12.302584
0.004127 0.058140 160.000000 72.822786
0.000074 0.041356 160.000000 46.114006
-0.008079 0.023520 160.000000 18.230758
-0.005361 0.051007 160.000000 53.316412
0.002277 0.024934 160.000000 26.878838
-0.005645 0.044118 160.000000 44.115483
-0.009538 0.002383 160.000000 22.883059
0.007291 0.065606 160.000000 86.417348
-0.009116 0.023155 160.000000 17.827608
-0.004521 0.040367 160.000000 40.308407
-0.006233 0.037321 160.000000 34.954112
-0.008219 0.071273 160.000000 77.046757
-0.009486 0.096273 160.000000 108.710273
-0.003660 0.091424 160.000000 108.448874
-0.009947 0.016362 160.000000 15.028589
0.008878 0.086596 160.000000 116.232468
-0.001756 0.071025 160.000000 83.426299
-0.009809 0.048501 160.000000 46.106283
-0.006252 0.071298 160.000000 79.061375
-0.002476 0.066526 160.000000 76.689630
-0.006378 0.051896 160.000000 53.503228
0.000470 0.031871 160.000000 34.076669
0.008339 0.047328 160.000000 63.347333
0.009622 0.006499 160.000000 11.981592
0.002208 0.057930 160.000000 70.381433
0.007603 0.052143 160.000000 68.873407
-0.001679 0.029368 160.000000 28.780619
-0.009678 0.075355 160.000000 80.962405
-0.008365 0.031438 160.000000 26.371826
-0.002990 0.093685 160.000000 112.182098
0.009228 0.037877 160.000000 51.877022
-0.000464 0.063986 160.000000 75.484705
0.009115 0.037995 160.000000 51.896548
-0.000510 0.031633 160.000000 32.794974
0.000362 0.035508 160.000000 38.725918
-0.001958 0.069456 160.000000 81.126693
0.002084 0.047025 160.000000 55.768853
0.001159 0.080970 160.000000 99.853730
-0.002510 0.063880 160.000000 73.150459
0.008867 0.050162 160.000000 67.739188
-0.009051 0.074018 160.000000 79.826335
-0.008853 0.068957 160.000000 73.387742
0.009653 0.015977 160.000000 23.678864
0.000593 0.010051 160.000000 8.194605
0.002182 0.043608 160.000000 51.349667
-0.000488 0.075241 160.000000 90.406938
0.004459 0.085459 160.000000 109.573085
-0.002315 0.033026 160.000000 32.885831
-0.009599 0.094315 160.000000 106.006853
0.008500 0.032672 160.000000 44.112929
0.006825 0.084816 160.000000 111.454140
-0.004404 0.022198 160.000000 18.125128
0.006394 0.098870 160.000000 129.678200
-0.007537 0.020211 160.000000 15.539984
-0.001174 0.072693 160.000000 86.270932
-0.007143 0.013569 160.000000 12.662849
0.005744 0.061123 160.000000 78.648996
-0.009719 0.033785 160.000000 28.300924
0.005636 0.044239 160.000000 56.075027
0.001786 0.059619 160.000000 72.156966
0.001950 0.097333 160.000000 122.530225
-0.006322 0.080312 160.000000 90.891333
0.003620 0.025454 160.000000 28.973920
-0.001297 0.057939 160.000000 66.573875
-0.000994 0.029249 160.000000 29.255123
0.004676 0.096957 160.000000 125.142180
-0.001138 0.044344 160.000000 48.791438
-0.001842 0.054586 160.000000 61.564016
-0.006161 0.070148 160.000000 77.637037
-0.008686 0.028932 160.000000 23.435625
0.007987 0.066924 160.000000 88.988827
0.003926 0.048022 160.000000 59.146312
0.006394 0.076045 160.000000 99.269566
-0.004340 0.057675 160.000000 63.062770
0.000514 0.047222 160.000000 54.325715
-0.009137 0.029379 160.000000 23.722891
0.005808 0.089485 160.000000 116.491621
0.006615 0.013569 160.000000 16.923104
0.006286 0.086100 160.000000 112.536598
-0.006718 0.072207 160.000000 79.784063
0.003784 0.026196 160.000000 30.124530
-0.001785 0.015147 160.000000 11.961589
0.002847 0.094572 160.000000 119.870720
-0.000308 0.050619 160.000000 57.939802
0.003041 0.090207 160.000000 114.276814
-0.000683 0.086884 160.000000 105.672756
-0.004034 0.092948 160.000000 110.068737
0.004707 0.031715 160.000000 38.418144
-0.002759 0.036459 160.000000 36.897038
0.007121 0.078416 160.000000 103.274934
0.005511 0.040497 160.000000 50.964632
-0.002876 0.050071 160.000000 54.547171
0.003463 0.049168 160.000000 60.146017
-0.003666 0.044796 160.000000 46.855213
-0.006610 0.004239 160.000000 16.919195
0.007248 0.059522 160.000000 78.269957
-0.008244 0.040955 160.000000 37.895286
-0.009529 0.072656 160.000000 77.570375
0.005839 0.050532 160.000000 64.671587
0.009168 0.049659 160.000000 67.431456
0.004402 0.043118 160.000000 53.174706
-0.004963 0.069373 160.000000 77.845999
0.000768 0.067763 160.000000 81.851816
-0.005017 0.057681 160.000000 62.389478
0.001593 0.040377 160.000000 46.435081
0.008014 0.078479 160.000000 104.405040
-0.000226 0.069259 160.000000 82.746224
-0.005298 0.048584 160.000000 50.221768
-0.003946 0.009168 160.000000 10.298569
0.002437 0.048843 160.000000 58.569608
-0.007392 0.002137 160.000000 20.073839
0.009644 0.081045 160.000000 109.746469
0.009752 0.064807 160.000000 88.264806
-0.003931 0.002152 160.000000 15.203772
0.003065 0.021662 160.000000 23.448658
0.005448 0.089049 160.000000 115.495576
0.008023 0.037965 160.000000 50.548133
-0.000734 0.027637 160.000000 27.430064
-0.006731 0.030022 160.000000 25.696808
0.008833 0.047291 160.000000 63.887640
0.005906 0.035659 160.000000 45.006868
-0.009372 0.015101 160.000000 14.533360
0.006876 0.077613 160.000000 101.918285
-0.003214 0.087179 160.000000 103.294636
-0.001957 0.012351 160.000000 9.713470
-0.008135 0.051957 160.000000 51.960436
0.005824 0.086741 160.000000 112.855116
-0.009845 0.046875 160.000000 44.030559
-0.008045 0.015999 160.000000 13.611634
-0.004457 0.067611 160.000000 76.042340
-0.003450 0.058400 160.000000 64.928170
0.004961 0.088348 160.000000 113.999683
0.007226 0.025866 160.000000 33.614220
-0.000284 0.065290 160.000000 77.411570
-0.001954 0.049207 160.000000 54.351797
0.008137 0.031763 160.000000 42.476749
0.002173 0.054628 160.000000 65.957140
-0.002328 0.030516 160.000000 29.663482
0.006374 0.072573 160.000000 94.622178
0.006898 0.014667 160.000000 18.647085
-0.006354 0.097897 160.000000 114.147818
-0.009916 0.080090 160.000000 86.941807
0.007521 0.036089 160.000000 47.465747
0.008122 0.091837 160.000000 122.324811
-0.006931 0.091398 160.000000 104.923058
0.002880 0.079001 160.000000 99.169839
-0.009883 0.072912 160.000000 77.561927
-0.003077 0.006155 160.000000 10.697370
-0.006858 0.054066 160.000000 55.870286
0.006591 0.022378 160.000000 28.286631
-0.003666 0.089410 160.000000 105.767897
-0.007693 0.078930 160.000000 87.653253
0.008740 0.033537 160.000000 45.546336
0.005155 0.024026 160.000000 28.798475
-0.008921 0.061473 160.000000 63.556398
-0.001822 0.055445 160.000000 62.719583
0.009062 0.048137 160.000000 65.283913
-0.002356 0.074892 160.000000 87.909643
-0.002221 0.047745 160.000000 52.155844
0.005999 0.075007 160.000000 97.427965
-0.009496 0.042079 160.000000 38.332779
0.009049 0.067611 160.000000 91.159045
-0.001319 0.008145 160.000000 8.161296
-0.009046 0.003762 160.000000 20.803122
0.007779 0.072638 160.000000 96.351446
0.007142 0.036236 160.000000 47.214536
0.009700 0.053137 160.000000 72.688564
-0.007258 0.061033 160.000000 64.573566
0.004179 0.014590 160.000000 15.564832
-0.007932 0.058140 160.000000 60.153483
0.000082 0.051557 160.000000 59.598393
0.007975 0.099464 160.000000 132.314204
-0.009972 0.033563 160.000000 27.916282
-0.006914 0.090145 160.000000 103.281226
0.007995 0.090986 160.000000 121.042038
0.004644 0.007183 160.000000 7.481297
0.004734 0.052429 160.000000 65.920778
0.008623 0.082933 160.000000 111.053164
0.000320 0.081521 160.000000 99.651093
0.007856 0.097659 160.000000 129.770129
0.002666 0.079760 160.000000 99.937562
0.006609 0.021387 160.000000 27.010174
-0.009800 0.037385 160.000000 32.437033
0.009375 0.047213 160.000000 64.431639
-0.001843 0.073161 160.000000 86.166516
0.001390 0.086736 160.000000 107.787200
-0.006360 0.005247 160.000000 15.676652
0.008717 0.044038 160.000000 59.430302
0.000773 0.051296 160.000000 59.999625
0.003942 0.024997 160.000000 28.725925
0.007272 0.037585 160.000000 49.154527
0.008813 0.015768 160.000000 22.364234
-0.006738 0.098078 160.000000 113.978910
0.004373 0.035574 160.000000 43.144520
0.002130 0.009198 160.000000 7.912217
0.006135 0.009322 160.000000 11.167247
0.007119 0.060007 160.000000 78.763673
-0.000358 0.030585 160.000000 31.583367
0.002449 0.041556 160.000000 48.924409
-0.008827 0.064654 160.000000 67.788295
-0.003439 0.088165 160.000000 104.360987
0.006710 0.060545 160.000000 79.001779
0.005064 0.098433 160.000000 127.555047
0.007798 0.025566 160.000000 33.899476
0.001627 0.067718 160.000000 82.746283
0.002847 0.021649 160.000000 23.207120
0.000408 0.016238 160.000000 14.279402
0.009618 0.071807 160.000000 97.418711
0.005125 0.020911 160.000000 24.692045
-0.006615 0.033531 160.000000 29.971835
0.005189 0.046161 160.000000 58.113666
0.006790 0.033459 160.000000 43.122540
-0.001700 0.009590 160.000000 8.494979
-0.002695 0.060661 160.000000 68.696782
-0.001073 0.073548 160.000000 87.516789
-0.003690 0.040055 160.000000 40.673871
-0.003218 0.004987 160.000000 11.696905
0.008804 0.062933 160.000000 84.643226
-0.006453 0.076388 160.000000 85.570202
-0.002312 0.028516 160.000000 27.143157
-0.004116 0.048685 160.000000 51.493452
-0.003416 0.062210 160.000000 69.990319
-0.001519 0.007278 160.000000 8.475710
0.005424 0.051398 160.000000 65.343349
-0.009937 0.005444 160.000000 20.484818
-0.002466 0.002496 160.000000 12.870796
0.009232 0.043667 160.000000 59.555714
0.000473 0.090783 160.000000 112.146239
-0.005665 0.008989 160.000000 12.224742
-0.006163 0.002597 160.000000 17.872728
-0.008052 0.063261 160.000000 66.714684
0.006859 0.062265 160.000000 81.465425
0.007729 0.090635 160.000000 120.262965
-0.008065 0.024812 160.000000 19.439882
0.000044 0.012524 160.000000 10.116686
-0.003188 0.065250 160.000000 74.247892
0.000520 0.034063 160.000000 36.993961
-0.009482 0.063927 160.000000 66.220551
-0.008966 0.025643 160.000000 20.016098
0.002149 0.033371 160.000000 37.791038
0.001243 0.007638 160.000000 6.827170
0.007032 0.076064 160.000000 100.037374
-0.002370 0.064941 160.000000 74.703656
-0.006321 0.097171 160.000000 113.219669
0.003160 0.066978 160.000000 83.482401
0.006961 0.079499 160.000000 104.529799
0.002728 0.091471 160.000000 115.604669
-0.008924 0.084173 160.000000 93.312026
-0.009869 0.088810 160.000000 98.465554
-0.004851 0.062424 160.000000 68.794816
0.005884 0.087151 160.000000 113.470717
0.003306 0.092148 160.000000 117.165109
-0.009663 0.019965 160.000000 15.851272
0.003658 0.057451 160.000000 71.374872
0.002603 0.003417 160.000000 6.270332
-0.002350 0.075624 160.000000 88.887834
0.004255 0.007828 160.000000 7.819430
-0.006010 0.009562 160.000000 12.366711
0.000423 0.008711 160.000000 7.420692
-0.008684 0.098570 160.000000 112.581162
-0.005390 0.092068 160.000000 107.443531
-0.002877 0.079899 160.000000 93.993213
0.000111 0.007514 160.000000 7.223758
0.007350 0.012335 160.000000 16.225625
-0.002616 0.008678 160.000000 9.157954
0.000719 0.072795 160.000000 88.486993
-0.001104 0.087339 160.000000 105.813261
0.002150 0.046694 160.000000 55.403094
-0.003356 0.066280 160.000000 75.434458
-0.001122 0.095950 160.000000 117.248575
-0.000864 0.061370 160.000000 71.582386
0.006885 0.022065 160.000000 28.221406
-0.005646 0.020365 160.000000 15.819289
0.002013 0.018544 160.000000 18.424037
-0.000278 0.014876 160.000000 12.328776
0.002628 0.003380 160.000000 6.267962
0.009944 0.088816 160.000000 120.450030
-0.005142 0.072992 160.000000 82.441684
0.007215 0.063981 160.000000 84.165330
-0.006338 0.005205 160.000000 15.683217
0.006558 0.016627 160.000000 20.766554
-0.009859 0.017333 160.000000 15.075266
0.006565 0.042043 160.000000 54.237802
0.004158 0.004897 160.000000 5.652665
0.000967 0.039374 160.000000 44.442868
0.003176 0.044005 160.000000 52.973477
0.006730 0.078774 160.000000 103.294279
-0.000356 0.072154 160.000000 86.449142
0.001608 0.055733 160.000000 66.797575
0.006897 0.015029 160.000000 19.108274
0.002653 0.088874 160.000000 112.059785
-0.008190 0.033963 160.000000 29.415030
-0.008843 0.029959 160.000000 24.476935
-0.002911 0.041521 160.000000 43.319570
-0.007207 0.079966 160.000000 89.517627
0.006467 0.091440 160.000000 119.861982
0.005375 0.074208 160.000000 95.641951
-0.003333 0.071150 160.000000 81.904119
-0.007364 0.042895 160.000000 41.047798
-0.001767 0.074901 160.000000 88.559216
-0.009404 0.063621 160.000000 65.894323
0.009339 0.066836 160.000000 90.471832
0.004841 0.064981 160.000000 82.742307
0.009006 0.002828 160.000000 7.602997
-0.004317 0.031412 160.000000 29.112457
-0.009495 0.071204 160.000000 75.704221
-0.001286 0.083738 160.000000 100.824145
-0.006084 0.007025 160.000000 13.909448
0.005913 0.047210 160.000000 60.342120
0.009903 0.022303 160.000000 32.190520
-0.000431 0.041586 160.000000 45.892720
-0.005310 0.045467 160.000000 46.166192
-0.008299 0.019093 160.000000 14.951105
0.000440 0.041874 160.000000 47.182360
-0.008029 0.034603 160.000000 30.282362
0.004741 0.025143 160.000000 29.799253
0.003895 0.093979 160.000000 120.277053
0.005429 0.003419 160.000000 5.384479
0.003554 0.049578 160.000000 60.793451
0.008022 0.081249 160.000000 108.103709
0.004249 0.045149 160.000000 55.697971
-0.008178 0.053853 160.000000 54.368401
0.006111 0.054092 160.000000 69.719486
-0.003753 0.082660 160.000000 96.715007
-0.006001 0.089263 160.000000 103.075769
-0.007362 0.088792 160.000000 101.023092
-0.004132 0.050280 160.000000 53.565437
-0.006181 0.043926 160.000000 43.387511
0.000488 0.048390 160.000000 55.842146
-0.005345 0.086846 160.000000 100.567774
0.007376 0.074455 160.000000 98.297810
-0.003203 0.014521 160.000000 11.234978
-0.002887 0.057381 160.000000 64.165087
0.003377 0.048723 160.000000 59.459359
0.006672 0.062549 160.000000 81.624179
0.009250 0.052366 160.000000 71.126181
-0.002799 0.073979 160.000000 86.223021
-0.001853 0.008935 160.000000 8.529973
-0.006296 0.080535 160.000000 91.212871
-0.000597 0.023025 160.000000 21.716472
-0.006498 0.051627 160.000000 53.039798
0.005079 0.067703 160.000000 86.639470
-0.008485 0.091793 160.000000 103.824170
0.005548 0.068098 160.000000 87.705815
-0.008071 0.092664 160.000000 105.406350
0.003251 0.024035 160.000000 26.725498
0.002603 0.053683 160.000000 65.178913
0.005743 0.093527 160.000000 121.803327
-0.008438 0.054708 160.000000 55.234471
0.007713 0.003690 160.000000 6.984528
0.002187 0.002312 160.000000 7.323153
0.006347 0.009750 160.000000 11.902183
-0.000798 0.004027 160.000000 9.402023
0.006099 0.012244 160.000000 14.676147
0.007862 0.044628 160.000000 59.196106
0.003186 0.065695 160.000000 81.805045
-0.008814 0.063098 160.000000 65.772396
-0.005618 0.068651 160.000000 76.219040
0.008395 0.082266 160.000000 109.895906
-0.003713 0.096227 160.000000 114.772233
-0.000332 0.071869 160.000000 86.097041
-0.004866 0.069228 160.000000 77.755853
0.009246 0.058316 160.000000 79.029357
-0.002524 0.040434 160.000000 42.279269
0.002263 0.086370 160.000000 108.283923
-0.007250 0.091754 160.000000 105.059303
-0.009019 0.064488 160.000000 67.389147
-0.005981 0.041341 160.000000 40.255972
0.003371 0.002999 160.000000 5.897948
-0.002529 0.053970 160.000000 60.036848
0.003341 0.045746 160.000000 55.467102
-0.003158 0.029456 160.000000 27.613205
0.009552 0.038991 160.000000 53.743967
0.002834 0.075948 160.000000 95.052481
0.003837 0.095812 160.000000 122.653112
-0.009497 0.076139 160.000000 82.168694
-0.007745 0.061663 160.000000 64.924567
0.003465 0.019431 160.000000 20.984779
0.009670 0.098356 160.000000 132.833134
0.006854 0.050041 160.000000 65.200195
0.001441 0.013800 160.000000 12.212930
-0.007965 0.017449 160.000000 14.036583
-0.000486 0.072226 160.000000 86.401950
0.007745 0.075413 160.000000 100.005336
0.007598 0.059846 160.000000 79.112165
-0.007561 0.092449 160.000000 105.653974
-0.009123 0.091809 160.000000 103.186446
-0.000668 0.085248 160.000000 103.512942
0.002376 0.086450 160.000000 108.518067
0.003638 0.092363 160.000000 117.830051
-0.001149 0.052683 160.000000 59.777526
-0.007840 0.003160 160.000000 19.681434
0.003859 0.013320 160.000000 13.677515
0.001287 0.021966 160.000000 22.074007
-0.003042 0.018611 160.000000 14.933000
0.005452 0.023904 160.000000 28.975371
-0.002436 0.043019 160.000000 45.741039
-0.000186 0.034480 160.000000 36.822800
0.006029 0.001287 160.000000 5.373523
0.003597 0.054760 160.000000 67.728202
0.004951 0.011515 160.000000 12.557145
-0.008117 0.097895 160.000000 112.280374
0.002380 0.064409 160.000000 79.186947
0.004753 0.006305 160.000000 6.776835
0.002709 0.096570 160.000000 122.375327
0.003290 0.087190 160.000000 110.541854
-0.002916 0.014686 160.000000 11.359869
-0.001658 0.057625 160.000000 65.775123
-0.008744 0.045289 160.000000 42.927581
0.006578 0.022998 160.000000 29.083448
0.000560 0.032572 160.000000 35.084622
0.009636 0.098509 160.000000 132.996614
0.007464 0.052583 160.000000 69.294244
-0.008087 0.018308 160.000000 14.474424
-0.004609 0.033183 160.000000 31.089369
0.002680 0.037970 160.000000 44.433647
-0.003269 0.065358 160.000000 74.305809
0.007443 0.085231 160.000000 112.728151
0.004166 0.059457 160.000000 74.620008
-0.006506 0.012068 160.000000 12.191769
0.009246 0.098004 160.000000 131.863154
-0.006878 0.081280 160.000000 91.593665
0.008911 0.053500 160.000000 72.227574
0.006236 0.065482 160.000000 85.020078
0.009100 0.050641 160.000000 68.654838
-0.000805 0.033022 160.000000 34.310644
-0.003095 0.062672 160.000000 70.936407
0.007570 0.005642 160.000000 8.630372
-0.007655 0.096696 160.000000 111.178583
-0.009082 0.082118 160.000000 90.445587
-0.005914 0.083408 160.000000 95.413038
-0.006189 0.059909 160.000000 64.147576
0.005564 0.088341 160.000000 114.685108
0.002545 0.084812 160.000000 106.528169
0.002323 0.086337 160.000000 108.308610
0.000665 0.013533 160.000000 11.421047
0.004472 0.021466 160.000000 24.692893
-0.001316 0.043283 160.000000 47.213323
-0.005160 0.065046 160.000000 71.934755
0.007581 0.026174 160.000000 34.440843
0.006009 0.089384 160.000000 116.589979
0.003256 0.010698 160.000000 10.075381
-0.000185 0.084903 160.000000 103.588629
-0.009647 0.029319 160.000000 23.461827
0.004263 0.096962 160.000000 124.673249
-0.006530 0.067899 160.000000 74.301058
-0.004957 0.023793 160.000000 19.598647
0.001266 0.019680 160.000000 19.163578
-0.003673 0.062022 160.000000 69.475147
0.000385 0.015022 160.000000 12.877548
-0.000127 0.093093 160.000000 114.551198
-0.003265 0.007134 160.000000 10.359687
-0.002475 0.072697 160.000000 84.870637
0.007147 0.087063 160.000000 114.824148
0.005502 0.008039 160.000000 9.072260
0.009980 0.021797 160.000000 31.627770
0.004400 0.039717 160.000000 48.663172
0.009094 0.038624 160.000000 52.705041
-0.001607 0.009984 160.000000 8.537192
-0.006697 0.007135 160.000000 14.633818
-0.000781 0.023390 160.000000 22.014577
-0.009637 0.038724 160.000000 34.143945
-0.002357 0.065094 160.000000 74.919845
-0.007683 0.088520 160.000000 100.328476
-0.008686 0.064123 160.000000 67.231374
-0.005717 0.050898 160.000000 52.833422
-0.007467 0.023782 160.000000 18.603843
0.004540 0.048268 160.000000 60.170331
0.002792 0.054057 160.000000 65.887612
-0.003153 0.075027 160.000000 87.233943
-0.001693 0.090269 160.000000 109.061144
-0.009579 0.007711 160.000000 18.069980
-0.004324 0.007023 160.000000 11.679783
-0.000836 0.022288 160.000000 20.602572
-0.008567 0.051959 160.000000 51.576947
-0.005620 0.098480 160.000000 115.705580
0.008118 0.020493 160.000000 27.635868
-0.005590 0.089956 160.000000 104.430002
0.006599 0.077823 160.000000 101.875058
-0.009447 0.076525 160.000000 82.725548
0.004773 0.022783 160.000000 26.743897
-0.008219 0.004156 160.000000 19.253206
0.006114 0.013015 160.000000 15.655757
0.005399 0.029234 160.000000 35.927573
-0.006537 0.005072 160.000000 16.071277
-0.005460 0.091259 160.000000 106.295733
-0.009503 0.081964 160.000000 89.818153
0.009865 0.070677 160.000000 96.209020
0.006595 0.065980 160.000000 86.101569
0.000783 0.046444 160.000000 53.585203
0.009229 0.007745 160.000000 12.918726
-0.008369 0.086108 160.000000 96.433558
0.002282 0.085824 160.000000 107.578355
-0.001143 0.082486 160.000000 99.317211
0.004591 0.093100 160.000000 119.905526
0.002909 0.089123 160.000000 112.682407
-0.001820 0.098884 160.000000 120.378934
-0.000691 0.069483 160.000000 82.535081
-0.005070 0.008623 160.000000 11.707208
-0.006222 0.002315 160.000000 18.237787
-0.004942 0.056530 160.000000 60.953293
-0.006738 0.029350 160.000000 24.910025
0.008001 0.085068 160.000000 113.165436
-0.008657 0.030579 160.000000 25.249245
0.000843 0.012605 160.000000 10.548864
-0.007992 0.070954 160.000000 76.854169
0.008670 0.072776 160.000000 97.584970
-0.005598 0.023347 160.000000 18.807929
0.005820 0.039516 160.000000 50.019423
0.004292 0.069002 160.000000 87.466255
0.002073 0.065443 160.000000 80.218208
-0.004412 0.016958 160.000000 13.051811
-0.008005 0.056993 160.000000 58.594232
0.004704 0.042019 160.000000 52.060463
0.004994 0.028409 160.000000 34.380022
-0.007315 0.025631 160.000000 20.505830
-0.000052 0.095057 160.000000 117.249620
0.006673 0.024718 160.000000 31.453203
0.002156 0.005735 160.000000 6.108785
0.007414 0.064857 160.000000 85.563436
0.005944 0.016693 160.000000 20.147386
-0.006062 0.089707 160.000000 103.599408
0.002098 0.094505 160.000000 118.931504
-0.008824 0.056789 160.000000 57.571531
-0.006941 0.036931 160.000000 33.906887
0.006932 0.082049 160.000000 107.893039
0.000676 0.058079 160.000000 68.888249
-0.006852 0.061253 160.000000 65.256840
0.009893 0.076307 160.000000 103.735238
0.004610 0.071866 160.000000 91.642801
0.005206 0.038502 160.000000 47.969210
0.003447 0.086113 160.000000 109.286059
-0.000386 0.004573 160.000000 8.545094
0.002403 0.016068 160.000000 15.697453
-0.009085 0.028820 160.000000 23.153430
0.007916 0.058443 160.000000 77.619730
0.008000 0.053776 160.000000 71.513570
0.003010 0.066996 160.000000 83.337886
-0.009214 0.025433 160.000000 19.772040
0.009915 0.071853 160.000000 97.834636
0.002484 0.098126 160.000000 124.192279
0.005562 0.073005 160.000000 94.255894
-0.007560 0.019970 160.000000 15.367558
-0.000984 0.053652 160.000000 61.233469
0.002039 0.094135 160.000000 118.372327
-0.002545 0.016177 160.000000 12.701455
0.000846 0.056394 160.000000 66.837952
-0.009087 0.042051 160.000000 38.607240
-0.005780 0.014330 160.000000 11.864528
-0.008766 0.007212 160.000000 17.351553
0.003446 0.098420 160.000000 125.680790
0.006982 0.012108 160.000000 15.509858
0.004311 0.036519 160.000000 44.324777
0.008427 0.051088 160.000000 68.447761
-0.001970 0.078683 160.000000 93.359969
-0.009068 0.087045 160.000000 96.953621
0.003441 0.078717 160.000000 99.428442
0.006008 0.048314 160.000000 61.919053
-0.002583 0.048743 160.000000 53.099147
-0.004363 0.098745 160.000000 117.411937
0.007340 0.064274 160.000000 84.700851
0.006199 0.019218 160.000000 23.707575
0.006837 0.076698 160.000000 100.654334
-0.008641 0.009029 160.000000 15.881262
-0.009320 0.040725 160.000000 36.797782
-0.009442 0.067541 160.000000 70.966451
-0.000616 0.081354 160.000000 98.391514
-0.000920 0.067198 160.000000 79.252691
-0.004752 0.076837 160.000000 87.935464
0.003188 0.080400 160.000000 101.382250
-0.000588 0.018654 160.000000 16.397485
-0.007068 0.061310 160.000000 65.119785
0.003807 0.074669 160.000000 94.456419
0.003015 0.080963 160.000000 101.934602
-0.008987 0.062743 160.000000 65.147077
-0.009275 0.045631 160.000000 42.926469
0.007419 0.014297 160.000000 18.788970
-0.003613 0.068616 160.000000 78.254219
0.009154 0.005341 160.000000 10.137812
-0.009945 0.026130 160.000000 20.283823
-0.003441 0.045963 160.000000 48.597976
-0.004407 0.037937 160.000000 37.292502
0.005824 0.068501 160.000000 88.561481
-0.000466 0.076091 160.000000 91.560142
-0.009700 0.028519 160.000000 22.624733
0.005178 0.020357 160.000000 24.030900
-0.006536 0.027048 160.000000 22.399303
-0.007148 0.086130 160.000000 97.724474
-0.004390 0.050100 160.000000 53.075731
0.002475 0.011796 160.000000 10.704298
0.004601 0.095969 160.000000 123.739152
0.003677 0.032968 160.000000 38.921218
-0.008489 0.050933 160.000000 50.328596
-0.008656 0.020700 160.000000 16.002964
-0.001737 0.011711 160.000000 9.307383
-0.001709 0.020063 160.000000 17.275136
-0.004480 0.093852 160.000000 110.788032
-0.004471 0.093685 160.000000 110.575645
0.009439 0.094902 160.000000 127.959730
0.000880 0.081576 160.000000 100.347101
-0.006169 0.096890 160.000000 113.008213
0.009695 0.077903 160.000000 105.624039
0.000000 0.100000 180.000000 124.510647
-0.006475 0.004184 180.000000 16.831265
0.000287 0.065128 180.000000 78.260805
0.008232 0.001912 180.000000 6.262836
0.005733 0.086630 180.000000 113.063775
-0.006061 0.076124 180.000000 86.236790
0.001875 0.039256 180.000000 45.539173
0.001333 0.089042 180.000000 111.337294
0.003031 0.065896 180.000000 82.295274
-0.004986 0.081492 180.000000 94.470342
0.008961 0.061646 180.000000 83.402267
0.003142 0.089140 180.000000 113.485994
-0.004135 0.048347 180.000000 51.476406
0.008785 0.057056 180.000000 77.067232
-0.001525 0.088811 180.000000 107.897805
-0.000114 0.035504 180.000000 38.535936
0.003561 0.099916 180.000000 128.370848
0.006004 0.028972 180.000000 36.435465
0.004561 0.067775 180.000000 86.522565
-0.005399 0.018951 180.000000 14.968486
0.001071 0.013086 180.000000 11.360585
0.007735 0.001946 180.000000 5.917216
0.002444 0.039206 180.000000 46.081125
-0.006134 0.006613 180.000000 14.370058
0.006580 0.092528 180.000000 121.923332
-0.001123 0.079027 180.000000 95.275639
-0.001387 0.072232 180.000000 85.932364
0.008095 0.025013 180.000000 33.634470
0.002781 0.061920 180.000000 76.708439
-0.004879 0.025300 180.000000 21.720861
-0.001830 0.048207 180.000000 53.557964
-0.006982 0.015234 180.000000 13.111239
-0.000182 0.023225 180.000000 22.575755
-0.007030 0.071497 180.000000 79.140300
-0.008068 0.090455 180.000000 103.206008
0.001634 0.087962 180.000000 110.227813
-0.003430 0.042326 180.000000 44.268387
0.005017 0.090660 180.000000 117.638940
-0.002416 0.009657 180.000000 9.135480
0.002448 0.030263 180.000000 34.249196
0.008352 0.073920 180.000000 99.088690
-0.002018 0.053445 180.000000 60.297184
-0.001335 0.089549 180.000000 109.088851
0.004370 0.050439 180.000000 63.156754
-0.005489 0.049947 180.000000 52.291958
0.003992 0.042465 180.000000 52.105885
-0.002569 0.006123 180.000000 10.203287
0.005145 0.038758 180.000000 48.461623
-0.006811 0.027153 180.000000 22.805042
0.007948 0.090855 180.000000 121.264252
-0.001056 0.068463 180.000000 81.262963
0.009706 0.029872 180.000000 41.992284
0.001637 0.031650 180.000000 35.236305
-0.002829 0.041622 180.000000 43.916961
-0.004270 0.026052 180.000000 22.972263
-0.008404 0.008333 180.000000 16.166018
0.006738 0.061429 180.000000 80.526202
0.007069 0.021336 180.000000 27.585405
-0.001593 0.044147 180.000000 48.437684
0.008965 0.027750 180.000000 38.290282
-0.003675 0.002506 180.000000 14.528153
0.001956 0.012443 180.000000 11.207049
0.002782 0.068263 180.000000 85.180539
-0.007326 0.035161 180.000000 31.912714
-0.000391 0.051533 180.000000 59.444096
0.006837 0.033650 180.000000 43.601059
0.008756 0.037020 180.000000 50.332257
0.009892 0.065800 180.000000 90.047230
0.008931 0.095252 180.000000 128.287113
-0.009883 0.052708 180.000000 51.974530
-0.002664 0.088881 180.000000 106.764379
-0.002075 0.010656 180.000000 9.153332
-0.005004 0.048572 180.000000 50.949455
-0.005193 0.056435 180.000000 61.080767
-0.008732 0.059113 180.000000 61.255860
0.002714 0.008553 180.000000 7.713037
-0.004892 0.017532 180.000000 13.822947
0.001834 0.072231 180.000000 89.429164
0.003420 0.060740 180.000000 75.843571
0.009498 0.012075 180.000000 18.550583
-0.008061 0.059553 180.000000 62.446278
-0.003461 0.082609 180.000000 97.554780
0.002103 0.067435 180.000000 83.321020
-0.001313 0.081756 180.000000 98.710968
0.004130 0.015540 180.000000 16.828651
-0.002841 0.035443 180.000000 35.870494
-0.002739 0.095711 180.000000 115.796156
0.007066 0.004992 180.000000 7.493007
0.003945 0.007441 180.000000 7.338607
-0.001724 0.074325 180.000000 88.361620
-0.006883 0.051865 180.000000 53.507247
-0.005956 0.014753 180.000000 12.404473
0.004926 0.007956 180.000000 8.530846
0.007620 0.033232 180.000000 43.958943
-0.009302 0.087799 180.000000 98.439525
0.003358 0.013156 180.000000 13.135129
0.003670 0.070978 180.000000 89.799709
-0.008840 0.048685 180.000000 47.701366
-0.001063 0.055648 180.000000 64.207239
-0.000774 0.078759 180.000000 95.295031
0.009843 0.099838 180.000000 135.482386
-0.001739 0.014230 180.000000 11.395550
0.009135 0.099226 180.000000 133.839316
0.003647 0.089602 180.000000 114.671579
0.004991 0.077005 180.000000 99.347043
-0.007613 0.019067 180.000000 15.171307
-0.004698 0.077602 180.000000 89.597783
0.000370 0.073826 180.000000 89.954731
0.001591 0.062392 180.000000 76.028073
-0.003435 0.088018 180.000000 104.790296
0.008166 0.067187 180.000000 89.874536
-0.002435 0.010488 180.000000 9.281203
0.004459 0.045744 180.000000 56.994641
-0.009594 0.051083 180.000000 50.138226
0.000632 0.036593 180.000000 40.720914
0.000300 0.090791 180.000000 112.534454
0.001872 0.047674 180.000000 56.720480
0.005826 0.066799 180.000000 86.656340
0.001506 0.037320 180.000000 42.586595
-0.009481 0.085899 180.000000 95.746091
-0.008624 0.094955 180.000000 108.610803
0.000985 0.001746 180.000000 9.159003
0.001756 0.012012 180.000000 10.609417
-0.001633 0.057074 180.000000 65.506541
-0.000641 0.061814 180.000000 72.850964
-0.004519 0.065918 180.000000 74.275604
-0.009614 0.068124 180.000000 72.210361
0.001128 0.058025 180.000000 69.700989
0.008677 0.043714 180.000000 59.148420
-0.000018 0.049501 180.000000 57.137252
0.006407 0.050265 180.000000 65.238529
0.002902 0.038121 180.000000 45.133905
0.008271 0.072143 180.000000 96.620321
0.006907 0.042031 180.000000 54.833612
0.003571 0.016776 180.000000 17.841355
-0.003346 0.095026 180.000000 114.230278
0.001627 0.010743 180.000000 9.247578
-0.007591 0.049079 180.000000 49.268590
-0.005102 0.091695 180.000000 107.925785
-0.007836 0.037448 180.000000 34.356621
0.003992 0.056328 180.000000 70.592844
0.009544 0.010680 180.000000 16.868063
-0.002318 0.019372 180.000000 16.402839
0.009924 0.004315 180.000000 10.009547
0.006476 0.056263 180.000000 73.325097
0.008143 0.068727 180.000000 91.906684
0.008049 0.075703 180.000000 101.121131
-0.006387 0.089964 180.000000 104.281014
-0.004318 0.029339 180.000000 26.920764
-0.009397 0.071220 180.000000 76.474899
-0.008241 0.015910 180.000000 14.063255
-0.004779 0.017777 180.000000 14.029279
-0.006927 0.067289 180.000000 73.688050
0.005139 0.096398 180.000000 125.452839
0.000405 0.074923 180.000000 91.455852
0.004391 0.039197 180.000000 48.199498
0.002146 0.019513 180.000000 19.954587
0.008433 0.039866 180.000000 53.736460
-0.005426 0.015549 180.000000 12.551659
0.008665 0.015095 180.000000 21.364639
0.006934 0.060061 180.000000 78.925967
0.004201 0.092712 180.000000 119.457882
0.005812 0.028364 180.000000 35.410954
0.000301 0.079413 180.000000 97.338051
-0.008590 0.013052 180.000000 14.309712
-0.008478 0.078096 180.000000 86.426365
-0.000985 0.059952 180.000000 70.009209
-0.006842 0.081072 180.000000 92.004606
0.001074 0.081733 180.000000 101.283573
0.006547 0.005708 180.000000 7.680818
-0.003736 0.004373 180.000000 12.927926
0.003671 0.018730 180.000000 20.443482
-0.009038 0.070974 180.000000 76.495487
-0.002083 0.072983 180.000000 86.192670
-0.000828 0.046301 180.000000 52.056547
0.003783 0.074605 180.000000 94.774117
0.005648 0.065250 180.000000 84.381876
0.000813 0.044676 180.000000 51.606271
0.005270 0.077233 180.000000 99.968818
0.007184 0.092234 180.000000 122.226484
0.002558 0.048804 180.000000 58.969823
0.000515 0.087868 180.000000 108.864679
-0.002320 0.059039 180.000000 67.403093
-0.007647 0.033699 180.000000 29.928478
-0.005786 0.005008 180.000000 15.160865
-0.002430 0.007905 180.000000 9.304266
-0.005626 0.085620 180.000000 99.294398
0.005053 0.086694 180.000000 112.374471
-0.009418 0.068994 180.000000 73.533361
-0.006304 0.077300 180.000000 87.550161
-0.003525 0.011179 180.000000 10.063287
-0.007420 0.079984 180.000000 89.978074
0.007512 0.099329 180.000000 132.094481
-0.008672 0.099770 180.000000 114.955967
0.007842 0.069949 180.000000 93.189185
-0.004062 0.027575 180.000000 24.946104
0.002269 0.030940 180.000000 34.955730
0.008450 0.042635 180.000000 57.442709
-0.004058 0.061910 180.000000 69.434346
0.000248 0.008244 180.000000 7.446201
0.007087 0.027987 180.000000 36.378675
-0.000583 0.045116 180.000000 50.739273
-0.000642 0.063676 180.000000 75.328855
-0.002369 0.042233 180.000000 45.158283
-0.008954 0.065298 180.000000 69.126521
0.002864 0.059655 180.000000 73.776679
0.003286 0.005065 180.000000 5.769849
-0.008985 0.083610 180.000000 93.212944
0.001796 0.037846 180.000000 43.587115
-0.003208 0.089087 180.000000 106.457686
-0.001994 0.072313 180.000000 85.395048
0.004474 0.059837 180.000000 75.819631
0.003344 0.094331 180.000000 120.656307
0.002755 0.094856 180.000000 120.696636
0.005161 0.016380 180.000000 18.977511
-0.008808 0.084882 180.000000 95.071884
-0.001508 0.008598 180.000000 8.447531
0.006867 0.045119 180.000000 58.904261
0.008628 0.082879 180.000000 111.387033
-0.002977 0.051679 180.000000 56.993375
0.003183 0.029544 180.000000 34.076819
0.006271 0.067970 180.000000 88.730604
-0.003707 0.030020 180.000000 28.228654
0.001556 0.075217 180.000000 93.110883
0.003629 0.087215 180.000000 111.459565
0.001030 0.085548 180.000000 106.332778
0.001028 0.064134 180.000000 77.738521
-0.007356 0.026640 180.000000 21.999836
0.007131 0.037616 180.000000 49.215637
-0.006191 0.012782 180.000000 12.149236
-0.007081 0.098543 180.000000 114.970104
0.001766 0.054848 180.000000 66.158839
0.001410 0.039462 180.000000 45.321820
0.003685 0.086372 180.000000 110.395328
-0.001050 0.086676 180.000000 105.562659
-0.008707 0.085716 180.000000 96.277531
-0.009086 0.094351 180.000000 107.339416
-0.009766 0.049896 180.000000 48.483162
0.008912 0.085276 180.000000 114.924430
-0.001653 0.050068 180.000000 56.199578
-0.005650 0.062340 180.000000 68.413746
-0.000279 0.075151 180.000000 91.017135
0.000530 0.067014 180.000000 81.038034
-0.009621 0.045059 180.000000 42.491823
0.006193 0.045804 180.000000 59.041268
-0.004008 0.034803 180.000000 34.028247
0.003029 0.078338 180.000000 98.917837
0.000578 0.041159 180.000000 46.700227
0.004905 0.025990 180.000000 31.256094
0.001190 0.027656 180.000000 29.549804
-0.003201 0.014920 180.000000 11.814125
-0.005861 0.042648 180.000000 42.490572
-0.001287 0.066159 180.000000 77.949260
0.007773 0.092919 180.000000 123.822350
0.006763 0.077771 180.000000 102.397746
-0.006460 0.083682 180.000000 95.859222
0.006286 0.079551 180.000000 104.229949
-0.001866 0.034965 180.000000 36.143689
-0.006434 0.031275 180.000000 27.807684
0.005354 0.052658 180.000000 67.228730
0.007555 0.053663 180.000000 71.101438
-0.000795 0.015022 180.000000 12.458791
0.000897 0.058616 180.000000 70.238964
-0.004752 0.001968 180.000000 16.547780
-0.004554 0.038043 180.000000 37.705997
0.003406 0.068436 180.000000 86.106271
-0.001770 0.076905 180.000000 91.751477
-0.004938 0.075388 180.000000 86.409085
0.004526 0.060044 180.000000 76.153365
0.005083 0.021633 180.000000 25.721176
0.005001 0.046538 180.000000 58.663978
0.007076 0.041662 180.000000 54.538102
-0.008566 0.078221 180.000000 86.504707
0.003847 0.023477 180.000000 26.801309
0.007042 0.034898 180.000000 45.497409
0.006842 0.048105 180.000000 62.858493
0.008990 0.053239 180.000000 72.215882
-0.001133 0.057014 180.000000 65.948389
-0.002869 0.079253 180.000000 93.711911
0.008215 0.012286 180.000000 17.238602
0.009875 0.073244 180.000000 99.969363
0.003999 0.016708 180.000000 18.183277
0.005816 0.073095 180.000000 95.059591
-0.002239 0.028226 180.000000 27.159735
-0.006603 0.064812 180.000000 70.739171
-0.005116 0.085524 180.000000 99.696380
-0.001740 0.095502 180.000000 116.597142
-0.002113 0.078575 180.000000 93.610740
0.003280 0.091323 180.000000 116.560388
0.007825 0.036160 180.000000 48.090260
-0.007736 0.014966 180.000000 13.539959
0.009525 0.004492 180.000000 9.702645
0.007676 0.032020 180.000000 42.414759
-0.006252 0.046977 180.000000 47.732597
-0.001900 0.021871 180.000000 19.564764
-0.006931 0.095102 180.000000 110.548345
-0.002107 0.058551 180.000000 66.976155
-0.002930 0.036024 180.000000 36.540635
0.009422 0.092608 180.000000 125.322623
-0.007391 0.057711 180.000000 60.662426
0.003232 0.036231 180.000000 42.982842
-0.007461 0.090831 180.000000 104.325484
-0.002599 0.034045 180.000000 34.282268
0.008079 0.042849 180.000000 57.290307
0.001101 0.095980 180.000000 120.354840
0.001197 0.020186 180.000000 19.941359
-0.006350 0.085972 180.000000 99.012228
-0.001209 0.016233 180.000000 13.538303
-0.007965 0.034517 180.000000 30.704951
-0.007568 0.094961 180.000000 109.702414
-0.000180 0.009031 180.000000 7.861496
-0.003364 0.094085 180.000000 112.955963
0.006656 0.015281 180.000000 19.225244
-0.002127 0.009368 180.000000 8.915273
0.003797 0.019474 180.000000 21.532376
-0.005844 0.057380 180.000000 61.693685
-0.001051 0.067591 180.000000 80.108277
-0.009483 0.078757 180.000000 86.312162
0.001513 0.082215 180.000000 102.412060
0.002180 0.069400 180.000000 86.031475
-0.007002 0.042799 180.000000 41.717141
-0.008761 0.008174 180.000000 16.745560
0.009069 0.028837 180.000000 39.852651
0.008116 0.088319 180.000000 118.067290
0.009026 0.091603 180.000000 123.516907
-0.002056 0.015922 180.000000 12.883842
-0.002967 0.093866 180.000000 113.089124
0.004283 0.067209 180.000000 85.451855
-0.007206 0.099836 180.000000 116.561372
-0.005615 0.013520 180.000000 11.847068
-0.001733 0.036271 180.000000 37.968664
0.006655 0.025409 180.000000 32.469067
0.007556 0.040448 180.000000 53.481386
-0.008779 0.025919 180.000000 20.798554
-0.002597 0.050992 180.000000 56.466714
0.009712 0.069864 180.000000 95.261392
0.006320 0.071649 180.000000 93.705120
0.009967 0.027154 180.000000 38.718855
-0.006933 0.059203 180.000000 63.046964
-0.009839 0.091754 180.000000 103.137358
-0.008554 0.091477 180.000000 104.066859
-0.008361 0.023021 180.000000 18.206033
-0.002221 0.067538 180.000000 78.798281
0.009099 0.072940 180.000000 98.652598
-0.007210 0.068894 180.000000 75.526963
-0.006145 0.040186 180.000000 39.098695
-0.000965 0.095961 180.000000 118.054758
-0.004753 0.038375 180.000000 37.960199
0.009841 0.080023 180.000000 108.989480
0.002388 0.008910 180.000000 7.890182
0.005872 0.027472 180.000000 34.299921
-0.006661 0.079334 180.000000 89.884112
0.001214 0.038726 180.000000 44.141165
0.004051 0.067620 180.000000 85.739164
0.006842 0.056617 180.000000 74.220254
-0.009527 0.061166 180.000000 63.206185
-0.006526 0.055120 180.000000 58.083347
0.006844 0.062637 180.000000 82.262115
0.008371 0.086567 180.000000 116.020037
0.000598 0.088473 180.000000 109.764093
-0.009836 0.015252 180.000000 15.260282
0.002000 0.006718 180.000000 6.464939
0.003488 0.052693 180.000000 65.178266
0.004842 0.085042 180.000000 109.925649
0.001460 0.036114 180.000000 40.943218
-0.004040 0.045744 180.000000 48.159807
-0.006606 0.077531 180.000000 87.549828
0.000071 0.024625 180.000000 24.576824
0.006900 0.052885 180.000000 69.302931
-0.002139 0.092646 180.000000 112.352159
-0.000321 0.035043 180.000000 37.725442
-0.003421 0.090983 180.000000 108.757624
-0.006628 0.063540 180.000000 69.039365
-0.003388 0.075006 180.000000 87.510117
0.005282 0.092052 180.000000 119.801654
0.003842 0.073120 180.000000 92.855130
0.004414 0.093747 180.000000 121.083520
-0.000036 0.007371 180.000000 7.431941
0.000459 0.056889 180.000000 67.467542
-0.008454 0.007683 180.000000 16.683633
-0.000237 0.010634 180.000000 8.729372
-0.000068 0.022666 180.000000 21.967825
-0.006959 0.030966 180.000000 27.107902
-0.005859 0.052440 180.000000 55.203539
0.008391 0.071554 180.000000 95.973305
0.007420 0.084339 180.000000 111.939205
-0.003292 0.041007 180.000000 42.678196
0.008592 0.021009 180.000000 28.964338
0.008264 0.009628 180.000000 13.996232
0.003967 0.085077 180.000000 108.980939
0.000349 0.096130 180.000000 119.723521
-0.009375 0.094963 180.000000 107.857092
0.005910 0.069340 180.000000 90.147480
0.008250 0.019046 180.000000 25.984350
0.003499 0.097065 180.000000 124.486823
0.004230 0.099525 180.000000 128.603618
-0.002084 0.035493 180.000000 36.626603
0.004793 0.098303 180.000000 127.607833
0.009705 0.073782 180.000000 100.487776
-0.009915 0.030813 180.000000 25.450092
-0.003728 0.033272 180.000000 32.314252
0.005566 0.026245 180.000000 32.331746
0.007185 0.001134 180.000000 5.466950
0.005744 0.063838 180.000000 82.605808
0.008449 0.097249 180.000000 130.396930
0.007837 0.026063 180.000000 34.713836
0.006446 0.044208 180.000000 57.204280
-0.003211 0.023539 180.000000 20.674616
-0.003044 0.059649 180.000000 67.469708
0.004319 0.095008 180.000000 122.662428
0.001517 0.090567 180.000000 113.578772
0.000396 0.099286 180.000000 123.992329
0.004165 0.046313 180.000000 57.424709
0.003166 0.031559 180.000000 36.721054
0.007190 0.032228 180.000000 42.120941
-0.001172 0.067057 180.000000 79.268248
-0.001517 0.053184 180.000000 60.466303
-0.005372 0.033436 180.000000 31.206866
0.003363 0.024677 180.000000 27.862691
0.001233 0.039939 180.000000 45.767078
0.001973 0.080536 180.000000 100.679358
0.003169 0.024011 180.000000 26.788158
0.000110 0.088284 180.000000 108.975381
0.008742 0.052286 180.000000 70.651764
0.003739 0.033571 180.000000 40.006117
0.001463 0.078287 180.000000 97.109366
0.007108 0.096764 180.000000 128.198648
0.004059 0.083192 180.000000 106.565749
0.001926 0.094119 180.000000 118.783580
0.002289 0.011572 180.000000 10.469926
0.005163 0.037203 180.000000 46.412036
-0.008135 0.066141 180.000000 71.008364
0.007070 0.073537 180.000000 97.091846
0.000315 0.083487 180.000000 102.792163
0.001672 0.040332 180.000000 46.750452
-0.004930 0.055661 180.000000 60.318630
0.005007 0.035881 180.000000 44.478917
0.004072 0.037125 180.000000 45.089521
0.005459 0.097359 180.000000 127.103643
0.004145 0.038736 180.000000 47.312366
-0.003340 0.068048 180.000000 78.309921
0.001754 0.023421 180.000000 24.598582
-0.002866 0.093773 180.000000 113.073371
0.007690 0.008465 180.000000 11.921605
-0.003924 0.033098 180.000000 31.930368
-0.007213 0.083989 180.000000 95.496999
0.007570 0.022998 180.000000 30.357550
0.001274 0.053058 180.000000 63.243001
0.006178 0.080744 180.000000 105.700737
0.007802 0.063549 180.000000 84.590029
0.005204 0.083618 180.000000 108.433129
0.007981 0.033548 180.000000 44.801632
0.001079 0.047564 180.000000 55.723885
-0.009371 0.040859 180.000000 37.462290
0.006351 0.087407 180.000000 114.811973
-0.006741 0.072013 180.000000 80.109648
0.004006 0.012180 180.000000 12.541500
0.009016 0.072649 180.000000 98.165566
0.003131 0.039871 180.000000 47.706841
-0.009899 0.090725 180.000000 101.715989
-0.001048 0.048872 180.000000 55.234394
-0.006799 0.004377 180.000000 17.107340
-0.004926 0.024078 180.000000 20.305637
0.008365 0.021149 180.000000 28.873744
0.002403 0.078187 180.000000 98.017326
0.006941 0.047299 180.000000 61.897805
-0.007010 0.086113 180.000000 98.523038
-0.001145 0.021727 180.000000 19.935459
0.003799 0.016613 180.000000 17.860878
0.003149 0.055243 180.000000 68.204971
0.005529 0.076756 180.000000 99.627524
0.009835 0.021517 180.000000 31.145385
-0.009022 0.002647 180.000000 21.902049
0.003766 0.061057 180.000000 76.653487
0.005206 0.020746 180.000000 24.695380
-0.005583 0.065604 180.000000 72.789896
0.001912 0.061322 180.000000 74.952753
0.004650 0.004042 180.000000 5.461088
0.000061 0.084682 180.000000 104.111317
0.000774 0.086449 180.000000 107.253952
-0.001300 0.030725 180.000000 31.173465
-0.002771 0.049148 180.000000 53.858486
0.007999 0.052120 180.000000 69.560026
0.001529 0.097943 180.000000 123.453883
0.006013 0.046044 180.000000 59.155216
-0.009843 0.015810 180.000000 15.263828
-0.003823 0.058913 180.000000 65.705614
0.006480 0.097271 180.000000 128.154144
0.004822 0.048867 180.000000 61.567013
-0.006242 0.033752 180.000000 30.952651
-0.005003 0.092503 180.000000 109.106003
-0.003972 0.062985 180.000000 70.945141
-0.008655 0.095702 180.000000 109.571166
-0.001948 0.046440 180.000000 51.107164
-0.005881 0.059796 180.000000 64.836537
0.004884 0.090476 180.000000 117.240642
-0.008802 0.051252 180.000000 51.020869
-0.006420 0.033978 180.000000 31.101849
0.001364 0.009946 180.000000 8.431006
0.006128 0.011723 180.000000 14.125190
-0.000137 0.071124 180.000000 85.798492
0.005207 0.021036 180.000000 25.076695
0.000506 0.096376 180.000000 120.224917
0.003855 0.066860 180.000000 84.503762
0.008286 0.070717 180.000000 94.731749
0.003176 0.032788 180.000000 38.357994
0.001278 0.088847 180.000000 111.016476
0.002085 0.084895 180.000000 106.629870
0.004165 0.049307 180.000000 61.416532
0.008407 0.096796 180.000000 129.742051
-0.008328 0.092876 180.000000 106.152721
-0.000006 0.045317 180.000000 51.600277
0.001148 0.033514 180.000000 37.190572
0.007695 0.018787 180.000000 24.984537
0.003860 0.009836 180.000000 9.698396
-0.007035 0.096939 180.000000 112.885062
-0.002796 0.013337 180.000000 10.680653
-0.001916 0.075300 180.000000 89.457509
0.005678 0.005698 180.000000 6.939378
0.002537 0.033055 180.000000 38.029158
0.007871 0.091869 180.000000 122.531187
0.002519 0.014169 180.000000 13.636470
0.001966 0.039494 180.000000 45.951977
-0.007931 0.031682 180.000000 27.374370
0.004590 0.006837 180.000000 7.189017
-0.009653 0.033392 180.000000 28.413525
-0.008896 0.088230 180.000000 99.417397
0.007268 0.003618 180.000000 6.533728
0.000442 0.029805 180.000000 31.620934
-0.008199 0.020106 180.000000 15.959494
0.001011 0.086641 180.000000 107.772341
-0.007765 0.019680 180.000000 15.601299
-0.004826 0.011261 180.000000 11.015990
0.009945 0.010971 180.000000 17.735416
0.004570 0.073640 180.000000 94.371391
0.008945 0.058524 180.000000 79.216269
0.004336 0.058462 180.000000 73.827065
-0.007368 0.041251 180.000000 39.456648
-0.002455 0.052148 180.000000 58.137907
-0.002780 0.003728 180.000000 12.205624
-0.009058 0.071225 180.000000 76.804956
0.007305 0.022844 180.000000 29.843330
-0.000592 0.038943 180.000000 42.582899
0.000603 0.026547 180.000000 27.541344
-0.007317 0.045507 180.000000 44.913465
0.007614 0.057998 180.000000 76.956910
-0.002422 0.078326 180.000000 92.949603
-0.001529 0.082168 180.000000 99.028280
0.002487 0.016483 180.000000 16.446360
-0.001135 0.071826 180.000000 85.661166
-0.009823 0.078192 180.000000 85.237012
0.004374 0.049394 180.000000 61.767118
0.003845 0.002799 180.000000 5.708478
-0.002124 0.079085 180.000000 94.279414
-0.004318 0.071840 180.000000 82.335347
-0.004107 0.096951 180.000000 115.983191
-0.003593 0.076602 180.000000 89.418258
0.005143 0.067929 180.000000 87.387581
-0.003230 0.038192 180.000000 39.074927
0.009019 0.099221 180.000000 133.697048
0.003568 0.075612 180.000000 95.878005
0.004425 0.096377 180.000000 124.612805
0.007384 0.097417 180.000000 129.390534
0.001398 0.072610 180.000000 89.456131
-0.008145 0.007900 180.000000 16.117644
-0.000659 0.096592 180.000000 119.232542
-0.001650 0.011585 180.000000 9.447494
-0.008728 0.084809 180.000000 95.054900
-0.009603 0.060727 180.000000 62.567037
0.003938 0.020512 180.000000 23.027460
0.001789 0.005895 180.000000 6.359453
0.009275 0.069085 180.000000 93.707647
0.002219 0.059519 180.000000 72.884680
0.004105 0.036902 180.000000 44.831091
-0.008844 0.074255 180.000000 80.999647
-0.004791 0.065462 180.000000 73.397370
0.002114 0.030661 180.000000 34.426172
-0.001421 0.038170 180.000000 40.750150
-0.005914 0.069908 180.000000 78.151431
-0.004477 0.092862 180.000000 110.139897
-0.004834 0.094643 180.000000 112.134324
-0.000353 0.014978 180.000000 12.621492
-0.008453 0.080340 180.000000 89.417277
-0.001116 0.098654 180.000000 121.486888
-0.001746 0.047187 180.000000 52.296200
-0.009005 0.091245 180.000000 103.302801
0.004917 0.054466 180.000000 69.146669
0.004917 0.062379 180.000000 79.714910
-0.007174 0.062097 180.000000 66.614846
-0.003298 0.077125 180.000000 90.424153
0.001305 0.024325 180.000000 25.335141
0.006212 0.089090 180.000000 116.903001
0.006583 0.060055 180.000000 78.512774
0.002571 0.025314 180.000000 27.876882
0.004271 0.025678 180.000000 30.148796
0.000832 0.070095 180.000000 85.478421
-0.006736 0.052675 180.000000 54.696312
0.006459 0.031317 180.000000 40.065760
0.006653 0.052944 180.000000 69.097218
-0.002388 0.043287 180.000000 46.522389
0.008084 0.066792 180.000000 89.251572
-0.002429 0.027334 180.000000 25.880992
0.002762 0.037891 180.000000 44.677713
0.009333 0.080701 180.000000 109.300067
0.004435 0.041526 180.000000 51.348576
0.009558 0.055158 180.000000 75.446428
-0.006036 0.002175 180.000000 18.139578
-0.001959 0.002980 180.000000 11.776719
-0.006238 0.055517 180.000000 58.873872
-0.005775 0.051478 180.000000 54.024755
0.001043 0.040130 180.000000 45.822334
-0.008678 0.058633 180.000000 60.679651
-0.007285 0.079538 180.000000 89.524280
-0.005794 0.019177 180.000000 15.126455
0.006677 0.036327 180.000000 46.974018
-0.002562 0.016728 180.000000 13.509019
-0.007289 0.090220 180.000000 103.690148
0.003580 0.013201 180.000000 13.389358
-0.002573 0.002294 180.000000 13.232033
0.003095 0.059307 180.000000 73.568552
0.002773 0.072558 180.000000 90.907939
-0.004126 0.024671 180.000000 21.433032
-0.000140 0.096105 180.000000 119.151117
0.004735 0.079911 180.000000 102.942989
0.001086 0.011614 180.000000 9.850923
0.008790 0.034213 180.000000 46.643977
-0.001055 0.068384 180.000000 81.158770
0.000925 0.018694 180.000000 17.842984
0.008057 0.024321 180.000000 32.676126
-0.008063 0.064708 180.000000 69.195345
0.002475 0.070744 180.000000 88.153080
-0.004870 0.017612 180.000000 13.888660
-0.005109 0.078922 180.000000 90.926735
0.004188 0.070877 180.000000 90.245880
0.005474 0.075135 180.000000 97.397641
0.005668 0.033645 180.000000 42.253168
-0.007369 0.086838 180.000000 99.118386
0.001135 0.035903 180.000000 40.327117
-0.002063 0.065598 180.000000 76.384426
0.003154 0.059868 180.000000 74.382900
0.009365 0.056868 180.000000 77.500563
0.000925 0.090154 180.000000 112.372602
0.000474 0.099999 180.000000 125.032919
0.006731 0.096518 180.000000 127.435459
0.008769 0.055514 180.000000 74.991250
0.003780 0.026379 180.000000 30.542649
0.000405 0.059336 180.000000 70.668343
0.001477 0.087483 180.000000 109.412795
0.008852 0.051340 180.000000 69.520413
-0.007606 0.099608 180.000000 115.842405
0.000144 0.074375 180.000000 90.440863
0.004325 0.023877 180.000000 27.838731
0.004951 0.007604 180.000000 8.187679
-0.005542 0.044429 180.000000 45.068376
0.006236 0.076660 180.000000 100.307244
0.003013 0.062321 180.000000 77.501833
-0.001896 0.056083 180.000000 63.919659
-0.004611 0.034227 180.000000 32.796806
0.007196 0.026358 180.000000 34.350042
0.008634 0.075358 180.000000 101.340621
0.003318 0.016486 180.000000 17.226594
0.009523 0.013218 180.000000 20.026103
-0.006495 0.027453 180.000000 23.300728
0.006798 0.042562 180.000000 55.416984
0.009204 0.091757 180.000000 123.930702
0.003722 0.003774 180.000000 5.561394
0.008811 0.077856 180.000000 104.886406
0.004501 0.098436 180.000000 127.454388
0.000461 0.005932 180.000000 7.201131
-0.003625 0.084709 180.000000 100.178462
-0.007797 0.066699 180.000000 72.065808
0.001419 0.035265 180.000000 39.778892
-0.008040 0.018284 180.000000 14.838266
-0.005504 0.054843 180.000000 58.688560
0.005173 0.032290 180.000000 39.893806
0.009323 0.079300 180.000000 107.414508
0.006762 0.014288 180.000000 18.073779
0.007828 0.082607 180.000000 110.094842
-0.005339 0.057963 180.000000 62.949211
-0.001526 0.083818 180.000000 101.232338
0.005109 0.051826 180.000000 65.839699
0.001493 0.005562 180.000000 6.523495
0.000723 0.005776 180.000000 7.028591
0.007270 0.087080 180.000000 115.431450
0.002379 0.030650 180.000000 34.686470
0.000538 0.061911 180.000000 74.242704
0.003745 0.050087 180.000000 61.988113
-0.003567 0.006731 180.000000 11.042591
0.009163 0.077713 180.000000 105.106490
-0.002049 0.079408 180.000000 94.790567
-0.006321 0.052589 180.000000 54.966641
-0.007896 0.089289 180.000000 101.832879
0.001562 0.089986 180.000000 112.852782
0.008875 0.002354 180.000000 7.107226
0.007137 0.080619 180.000000 106.636876
0.004240 0.056532 180.000000 71.142359
0.001176 0.070834 180.000000 86.840333
0.000990 0.074378 180.000000 91.368848
-0.005082 0.065972 180.000000 73.777972
-0.008582 0.084005 180.000000 94.138018
0.002948 0.084628 180.000000 107.236299
-0.001699 0.089839 180.000000 109.081821
0.009941 0.016549 180.000000 24.815713
0.005156 0.050611 180.000000 64.272560
-0.002873 0.090049 180.000000 108.098098
0.004311 0.013635 180.000000 14.615675
0.009056 0.070573 180.000000 95.438495
-0.006603 0.050928 180.000000 52.542808
-0.008260 0.041234 180.000000 38.741542
-0.001948 0.076802 180.000000 91.423911
0.002915 0.074662 180.000000 93.876710
-0.001834 0.092155 180.000000 112.026688
-0.006109 0.099795 180.000000 117.654261
-0.006564 0.024965 180.000000 20.528642
-0.001119 0.001275 180.000000 12.284394
0.003127 0.032321 180.000000 37.687099
-0.005282 0.065939 180.000000 73.534632
0.001843 0.086353 180.000000 108.308493
-0.006271 0.049419 180.000000 50.883353
0.009453 0.027794 180.000000 38.937764
0.005796 0.034951 180.000000 44.134050
0.004865 0.022469 180.000000 26.579051
0.005900 0.062732 180.000000 81.305455
-0.008546 0.020624 180.000000 16.366137
0.001258 0.032681 180.000000 36.205115
-0.001746 0.045614 180.000000 50.220198
-0.009439 0.004244 180.000000 20.946342
0.003722 0.003234 180.000000 5.646371
-0.004826 0.012822 180.000000 11.204694
-0.009082 0.064899 180.000000 68.485371
0.008170 0.026712 180.000000 35.967683
-0.007000 0.038219 180.000000 35.933669
0.002584 0.036905 180.000000 43.178698
0.000755 0.017163 180.000000 15.837057
-0.009975 0.091271 180.000000 102.361739
-0.009524 0.075522 180.000000 82.009426
-0.002140 0.008459 180.000000 8.939874
-0.002458 0.080515 180.000000 95.829700
-0.006849 0.062133 180.000000 66.973301
-0.002457 0.005553 180.000000 10.414821
0.009273 0.048109 180.000000 65.710533
0.002843 0.088614 180.000000 112.447874
-0.009488 0.002958 180.000000 22.259554
-0.003548 0.012518 180.000000 10.462579
-0.000932 0.099918 180.000000 123.376767
-0.008315 0.092121 180.000000 105.164594
-0.001984 0.055097 180.000000 62.521600
0.007717 0.043487 180.000000 57.716463
0.006994 0.080351 180.000000 106.113973
-0.005347 0.094995 180.000000 112.062470
-0.004078 0.053023 180.000000 57.676639
0.005134 0.071602 180.000000 92.287088
-0.009896 0.028150 180.000000 22.709297
-0.007477 0.017140 180.000000 14.068839
0.009360 0.049625 180.000000 67.833404
0.007765 0.091195 180.000000 121.507036
-0.006192 0.009532 180.000000 12.759129
-0.000027 0.002755 180.000000 9.510507
0.008127 0.085140 180.000000 113.827819
-0.006329 0.006113 180.000000 15.003968
0.008883 0.016202 180.000000 23.057715
0.006602 0.025429 180.000000 32.433451
-0.005114 0.085337 180.000000 99.450094
0.003360 0.077364 180.000000 97.985543
-0.008674 0.092390 180.000000 105.155625
-0.009219 0.064171 180.000000 67.407369
-0.001044 0.013281 180.000000 10.706148
0.007659 0.014757 180.000000 19.721490
0.001463 0.064654 180.000000 78.905381
-0.003670 0.034271 180.000000 33.636080
-0.004095 0.026534 180.000000 23.663116
0.005809 0.015209 180.000000 18.181397
-0.003782 0.021516 180.000000 18.028446
0.008039 0.027050 180.000000 36.258334
-0.001144 0.099184 180.000000 122.164771
0.000453 0.003155 180.000000 8.618602
0.008223 0.029575 180.000000 39.817730
-0.007474 0.081734 180.000000 92.243554
-0.008050 0.047424 180.000000 46.749190
-0.004046 0.072213 180.000000 83.112974
0.004861 0.022017 180.000000 25.980167
0.008684 0.076152 180.000000 102.459349
-0.003017 0.046192 180.000000 49.727647
-0.006334 0.067520 180.000000 74.576344
0.009020 0.011256 180.000000 16.929516
-0.006578 0.084186 180.000000 96.406841
-0.004499 0.017549 180.000000 13.862161
0.000098 0.004008 180.000000 8.421128
0.002802 0.094262 180.000000 119.954352
0.008474 0.029689 180.000000 40.267628
0.000289 0.041095 180.000000 46.316187
0.006562 0.056538 180.000000 73.790840
0.001669 0.003696 180.000000 6.977457
0.003302 0.059649 180.000000 74.255493
0.004618 0.045533 180.000000 56.892975
-0.004136 0.084533 180.000000 99.404865
-0.006585 0.064632 180.000000 70.519163
0.003151 0.045257 180.000000 54.895768
-0.000539 0.044707 180.000000 50.243923
-0.007691 0.044514 180.000000 43.332892
-0.005057 0.077143 180.000000 88.617061
0.002856 0.032075 180.000000 37.071679
-0.000619 0.005611 180.000000 8.304902
0.005177 0.005110 180.000000 6.155007
0.005896 0.050772 180.000000 65.330000
0.004440 0.079999 180.000000 102.726610
0.000590 0.072305 180.000000 88.164429
-0.003153 0.018296 180.000000 14.873505
-0.003443 0.020251 180.000000 16.807749
-0.005593 0.065514 180.000000 72.661982
-0.002335 0.053750 180.000000 60.378584
-0.005120 0.055565 180.000000 60.006278
-0.003842 0.009620 180.000000 10.285056
-0.000804 0.047345 180.000000 53.463040
0.009056 0.074550 180.000000 100.754195
-0.000303 0.078422 180.000000 95.356148
0.005936 0.063707 180.000000 82.648615
0.000782 0.029980 180.000000 32.183045
0.008744 0.025929 180.000000 35.618535
-0.007568 0.082222 180.000000 92.794817
0.007564 0.018227 180.000000 24.099850
0.003300 0.071696 180.000000 90.344326
0.008497 0.068688 180.000000 92.265825
-0.006423 0.077460 180.000000 87.640929
-0.001921 0.003866 180.000000 10.972947
-0.000335 0.067155 180.000000 80.292844
-0.009052 0.071280 180.000000 76.883137
-0.005500 0.042421 180.000000 42.513149
-0.009805 0.009280 180.000000 17.383920
0.003116 0.080597 180.000000 102.033885
0.008395 0.006665 180.000000 10.671079
0.005111 0.025019 180.000000 30.203752
0.004348 0.029355 180.000000 35.088510
0.006483 0.044222 180.000000 57.265086
0.003535 0.033710 180.000000 39.968185
-0.008015 0.016945 180.000000 14.235151
0.009751 0.002562 180.000000 8.195247
-0.005695 0.046350 180.000000 47.419960
0.009898 0.035916 180.000000 50.234428
0.003724 0.056454 180.000000 70.459833
-0.003918 0.010565 180.000000 10.285253
0.008190 0.063337 180.000000 84.759204
0.006984 0.069515 180.000000 91.615678
0.001823 0.063087 180.000000 77.209651
-0.003395 0.056868 180.000000 63.431523
0.001953 0.045167 180.000000 53.472008
-0.008547 0.004773 180.000000 19.196511
-0.000931 0.043757 180.000000 48.589358
0.005727 0.030454 180.000000 38.084061
-0.004602 0.052006 180.000000 55.830823
-0.005773 0.056216 180.000000 60.233491
0.007227 0.084107 180.000000 111.406090
0.008365 0.099035 180.000000 132.688847
-0.005692 0.053929 180.000000 57.310687
0.002619 0.056485 180.000000 69.276000
0.000234 0.089500 180.000000 110.735876
-0.002416 0.038848 180.000000 40.684259
-0.003829 0.072884 180.000000 84.228268
0.001226 0.074481 180.000000 91.764658
0.003729 0.093630 180.000000 120.152117
0.003229 0.039266 180.000000 47.010255
-0.004533 0.094076 180.000000 111.697551
-0.005253 0.012270 180.000000 11.394589
-0.005922 0.059008 180.000000 63.758201
0.006527 0.060875 180.000000 79.543452
0.005729 0.057038 180.000000 73.503596
-0.001185 0.005777 180.000000 8.822851
-0.008813 0.060662 180.000000 63.200453
0.002842 0.002885 180.000000 6.369995
-0.009460 0.007821 180.000000 17.937250
0.009575 0.009451 180.000000 15.397150
0.004284 0.075013 180.000000 95.884449
-0.008047 0.017789 180.000000 14.600328
-0.003893 0.095948 180.000000 114.874295
-0.008773 0.027575 180.000000 22.459365
0.002370 0.054353 180.000000 66.159217
0.001095 0.062958 180.000000 76.242816
0.000606 0.050580 180.000000 59.229027
0.009946 0.097774 180.000000 132.843345
-0.009231 0.095405 180.000000 108.590504
0.009604 0.003715 180.000000 9.038677
0.008668 0.004546 180.000000 8.752290
-0.009507 0.066560 180.000000 70.262729
0.009142 0.064152 180.000000 86.961399
-0.008069 0.090718 180.000000 103.553545
-0.006096 0.007908 180.000000 13.464671
0.004152 0.075972 180.000000 97.017389
0.008118 0.082381 180.000000 110.129942
0.008657 0.063297 180.000000 85.251580
0.009358 0.010092 180.000000 15.908418
0.002232 0.050366 180.000000 60.695093
0.004735 0.070275 180.000000 90.060162
0.002377 0.064738 180.000000 80.023353
0.004156 0.031626 180.000000 37.884216
-0.004963 0.059088 180.000000 64.801199
0.000116 0.077164 180.000000 94.131800
-0.007454 0.062402 180.000000 66.748418
-0.007692 0.092823 180.000000 106.735202
0.003009 0.080411 180.000000 101.665581
-0.002496 0.009208 180.000000 9.179336
0.000044 0.025418 180.000000 25.566433
-0.002150 0.043843 180.000000 47.486432
-0.002370 0.064987 180.000000 75.250956
0.008894 0.055661 180.000000 75.334956
0.004367 0.010871 180.000000 11.311807
0.005332 0.057287 180.000000 73.384583
0.003788 0.099241 180.000000 127.724443
-0.005987 0.047208 180.000000 48.270030
0.003042 0.091478 180.000000 116.501000
-0.004056 0.077693 180.000000 90.386222
-0.009070 0.047335 180.000000 45.793722
-0.007610 0.054679 180.000000 56.506600
0.009211 0.082501 180.000000 111.562161
-0.005950 0.032664 180.000000 29.824855
0.000518 0.094878 180.000000 118.236551
-0.000574 0.018791 180.000000 16.812116
-0.004121 0.061680 180.000000 69.067023
0.001395 0.079746 180.000000 98.983242
-0.000183 0.056699 180.000000 66.530028
0.007324 0.042024 180.000000 55.309950
0.001926 0.025310 180.000000 27.220239
0.009687 0.027548 180.000000 38.897878
-0.008789 0.064468 180.000000 68.195646
0.006759 0.075395 180.000000 99.216863
0.006344 0.052198 180.000000 67.746117
0.006488 0.099173 180.000000 130.708269
0.002851 0.096238 180.000000 122.651544
-0.002884 0.068790 180.000000 79.769536
0.000368 0.069121 180.000000 83.672642
0.003268 0.016417 180.000000 17.091489
-0.004385 0.032118 180.000000 30.322682
0.006119 0.085750 180.000000 112.329183
0.005820 0.057444 180.000000 74.150468
-0.002650 0.064206 180.000000 73.921784
-0.003819 0.035852 180.000000 35.532359
0.005521 0.072930 180.000000 94.501863
-0.002991 0.080707 180.000000 95.517763
0.001882 0.027622 180.000000 30.196522
0.000503 0.098416 180.000000 122.948430
-0.008034 0.030459 180.000000 25.913867
-0.005396 0.067891 180.000000 76.002716
0.009240 0.010338 180.000000 16.063456
-0.004594 0.026323 180.000000 23.087307
-0.007910 0.097580 180.000000 112.830314
-0.006655 0.061805 180.000000 66.729772
0.006037 0.087292 180.000000 114.298068
0.002716 0.075607 180.000000 94.918472
0.008160 0.048245 180.000000 64.578083
0.003067 0.027013 180.000000 30.619889
-0.007440 0.002723 180.000000 19.576577
0.000911 0.020837 180.000000 20.510849
0.004793 0.023045 180.000000 27.255452
0.001323 0.099352 180.000000 125.108504
0.009232 0.036128 180.000000 49.715237
0.003219 0.086844 180.000000 110.502976
0.001020 0.026292 180.000000 27.608440
0.004379 0.027929 180.000000 33.237144
0.004874 0.008412 180.000000 8.972049
-0.004378 0.015219 180.000000 12.115378
0.009303 0.061646 180.000000 83.805704
0.004202 0.006823 180.000000 6.947294
0.000386 0.083456 180.000000 102.829945
-0.001255 0.002456 180.000000 11.329119
-0.006980 0.020348 180.000000 16.041225
0.004549 0.089397 180.000000 115.416684
0.008093 0.005463 180.000000 9.025580
0.001809 0.051351 180.000000 61.546570
0.008613 0.039937 180.000000 54.043294
-0.004658 0.034317 180.000000 32.873319
-0.006109 0.097846 180.000000 115.059190
-0.002915 0.089574 180.000000 107.418888
0.008779 0.010224 180.000000 15.353447
0.009480 0.099917 180.000000 135.164878
0.007823 0.023324 180.000000 31.084342
0.006790 0.036088 180.000000 46.787236
0.007085 0.061512 180.000000 81.038772
-0.009524 0.081649 180.000000 90.087850
0.001876 0.040821 180.000000 47.617613
-0.002353 0.092724 180.000000 112.224786
0.003736 0.064986 180.000000 81.867183
0.006787 0.092275 180.000000 121.823076
0.000302 0.021818 180.000000 21.216792
-0.006263 0.016736 180.000000 13.444616
-0.001563 0.079644 180.000000 95.624952
-0.006165 0.057002 180.000000 60.889901
-0.003387 0.005964 180.000000 11.291004
0.003453 0.040551 180.000000 48.963343
-0.002011 0.018199 180.000000 15.265771
0.005553 0.091776 180.000000 119.741624
0.006049 0.006928 180.000000 8.444391
-0.001524 0.067563 180.000000 79.568028
-0.003774 0.034918 180.000000 34.375126
-0.005624 0.019952 180.000000 15.820816
-0.002909 0.021768 180.000000 18.792502
0.006048 0.007813 180.000000 9.396790
0.003243 0.061865 180.000000 77.148363
0.009729 0.049962 180.000000 68.721423
-0.006039 0.088579 180.000000 102.800037
-0.009268 0.023435 180.000000 18.517991
0.004126 0.081907 180.000000 104.922744
-0.001049 0.064564 180.000000 76.078073
-0.008289 0.059832 180.000000 62.599486
0.004658 0.057131 180.000000 72.412047
-0.005848 0.092015 180.000000 107.569590
-0.001862 0.015931 180.000000 12.956931
0.004644 0.094139 180.000000 121.867855
0.009635 0.063840 180.000000 87.126768
-0.005703 0.096129 180.000000 113.198333
0.005909 0.050974 180.000000 65.613969
0.008815 0.032059 180.000000 43.816039
0.006645 0.026320 180.000000 33.660122
0.000059 0.085113 180.000000 104.683405
0.001731 0.031334 180.000000 34.917432
0.005585 0.045512 180.000000 57.957352
0.004791 0.053728 180.000000 68.019342
0.000139 0.005608 180.000000 7.567296
-0.003996 0.040697 180.000000 41.626121
-0.003990 0.077271 180.000000 89.894686
-0.001383 0.091468 180.000000 111.598193
0.000537 0.053706 180.000000 63.314638
0.007116 0.043791 180.000000 57.422677
0.001442 0.032421 180.000000 36.051837
-0.003456 0.059181 180.000000 66.431400
-0.003648 0.098287 180.000000 118.256803
-0.005891 0.041259 180.000000 40.682683
0.002342 0.086594 180.000000 109.187182
-0.007765 0.084170 180.000000 95.176832
0.001312 0.044817 180.000000 52.322444
0.004408 0.065148 180.000000 82.839151
-0.004273 0.037287 180.000000 36.978788
-0.003745 0.072194 180.000000 83.399526
-0.000095 0.040391 180.000000 44.992241
-0.003473 0.021796 180.000000 18.502801
0.000709 0.034207 180.000000 37.656473
0.000287 0.004364 180.000000 7.994463
-0.006602 0.038249 180.000000 36.279364
0.004240 0.040139 180.000000 49.285472
0.002276 0.036996 180.000000 42.969340
0.007774 0.098490 180.000000 131.275282
0.004528 0.034000 180.000000 41.443758
-0.003398 0.096474 180.000000 116.105424
-0.003004 0.010037 180.000000 9.576115
-0.007542 0.017190 180.000000 14.118748
0.001098 0.007856 180.000000 7.070277
0.007816 0.099367 180.000000 132.497002
-0.000284 0.097482 180.000000 120.833179
0.000686 0.038309 180.000000 43.042954
0.008050 0.072668 180.000000 97.065495
0.008498 0.015990 180.000000 22.315609
0.007097 0.070816 180.000000 93.484990
-0.001217 0.047261 180.000000 52.928491
0.001126 0.009539 180.000000 8.056685
0.001687 0.021074 180.000000 21.516731
0.009757 0.071636 180.000000 97.682448
0.004405 0.051281 180.000000 64.319379
-0.008652 0.062856 180.000000 66.214498
-0.006278 0.071752 180.000000 80.227243
-0.001610 0.033655 180.000000 34.680844
0.006855 0.068683 180.000000 90.354254
-0.002576 0.099342 180.000000 120.818389
-0.005521 0.055042 180.000000 58.933399
0.002674 0.061679 180.000000 76.268376
-0.002554 0.062694 180.000000 72.013382
0.001820 0.065784 180.000000 80.805947
-0.004402 0.095045 180.000000 113.128773
0.006977 0.021216 180.000000 27.319860
-0.008935 0.070812 180.000000 76.380152
0.006743 0.084525 180.000000 111.407271
0.008123 0.063905 180.000000 85.439625
-0.006120 0.030708 180.000000 27.331957
-0.001799 0.079923 180.000000 95.744547
0.001986 0.080172 180.000000 100.207383
0.007092 0.016474 180.000000 21.268139
0.009872 0.050210 180.000000 69.221570
-0.004851 0.085188 180.000000 99.526515
-0.002512 0.055903 180.000000 63.049472
0.006124 0.062590 180.000000 81.372396
-0.009245 0.036877 180.000000 32.714536
0.004566 0.030563 180.000000 36.927939
0.008149 0.032230 180.000000 43.250373
0.006710 0.052049 180.000000 67.968395
-0.001173 0.077409 180.000000 93.063934
0.005824 0.046083 180.000000 58.991506
0.003877 0.083141 180.000000 106.291771
0.007815 0.072625 180.000000 96.734242
0.002256 0.006311 180.000000 6.283354
0.001607 0.018840 180.000000 18.610906
0.003461 0.099435 180.000000 127.613631
-0.009868 0.018385 180.000000 15.731600
-0.003023 0.031052 180.000000 30.084914
0.008287 0.059821 180.000000 80.177072
0.009044 0.095830 180.000000 129.191745
-0.007418 0.038885 180.000000 36.446330
0.003446 0.034440 180.000000 40.839620
-0.008119 0.096194 180.000000 110.773365
0.005684 0.037865 180.000000 47.882715
-0.001226 0.083022 180.000000 100.494780
0.004579 0.062739 180.000000 79.813894
-0.004078 0.040208 180.000000 40.917835
-0.004936 0.075916 180.000000 87.112899
-0.002187 0.083853 180.000000 100.569430
0.005203 0.010120 180.000000 11.215031
-0.005511 0.061182 180.000000 67.024139
-0.009951 0.017850 180.000000 15.630260
0.001260 0.075282 180.000000 92.872635
0.004211 0.081759 180.000000 104.819284
-0.006103 0.071313 180.000000 79.821503
0.007265 0.074279 180.000000 98.308838
-0.001193 0.035950 180.000000 38.065052
-0.004076 0.017044 180.000000 13.476985
0.005102 0.010671 180.000000 11.771095
0.005859 0.076638 180.000000 99.845744
0.008011 0.071267 180.000000 95.147037
-0.009043 0.084346 180.000000 94.127787
-0.000912 0.041985 180.000000 46.269470
0.007348 0.008987 180.000000 12.147456
0.008145 0.043935 180.000000 58.816455
-0.009131 0.057306 180.000000 58.549793
0.009179 0.048697 180.000000 66.382351
-0.002175 0.007253 180.000000 9.247447
0.001175 0.074411 180.000000 91.614549
0.005003 0.065996 180.000000 84.645588
-0.004568 0.064520 180.000000 72.374993
0.004288 0.096499 180.000000 124.621902
0.004109 0.073991 180.000000 94.319687
-0.001159 0.093269 180.000000 114.247431
-0.005302 0.095835 180.000000 113.229511
0.009208 0.033327 180.000000 45.967801
-0.008608 0.016325 180.000000 14.396106
0.002600 0.080826 180.000000 101.764521
0.007267 0.038877 180.000000 51.052070
-0.003942 0.090884 180.000000 108.070522
-0.003607 0.004036 180.000000 13.040718
-0.001297 0.064916 180.000000 76.285128
0.008962 0.051616 180.000000 70.016881
0.007565 0.054286 180.000000 71.943716
-0.006588 0.008384 180.000000 13.802947
0.001693 0.060935 180.000000 74.197246
-0.007971 0.014332 180.000000 13.654455
-0.001797 0.013383 180.000000 10.683087
-0.005576 0.009704 180.000000 12.007340
0.002931 0.018342 180.000000 19.209658
-0.007163 0.042181 180.000000 40.799506
-0.006053 0.004333 180.000000 16.110906
0.008280 0.020954 180.000000 28.516117
0.002476 0.002931 180.000000 6.659484
0.005680 0.004725 180.000000 6.172540
-0.002580 0.020916 180.000000 18.004830
-0.009288 0.030568 180.000000 25.441828
0.005149 0.011739 180.000000 13.111406
-0.007857 0.067515 180.000000 73.081209
-0.006801 0.006267 180.000000 15.520377
-0.007625 0.024446 180.000000 19.646019
-0.002814 0.009550 180.000000 9.421051
0.000347 0.046341 180.000000 53.326862
-0.001297 0.079436 180.000000 95.633810
0.006694 0.080141 180.000000 105.487396
0.000461 0.007287 180.000000 7.143603
-0.005064 0.064721 180.000000 72.141856
0.006612 0.094135 180.000000 124.110316
-0.003767 0.058430 180.000000 65.122464
0.005071 0.058885 180.000000 75.222303
-0.008640 0.090644 180.000000 102.875389
0.003969 0.084505 180.000000 108.218623
-0.002036 0.024943 180.000000 23.212016
0.005081 0.031031 180.000000 38.121784
-0.003043 0.004452 180.000000 11.951571
-0.008535 0.034746 180.000000 30.618043
0.008048 0.037404 180.000000 50.005197
-0.006832 0.061699 180.000000 66.419571
0.002923 0.080271 180.000000 101.382417
0.001730 0.022297 180.000000 23.125520
0.000893 0.011920 180.000000 10.066586
0.008822 0.007665 180.000000 12.328096
-0.000103 0.029353 180.000000 30.509874
-0.001187 0.035456 180.000000 37.425930
0.000544 0.039733 180.000000 44.777328
0.001403 0.060286 180.000000 73.014610
0.007909 0.001236 180.000000 5.784783
-0.009001 0.038181 180.000000 34.445084
-0.006798 0.098940 180.000000 115.794151
-0.009077 0.059991 180.000000 62.085781
0.005818 0.084808 180.000000 110.725237
0.008639 0.043960 180.000000 59.431045
-0.005017 0.056055 180.000000 60.752425
0.002268 0.014640 180.000000 13.996280
0.003054 0.004659 180.000000 5.780135
-0.007753 0.098998 180.000000 114.878467
0.009539 0.032362 180.000000 45.086678
-0.003660 0.050019 180.000000 54.131938
0.007726 0.012678 180.000000 17.149311
0.001963 0.085048 180.000000 106.697975
0.003424 0.073975 180.000000 93.528677
0.006736 0.024609 180.000000 31.506629
-0.008631 0.013481 180.000000 14.283356
0.006082 0.054036 180.000000 69.898411
0.004333 0.063494 180.000000 80.544150
-0.001909 0.043673 180.000000 47.500855
0.000826 0.050739 180.000000 59.675374
-0.008688 0.044565 180.000000 42.593174
0.007003 0.084280 180.000000 111.378887
-0.005705 0.005980 180.000000 14.272174
-0.002080 0.086805 180.000000 104.621957
0.007892 0.058166 180.000000 77.504977
0.007176 0.058708 180.000000 77.397984
-0.009767 0.097341 180.000000 110.614737
0.001054 0.063246 180.000000 76.581932
-0.004075 0.069947 180.000000 80.071722
0.007844 0.032470 180.000000 43.208788
0.000133 0.005500 180.000000 7.611068
0.009918 0.082385 180.000000 112.235608
0.001459 0.084346 180.000000 105.200752
-0.001681 0.017714 180.000000 14.904499
0.001569 0.073525 180.000000 90.865309
-0.001563 0.069034 180.000000 81.484074
0.008265 0.031333 180.000000 42.198717
0.001515 0.034223 180.000000 38.502192
-0.005089 0.017882 180.000000 14.098009
-0.009480 0.088985 180.000000 99.831672
-0.008137 0.024708 180.000000 19.777158
0.008293 0.082223 180.000000 110.120962
0.009866 0.057304 180.000000 78.675307
0.001937 0.062671 180.000000 76.780625
0.005997 0.070053 180.000000 91.200411
-0.009661 0.016528 180.000000 15.175074
-0.007262 0.062645 180.000000 67.249572
-0.004704 0.021335 180.000000 17.428125
-0.005524 0.013608 180.000000 11.814752
-0.001364 0.019755 180.000000 17.414820
0.008652 0.030023 180.000000 40.922595
-0.006673 0.078809 180.000000 89.176304
-0.000630 0.073936 180.000000 89.016730
-0.005079 0.024929 180.000000 21.186030
-0.001046 0.030801 180.000000 31.504118
-0.004803 0.096916 180.000000 115.196210
-0.002734 0.004889 180.000000 11.217476
-0.004452 0.005498 180.000000 12.981726
0.002426 0.003863 180.000000 6.264954
-0.009291 0.047591 180.000000 45.940049
0.001554 0.013404 180.000000 12.013829
0.007639 0.023833 180.000000 31.538163
-0.004841 0.048632 180.000000 51.180322
-0.002933 0.048577 180.000000 52.946902
-0.008373 0.061456 180.000000 64.643585
-0.001774 0.013887 180.000000 11.095540
0.006060 0.043615 180.000000 55.971318
0.003397 0.096977 180.000000 124.253884
0.005669 0.081992 180.000000 106.788706
0.006085 0.009591 180.000000 11.482657
0.000220 0.023855 180.000000 23.727031
-0.008315 0.018247 180.000000 14.922680
-0.009205 0.008071 180.000000 17.411199
-0.000980 0.054252 180.000000 62.439188
-0.000457 0.041727 180.000000 46.388548
-0.007269 0.085406 180.000000 97.320064
-0.000960 0.012321 180.000000 9.923118
0.008204 0.009748 180.000000 14.071616
-0.007117 0.098179 180.000000 114.448518
0.005474 0.086774 180.000000 112.961322
0.002250 0.028452 180.000000 31.661293
0.000304 0.056809 180.000000 67.194633
0.000854 0.001964 180.000000 9.122115
0.002475 0.037018 180.000000 43.211000
0.003593 0.018754 180.000000 20.395793
-0.007568 0.049984 180.000000 50.455886
0.007079 0.094829 180.000000 125.575469
-0.006994 0.034154 180.000000 30.913838
-0.000580 0.025881 180.000000 25.600774
0.009514 0.061139 180.000000 83.377566
0.004039 0.028176 180.000000 33.191483
0.002136 0.086349 180.000000 108.630614
0.001421 0.028540 180.000000 30.934349
-0.000813 0.024248 180.000000 23.329953
0.004073 0.092599 180.000000 119.160393
-0.000321 0.005710 180.000000 7.963505
0.003614 0.091790 180.000000 117.561249
-0.006923 0.093133 180.000000 107.939739
-0.004704 0.081313 180.000000 94.525698
0.001279 0.053999 180.000000 64.501121
0.000770 0.070428 180.000000 85.854288
0.001264 0.002673 180.000000 8.061464
-0.008318 0.012952 180.000000 14.055644
-0.009089 0.063622 180.000000 66.810386
-0.004652 0.027646 180.000000 24.626572
0.003495 0.076853 180.000000 97.454960
-0.002964 0.064624 180.000000 74.151496
-0.004402 0.025236 180.000000 21.926959
0.000700 0.063837 180.000000 76.985704
0.003939 0.071373 180.000000 90.629850
-0.007510 0.025711 180.000000 20.959511
-0.007313 0.013622 180.000000 13.088816
0.004977 0.074344 180.000000 95.773552
-0.001563 0.042245 180.000000 45.963766
-0.007928 0.096715 180.000000 111.662179
-0.003812 0.071226 180.000000 82.041855
-0.009545 0.068490 180.000000 72.753341
0.000775 0.063813 180.000000 77.034287
0.000727 0.025710 180.000000 26.575577
-0.009977 0.096013 180.000000 108.640953
-0.008411 0.014826 180.000000 14.037593
-0.007496 0.008365 180.000000 14.965210
-0.004738 0.065622 180.000000 73.661090
0.002933 0.043786 180.000000 52.698455
0.003338 0.066024 180.000000 82.808832
-0.009687 0.012230 180.000000 15.724891
-0.000821 0.017158 180.000000 14.759198
-0.009497 0.091437 180.000000 103.060902
-0.006104 0.029140 180.000000 25.476198
-0.004771 0.015108 180.000000 12.129100
-0.007726 0.083397 180.000000 94.192091
-0.003046 0.052836 180.000000 58.452678
-0.007029 0.099437 180.000000 116.215008
-0.000828 0.074848 180.000000 90.020160
-0.008651 0.027332 180.000000 22.248548
-0.004243 0.092583 180.000000 110.016380
0.007458 0.075548 180.000000 100.228108
0.007102 0.076914 180.000000 101.642716
0.003686 0.067538 180.000000 85.219968
-0.009905 0.057438 180.000000 58.037002
-0.003989 0.062176 180.000000 69.856250
0.003158 0.042002 180.000000 50.570223
0.004992 0.089756 180.000000 116.401632
0.008922 0.089479 180.000000 120.554691
0.006646 0.033192 180.000000 42.771295
-0.005582 0.003739 180.000000 15.997166
0.008331 0.022783 180.000000 30.978007
-0.009614 0.076944 180.000000 83.795982
0.007021 0.063507 180.000000 83.630215
0.004966 0.092171 180.000000 119.601992
0.008230 0.099878 180.000000 133.660695
-0.003252 0.092933 180.000000 111.539065
-0.004913 0.078131 180.000000 90.078689
-0.001398 0.060118 180.000000 69.796067
-0.002407 0.096856 180.000000 117.682903
-0.004883 0.085427 180.000000 99.811052
0.009223 0.037641 180.000000 51.715147
-0.001069 0.034785 180.000000 36.662876
0.003085 0.080870 180.000000 102.365265
-0.001930 0.083549 180.000000 100.439678
-0.007231 0.021247 180.000000 16.773399
-0.004817 0.088076 180.000000 103.406425
0.002595 0.028700 180.000000 32.344127
-0.000313 0.069112 180.000000 82.926068
-0.004305 0.085504 180.000000 100.520741
-0.007720 0.088420 180.000000 100.859798
-0.007446 0.066605 180.000000 72.280711
0.001051 0.080023 180.000000 98.974467
0.001011 0.094255 180.000000 117.948798
0.004672 0.052697 180.000000 66.508483
-0.001729 0.061122 180.000000 70.783273
0.004184 0.041408 180.000000 50.911485
0.008641 0.018772 180.000000 26.099512
-0.006513 0.026341 180.000000 22.045552
-0.009570 0.048211 180.000000 46.502677
0.007434 0.077633 180.000000 102.987532
0.004821 0.090263 180.000000 116.884957
-0.009779 0.085462 180.000000 94.873622
0.008115 0.035057 180.000000 46.965275
0.005614 0.010318 180.000000 11.861927
0.007397 0.066864 180.000000 88.550917
0.003185 0.099707 180.000000 127.666577
-0.006084 0.048049 180.000000 49.273726
-0.000387 0.030555 180.000000 31.801669
-0.000020 0.090757 180.000000 112.137595
0.007147 0.030359 180.000000 39.591271
-0.006359 0.010464 180.000000 12.610642
0.003782 0.064341 180.000000 81.056413
-0.006161 0.043654 180.000000 43.524699
-0.005192 0.008186 180.000000 12.206609
0.008401 0.049629 180.000000 66.707866
0.003560 0.086448 180.000000 110.355878
-0.003979 0.064003 180.000000 72.286833
0.008190 0.032025 180.000000 43.027316
0.009808 0.037929 180.000000 52.797545
-0.004666 0.018127 180.000000 14.339487
0.002095 0.038818 180.000000 45.192496
-0.005614 0.078234 180.000000 89.493150
0.006881 0.078180 180.000000 103.080724
0.003355 0.056888 180.000000 70.628287
-0.009881 0.070889 180.000000 75.581233
0.007576 0.013415 180.000000 17.907152
0.004498 0.075150 180.000000 96.308465
-0.006015 0.042005 180.000000 41.532876
-0.002352 0.098988 180.000000 120.588051
-0.007048 0.067745 180.000000 74.170174
-0.007421 0.061718 180.000000 65.881626
0.007445 0.060177 180.000000 79.671621
-0.002209 0.001995 180.000000 13.029803
0.008586 0.062343 180.000000 83.894212
-0.008776 0.085711 180.000000 96.201982
-0.005431 0.024854 180.000000 20.918580
0.003631 0.041840 180.000000 50.873611
-0.004808 0.026463 180.000000 23.118551
0.006607 0.072918 180.000000 95.730545
-0.002608 0.025614 180.000000 23.604722
0.003302 0.022163 180.000000 24.514096
0.006024 0.051365 180.000000 66.266665
-0.003177 0.004173 180.000000 12.353294
0.004127 0.058140 180.000000 73.162040
0.000074 0.041356 180.000000 46.439524
-0.008079 0.023520 180.000000 18.678074
-0.005361 0.051007 180.000000 53.797576
0.002277 0.024934 180.000000 27.082240
-0.005645 0.044118 180.000000 44.574287
-0.009538 0.002383 180.000000 22.906356
0.007291 0.065606 180.000000 86.746856
-0.009116 0.023155 180.000000 18.292402
-0.004521 0.040367 180.000000 40.726640
-0.006233 0.037321 180.000000 35.401688
-0.008219 0.071273 180.000000 77.677834
-0.009486 0.096273 180.000000 109.483389
-0.003660 0.091424 180.000000 109.090371
-0.009947 0.016362 180.000000 15.380017
0.008878 0.086596 180.000000 116.648410
-0.001756 0.071025 180.000000 83.931723
-0.009809 0.048501 180.000000 46.679420
-0.006252 0.071298 180.000000 79.652959
-0.002476 0.066526 180.000000 77.185916
-0.006378 0.051896 180.000000 54.010272
0.000470 0.031871 180.000000 34.349523
0.008339 0.047328 180.000000 63.566227
0.009622 0.006499 180.000000 11.977305
0.002208 0.057930 180.000000 70.751295
0.007603 0.052143 180.000000 69.128063
-0.001679 0.029368 180.000000 29.089873
-0.009678 0.075355 180.000000 81.641983
-0.008365 0.031438 180.000000 26.856041
-0.002990 0.093685 180.000000 112.823172
0.009228 0.037877 180.000000 52.034258
-0.000464 0.063986 180.000000 75.931757
0.009115 0.037995 180.000000 52.055932
-0.000510 0.031633 180.000000 33.087435
0.000362 0.035508 180.000000 39.017929
-0.001958 0.069456 180.000000 81.627961
0.002084 0.047025 180.000000 56.085320
0.001159 0.080970 180.000000 100.359280
-0.002510 0.063880 180.000000 73.634400
0.008867 0.050162 180.000000 67.965434
-0.009051 0.074018 180.000000 80.486937
-0.008853 0.068957 180.000000 74.021617
0.009653 0.015977 180.000000 23.717691
0.000593 0.010051 180.000000 8.363919
0.002182 0.043608 180.000000 51.647117
-0.000488 0.075241 180.000000 90.911171
0.004459 0.085459 180.000000 110.048910
-0.002315 0.033026 180.000000 33.224305
-0.009599 0.094315 180.000000 106.772807
0.008500 0.032672 180.000000 44.252965
0.006825 0.084816 180.000000 111.890708
-0.004404 0.022198 180.000000 18.479113
0.006394 0.098870 180.000000 130.194401
-0.007537 0.020211 180.000000 15.951484
-0.001174 0.072693 180.000000 86.774326
-0.007143 0.013569 180.000000 12.947924
0.005744 0.061123 180.000000 78.978369
-0.009719 0.033785 180.000000 28.826832
0.005636 0.044239 180.000000 56.318073
0.001786 0.059619 180.000000 72.542623
0.001950 0.097333 180.000000 123.107234
-0.006322 0.080312 180.000000 91.527161
0.003620 0.025454 180.000000 29.153871
-0.001297 0.057939 180.000000 67.006071
-0.000994 0.029249 180.000000 29.548144
0.004676 0.096957 180.000000 125.674439
-0.001138 0.044344 180.000000 49.154982
-0.001842 0.054586 180.000000 61.990176
-0.006161 0.070148 180.000000 78.221431
-0.008686 0.028932 180.000000 23.920529
0.007987 0.066924 180.000000 89.315041
0.003926 0.048022 180.000000 59.436498
0.006394 0.076045 180.000000 99.666853
-0.004340 0.057675 180.000000 63.552642
0.000514 0.047222 180.000000 54.671506
-0.009137 0.029379 180.000000 24.220576
0.005808 0.089485 180.000000 116.967751
0.006615 0.013569 180.000000 16.988823
0.006286 0.086100 180.000000 112.987897
-0.006718 0.072207 180.000000 80.389145
0.003784 0.026196 180.000000 30.305212
-0.001785 0.015147 180.000000 12.221172
0.002847 0.094572 180.000000 120.419128
-0.000308 0.050619 180.000000 58.317615
0.003041 0.090207 180.000000 114.799533
-0.000683 0.086884 180.000000 106.239526
-0.004034 0.092948 180.000000 110.724515
0.004707 0.031715 180.000000 38.611031
-0.002759 0.036459 180.000000 37.259562
0.007121 0.078416 180.000000 103.673756
0.005511 0.040497 180.000000 51.190132
-0.002876 0.050071 180.000000 54.972308
0.003463 0.049168 180.000000 60.449791
-0.003666 0.044796 180.000000 47.273054
-0.006610 0.004239 180.000000 16.968454
0.007248 0.059522 180.000000 78.568346
-0.008244 0.040955 180.000000 38.404644
-0.009529 0.072656 180.000000 78.234806
0.005839 0.050532 180.000000 64.944291
0.009168 0.049659 180.000000 67.650889
0.004402 0.043118 180.000000 53.431705
-0.004963 0.069373 180.000000 78.403251
0.000768 0.067763 180.000000 82.296415
-0.005017 0.057681 180.000000 62.893125
0.001593 0.040377 180.000000 46.727020
0.008014 0.078479 180.000000 104.791126
-0.000226 0.069259 180.000000 83.215625
-0.005298 0.048584 180.000000 50.691189
-0.003946 0.009168 180.000000 10.470718
0.002437 0.048843 180.000000 58.889143
-0.007392 0.002137 180.000000 20.094362
0.009644 0.081045 180.000000 110.122645
0.009752 0.064807 180.000000 88.554984
-0.003931 0.002152 180.000000 15.224427
0.003065 0.021662 180.000000 23.620449
0.005448 0.089049 180.000000 115.974887
0.008023 0.037965 180.000000 50.722584
-0.000734 0.027637 180.000000 27.710563
-0.006731 0.030022 180.000000 26.134547
0.008833 0.047291 180.000000 64.099386
0.005906 0.035659 180.000000 45.200880
-0.009372 0.015101 180.000000 14.851938
0.006876 0.077613 180.000000 102.316548
-0.003214 0.087179 180.000000 103.906926
-0.001957 0.012351 180.000000 9.952272
-0.008135 0.051957 180.000000 52.507027
0.005824 0.086741 180.000000 113.316706
-0.009845 0.046875 180.000000 44.599003
-0.008045 0.015999 180.000000 13.957713
-0.004457 0.067611 180.000000 76.581388
-0.003450 0.058400 180.000000 65.403748
0.004961 0.088348 180.000000 114.482781
0.007226 0.025866 180.000000 33.736611
-0.000284 0.065290 180.000000 77.861980
-0.001954 0.049207 180.000000 54.754451
0.008137 0.031763 180.000000 42.617090
0.002173 0.054628 180.000000 66.310718
-0.002328 0.030516 180.000000 29.992382
0.006374 0.072573 180.000000 95.001673
0.006898 0.014667 180.000000 18.714536
-0.006354 0.097897 180.000000 114.870094
-0.009916 0.080090 180.000000 87.647679
0.007521 0.036089 180.000000 47.637604
0.008122 0.091837 180.000000 122.778937
-0.006931 0.091398 180.000000 105.624104
0.002880 0.079001 180.000000 99.637113
-0.009883 0.072912 180.000000 78.234904
-0.003077 0.006155 180.000000 10.790308
-0.006858 0.054066 180.000000 56.396967
0.006591 0.022378 180.000000 28.400099
-0.003666 0.089410 180.000000 106.399411
-0.007693 0.078930 180.000000 88.309142
0.008740 0.033537 180.000000 45.687587
0.005155 0.024026 180.000000 28.943847
-0.008921 0.061473 180.000000 64.159389
-0.001822 0.055445 180.000000 63.149504
0.009062 0.048137 180.000000 65.496886
-0.002356 0.074892 180.000000 88.445152
-0.002221 0.047745 180.000000 52.556964
0.005999 0.075007 180.000000 97.825795
-0.009496 0.042079 180.000000 38.877022
0.009049 0.067611 180.000000 91.473663
-0.001319 0.008145 180.000000 8.311800
-0.009046 0.003762 180.000000 20.844074
0.007779 0.072638 180.000000 96.710487
0.007142 0.036236 180.000000 47.392726
0.009700 0.053137 180.000000 72.918772
-0.007258 0.061033 180.000000 65.138876
0.004179 0.014590 180.000000 15.679068
-0.007932 0.058140 180.000000 60.720827
0.000082 0.051557 180.000000 59.973593
0.007975 0.099464 180.000000 132.810211
-0.009972 0.033563 180.000000 28.448081
-0.006914 0.090145 180.000000 103.975857
0.007995 0.090986 180.000000 121.493580
0.004644 0.007183 180.000000 7.542960
0.004734 0.052429 180.000000 66.220693
0.008623 0.082933 180.000000 111.453669
0.000320 0.081521 180.000000 100.173497
0.007856 0.097659 180.000000 130.258468
0.002666 0.079760 180.000000 100.412211
0.006609 0.021387 180.000000 27.118101
-0.009800 0.037385 180.000000 32.975156
0.009375 0.047213 180.000000 64.635479
-0.001843 0.073161 180.000000 86.684167
0.001390 0.086736 180.000000 108.318592
-0.006360 0.005247 180.000000 15.743616
0.008717 0.044038 180.000000 59.626706
0.000773 0.051296 180.000000 60.360934
0.003942 0.024997 180.000000 28.897634
0.007272 0.037585 180.000000 49.337872
0.008813 0.015768 180.000000 22.411816
-0.006738 0.098078 180.000000 114.709123
0.004373 0.035574 180.000000 43.362990
0.002130 0.009198 180.000000 8.042123
0.006135 0.009322 180.000000 11.216477
0.007119 0.060007 180.000000 79.066511
-0.000358 0.030585 180.000000 31.867968
0.002449 0.041556 180.000000 49.206758
-0.008827 0.064654 180.000000 68.402804
-0.003439 0.088165 180.000000 104.982220
0.006710 0.060545 180.000000 79.313496
0.005064 0.098433 180.000000 128.089042
0.007798 0.025566 180.000000 34.012035
0.001627 0.067718 180.000000 83.176054
0.002847 0.021649 180.000000 23.383234
0.000408 0.016238 180.000000 14.488275
0.009618 0.071807 180.000000 97.747183
0.005125 0.020911 180.000000 24.821634
-0.006615 0.033531 180.000000 30.416831
0.005189 0.046161 180.000000 58.373755
0.006790 0.033459 180.000000 43.291416
-0.001700 0.009590 180.000000 8.681923
-0.002695 0.060661 180.000000 69.168585
-0.001073 0.073548 180.000000 88.022700
-0.003690 0.040055 180.000000 41.072089
-0.003218 0.004987 180.000000 11.763247
0.008804 0.062933 180.000000 84.936935
-0.006453 0.076388 180.000000 86.189788
-0.002312 0.028516 180.000000 27.464169
-0.004116 0.048685 180.000000 51.937932
-0.003416 0.062210 180.000000 70.483406
-0.001519 0.007278 180.000000 8.602592
0.005424 0.051398 180.000000 65.627015
-0.009937 0.005444 180.000000 20.551273
-0.002466 0.002496 180.000000 12.895688
0.009232 0.043667 180.000000 59.743054
0.000473 0.090783 180.000000 112.713564
-0.005665 0.008989 180.000000 12.383339
-0.006163 0.002597 180.000000 17.898778
-0.008052 0.063261 180.000000 67.306606
0.006859 0.062265 180.000000 81.783900
0.007729 0.090635 180.000000 120.716543
-0.008065 0.024812 180.000000 19.893761
0.000044 0.012524 180.000000 10.317864
-0.003188 0.065250 180.000000 74.751282
0.000520 0.034063 180.000000 37.275994
-0.009482 0.063927 180.000000 66.846116
-0.008966 0.025643 180.000000 20.494367
0.002149 0.033371 180.000000 38.037946
0.001243 0.007638 180.000000 6.953368
0.007032 0.076064 180.000000 100.425251
-0.002370 0.064941 180.000000 75.190195
-0.006321 0.097171 180.000000 113.937746
0.003160 0.066978 180.000000 83.883014
0.006961 0.079499 180.000000 104.936643
0.002728 0.091471 180.000000 116.138908
-0.008924 0.084173 180.000000 94.016848
-0.009869 0.088810 180.000000 99.210793
-0.004851 0.062424 180.000000 69.317034
0.005884 0.087151 180.000000 113.933545
0.003306 0.092148 180.000000 117.693695
-0.009663 0.019965 180.000000 16.283402
0.003658 0.057451 180.000000 71.718155
0.002603 0.003417 180.000000 6.306209
-0.002350 0.075624 180.000000 89.426887
0.004255 0.007828 180.000000 7.893419
-0.006010 0.009562 180.000000 12.540062
0.000423 0.008711 180.000000 7.574581
-0.008684 0.098570 180.000000 113.350043
-0.005390 0.092068 180.000000 108.119377
-0.002877 0.079899 180.000000 94.563075
0.000111 0.007514 180.000000 7.356069
0.007350 0.012335 180.000000 16.273868
-0.002616 0.008678 180.000000 9.320936
0.000719 0.072795 180.000000 88.958070
-0.001104 0.087339 180.000000 106.389540
0.002150 0.046694 180.000000 55.716712
-0.003356 0.066280 180.000000 75.946025
-0.001122 0.095950 180.000000 117.869046
-0.000864 0.061370 180.000000 72.023573
0.006885 0.022065 180.000000 28.328744
-0.005646 0.020365 180.000000 16.195824
0.002013 0.018544 180.000000 18.603582
-0.000278 0.014876 180.000000 12.549833
0.002628 0.003380 180.000000 6.303137
0.009944 0.088816 180.000000 120.862429
-0.005142 0.072992 180.000000 83.019704
0.007215 0.063981 180.000000 84.487484
-0.006338 0.005205 180.000000 15.749428
0.006558 0.016627 180.000000 20.849793
-0.009859 0.017333 180.000000 15.452415
0.006565 0.042043 180.000000 54.455059
0.004158 0.004897 180.000000 5.700264
0.000967 0.039374 180.000000 44.741604
0.003176 0.044005 180.000000 53.255603
0.006730 0.078774 180.000000 103.700771
-0.000356 0.072154 180.000000 86.935444
0.001608 0.055733 180.000000 67.166512
0.006897 0.015029 180.000000 19.177710
0.002653 0.088874 180.000000 112.581776
-0.008190 0.033963 180.000000 29.901833
-0.008843 0.029959 180.000000 24.969087
-0.002911 0.041521 180.000000 43.706933
-0.007207 0.079966 180.000000 90.168896
0.006467 0.091440 180.000000 120.338396
0.005375 0.074208 180.000000 96.045120
-0.003333 0.071150 180.000000 82.439014
-0.007364 0.042895 180.000000 41.542246
-0.001767 0.074901 180.000000 89.084217
-0.009404 0.063621 180.000000 66.516907
0.009339 0.066836 180.000000 90.778324
0.004841 0.064981 180.000000 83.105754
0.009006 0.002828 180.000000 7.593664
-0.004317 0.031412 180.000000 29.492753
-0.009495 0.071204 180.000000 76.361504
-0.001286 0.083738 180.000000 101.385270
-0.006084 0.007025 180.000000 14.014667
0.005913 0.047210 180.000000 60.596355
0.009903 0.022303 180.000000 32.258480
-0.000431 0.041586 180.000000 46.229223
-0.005310 0.045467 180.000000 46.622867
-0.008299 0.019093 180.000000 15.358243
0.000440 0.041874 180.000000 47.503321
-0.008029 0.034603 180.000000 30.766839
0.004741 0.025143 180.000000 29.957528
0.003895 0.093979 180.000000 120.805907
0.005429 0.003419 180.000000 5.401997
0.003554 0.049578 180.000000 61.097809
0.008022 0.081249 180.000000 108.504112
0.004249 0.045149 180.000000 55.967981
-0.008178 0.053853 180.000000 54.923512
0.006111 0.054092 180.000000 70.006595
-0.003753 0.082660 180.000000 97.314429
-0.006001 0.089263 180.000000 103.749026
-0.007362 0.088792 180.000000 101.719622
-0.004132 0.050280 180.000000 54.017339
-0.006181 0.043926 180.000000 43.857872
0.000488 0.048390 180.000000 56.194194
-0.005345 0.086846 180.000000 101.217028
0.007376 0.074455 180.000000 98.672228
-0.003203 0.014521 180.000000 11.518482
-0.002887 0.057381 180.000000 64.624825
0.003377 0.048723 180.000000 59.762280
0.006672 0.062549 180.000000 81.946921
0.009250 0.052366 180.000000 71.358577
-0.002799 0.073979 180.000000 86.762020
-0.001853 0.008935 180.000000 8.701043
-0.006296 0.080535 180.000000 91.849269
-0.000597 0.023025 180.000000 21.975610
-0.006498 0.051627 180.000000 53.548352
0.005079 0.067703 180.000000 87.013364
-0.008485 0.091793 180.000000 104.556594
0.005548 0.068098 180.000000 88.074530
-0.008071 0.092664 180.000000 106.135056
0.003251 0.024035 180.000000 26.905319
0.002603 0.053683 180.000000 65.520339
0.005743 0.093527 180.000000 122.301476
-0.008438 0.054708 180.000000 55.798892
0.007713 0.003690 180.000000 6.983731
0.002187 0.002312 180.000000 7.343333
0.006347 0.009750 180.000000 11.950580
-0.000798 0.004027 180.000000 9.451768
0.006099 0.012244 180.000000 14.742664
0.007862 0.044628 180.000000 59.407724
0.003186 0.065695 180.000000 82.198606
-0.008814 0.063098 180.000000 66.379945
-0.005618 0.068651 180.000000 76.785656
0.008395 0.082266 180.000000 110.296222
-0.003713 0.096227 180.000000 115.438806
-0.000332 0.071869 180.000000 86.581487
-0.004866 0.069228 180.000000 78.310525
0.009246 0.058316 180.000000 79.292786
-0.002524 0.040434 180.000000 42.653590
0.002263 0.086370 180.000000 108.799241
-0.007250 0.091754 180.000000 105.768068
-0.009019 0.064488 180.000000 68.007062
-0.005981 0.041341 180.000000 40.711841
0.003371 0.002999 180.000000 5.924675
-0.002529 0.053970 180.000000 60.473364
0.003341 0.045746 180.000000 55.755330
-0.003158 0.029456 180.000000 27.958175
0.009552 0.038991 180.000000 53.902640
0.002834 0.075948 180.000000 95.504721
0.003837 0.095812 180.000000 123.192395
-0.009497 0.076139 180.000000 82.848062
-0.007745 0.061663 180.000000 65.502992
0.003465 0.019431 180.000000 21.137643
0.009670 0.098356 180.000000 133.299030
0.006854 0.050041 180.000000 65.454919
0.001441 0.013800 180.000000 12.385758
-0.007965 0.017449 180.000000 14.413393
-0.000486 0.072226 180.000000 86.890900
0.007745 0.075413 180.000000 100.379346
0.007598 0.059846 180.000000 79.407111
-0.007561 0.092449 180.000000 106.371966
-0.009123 0.091809 180.000000 103.931244
-0.000668 0.085248 180.000000 104.071134
0.002376 0.086450 180.000000 109.031975
0.003638 0.092363 180.000000 118.354533
-0.001149 0.052683 180.000000 60.181265
-0.007840 0.003160 180.000000 19.714499
0.003859 0.013320 180.000000 13.791795
0.001287 0.021966 180.000000 22.284864
-0.003042 0.018611 180.000000 15.239423
0.005452 0.023904 180.000000 29.115116
-0.002436 0.043019 180.000000 46.124954
-0.000186 0.034480 180.000000 37.121189
0.006029 0.001287 180.000000 5.374638
0.003597 0.054760 180.000000 68.058577
0.004951 0.011515 180.000000 12.639806
-0.008117 0.097895 180.000000 113.035308
0.002380 0.064409 180.000000 79.587137
0.004753 0.006305 180.000000 6.829559
0.002709 0.096570 180.000000 122.936275
0.003290 0.087190 180.000000 111.045000
-0.002916 0.014686 180.000000 11.640021
-0.001658 0.057625 180.000000 66.212526
-0.008744 0.045289 180.000000 43.463774
0.006578 0.022998 180.000000 29.200405
0.000560 0.032572 180.000000 35.358869
0.009636 0.098509 180.000000 133.463797
0.007464 0.052583 180.000000 69.553234
-0.008087 0.018308 180.000000 14.867296
-0.004609 0.033183 180.000000 31.482895
0.002680 0.037970 180.000000 44.693775
-0.003269 0.065358 180.000000 74.811257
0.007443 0.085231 180.000000 113.157765
0.004166 0.059457 180.000000 74.965459
-0.006506 0.012068 180.000000 12.436713
0.009246 0.098004 180.000000 132.333254
-0.006878 0.081280 180.000000 92.244810
0.008911 0.053500 180.000000 72.470607
0.006236 0.065482 180.000000 85.364686
0.009100 0.050641 180.000000 68.880329
-0.000805 0.033022 180.000000 34.615565
-0.003095 0.062672 180.000000 71.425554
0.007570 0.005642 180.000000 8.639527
-0.007655 0.096696 180.000000 111.919003
-0.009082 0.082118 180.000000 91.143944
-0.005914 0.083408 180.000000 96.056085
-0.006189 0.059909 180.000000 64.685478
0.005564 0.088341 180.000000 115.158978
0.002545 0.084812 180.000000 107.030890
0.002323 0.086337 180.000000 108.822778
0.000665 0.013533 180.000000 11.612248
0.004472 0.021466 180.000000 24.836921
-0.001316 0.043283 180.000000 47.575461
-0.005160 0.065046 180.000000 72.475372
0.007581 0.026174 180.000000 34.559701
0.006009 0.089384 180.000000 117.062550
0.003256 0.010698 180.000000 10.189187
-0.000185 0.084903 180.000000 104.136854
-0.009647 0.029319 180.000000 23.971908
0.004263 0.096962 180.000000 125.211892
-0.006530 0.067899 180.000000 74.882349
-0.004957 0.023793 180.000000 19.971980
0.001266 0.019680 180.000000 19.365139
-0.003673 0.062022 180.000000 69.972306
0.000385 0.015022 180.000000 13.082241
-0.000127 0.093093 180.000000 115.140346
-0.003265 0.007134 180.000000 10.477185
-0.002475 0.072697 180.000000 85.397386
0.007147 0.087063 180.000000 115.267655
0.005502 0.008039 180.000000 9.124196
0.009980 0.021797 180.000000 31.692233
0.004400 0.039717 180.000000 48.902596
0.009094 0.038624 180.000000 52.867999
-0.001607 0.009984 180.000000 8.732467
-0.006697 0.007135 180.000000 14.739826
-0.000781 0.023390 180.000000 22.279559
-0.009637 0.038724 180.000000 34.681697
-0.002357 0.065094 180.000000 75.406890
-0.007683 0.088520 180.000000 101.029817
-0.008686 0.064123 180.000000 67.840556
-0.005717 0.050898 180.000000 53.321804
-0.007467 0.023782 180.000000 19.039126
0.004540 0.048268 180.000000 60.451768
0.002792 0.054057 180.000000 66.227761
-0.003153 0.075027 180.000000 87.784614
-0.001693 0.090269 180.000000 109.662424
-0.009579 0.007711 180.000000 18.181177
-0.004324 0.007023 180.000000 11.790615
-0.000836 0.022288 180.000000 20.864857
-0.008567 0.051959 180.000000 52.133453
-0.005620 0.098480 180.000000 116.417409
0.008118 0.020493 180.000000 27.717211
-0.005590 0.089956 180.000000 105.099082
0.006599 0.077823 180.000000 102.278545
-0.009447 0.076525 180.000000 83.405637
0.004773 0.022783 180.000000 26.889378
-0.008219 0.004156 180.000000 19.300247
0.006114 0.013015 180.000000 15.726325
0.005399 0.029234 180.000000 36.096095
-0.006537 0.005072 180.000000 16.134804
-0.005460 0.091259 180.000000 106.968863
-0.009503 0.081964 180.000000 90.524244
0.009865 0.070677 180.000000 96.528162
0.006595 0.065980 180.000000 86.443368
0.000783 0.046444 180.000000 53.922177
0.009229 0.007745 180.000000 12.922381
-0.008369 0.086108 180.000000 97.136600
0.002282 0.085824 180.000000 108.090545
-0.001143 0.082486 180.000000 99.869522
0.004591 0.093100 180.000000 120.419029
0.002909 0.089123 180.000000 113.201608
-0.001820 0.098884 180.000000 121.026209
-0.000691 0.069483 180.000000 83.013788
-0.005070 0.008623 180.000000 11.858318
-0.006222 0.002315 180.000000 18.260400
-0.004942 0.056530 180.000000 61.450163
-0.006738 0.029350 180.000000 25.346040
0.008001 0.085068 180.000000 113.586054
-0.008657 0.030579 180.000000 25.738530
0.000843 0.012605 180.000000 10.731097
-0.007992 0.070954 180.000000 77.479140
0.008670 0.072776 180.000000 97.931872
-0.005598 0.023347 180.000000 19.196251
0.005820 0.039516 180.000000 50.234933
0.004292 0.069002 180.000000 87.859210
0.002073 0.065443 180.000000 80.628827
-0.004412 0.016958 180.000000 13.379653
-0.008005 0.056993 180.000000 59.158356
0.004704 0.042019 180.000000 52.306829
0.004994 0.028409 180.000000 34.550938
-0.007315 0.025631 180.000000 20.945182
-0.000052 0.095057 180.000000 117.847593
0.006673 0.024718 180.000000 31.577812
0.002156 0.005735 180.000000 6.191053
0.007414 0.064857 180.000000 85.887232
0.005944 0.016693 180.000000 20.240772
-0.006062 0.089707 180.000000 104.275993
0.002098 0.094505 180.000000 119.491504
-0.008824 0.056789 180.000000 58.153016
-0.006941 0.036931 180.000000 34.370734
0.006932 0.082049 180.000000 108.313598
0.000676 0.058079 180.000000 69.285365
-0.006852 0.061253 180.000000 65.814576
0.009893 0.076307 180.000000 104.083285
0.004610 0.071866 180.000000 92.045639
0.005206 0.038502 180.000000 48.189174
0.003447 0.086113 180.000000 109.781137
-0.000386 0.004573 180.000000 8.606246
0.002403 0.016068 180.000000 15.857060
-0.009085 0.028820 180.000000 23.647896
0.007916 0.058443 180.000000 77.902731
0.008000 0.053776 180.000000 71.770991
0.003010 0.066996 180.000000 83.741037
-0.009214 0.025433 180.000000 20.254571
0.009915 0.071853 180.000000 98.159205
0.002484 0.098126 180.000000 124.764855
0.005562 0.073005 180.000000 94.649939
-0.007560 0.019970 180.000000 15.776933
-0.000984 0.053652 180.000000 61.638807
0.002039 0.094135 180.000000 118.931374
-0.002545 0.016177 180.000000 12.984488
0.000846 0.056394 180.000000 67.223566
-0.009087 0.042051 180.000000 39.141128
-0.005780 0.014330 180.000000 12.169591
-0.008766 0.007212 180.000000 17.453870
0.003446 0.098420 180.000000 126.239727
0.006982 0.012108 180.000000 15.562044
0.004311 0.036519 180.000000 44.549163
0.008427 0.051088 180.000000 68.685036
-0.001970 0.078683 180.000000 93.907559
-0.009068 0.087045 180.000000 97.674780
0.003441 0.078717 180.000000 99.885278
0.006008 0.048314 180.000000 62.177581
-0.002583 0.048743 180.000000 53.512221
-0.004363 0.098745 180.000000 118.102630
0.007340 0.064274 180.000000 85.022688
0.006199 0.019218 180.000000 23.810347
0.006837 0.076698 180.000000 101.048412
-0.008641 0.009029 180.000000 16.027164
-0.009320 0.040725 180.000000 37.333404
-0.009442 0.067541 180.000000 71.606609
-0.000616 0.081354 180.000000 98.928992
-0.000920 0.067198 180.000000 79.723979
-0.004752 0.076837 180.000000 88.524695
0.003188 0.080400 180.000000 101.851822
-0.000588 0.018654 180.000000 16.640677
-0.007068 0.061310 180.000000 65.682322
0.003807 0.074669 180.000000 94.886454
0.003015 0.080963 180.000000 102.409867
-0.008987 0.062743 180.000000 65.756857
-0.009275 0.045631 180.000000 43.476762
0.007419 0.014297 180.000000 18.846902
-0.003613 0.068616 180.000000 78.781986
0.009154 0.005341 180.000000 10.132751
-0.009945 0.026130 180.000000 20.785789
-0.003441 0.045963 180.000000 49.016157
-0.004407 0.037937 180.000000 37.698582
0.005824 0.068501 180.000000 88.928071
-0.000466 0.076091 180.000000 92.068312
-0.009700 0.028519 180.000000 23.132998
0.005178 0.020357 180.000000 24.156661
-0.006536 0.027048 180.000000 22.823409
-0.007148 0.086130 180.000000 98.404082
-0.004390 0.050100 180.000000 53.532253
0.002475 0.011796 180.000000 10.842292
0.004601 0.095969 180.000000 124.267425
0.003677 0.032968 180.000000 39.138267
-0.008489 0.050933 180.000000 50.879364
-0.008656 0.020700 180.000000 16.435861
-0.001737 0.011711 180.000000 9.534455
-0.001709 0.020063 180.000000 17.552089
-0.004480 0.093852 180.000000 111.456300
-0.004471 0.093685 180.000000 111.242931
0.009439 0.094902 180.000000 128.410923
0.000880 0.081576 180.000000 100.860410
-0.006169 0.096890 180.000000 113.722139
0.009695 0.077903 180.000000 105.983147
0.000000 0.100000 200.000000 124.724690
-0.006475 0.004184 200.000000 16.898864
0.000287 0.065128 200.000000 78.440209
0.008232 0.001912 200.000000 6.255102
0.005733 0.086630 200.000000 113.166772
-0.006061 0.076124 200.000000 86.551656
0.001875 0.039256 200.000000 45.668705
0.001333 0.089042 200.000000 111.517742
0.003031 0.065896 200.000000 82.424731
-0.004986 0.081492 200.000000 94.765526
0.008961 0.061646 200.000000 83.429915
0.003142 0.089140 200.000000 113.634881
-0.004135 0.048347 200.000000 51.741291
0.008785 0.057056 200.000000 77.093140
-0.001525 0.088811 200.000000 108.130348
-0.000114 0.035504 200.000000 38.706477
0.003561 0.099916 200.000000 128.522714
0.006004 0.028972 200.000000 36.478677
0.004561 0.067775 200.000000 86.627117
-0.005399 0.018951 200.000000 15.306560
0.001071 0.013086 200.000000 11.512460
0.007735 0.001946 200.000000 5.912173
0.002444 0.039206 200.000000 46.199245
-0.006134 0.006613 200.000000 14.493215
0.006580 0.092528 200.000000 122.018260
-0.001123 0.079027 200.000000 95.492786
-0.001387 0.072232 200.000000 86.149455
0.008095 0.025013 200.000000 33.639922
0.002781 0.061920 200.000000 76.838827
-0.004879 0.025300 200.000000 22.030623
-0.001830 0.048207 200.000000 53.770289
-0.006982 0.015234 200.000000 13.451855
-0.000182 0.023225 200.000000 22.750972
-0.007030 0.071497 200.000000 79.474562
-0.008068 0.090455 200.000000 103.570081
0.001634 0.087962 200.000000 110.401943
-0.003430 0.042326 200.000000 44.517057
0.005017 0.090660 200.000000 117.757595
-0.002416 0.009657 200.000000 9.342631
0.002448 0.030263 200.000000 34.361550
0.008352 0.073920 200.000000 99.137554
-0.002018 0.053445 200.000000 60.515642
-0.001335 0.089549 200.000000 109.318424
0.004370 0.050439 200.000000 63.248491
-0.005489 0.049947 200.000000 52.589108
0.003992 0.042465 200.000000 52.197236
-0.002569 0.006123 200.000000 10.320640
0.005145 0.038758 200.000000 48.528975
-0.006811 0.027153 200.000000 23.169977
0.007948 0.090855 200.000000 121.335806
-0.001056 0.068463 200.000000 81.470858
0.009706 0.029872 200.000000 41.978992
0.001637 0.031650 200.000000 35.366669
-0.002829 0.041622 200.000000 44.151239
-0.004270 0.026052 200.000000 23.261437
-0.008404 0.008333 200.000000 16.328358
0.006738 0.061429 200.000000 80.588502
0.007069 0.021336 200.000000 27.603294
-0.001593 0.044147 200.000000 48.643554
0.008965 0.027750 200.000000 38.285523
-0.003675 0.002506 200.000000 14.565044
0.001956 0.012443 200.000000 11.333072
0.002782 0.068263 200.000000 85.316550
-0.007326 0.035161 200.000000 32.273881
-0.000391 0.051533 200.000000 59.627447
0.006837 0.033650 200.000000 43.634797
0.008756 0.037020 200.000000 50.339342
0.009892 0.065800 200.000000 90.064846
0.008931 0.095252 200.000000 128.347626
-0.009883 0.052708 200.000000 52.382270
-0.002664 0.088881 200.000000 107.018611
-0.002075 0.010656 200.000000 9.374911
-0.005004 0.048572 200.000000 51.235103
-0.005193 0.056435 200.000000 61.370604
-0.008732 0.059113 200.000000 61.629974
0.002714 0.008553 200.000000 7.816480
-0.004892 0.017532 200.000000 14.146438
0.001834 0.072231 200.000000 89.585722
0.003420 0.060740 200.000000 75.961468
0.009498 0.012075 200.000000 18.526126
-0.008061 0.059553 200.000000 62.803807
-0.003461 0.082609 200.000000 97.819986
0.002103 0.067435 200.000000 83.468515
-0.001313 0.081756 200.000000 98.933878
0.004130 0.015540 200.000000 16.897363
-0.002841 0.035443 200.000000 36.106951
-0.002739 0.095711 200.000000 116.057127
0.007066 0.004992 200.000000 7.494372
0.003945 0.007441 200.000000 7.407006
-0.001724 0.074325 200.000000 88.586804
-0.006883 0.051865 200.000000 53.838117
-0.005956 0.014753 200.000000 12.728220
0.004926 0.007956 200.000000 8.576221
0.007620 0.033232 200.000000 43.979722
-0.009302 0.087799 200.000000 98.828902
0.003358 0.013156 200.000000 13.221941
0.003670 0.070978 200.000000 89.922589
-0.008840 0.048685 200.000000 48.085144
-0.001063 0.055648 200.000000 64.406796
-0.000774 0.078759 200.000000 95.505348
0.009843 0.099838 200.000000 135.533354
-0.001739 0.014230 200.000000 11.631040
0.009135 0.099226 200.000000 133.900528
0.003647 0.089602 200.000000 114.812265
0.004991 0.077005 200.000000 99.453090
-0.007613 0.019067 200.000000 15.561636
-0.004698 0.077602 200.000000 89.884803
0.000370 0.073826 200.000000 90.139542
0.001591 0.062392 200.000000 76.180669
-0.003435 0.088018 200.000000 105.058811
0.008166 0.067187 200.000000 89.919770
-0.002435 0.010488 200.000000 9.504132
0.004459 0.045744 200.000000 57.080520
-0.009594 0.051083 200.000000 50.539818
0.000632 0.036593 200.000000 40.875153
0.000300 0.090791 200.000000 112.734994
0.001872 0.047674 200.000000 56.856019
0.005826 0.066799 200.000000 86.738726
0.001506 0.037320 200.000000 42.722535
-0.009481 0.085899 200.000000 96.138752
-0.008624 0.094955 200.000000 108.988808
0.000985 0.001746 200.000000 9.181800
0.001756 0.012012 200.000000 10.741728
-0.001633 0.057074 200.000000 65.718683
-0.000641 0.061814 200.000000 73.045982
-0.004519 0.065918 200.000000 74.553057
-0.009614 0.068124 200.000000 72.603834
0.001128 0.058025 200.000000 69.858783
0.008677 0.043714 200.000000 59.163107
-0.000018 0.049501 200.000000 57.311729
0.006407 0.050265 200.000000 65.295427
0.002902 0.038121 200.000000 45.242240
0.008271 0.072143 200.000000 96.668724
0.006907 0.042031 200.000000 54.874374
0.003571 0.016776 200.000000 17.923329
-0.003346 0.095026 200.000000 114.502291
0.001627 0.010743 200.000000 9.384268
-0.007591 0.049079 200.000000 49.618977
-0.005102 0.091695 200.000000 108.229754
-0.007836 0.037448 200.000000 34.728309
0.003992 0.056328 200.000000 70.696609
0.009544 0.010680 200.000000 16.842537
-0.002318 0.019372 200.000000 16.647627
0.009924 0.004315 200.000000 9.985316
0.006476 0.056263 200.000000 73.386656
0.008143 0.068727 200.000000 91.953762
0.008049 0.075703 200.000000 101.176431
-0.006387 0.089964 200.000000 104.609881
-0.004318 0.029339 200.000000 27.204585
-0.009397 0.071220 200.000000 76.863075
-0.008241 0.015910 200.000000 14.424130
-0.004779 0.017777 200.000000 14.350106
-0.006927 0.067289 200.000000 74.019017
0.005139 0.096398 200.000000 125.574985
0.000405 0.074923 200.000000 91.640929
0.004391 0.039197 200.000000 48.280724
0.002146 0.019513 200.000000 20.071083
0.008433 0.039866 200.000000 53.751136
-0.005426 0.015549 200.000000 12.877155
0.008665 0.015095 200.000000 21.352669
0.006934 0.060061 200.000000 78.983775
0.004201 0.092712 200.000000 119.592126
0.005812 0.028364 200.000000 35.456945
0.000301 0.079413 200.000000 97.528801
-0.008590 0.013052 200.000000 14.604365
-0.008478 0.078096 200.000000 86.794579
-0.000985 0.059952 200.000000 70.209846
-0.006842 0.081072 200.000000 92.338319
0.001074 0.081733 200.000000 101.462202
0.006547 0.005708 200.000000 7.690754
-0.003736 0.004373 200.000000 13.001400
0.003671 0.018730 200.000000 20.523862
-0.009038 0.070974 200.000000 76.875278
-0.002083 0.072983 200.000000 86.423965
-0.000828 0.046301 200.000000 52.246370
0.003783 0.074605 200.000000 94.898411
0.005648 0.065250 200.000000 84.465735
0.000813 0.044676 200.000000 51.760830
0.005270 0.077233 200.000000 100.070437
0.007184 0.092234 200.000000 122.311451
0.002558 0.048804 200.000000 59.093128
0.000515 0.087868 200.000000 109.058790
-0.002320 0.059039 200.000000 67.630635
-0.007647 0.033699 200.000000 30.302446
-0.005786 0.005008 200.000000 15.246417
-0.002430 0.007905 200.000000 9.469498
-0.005626 0.085620 200.000000 99.605119
0.005053 0.086694 200.000000 112.488739
-0.009418 0.068994 200.000000 73.922110
-0.006304 0.077300 200.000000 87.870728
-0.003525 0.011179 200.000000 10.307392
-0.007420 0.079984 200.000000 90.323727
0.007512 0.099329 200.000000 132.181122
-0.008672 0.099770 200.000000 115.337474
0.007842 0.069949 200.000000 93.242156
-0.004062 0.027575 200.000000 25.225734
0.002269 0.030940 200.000000 35.072211
0.008450 0.042635 200.000000 57.459804
-0.004058 0.061910 200.000000 69.700227
0.000248 0.008244 200.000000 7.602821
0.007087 0.027987 200.000000 36.402816
-0.000583 0.045116 200.000000 50.923316
-0.000642 0.063676 200.000000 75.525201
-0.002369 0.042233 200.000000 45.381658
-0.008954 0.065298 200.000000 69.504588
0.002864 0.059655 200.000000 73.903568
0.003286 0.005065 200.000000 5.837843
-0.008985 0.083610 200.000000 93.593976
0.001796 0.037846 200.000000 43.717385
-0.003208 0.089087 200.000000 106.722564
-0.001994 0.072313 200.000000 85.624113
0.004474 0.059837 200.000000 75.918232
0.003344 0.094331 200.000000 120.806589
0.002755 0.094856 200.000000 120.857507
0.005161 0.016380 200.000000 19.024916
-0.008808 0.084882 200.000000 95.449467
-0.001508 0.008598 200.000000 8.627409
0.006867 0.045119 200.000000 58.948657
0.008628 0.082879 200.000000 111.440281
-0.002977 0.051679 200.000000 57.232130
0.003183 0.029544 200.000000 34.173510
0.006271 0.067970 200.000000 88.806806
-0.003707 0.030020 200.000000 28.493740
0.001556 0.075217 200.000000 93.275094
0.003629 0.087215 200.000000 111.598312
0.001030 0.085548 200.000000 106.515552
0.001028 0.064134 200.000000 77.903079
-0.007356 0.026640 200.000000 22.383046
0.007131 0.037616 200.000000 49.248471
-0.006191 0.012782 200.000000 12.438185
-0.007081 0.098543 200.000000 115.318267
0.001766 0.054848 200.000000 66.301990
0.001410 0.039462 200.000000 45.460987
0.003685 0.086372 200.000000 110.532329
-0.001050 0.086676 200.000000 105.784564
-0.008707 0.085716 200.000000 96.653221
-0.009086 0.094351 200.000000 107.726877
-0.009766 0.049896 200.000000 48.890699
0.008912 0.085276 200.000000 114.975607
-0.001653 0.050068 200.000000 56.408746
-0.005650 0.062340 200.000000 68.714920
-0.000279 0.075151 200.000000 91.215216
0.000530 0.067014 200.000000 81.214313
-0.009621 0.045059 200.000000 42.901807
0.006193 0.045804 200.000000 59.097408
-0.004008 0.034803 200.000000 34.295846
0.003029 0.078338 200.000000 99.058672
0.000578 0.041159 200.000000 46.857678
0.004905 0.025990 200.000000 31.316373
0.001190 0.027656 200.000000 29.689118
-0.003201 0.014920 200.000000 12.089705
-0.005861 0.042648 200.000000 42.800563
-0.001287 0.066159 200.000000 78.160079
0.007773 0.092919 200.000000 123.898653
0.006763 0.077771 200.000000 102.475456
-0.006460 0.083682 200.000000 96.186139
0.006286 0.079551 200.000000 104.317094
-0.001866 0.034965 200.000000 36.355831
-0.006434 0.031275 200.000000 28.150574
0.005354 0.052658 200.000000 67.305519
0.007555 0.053663 200.000000 71.143129
-0.000795 0.015022 200.000000 12.665248
0.000897 0.058616 200.000000 70.401636
-0.004752 0.001968 200.000000 16.575708
-0.004554 0.038043 200.000000 37.985261
0.003406 0.068436 200.000000 86.231418
-0.001770 0.076905 200.000000 91.979454
-0.004938 0.075388 200.000000 86.699886
0.004526 0.060044 200.000000 76.251276
0.005083 0.021633 200.000000 25.774393
0.005001 0.046538 200.000000 58.741060
0.007076 0.041662 200.000000 54.575774
-0.008566 0.078221 200.000000 86.874913
0.003847 0.023477 200.000000 26.880481
0.007042 0.034898 200.000000 45.529034
0.006842 0.048105 200.000000 62.906192
0.008990 0.053239 200.000000 72.234997
-0.001133 0.057014 200.000000 66.150192
-0.002869 0.079253 200.000000 93.963078
0.008215 0.012286 200.000000 17.230364
0.009875 0.073244 200.000000 99.994347
0.003999 0.016708 200.000000 18.255451
0.005816 0.073095 200.000000 95.148203
-0.002239 0.028226 200.000000 27.386060
-0.006603 0.064812 200.000000 71.062368
-0.005116 0.085524 200.000000 99.996665
-0.001740 0.095502 200.000000 116.839178
-0.002113 0.078575 200.000000 93.846608
0.003280 0.091323 200.000000 116.708946
0.007825 0.036160 200.000000 48.110693
-0.007736 0.014966 200.000000 13.880254
0.009525 0.004492 200.000000 9.680436
0.007676 0.032020 200.000000 42.433477
-0.006252 0.046977 200.000000 48.049852
-0.001900 0.021871 200.000000 19.791107
-0.006931 0.095102 200.000000 110.891368
-0.002107 0.058551 200.000000 67.198984
-0.002930 0.036024 200.000000 36.779064
0.009422 0.092608 200.000000 125.373058
-0.007391 0.057711 200.000000 61.004099
0.003232 0.036231 200.000000 43.083340
-0.007461 0.090831 200.000000 104.677022
-0.002599 0.034045 200.000000 34.513312
0.008079 0.042849 200.000000 57.313305
0.001101 0.095980 200.000000 120.545644
0.001197 0.020186 200.000000 20.081964
-0.006350 0.085972 200.000000 99.338079
-0.001209 0.016233 200.000000 13.755407
-0.007965 0.034517 200.000000 31.086625
-0.007568 0.094961 200.000000 110.058420
-0.000180 0.009031 200.000000 8.034823
-0.003364 0.094085 200.000000 113.227601
0.006656 0.015281 200.000000 19.243973
-0.002127 0.009368 200.000000 9.114823
0.003797 0.019474 200.000000 21.610316
-0.005844 0.057380 200.000000 61.998660
-0.001051 0.067591 200.000000 80.315429
-0.009483 0.078757 200.000000 86.703043
0.001513 0.082215 200.000000 102.583209
0.002180 0.069400 200.000000 86.179293
-0.007002 0.042799 200.000000 42.057439
-0.008761 0.008174 200.000000 16.902730
0.009069 0.028837 200.000000 39.847416
0.008116 0.088319 200.000000 118.133761
0.009026 0.091603 200.000000 123.572430
-0.002056 0.015922 200.000000 13.127564
-0.002967 0.093866 200.000000 113.353000
0.004283 0.067209 200.000000 85.560641
-0.007206 0.099836 200.000000 116.912868
-0.005615 0.013520 200.000000 12.148303
-0.001733 0.036271 200.000000 38.177254
0.006655 0.025409 200.000000 32.497784
0.007556 0.040448 200.000000 53.510211
-0.008779 0.025919 200.000000 21.226350
-0.002597 0.050992 200.000000 56.696823
0.009712 0.069864 200.000000 95.285589
0.006320 0.071649 200.000000 93.784077
0.009967 0.027154 200.000000 38.699616
-0.006933 0.059203 200.000000 63.377487
-0.009839 0.091754 200.000000 103.539871
-0.008554 0.091477 200.000000 104.441709
-0.008361 0.023021 200.000000 18.624427
-0.002221 0.067538 200.000000 79.028708
0.009099 0.072940 200.000000 98.689018
-0.007210 0.068894 200.000000 75.864636
-0.006145 0.040186 200.000000 39.418563
-0.000965 0.095961 200.000000 118.282820
-0.004753 0.038375 200.000000 38.244446
0.009841 0.080023 200.000000 109.021451
0.002388 0.008910 200.000000 8.003317
0.005872 0.027472 200.000000 34.344011
-0.006661 0.079334 200.000000 90.213195
0.001214 0.038726 200.000000 44.283990
0.004051 0.067620 200.000000 85.852331
0.006842 0.056617 200.000000 74.276202
-0.009527 0.061166 200.000000 63.599266
-0.006526 0.055120 200.000000 58.404600
0.006844 0.062637 200.000000 82.323874
0.008371 0.086567 200.000000 116.080839
0.000598 0.088473 200.000000 109.957225
-0.009836 0.015252 200.000000 15.610281
0.002000 0.006718 200.000000 6.574005
0.003488 0.052693 200.000000 65.287756
0.004842 0.085042 200.000000 110.041846
0.001460 0.036114 200.000000 41.079481
-0.004040 0.045744 200.000000 48.422654
-0.006606 0.077531 200.000000 87.876962
0.000071 0.024625 200.000000 24.744294
0.006900 0.052885 200.000000 69.354340
-0.002139 0.092646 200.000000 112.599350
-0.000321 0.035043 200.000000 37.900657
-0.003421 0.090983 200.000000 109.028035
-0.006628 0.063540 200.000000 69.362950
-0.003388 0.075006 200.000000 87.768830
0.005282 0.092052 200.000000 119.917276
0.003842 0.073120 200.000000 92.977036
0.004414 0.093747 200.000000 121.215175
-0.000036 0.007371 200.000000 7.576828
0.000459 0.056889 200.000000 67.637402
-0.008454 0.007683 200.000000 16.828836
-0.000237 0.010634 200.000000 8.917108
-0.000068 0.022666 200.000000 22.140446
-0.006959 0.030966 200.000000 27.467484
-0.005859 0.052440 200.000000 55.509174
0.008391 0.071554 200.000000 96.019273
0.007420 0.084339 200.000000 112.012784
-0.003292 0.041007 200.000000 42.923794
0.008592 0.021009 200.000000 28.958662
0.008264 0.009628 200.000000 13.985239
0.003967 0.085077 200.000000 109.111919
0.000349 0.096130 200.000000 119.927872
-0.009375 0.094963 200.000000 108.250974
0.005910 0.069340 200.000000 90.230934
0.008250 0.019046 200.000000 25.981788
0.003499 0.097065 200.000000 124.637046
0.004230 0.099525 200.000000 128.743859
-0.002084 0.035493 200.000000 36.843978
0.004793 0.098303 200.000000 127.737532
0.009705 0.073782 200.000000 100.515830
-0.009915 0.030813 200.000000 25.901255
-0.003728 0.033272 200.000000 32.575838
0.005566 0.026245 200.000000 32.380112
0.007185 0.001134 200.000000 5.465844
0.005744 0.063838 200.000000 82.686713
0.008449 0.097249 200.000000 130.466840
0.007837 0.026063 200.000000 34.724245
0.006446 0.044208 200.000000 57.254684
-0.003211 0.023539 200.000000 20.937205
-0.003044 0.059649 200.000000 67.712847
0.004319 0.095008 200.000000 122.796876
0.001517 0.090567 200.000000 113.757338
0.000396 0.099286 200.000000 124.198650
0.004165 0.046313 200.000000 57.516345
0.003166 0.031559 200.000000 36.819435
0.007190 0.032228 200.000000 42.147580
-0.001172 0.067057 200.000000 79.477410
-0.001517 0.053184 200.000000 60.673994
-0.005372 0.033436 200.000000 31.514191
0.003363 0.024677 200.000000 27.952689
0.001233 0.039939 200.000000 45.910186
0.001973 0.080536 200.000000 100.840787
0.003169 0.024011 200.000000 26.881936
0.000110 0.088284 200.000000 109.177206
0.008742 0.052286 200.000000 70.673729
0.003739 0.033571 200.000000 40.094766
0.001463 0.078287 200.000000 97.277944
0.007108 0.096764 200.000000 128.289212
0.004059 0.083192 200.000000 106.693375
0.001926 0.094119 200.000000 118.958171
0.002289 0.011572 200.000000 10.586801
0.005163 0.037203 200.000000 46.477640
-0.008135 0.066141 200.000000 71.366986
0.007070 0.073537 200.000000 97.160533
0.000315 0.083487 200.000000 102.986131
0.001672 0.040332 200.000000 46.884799
-0.004930 0.055661 200.000000 60.602336
0.005007 0.035881 200.000000 44.546077
0.004072 0.037125 200.000000 45.174803
0.005459 0.097359 200.000000 127.221446
0.004145 0.038736 200.000000 47.397688
-0.003340 0.068048 200.000000 78.563530
0.001754 0.023421 200.000000 24.724334
-0.002866 0.093773 200.000000 113.335244
0.007690 0.008465 200.000000 11.917358
-0.003924 0.033098 200.000000 32.197480
-0.007213 0.083989 200.000000 95.839936
0.007570 0.022998 200.000000 30.369096
0.001274 0.053058 200.000000 63.394166
0.006178 0.080744 200.000000 105.790794
0.007802 0.063549 200.000000 84.637431
0.005204 0.083618 200.000000 108.541946
0.007981 0.033548 200.000000 44.817108
0.001079 0.047564 200.000000 55.874929
-0.009371 0.040859 200.000000 37.872369
0.006351 0.087407 200.000000 114.905642
-0.006741 0.072013 200.000000 80.437669
0.004006 0.012180 200.000000 12.611900
0.009016 0.072649 200.000000 98.202977
0.003131 0.039871 200.000000 47.812116
-0.009899 0.090725 200.000000 102.119415
-0.001048 0.048872 200.000000 55.430078
-0.006799 0.004377 200.000000 17.178628
-0.004926 0.024078 200.000000 20.620022
0.008365 0.021149 200.000000 28.871482
0.002403 0.078187 200.000000 98.169018
0.006941 0.047299 200.000000 61.943124
-0.007010 0.086113 200.000000 98.862712
-0.001145 0.021727 200.000000 20.139672
0.003799 0.016613 200.000000 17.937531
0.003149 0.055243 200.000000 68.322840
0.005529 0.076756 200.000000 99.724385
0.009835 0.021517 200.000000 31.123218
-0.009022 0.002647 200.000000 21.940884
0.003766 0.061057 200.000000 76.765552
0.005206 0.020746 200.000000 24.745512
-0.005583 0.065604 200.000000 73.090424
0.001912 0.061322 200.000000 75.098493
0.004650 0.004042 200.000000 5.497425
0.000061 0.084682 200.000000 104.310954
0.000774 0.086449 200.000000 107.442130
-0.001300 0.030725 200.000000 31.372995
-0.002771 0.049148 200.000000 54.092002
0.007999 0.052120 200.000000 69.593255
0.001529 0.097943 200.000000 123.638935
0.006013 0.046044 200.000000 59.214584
-0.009843 0.015810 200.000000 15.627273
-0.003823 0.058913 200.000000 65.965291
0.006480 0.097271 200.000000 128.255267
0.004822 0.048867 200.000000 61.649383
-0.006242 0.033752 200.000000 31.284648
-0.005003 0.092503 200.000000 109.408549
-0.003972 0.062985 200.000000 71.209605
-0.008655 0.095702 200.000000 109.950195
-0.001948 0.046440 200.000000 51.321559
-0.005881 0.059796 200.000000 65.142544
0.004884 0.090476 200.000000 117.361334
-0.008802 0.051252 200.000000 51.401267
-0.006420 0.033978 200.000000 31.438652
0.001364 0.009946 200.000000 8.574618
0.006128 0.011723 200.000000 14.149706
-0.000137 0.071124 200.000000 85.990665
0.005207 0.021036 200.000000 25.127051
0.000506 0.096376 200.000000 120.426670
0.003855 0.066860 200.000000 84.619627
0.008286 0.070717 200.000000 94.778531
0.003176 0.032788 200.000000 38.457046
0.001278 0.088847 200.000000 111.197725
0.002085 0.084895 200.000000 106.793252
0.004165 0.049307 200.000000 61.510862
0.008407 0.096796 200.000000 129.812191
-0.008328 0.092876 200.000000 106.523466
-0.000006 0.045317 200.000000 51.772164
0.001148 0.033514 200.000000 37.332345
0.007695 0.018787 200.000000 24.990016
0.003860 0.009836 200.000000 9.771748
-0.007035 0.096939 200.000000 113.231302
-0.002796 0.013337 200.000000 10.940429
-0.001916 0.075300 200.000000 89.687143
0.005678 0.005698 200.000000 6.964609
0.002537 0.033055 200.000000 38.141281
0.007871 0.091869 200.000000 122.604938
0.002519 0.014169 200.000000 13.745230
0.001966 0.039494 200.000000 46.079839
-0.007931 0.031682 200.000000 27.761988
0.004590 0.006837 200.000000 7.240255
-0.009653 0.033392 200.000000 28.849736
-0.008896 0.088230 200.000000 99.798149
0.007268 0.003618 200.000000 6.531631
0.000442 0.029805 200.000000 31.777923
-0.008199 0.020106 200.000000 16.367093
0.001011 0.086641 200.000000 107.956422
-0.007765 0.019680 200.000000 15.997916
-0.004826 0.011261 200.000000 11.267239
0.009945 0.010971 200.000000 17.705731
0.004570 0.073640 200.000000 94.481336
0.008945 0.058524 200.000000 79.241149
0.004336 0.058462 200.000000 73.926777
-0.007368 0.041251 200.000000 39.808865
-0.002455 0.052148 200.000000 58.365289
-0.002780 0.003728 200.000000 12.265888
-0.009058 0.071225 200.000000 77.185227
0.007305 0.022844 200.000000 29.858915
-0.000592 0.038943 200.000000 42.764988
0.000603 0.026547 200.000000 27.694691
-0.007317 0.045507 200.000000 45.259544
0.007614 0.057998 200.000000 77.001888
-0.002422 0.078326 200.000000 93.191336
-0.001529 0.082168 200.000000 99.255612
0.002487 0.016483 200.000000 16.554973
-0.001135 0.071826 200.000000 85.873050
-0.009823 0.078192 200.000000 85.635533
0.004374 0.049394 200.000000 61.857816
0.003845 0.002799 200.000000 5.739660
-0.002124 0.079085 200.000000 94.515864
-0.004318 0.071840 200.000000 82.611343
-0.004107 0.096951 200.000000 116.271333
-0.003593 0.076602 200.000000 89.682137
0.005143 0.067929 200.000000 87.482429
-0.003230 0.038192 200.000000 39.319930
0.009019 0.099221 200.000000 133.760032
0.003568 0.075612 200.000000 96.006955
0.004425 0.096377 200.000000 124.746785
0.007384 0.097417 200.000000 129.477342
0.001398 0.072610 200.000000 89.620937
-0.008145 0.007900 200.000000 16.269263
-0.000659 0.096592 200.000000 119.455543
-0.001650 0.011585 200.000000 9.672087
-0.008728 0.084809 200.000000 95.430721
-0.009603 0.060727 200.000000 62.962194
0.003938 0.020512 200.000000 23.102913
0.001789 0.005895 200.000000 6.459703
0.009275 0.069085 200.000000 93.737681
0.002219 0.059519 200.000000 73.023226
0.004105 0.036902 200.000000 44.915566
-0.008844 0.074255 200.000000 81.375283
-0.004791 0.065462 200.000000 73.680501
0.002114 0.030661 200.000000 34.545803
-0.001421 0.038170 200.000000 40.951191
-0.005914 0.069908 200.000000 78.460627
-0.004477 0.092862 200.000000 110.432297
-0.004834 0.094643 200.000000 112.435000
-0.000353 0.014978 200.000000 12.814302
-0.008453 0.080340 200.000000 89.785584
-0.001116 0.098654 200.000000 121.720015
-0.001746 0.047187 200.000000 52.506330
-0.009005 0.091245 200.000000 103.687153
0.004917 0.054466 200.000000 69.232622
0.004917 0.062379 200.000000 79.808315
-0.007174 0.062097 200.000000 66.950978
-0.003298 0.077125 200.000000 90.682428
0.001305 0.024325 200.000000 25.471665
0.006212 0.089090 200.000000 117.000551
0.006583 0.060055 200.000000 78.576253
0.002571 0.025314 200.000000 27.984255
0.004271 0.025678 200.000000 30.220997
0.000832 0.070095 200.000000 85.651544
-0.006736 0.052675 200.000000 55.023272
0.006459 0.031317 200.000000 40.103494
0.006653 0.052944 200.000000 69.152677
-0.002388 0.043287 200.000000 46.746259
0.008084 0.066792 200.000000 89.297703
-0.002429 0.027334 200.000000 26.113713
0.002762 0.037891 200.000000 44.788625
0.009333 0.080701 200.000000 109.340384
0.004435 0.041526 200.000000 51.431077
0.009558 0.055158 200.000000 75.458881
-0.006036 0.002175 200.000000 18.170850
-0.001959 0.002980 200.000000 11.822281
-0.006238 0.055517 200.000000 59.188177
-0.005775 0.051478 200.000000 54.328521
0.001043 0.040130 200.000000 45.969482
-0.008678 0.058633 200.000000 61.052610
-0.007285 0.079538 200.000000 89.866828
-0.005794 0.019177 200.000000 15.475194
0.006677 0.036327 200.000000 47.012992
-0.002562 0.016728 200.000000 13.766949
-0.007289 0.090220 200.000000 104.037793
0.003580 0.013201 200.000000 13.470510
-0.002573 0.002294 200.000000 13.265243
0.003095 0.059307 200.000000 73.690971
0.002773 0.072558 200.000000 91.047990
-0.004126 0.024671 200.000000 21.721065
-0.000140 0.096105 200.000000 119.364263
0.004735 0.079911 200.000000 103.056092
0.001086 0.011614 200.000000 10.003611
0.008790 0.034213 200.000000 46.647870
-0.001055 0.068384 200.000000 81.366584
0.000925 0.018694 200.000000 17.992077
0.008057 0.024321 200.000000 32.681483
-0.008063 0.064708 200.000000 69.552307
0.002475 0.070744 200.000000 88.296789
-0.004870 0.017612 200.000000 14.211682
-0.005109 0.078922 200.000000 91.223000
0.004188 0.070877 200.000000 90.359734
0.005474 0.075135 200.000000 97.493854
0.005668 0.033645 200.000000 42.306628
-0.007369 0.086838 200.000000 99.465976
0.001135 0.035903 200.000000 40.470181
-0.002063 0.065598 200.000000 76.610430
0.003154 0.059868 200.000000 74.504771
0.009365 0.056868 200.000000 77.517522
0.000925 0.090154 200.000000 112.561331
0.000474 0.099999 200.000000 125.238475
0.006731 0.096518 200.000000 127.531817
0.008769 0.055514 200.000000 75.015908
0.003780 0.026379 200.000000 30.625114
0.000405 0.059336 200.000000 70.841069
0.001477 0.087483 200.000000 109.589283
0.008852 0.051340 200.000000 69.539789
-0.007606 0.099608 200.000000 116.201888
0.000144 0.074375 200.000000 90.630351
0.004325 0.023877 200.000000 27.908497
0.004951 0.007604 200.000000 8.231980
-0.005542 0.044429 200.000000 45.368921
0.006236 0.076660 200.000000 100.392412
0.003013 0.062321 200.000000 77.628406
-0.001896 0.056083 200.000000 64.136772
-0.004611 0.034227 200.000000 33.081541
0.007196 0.026358 200.000000 34.370838
0.008634 0.075358 200.000000 101.386512
0.003318 0.016486 200.000000 17.314471
0.009523 0.013218 200.000000 20.001951
-0.006495 0.027453 200.000000 23.655051
0.006798 0.042562 200.000000 55.460021
0.009204 0.091757 200.000000 123.983651
0.003722 0.003774 200.000000 5.607023
0.008811 0.077856 200.000000 104.931977
0.004501 0.098436 200.000000 127.589061
0.000461 0.005932 200.000000 7.312048
-0.003625 0.084709 200.000000 100.448367
-0.007797 0.066699 200.000000 72.416592
0.001419 0.035265 200.000000 39.915582
-0.008040 0.018284 200.000000 15.230010
-0.005504 0.054843 200.000000 58.985537
0.005173 0.032290 200.000000 39.954746
0.009323 0.079300 200.000000 107.453641
0.006762 0.014288 200.000000 18.089716
0.007828 0.082607 200.000000 110.160298
-0.005339 0.057963 200.000000 63.242582
-0.001526 0.083818 200.000000 101.460917
0.005109 0.051826 200.000000 65.919884
0.001493 0.005562 200.000000 6.620419
0.000723 0.005776 200.000000 7.134816
0.007270 0.087080 200.000000 115.510064
0.002379 0.030650 200.000000 34.800486
0.000538 0.061911 200.000000 74.414810
0.003745 0.050087 200.000000 62.090660
-0.003567 0.006731 200.000000 11.174369
0.009163 0.077713 200.000000 105.146526
-0.002049 0.079408 200.000000 95.025800
-0.006321 0.052589 200.000000 55.283441
-0.007896 0.089289 200.000000 102.192774
0.001562 0.089986 200.000000 113.030024
0.008875 0.002354 200.000000 7.094743
0.007137 0.080619 200.000000 106.711356
0.004240 0.056532 200.000000 71.241968
0.001176 0.070834 200.000000 87.007706
0.000990 0.074378 200.000000 91.542645
-0.005082 0.065972 200.000000 74.067629
-0.008582 0.084005 200.000000 94.510365
0.002948 0.084628 200.000000 107.384345
-0.001699 0.089839 200.000000 109.318462
0.009941 0.016549 200.000000 24.788602
0.005156 0.050611 200.000000 64.350787
-0.002873 0.090049 200.000000 108.357244
0.004311 0.013635 200.000000 14.679411
0.009056 0.070573 200.000000 95.473289
-0.006603 0.050928 200.000000 52.867074
-0.008260 0.041234 200.000000 39.118866
-0.001948 0.076802 200.000000 91.655261
0.002915 0.074662 200.000000 94.016176
-0.001834 0.092155 200.000000 112.267749
-0.006109 0.099795 200.000000 117.983706
-0.006564 0.024965 200.000000 20.891698
-0.001119 0.001275 200.000000 12.301125
0.003127 0.032321 200.000000 37.786794
-0.005282 0.065939 200.000000 73.828644
0.001843 0.086353 200.000000 108.477484
-0.006271 0.049419 200.000000 51.199931
0.009453 0.027794 200.000000 38.926134
0.005796 0.034951 200.000000 44.186517
0.004865 0.022469 200.000000 26.637141
0.005900 0.062732 200.000000 81.382715
-0.008546 0.020624 200.000000 16.783341
0.001258 0.032681 200.000000 36.344174
-0.001746 0.045614 200.000000 50.429858
-0.009439 0.004244 200.000000 21.013497
0.003722 0.003234 200.000000 5.684511
-0.004826 0.012822 200.000000 11.487900
-0.009082 0.064899 200.000000 68.866552
0.008170 0.026712 200.000000 35.973645
-0.007000 0.038219 200.000000 36.279880
0.002584 0.036905 200.000000 43.292410
0.000755 0.017163 200.000000 15.992706
-0.009975 0.091271 200.000000 102.767018
-0.009524 0.075522 200.000000 82.400789
-0.002140 0.008459 200.000000 9.118919
-0.002458 0.080515 200.000000 96.073709
-0.006849 0.062133 200.000000 67.301864
-0.002457 0.005553 200.000000 10.517588
0.009273 0.048109 200.000000 65.720498
0.002843 0.088614 200.000000 112.601426
-0.009488 0.002958 200.000000 22.303531
-0.003548 0.012518 200.000000 10.727931
-0.000932 0.099918 200.000000 123.607622
-0.008315 0.092121 200.000000 105.534694
-0.001984 0.055097 200.000000 62.740085
0.007717 0.043487 200.000000 57.745716
0.006994 0.080351 200.000000 106.190476
-0.005347 0.094995 200.000000 112.373535
-0.004078 0.053023 200.000000 57.940491
0.005134 0.071602 200.000000 92.385596
-0.009896 0.028150 200.000000 23.165959
-0.007477 0.017140 200.000000 14.440792
0.009360 0.049625 200.000000 67.843523
0.007765 0.091195 200.000000 121.581801
-0.006192 0.009532 200.000000 12.962021
-0.000027 0.002755 200.000000 9.551362
0.008127 0.085140 200.000000 113.891045
-0.006329 0.006113 200.000000 15.114394
0.008883 0.016202 200.000000 23.043749
0.006602 0.025429 200.000000 32.463084
-0.005114 0.085337 200.000000 99.750215
0.003360 0.077364 200.000000 98.119724
-0.008674 0.092390 200.000000 105.533447
-0.009219 0.064171 200.000000 67.791991
-0.001044 0.013281 200.000000 10.921532
0.007659 0.014757 200.000000 19.723575
0.001463 0.064654 200.000000 79.062251
-0.003670 0.034271 200.000000 33.895104
-0.004095 0.026534 200.000000 23.945911
0.005809 0.015209 200.000000 18.215222
-0.003782 0.021516 200.000000 18.313729
0.008039 0.027050 200.000000 36.266606
-0.001144 0.099184 200.000000 122.398873
0.000453 0.003155 200.000000 8.666886
0.008223 0.029575 200.000000 39.825665
-0.007474 0.081734 200.000000 92.591065
-0.008050 0.047424 200.000000 47.113030
-0.004046 0.072213 200.000000 83.383503
0.004861 0.022017 200.000000 26.037982
0.008684 0.076152 200.000000 102.505236
-0.003017 0.046192 200.000000 49.966307
-0.006334 0.067520 200.000000 74.894065
0.009020 0.011256 200.000000 16.910212
-0.006578 0.084186 200.000000 96.736483
-0.004499 0.017549 200.000000 14.175324
0.000098 0.004008 200.000000 8.487717
0.002802 0.094262 200.000000 120.113871
0.008474 0.029689 200.000000 40.271903
0.000289 0.041095 200.000000 46.479745
0.006562 0.056538 200.000000 73.851267
0.001669 0.003696 200.000000 7.034730
0.003302 0.059649 200.000000 74.374506
0.004618 0.045533 200.000000 56.975839
-0.004136 0.084533 200.000000 99.684785
-0.006585 0.064632 200.000000 70.841925
0.003151 0.045257 200.000000 55.005038
-0.000539 0.044707 200.000000 50.426843
-0.007691 0.044514 200.000000 43.690020
-0.005057 0.077143 200.000000 88.911271
0.002856 0.032075 200.000000 37.176673
-0.000619 0.005611 200.000000 8.410254
0.005177 0.005110 200.000000 6.188182
0.005896 0.050772 200.000000 65.395849
0.004440 0.079999 200.000000 102.844767
0.000590 0.072305 200.000000 88.343880
-0.003153 0.018296 200.000000 15.146722
-0.003443 0.020251 200.000000 17.085583
-0.005593 0.065514 200.000000 72.962693
-0.002335 0.053750 200.000000 60.603972
-0.005120 0.055565 200.000000 60.294361
-0.003842 0.009620 200.000000 10.494989
-0.000804 0.047345 200.000000 53.652820
0.009056 0.074550 200.000000 100.792820
-0.000303 0.078422 200.000000 95.557321
0.005936 0.063707 200.000000 82.726222
0.000782 0.029980 200.000000 32.332119
0.008744 0.025929 200.000000 35.615270
-0.007568 0.082222 200.000000 93.144549
0.007564 0.018227 200.000000 24.106797
0.003300 0.071696 200.000000 90.474318
0.008497 0.068688 200.000000 92.307381
-0.006423 0.077460 200.000000 87.964107
-0.001921 0.003866 200.000000 11.036446
-0.000335 0.067155 200.000000 80.485756
-0.009052 0.071280 200.000000 77.263273
-0.005500 0.042421 200.000000 42.813886
-0.009805 0.009280 200.000000 17.567568
0.003116 0.080597 200.000000 102.175290
0.008395 0.006665 200.000000 10.657056
0.005111 0.025019 200.000000 30.259347
0.004348 0.029355 200.000000 35.162124
0.006483 0.044222 200.000000 57.314895
0.003535 0.033710 200.000000 40.060868
-0.008015 0.016945 200.000000 14.610974
0.009751 0.002562 200.000000 8.178050
-0.005695 0.046350 200.000000 47.723416
0.009898 0.035916 200.000000 50.223918
0.003724 0.056454 200.000000 70.568470
-0.003918 0.010565 200.000000 10.518343
0.008190 0.063337 200.000000 84.800340
0.006984 0.069515 200.000000 91.681841
0.001823 0.063087 200.000000 77.358529
-0.003395 0.056868 200.000000 63.681119
0.001953 0.045167 200.000000 53.604105
-0.008547 0.004773 200.000000 19.274613
-0.000931 0.043757 200.000000 48.780409
0.005727 0.030454 200.000000 38.133490
-0.004602 0.052006 200.000000 56.106656
-0.005773 0.056216 200.000000 60.536774
0.007227 0.084107 200.000000 111.482507
0.008365 0.099035 200.000000 132.761801
-0.005692 0.053929 200.000000 57.612135
0.002619 0.056485 200.000000 69.404604
0.000234 0.089500 200.000000 110.936500
-0.002416 0.038848 200.000000 40.908971
-0.003829 0.072884 200.000000 84.494704
0.001226 0.074481 200.000000 91.934226
0.003729 0.093630 200.000000 120.295205
0.003229 0.039266 200.000000 47.113164
-0.004533 0.094076 200.000000 111.991907
-0.005253 0.012270 200.000000 11.669571
-0.005922 0.059008 200.000000 64.065092
0.006527 0.060875 200.000000 79.608633
0.005729 0.057038 200.000000 73.578245
-0.001185 0.005777 200.000000 8.932493
-0.008813 0.060662 200.000000 63.576062
0.002842 0.002885 200.000000 6.407925
-0.009460 0.007821 200.000000 18.083606
0.009575 0.009451 200.000000 15.371043
0.004284 0.075013 200.000000 96.000542
-0.008047 0.017789 200.000000 14.987077
-0.003893 0.095948 200.000000 115.157545
-0.008773 0.027575 200.000000 22.883662
0.002370 0.054353 200.000000 66.290615
0.001095 0.062958 200.000000 76.405167
0.000606 0.050580 200.000000 59.391567
0.009946 0.097774 200.000000 132.890758
-0.009231 0.095405 200.000000 108.981532
0.009604 0.003715 200.000000 9.017898
0.008668 0.004546 200.000000 8.736346
-0.009507 0.066560 200.000000 70.653857
0.009142 0.064152 200.000000 86.988712
-0.008069 0.090718 200.000000 103.917770
-0.006096 0.007908 200.000000 13.622143
0.004152 0.075972 200.000000 97.136636
0.008118 0.082381 200.000000 110.190629
0.008657 0.063297 200.000000 85.285456
0.009358 0.010092 200.000000 15.884737
0.002232 0.050366 200.000000 60.825820
0.004735 0.070275 200.000000 90.164122
0.002377 0.064738 200.000000 80.163530
0.004156 0.031626 200.000000 37.963326
-0.004963 0.059088 200.000000 65.086225
0.000116 0.077164 200.000000 94.324114
-0.007454 0.062402 200.000000 67.091107
-0.007692 0.092823 200.000000 107.092602
0.003009 0.080411 200.000000 101.808677
-0.002496 0.009208 200.000000 9.377046
0.000044 0.025418 200.000000 25.734183
-0.002150 0.043843 200.000000 47.704868
-0.002370 0.064987 200.000000 75.482840
0.008894 0.055661 200.000000 75.357858
0.004367 0.010871 200.000000 11.372928
0.005332 0.057287 200.000000 73.466126
0.003788 0.099241 200.000000 127.871831
-0.005987 0.047208 200.000000 48.580436
0.003042 0.091478 200.000000 116.653788
-0.004056 0.077693 200.000000 90.660163
-0.009070 0.047335 200.000000 46.185238
-0.007610 0.054679 200.000000 56.854489
0.009211 0.082501 200.000000 111.606080
-0.005950 0.032664 200.000000 30.150366
0.000518 0.094878 200.000000 118.436763
-0.000574 0.018791 200.000000 17.004472
-0.004121 0.061680 200.000000 69.334184
0.001395 0.079746 200.000000 99.154326
-0.000183 0.056699 200.000000 66.712442
0.007324 0.042024 200.000000 55.343990
0.001926 0.025310 200.000000 27.342140
0.009687 0.027548 200.000000 38.882783
-0.008789 0.064468 200.000000 68.569864
0.006759 0.075395 200.000000 99.292331
0.006344 0.052198 200.000000 67.805917
0.006488 0.099173 200.000000 130.811095
0.002851 0.096238 200.000000 122.812066
-0.002884 0.068790 200.000000 80.014199
0.000368 0.069121 200.000000 83.853666
0.003268 0.016417 200.000000 17.180559
-0.004385 0.032118 200.000000 30.603928
0.006119 0.085750 200.000000 112.425018
0.005820 0.057444 200.000000 74.223977
-0.002650 0.064206 200.000000 74.158969
-0.003819 0.035852 200.000000 35.793974
0.005521 0.072930 200.000000 94.595194
-0.002991 0.080707 200.000000 95.772362
0.001882 0.027622 200.000000 30.320010
0.000503 0.098416 200.000000 123.152063
-0.008034 0.030459 200.000000 26.307878
-0.005396 0.067891 200.000000 76.299909
0.009240 0.010338 200.000000 16.041160
-0.004594 0.026323 200.000000 23.385735
-0.007910 0.097580 200.000000 113.194862
-0.006655 0.061805 200.000000 67.053820
0.006037 0.087292 200.000000 114.396727
0.002716 0.075607 200.000000 95.062298
0.008160 0.048245 200.000000 64.605062
0.003067 0.027013 200.000000 30.717413
-0.007440 0.002723 200.000000 19.616869
0.000911 0.020837 200.000000 20.658600
0.004793 0.023045 200.000000 27.315411
0.001323 0.099352 200.000000 125.298456
0.009232 0.036128 200.000000 49.714464
0.003219 0.086844 200.000000 110.648392
0.001020 0.026292 200.000000 27.751723
0.004379 0.027929 200.000000 33.309011
0.004874 0.008412 200.000000 9.019200
-0.004378 0.015219 200.000000 12.419010
0.009303 0.061646 200.000000 83.828166
0.004202 0.006823 200.000000 7.007746
0.000386 0.083456 200.000000 103.022579
-0.001255 0.002456 200.000000 11.364956
-0.006980 0.020348 200.000000 16.421744
0.004549 0.089397 200.000000 115.541945
0.008093 0.005463 200.000000 9.014720
0.001809 0.051351 200.000000 61.686142
0.008613 0.039937 200.000000 54.055319
-0.004658 0.034317 200.000000 33.159227
-0.006109 0.097846 200.000000 115.387337
-0.002915 0.089574 200.000000 107.678474
0.008779 0.010224 200.000000 15.336434
0.009480 0.099917 200.000000 135.221460
0.007823 0.023324 200.000000 31.092301
0.006790 0.036088 200.000000 46.824123
0.007085 0.061512 200.000000 81.095560
-0.009524 0.081649 200.000000 90.480276
0.001876 0.040821 200.000000 47.748153
-0.002353 0.092724 200.000000 112.476088
0.003736 0.064986 200.000000 81.983393
0.006787 0.092275 200.000000 121.914432
0.000302 0.021818 200.000000 21.380124
-0.006263 0.016736 200.000000 13.794205
-0.001563 0.079644 200.000000 95.850994
-0.006165 0.057002 200.000000 61.202397
-0.003387 0.005964 200.000000 11.402888
0.003453 0.040551 200.000000 49.063053
-0.002011 0.018199 200.000000 15.503700
0.005553 0.091776 200.000000 119.852517
0.006049 0.006928 200.000000 8.464821
-0.001524 0.067563 200.000000 79.784509
-0.003774 0.034918 200.000000 34.636332
-0.005624 0.019952 200.000000 16.164938
-0.002909 0.021768 200.000000 19.049922
0.006048 0.007813 200.000000 9.418467
0.003243 0.061865 200.000000 77.270426
0.009729 0.049962 200.000000 68.726420
-0.006039 0.088579 200.000000 103.120952
-0.009268 0.023435 200.000000 18.959961
0.004126 0.081907 200.000000 105.048026
-0.001049 0.064564 200.000000 76.283077
-0.008289 0.059832 200.000000 62.962510
0.004658 0.057131 200.000000 72.504960
-0.005848 0.092015 200.000000 107.888737
-0.001862 0.015931 200.000000 13.194744
0.004644 0.094139 200.000000 121.996048
0.009635 0.063840 200.000000 87.146349
-0.005703 0.096129 200.000000 113.517241
0.005909 0.050974 200.000000 65.679791
0.008815 0.032059 200.000000 43.817516
0.006645 0.026320 200.000000 33.689905
0.000059 0.085113 200.000000 104.883451
0.001731 0.031334 200.000000 35.045621
0.005585 0.045512 200.000000 58.023444
0.004791 0.053728 200.000000 68.106776
0.000139 0.005608 200.000000 7.671610
-0.003996 0.040697 200.000000 41.889326
-0.003990 0.077271 200.000000 90.167014
-0.001383 0.091468 200.000000 111.830252
0.000537 0.053706 200.000000 63.480701
0.007116 0.043791 200.000000 57.461769
0.001442 0.032421 200.000000 36.186763
-0.003456 0.059181 200.000000 66.683182
-0.003648 0.098287 200.000000 118.537108
-0.005891 0.041259 200.000000 40.994632
0.002342 0.086594 200.000000 109.347594
-0.007765 0.084170 200.000000 95.531619
0.001312 0.044817 200.000000 52.466972
0.004408 0.065148 200.000000 82.943862
-0.004273 0.037287 200.000000 37.251250
-0.003745 0.072194 200.000000 83.663827
-0.000095 0.040391 200.000000 45.163793
-0.003473 0.021796 200.000000 18.777702
0.000709 0.034207 200.000000 37.808166
0.000287 0.004364 200.000000 8.068982
-0.006602 0.038249 200.000000 36.614291
0.004240 0.040139 200.000000 49.370275
0.002276 0.036996 200.000000 43.089290
0.007774 0.098490 200.000000 131.356978
0.004528 0.034000 200.000000 41.517932
-0.003398 0.096474 200.000000 116.379550
-0.003004 0.010037 200.000000 9.794223
-0.007542 0.017190 200.000000 14.492135
0.001098 0.007856 200.000000 7.208270
0.007816 0.099367 200.000000 132.578872
-0.000284 0.097482 200.000000 121.050133
0.000686 0.038309 200.000000 43.196733
0.008050 0.072668 200.000000 97.117838
0.008498 0.015990 200.000000 22.306695
0.007097 0.070816 200.000000 93.550603
-0.001217 0.047261 200.000000 53.127105
0.001126 0.009539 200.000000 8.205683
0.001687 0.021074 200.000000 21.644376
0.009757 0.071636 200.000000 97.707661
0.004405 0.051281 200.000000 64.411260
-0.008652 0.062856 200.000000 66.585681
-0.006278 0.071752 200.000000 80.545033
-0.001610 0.033655 200.000000 34.887040
0.006855 0.068683 200.000000 90.421694
-0.002576 0.099342 200.000000 121.079189
-0.005521 0.055042 200.000000 59.230795
0.002674 0.061679 200.000000 76.400487
-0.002554 0.062694 200.000000 72.247732
0.001820 0.065784 200.000000 80.957184
-0.004402 0.095045 200.000000 113.421259
0.006977 0.021216 200.000000 27.339145
-0.008935 0.070812 200.000000 76.757559
0.006743 0.084525 200.000000 111.491840
0.008123 0.063905 200.000000 85.482348
-0.006120 0.030708 200.000000 27.666644
-0.001799 0.079923 200.000000 95.975333
0.001986 0.080172 200.000000 100.368252
0.007092 0.016474 200.000000 21.280830
0.009872 0.050210 200.000000 69.224712
-0.004851 0.085188 200.000000 99.821219
-0.002512 0.055903 200.000000 63.279582
0.006124 0.062590 200.000000 81.445831
-0.009245 0.036877 200.000000 33.129384
0.004566 0.030563 200.000000 36.998455
0.008149 0.032230 200.000000 43.261997
0.006710 0.052049 200.000000 68.022059
-0.001173 0.077409 200.000000 93.280777
0.005824 0.046083 200.000000 59.054090
0.003877 0.083141 200.000000 106.422447
0.007815 0.072625 200.000000 96.790235
0.002256 0.006311 200.000000 6.383189
0.001607 0.018840 200.000000 18.741458
0.003461 0.099435 200.000000 127.766735
-0.009868 0.018385 200.000000 16.145574
-0.003023 0.031052 200.000000 30.329634
0.008287 0.059821 200.000000 80.213291
0.009044 0.095830 200.000000 129.251073
-0.007418 0.038885 200.000000 36.803422
0.003446 0.034440 200.000000 40.934594
-0.008119 0.096194 200.000000 111.141453
0.005684 0.037865 200.000000 47.939860
-0.001226 0.083022 200.000000 100.717047
0.004579 0.062739 200.000000 79.913407
-0.004078 0.040208 200.000000 41.183348
-0.004936 0.075916 200.000000 87.403927
-0.002187 0.083853 200.000000 100.810663
0.005203 0.010120 200.000000 11.256485
-0.005511 0.061182 200.000000 67.321936
-0.009951 0.017850 200.000000 16.035971
0.001260 0.075282 200.000000 93.042264
0.004211 0.081759 200.000000 104.942993
-0.006103 0.071313 200.000000 80.135323
0.007265 0.074279 200.000000 98.375130
-0.001193 0.035950 200.000000 38.260712
-0.004076 0.017044 200.000000 13.778450
0.005102 0.010671 200.000000 11.815222
0.005859 0.076638 200.000000 99.937060
0.008011 0.071267 200.000000 95.198636
-0.009043 0.084346 200.000000 94.510336
-0.000912 0.041985 200.000000 46.459532
0.007348 0.008987 200.000000 12.148615
0.008145 0.043935 200.000000 58.839478
-0.009131 0.057306 200.000000 58.934665
0.009179 0.048697 200.000000 66.394277
-0.002175 0.007253 200.000000 9.395471
0.001175 0.074411 200.000000 91.784993
0.005003 0.065996 200.000000 84.740966
-0.004568 0.064520 200.000000 72.652940
0.004288 0.096499 200.000000 124.758288
0.004109 0.073991 200.000000 94.437805
-0.001159 0.093269 200.000000 114.476803
-0.005302 0.095835 200.000000 113.540252
0.009208 0.033327 200.000000 45.964747
-0.008608 0.016325 200.000000 14.766636
0.002600 0.080826 200.000000 101.915132
0.007267 0.038877 200.000000 51.083957
-0.003942 0.090884 200.000000 108.351010
-0.003607 0.004036 200.000000 13.107030
-0.001297 0.064916 200.000000 76.495291
0.008962 0.051616 200.000000 70.034868
0.007565 0.054286 200.000000 71.985860
-0.006588 0.008384 200.000000 13.972105
0.001693 0.060935 200.000000 74.346727
-0.007971 0.014332 200.000000 13.981819
-0.001797 0.013383 200.000000 10.919258
-0.005576 0.009704 200.000000 12.216926
0.002931 0.018342 200.000000 19.307035
-0.007163 0.042181 200.000000 41.144876
-0.006053 0.004333 200.000000 16.181817
0.008280 0.020954 200.000000 28.514926
0.002476 0.002931 200.000000 6.699589
0.005680 0.004725 200.000000 6.195061
-0.002580 0.020916 200.000000 18.254096
-0.009288 0.030568 200.000000 25.874356
0.005149 0.011739 200.000000 13.155399
-0.007857 0.067515 200.000000 73.433457
-0.006801 0.006267 200.000000 15.633715
-0.007625 0.024446 200.000000 20.042404
-0.002814 0.009550 200.000000 9.627630
0.000347 0.046341 200.000000 53.491966
-0.001297 0.079436 200.000000 95.854588
0.006694 0.080141 200.000000 105.568508
0.000461 0.007287 200.000000 7.282437
-0.005064 0.064721 200.000000 72.430688
0.006612 0.094135 200.000000 124.206281
-0.003767 0.058430 200.000000 65.380750
0.005071 0.058885 200.000000 75.309796
-0.008640 0.090644 200.000000 103.251681
0.003969 0.084505 200.000000 108.349023
-0.002036 0.024943 200.000000 23.436986
0.005081 0.031031 200.000000 38.183238
-0.003043 0.004452 200.000000 12.027336
-0.008535 0.034746 200.000000 31.016440
0.008048 0.037404 200.000000 50.023390
-0.006832 0.061699 200.000000 66.747699
0.002923 0.080271 200.000000 101.526876
0.001730 0.022297 200.000000 23.251901
0.000893 0.011920 200.000000 10.224933
0.008822 0.007665 200.000000 12.309612
-0.000103 0.029353 200.000000 30.679989
-0.001187 0.035456 200.000000 37.621475
0.000544 0.039733 200.000000 44.934816
0.001403 0.060286 200.000000 73.168995
0.007909 0.001236 200.000000 5.780566
-0.009001 0.038181 200.000000 34.849686
-0.006798 0.098940 200.000000 116.136837
-0.009077 0.059991 200.000000 62.468131
0.005818 0.084808 200.000000 110.825078
0.008639 0.043960 200.000000 59.446545
-0.005017 0.056055 200.000000 61.038170
0.002268 0.014640 200.000000 14.111636
0.003054 0.004659 200.000000 5.845886
-0.007753 0.098998 200.000000 115.240605
0.009539 0.032362 200.000000 45.077997
-0.003660 0.050019 200.000000 54.385823
0.007726 0.012678 200.000000 17.148393
0.001963 0.085048 200.000000 106.863660
0.003424 0.073975 200.000000 93.658608
0.006736 0.024609 200.000000 31.533217
-0.008631 0.013481 200.000000 14.589413
0.006082 0.054036 200.000000 69.964302
0.004333 0.063494 200.000000 80.648605
-0.001909 0.043673 200.000000 47.713747
0.000826 0.050739 200.000000 59.833642
-0.008688 0.044565 200.000000 42.977669
0.007003 0.084280 200.000000 111.459040
-0.005705 0.005980 200.000000 14.380437
-0.002080 0.086805 200.000000 104.863408
0.007892 0.058166 200.000000 77.545741
0.007176 0.058708 200.000000 77.450606
-0.009767 0.097341 200.000000 111.018019
0.001054 0.063246 200.000000 76.745277
-0.004075 0.069947 200.000000 80.341656
0.007844 0.032470 200.000000 43.225331
0.000133 0.005500 200.000000 7.712795
0.009918 0.082385 200.000000 112.268694
0.001459 0.084346 200.000000 105.374755
-0.001681 0.017714 200.000000 15.133178
0.001569 0.073525 200.000000 91.027807
-0.001563 0.069034 200.000000 81.702345
0.008265 0.031333 200.000000 42.207701
0.001515 0.034223 200.000000 38.636349
-0.005089 0.017882 200.000000 14.427036
-0.009480 0.088985 200.000000 100.225360
-0.008137 0.024708 200.000000 20.188157
0.008293 0.082223 200.000000 110.178766
0.009866 0.057304 200.000000 78.685237
0.001937 0.062671 200.000000 76.927044
0.005997 0.070053 200.000000 91.283123
-0.009661 0.016528 200.000000 15.554091
-0.007262 0.062645 200.000000 67.587768
-0.004704 0.021335 200.000000 17.742584
-0.005524 0.013608 200.000000 12.116834
-0.001364 0.019755 200.000000 17.629227
0.008652 0.030023 200.000000 40.924541
-0.006673 0.078809 200.000000 89.505410
-0.000630 0.073936 200.000000 89.220510
-0.005079 0.024929 200.000000 21.502968
-0.001046 0.030801 200.000000 31.697211
-0.004803 0.096916 200.000000 115.497884
-0.002734 0.004889 200.000000 11.303617
-0.004452 0.005498 200.000000 13.080300
0.002426 0.003863 200.000000 6.322411
-0.009291 0.047591 200.000000 46.337328
0.001554 0.013404 200.000000 12.150791
0.007639 0.023833 200.000000 31.549451
-0.004841 0.048632 200.000000 51.462020
-0.002933 0.048577 200.000000 53.183959
-0.008373 0.061456 200.000000 65.008275
-0.001774 0.013887 200.000000 11.331809
0.006060 0.043615 200.000000 56.027561
0.003397 0.096977 200.000000 124.405763
0.005669 0.081992 200.000000 106.888278
0.006085 0.009591 200.000000 11.505739
0.000220 0.023855 200.000000 23.891077
-0.008315 0.018247 200.000000 15.318008
-0.009205 0.008071 200.000000 17.564543
-0.000980 0.054252 200.000000 62.636247
-0.000457 0.041727 200.000000 46.568498
-0.007269 0.085406 200.000000 97.664852
-0.000960 0.012321 200.000000 10.134962
0.008204 0.009748 200.000000 14.061480
-0.007117 0.098179 200.000000 114.797182
0.005474 0.086774 200.000000 113.068700
0.002250 0.028452 200.000000 31.776987
0.000304 0.056809 200.000000 67.367490
0.000854 0.001964 200.000000 9.148485
0.002475 0.037018 200.000000 43.326974
0.003593 0.018754 200.000000 20.477911
-0.007568 0.049984 200.000000 50.805078
0.007079 0.094829 200.000000 125.664635
-0.006994 0.034154 200.000000 31.267227
-0.000580 0.025881 200.000000 25.784495
0.009514 0.061139 200.000000 83.396382
0.004039 0.028176 200.000000 33.270133
0.002136 0.086349 200.000000 108.794416
0.001421 0.028540 200.000000 31.068502
-0.000813 0.024248 200.000000 23.521388
0.004073 0.092599 200.000000 119.296693
-0.000321 0.005710 200.000000 8.071106
0.003614 0.091790 200.000000 117.704540
-0.006923 0.093133 200.000000 108.281432
-0.004704 0.081313 200.000000 94.815015
0.001279 0.053999 200.000000 64.652908
0.000770 0.070428 200.000000 86.028838
0.001264 0.002673 200.000000 8.099629
-0.008318 0.012952 200.000000 14.348205
-0.009089 0.063622 200.000000 67.191980
-0.004652 0.027646 200.000000 24.923748
0.003495 0.076853 200.000000 97.586317
-0.002964 0.064624 200.000000 74.395428
-0.004402 0.025236 200.000000 22.222121
0.000700 0.063837 200.000000 77.156229
0.003939 0.071373 200.000000 90.748445
-0.007510 0.025711 200.000000 21.349790
-0.007313 0.013622 200.000000 13.398921
0.004977 0.074344 200.000000 95.877304
-0.001563 0.042245 200.000000 46.168524
-0.007928 0.096715 200.000000 112.026610
-0.003812 0.071226 200.000000 82.307008
-0.009545 0.068490 200.000000 73.145127
0.000775 0.063813 200.000000 77.203371
0.000727 0.025710 200.000000 26.726039
-0.009977 0.096013 200.000000 109.048148
-0.008411 0.014826 200.000000 14.376825
-0.007496 0.008365 200.000000 15.131061
-0.004738 0.065622 200.000000 73.943147
0.002933 0.043786 200.000000 52.810615
0.003338 0.066024 200.000000 82.932970
-0.009687 0.012230 200.000000 15.992717
-0.000821 0.017158 200.000000 14.962322
-0.009497 0.091437 200.000000 103.455886
-0.006104 0.029140 200.000000 25.814076
-0.004771 0.015108 200.000000 12.439602
-0.007726 0.083397 200.000000 94.545710
-0.003046 0.052836 200.000000 58.693294
-0.007029 0.099437 200.000000 116.562668
-0.000828 0.074848 200.000000 90.228421
-0.008651 0.027332 200.000000 22.669730
-0.004243 0.092583 200.000000 110.303979
0.007458 0.075548 200.000000 100.292568
0.007102 0.076914 200.000000 101.714159
0.003686 0.067538 200.000000 85.339401
-0.009905 0.057438 200.000000 58.441575
-0.003989 0.062176 200.000000 70.120742
0.003158 0.042002 200.000000 50.676684
0.004992 0.089756 200.000000 116.519838
0.008922 0.089479 200.000000 120.609776
0.006646 0.033192 200.000000 42.807738
-0.005582 0.003739 200.000000 16.056415
0.008331 0.022783 200.000000 30.977801
-0.009614 0.076944 200.000000 84.189555
0.007021 0.063507 200.000000 83.689967
0.004966 0.092171 200.000000 119.722942
0.008230 0.099878 200.000000 133.736564
-0.003252 0.092933 200.000000 111.807677
-0.004913 0.078131 200.000000 90.370453
-0.001398 0.060118 200.000000 70.005167
-0.002407 0.096856 200.000000 117.938519
-0.004883 0.085427 200.000000 100.106556
0.009223 0.037641 200.000000 51.715920
-0.001069 0.034785 200.000000 36.855654
0.003085 0.080870 200.000000 102.507461
-0.001930 0.083549 200.000000 100.675744
-0.007231 0.021247 200.000000 17.161250
-0.004817 0.088076 200.000000 103.702293
0.002595 0.028700 200.000000 32.452534
-0.000313 0.069112 200.000000 83.120037
-0.004305 0.085504 200.000000 100.804681
-0.007720 0.088420 200.000000 101.215558
-0.007446 0.066605 200.000000 72.623397
0.001051 0.080023 200.000000 99.152015
0.001011 0.094255 200.000000 118.139658
0.004672 0.052697 200.000000 66.597017
-0.001729 0.061122 200.000000 70.999730
0.004184 0.041408 200.000000 50.998420
0.008641 0.018772 200.000000 26.091096
-0.006513 0.026341 200.000000 22.403411
-0.009570 0.048211 200.000000 46.906848
0.007434 0.077633 200.000000 103.054389
0.004821 0.090263 200.000000 117.006496
-0.009779 0.085462 200.000000 95.272711
0.008115 0.035057 200.000000 46.980149
0.005614 0.010318 200.000000 11.894979
0.007397 0.066864 200.000000 88.607923
0.003185 0.099707 200.000000 127.824629
-0.006084 0.048049 200.000000 49.586202
-0.000387 0.030555 200.000000 31.978513
-0.000020 0.090757 200.000000 112.343918
0.007147 0.030359 200.000000 39.616773
-0.006359 0.010464 200.000000 12.839477
0.003782 0.064341 200.000000 81.171218
-0.006161 0.043654 200.000000 43.841776
-0.005192 0.008186 200.000000 12.374415
0.008401 0.049629 200.000000 66.732464
0.003560 0.086448 200.000000 110.495084
-0.003979 0.064003 200.000000 72.551883
0.008190 0.032025 200.000000 43.038107
0.009808 0.037929 200.000000 52.790159
-0.004666 0.018127 200.000000 14.657400
0.002095 0.038818 200.000000 45.317298
-0.005614 0.078234 200.000000 89.799561
0.006881 0.078180 200.000000 103.156936
0.003355 0.056888 200.000000 70.743897
-0.009881 0.070889 200.000000 75.980814
0.007576 0.013415 200.000000 17.909188
0.004498 0.075150 200.000000 96.421047
-0.006015 0.042005 200.000000 41.847482
-0.002352 0.098988 200.000000 120.844369
-0.007048 0.067745 200.000000 74.503971
-0.007421 0.061718 200.000000 66.223551
0.007445 0.060177 200.000000 79.721387
-0.002209 0.001995 200.000000 13.057965
0.008586 0.062343 200.000000 83.928262
-0.008776 0.085711 200.000000 96.579167
-0.005431 0.024854 200.000000 21.246698
0.003631 0.041840 200.000000 50.971085
-0.004808 0.026463 200.000000 23.423210
0.006607 0.072918 200.000000 95.806075
-0.002608 0.025614 200.000000 23.845147
0.003302 0.022163 200.000000 24.604108
0.006024 0.051365 200.000000 66.330958
-0.003177 0.004173 200.000000 12.422804
0.004127 0.058140 200.000000 73.265106
0.000074 0.041356 200.000000 46.607814
-0.008079 0.023520 200.000000 19.088716
-0.005361 0.051007 200.000000 54.091432
0.002277 0.024934 200.000000 27.196048
-0.005645 0.044118 200.000000 44.877666
-0.009538 0.002383 200.000000 22.940831
0.007291 0.065606 200.000000 86.804326
-0.009116 0.023155 200.000000 18.730201
-0.004521 0.040367 200.000000 41.003381
-0.006233 0.037321 200.000000 35.727568
-0.008219 0.071273 200.000000 78.038802
-0.009486 0.096273 200.000000 109.880218
-0.003660 0.091424 200.000000 109.365750
-0.009947 0.016362 200.000000 15.756139
0.008878 0.086596 200.000000 116.701392
-0.001756 0.071025 200.000000 84.155190
-0.009809 0.048501 200.000000 47.089816
-0.006252 0.071298 200.000000 79.970018
-0.002476 0.066526 200.000000 77.420885
-0.006378 0.051896 200.000000 54.328653
0.000470 0.031871 200.000000 34.506061
0.008339 0.047328 200.000000 63.589549
0.009622 0.006499 200.000000 11.951639
0.002208 0.057930 200.000000 70.888717
0.007603 0.052143 200.000000 69.167526
-0.001679 0.029368 200.000000 29.300058
-0.009678 0.075355 200.000000 82.036861
-0.008365 0.031438 200.000000 27.257670
-0.002990 0.093685 200.000000 113.087340
0.009228 0.037877 200.000000 52.035184
-0.000464 0.063986 200.000000 76.124823
0.009115 0.037995 200.000000 52.058626
-0.000510 0.031633 200.000000 33.267089
0.000362 0.035508 200.000000 39.177749
-0.001958 0.069456 200.000000 81.854365
0.002084 0.047025 200.000000 56.216270
0.001159 0.080970 200.000000 100.535692
-0.002510 0.063880 200.000000 73.868500
0.008867 0.050162 200.000000 67.983462
-0.009051 0.074018 200.000000 80.867272
-0.008853 0.068957 200.000000 74.397064
0.009653 0.015977 200.000000 23.693699
0.000593 0.010051 200.000000 8.528577
0.002182 0.043608 200.000000 51.773579
-0.000488 0.075241 200.000000 91.113261
0.004459 0.085459 200.000000 110.171924
-0.002315 0.033026 200.000000 33.448618
-0.009599 0.094315 200.000000 107.171178
0.008500 0.032672 200.000000 44.259708
0.006825 0.084816 200.000000 111.974239
-0.004404 0.022198 200.000000 18.782110
0.006394 0.098870 200.000000 130.298449
-0.007537 0.020211 200.000000 16.345138
-0.001174 0.072693 200.000000 86.987615
-0.007143 0.013569 200.000000 13.256562
0.005744 0.061123 200.000000 79.056672
-0.009719 0.033785 200.000000 29.264009
0.005636 0.044239 200.000000 56.382086
0.001786 0.059619 200.000000 72.689283
0.001950 0.097333 200.000000 123.284358
-0.006322 0.080312 200.000000 91.849498
0.003620 0.025454 200.000000 29.238989
-0.001297 0.057939 200.000000 67.211788
-0.000994 0.029249 200.000000 29.740588
0.004676 0.096957 200.000000 125.804788
-0.001138 0.044344 200.000000 49.350783
-0.001842 0.054586 200.000000 62.205417
-0.006161 0.070148 200.000000 78.536121
-0.008686 0.028932 200.000000 24.338813
0.007987 0.066924 200.000000 89.362805
0.003926 0.048022 200.000000 59.533954
0.006394 0.076045 200.000000 99.748855
-0.004340 0.057675 200.000000 63.823355
0.000514 0.047222 200.000000 54.833725
-0.009137 0.029379 200.000000 24.651564
0.005808 0.089485 200.000000 117.072270
0.006615 0.013569 200.000000 17.006541
0.006286 0.086100 200.000000 113.081364
-0.006718 0.072207 200.000000 80.716730
0.003784 0.026196 200.000000 30.387479
-0.001785 0.015147 200.000000 12.457657
0.002847 0.094572 200.000000 120.578157
-0.000308 0.050619 200.000000 58.498717
0.003041 0.090207 200.000000 114.951156
-0.000683 0.086884 200.000000 106.454750
-0.004034 0.092948 200.000000 111.008282
0.004707 0.031715 200.000000 38.679911
-0.002759 0.036459 200.000000 37.493443
0.007121 0.078416 200.000000 103.746351
0.005511 0.040497 200.000000 51.252749
-0.002876 0.050071 200.000000 55.208391
0.003463 0.049168 200.000000 60.556641
-0.003666 0.044796 200.000000 47.527051
-0.006610 0.004239 200.000000 17.037078
0.007248 0.059522 200.000000 78.620598
-0.008244 0.040955 200.000000 38.781972
-0.009529 0.072656 200.000000 78.626086
0.005839 0.050532 200.000000 65.010865
0.009168 0.049659 200.000000 67.663912
0.004402 0.043118 200.000000 53.516231
-0.004963 0.069373 200.000000 78.691692
0.000768 0.067763 200.000000 82.468819
-0.005017 0.057681 200.000000 63.179097
0.001593 0.040377 200.000000 46.862992
0.008014 0.078479 200.000000 104.849673
-0.000226 0.069259 200.000000 83.408042
-0.005298 0.048584 200.000000 50.983987
-0.003946 0.009168 200.000000 10.668686
0.002437 0.048843 200.000000 59.014771
-0.007392 0.002137 200.000000 20.124985
0.009644 0.081045 200.000000 110.158578
0.009752 0.064807 200.000000 88.573746
-0.003931 0.002152 200.000000 15.255337
0.003065 0.021662 200.000000 23.715492
0.005448 0.089049 200.000000 116.084881
0.008023 0.037965 200.000000 50.741708
-0.000734 0.027637 200.000000 27.897198
-0.006731 0.030022 200.000000 26.489473
0.008833 0.047291 200.000000 64.115159
0.005906 0.035659 200.000000 45.252141
-0.009372 0.015101 200.000000 15.198366
0.006876 0.077613 200.000000 102.392287
-0.003214 0.087179 200.000000 104.170516
-0.001957 0.012351 200.000000 10.188341
-0.008135 0.051957 200.000000 52.869543
0.005824 0.086741 200.000000 113.418310
-0.009845 0.046875 200.000000 45.012587
-0.008045 0.015999 200.000000 14.318974
-0.004457 0.067611 200.000000 76.858250
-0.003450 0.058400 200.000000 65.655098
0.004961 0.088348 200.000000 114.600153
0.007226 0.025866 200.000000 33.756427
-0.000284 0.065290 200.000000 78.052505
-0.001954 0.049207 200.000000 54.969834
0.008137 0.031763 200.000000 42.628444
0.002173 0.054628 200.000000 66.446031
-0.002328 0.030516 200.000000 30.218858
0.006374 0.072573 200.000000 95.080651
0.006898 0.014667 200.000000 18.728589
-0.006354 0.097897 200.000000 115.203184
-0.009916 0.080090 200.000000 88.048601
0.007521 0.036089 200.000000 47.662743
0.008122 0.091837 200.000000 122.848719
-0.006931 0.091398 200.000000 105.964974
0.002880 0.079001 200.000000 99.781155
-0.009883 0.072912 200.000000 78.634441
-0.003077 0.006155 200.000000 10.907690
-0.006858 0.054066 200.000000 56.726504
0.006591 0.022378 200.000000 28.426938
-0.003666 0.089410 200.000000 106.673441
-0.007693 0.078930 200.000000 88.660319
0.008740 0.033537 200.000000 45.691577
0.005155 0.024026 200.000000 28.997759
-0.008921 0.061473 200.000000 64.537420
-0.001822 0.055445 200.000000 63.364743
0.009062 0.048137 200.000000 65.510038
-0.002356 0.074892 200.000000 88.683156
-0.002221 0.047745 200.000000 52.777789
0.005999 0.075007 200.000000 97.913237
-0.009496 0.042079 200.000000 39.288449
0.009049 0.067611 200.000000 91.505714
-0.001319 0.008145 200.000000 8.480831
-0.009046 0.003762 200.000000 20.902373
0.007779 0.072638 200.000000 96.767054
0.007142 0.036236 200.000000 47.424043
0.009700 0.053137 200.000000 72.927210
-0.007258 0.061033 200.000000 65.476983
0.004179 0.014590 200.000000 15.746252
-0.007932 0.058140 200.000000 61.075567
0.000082 0.051557 200.000000 60.147301
0.007975 0.099464 200.000000 132.889687
-0.009972 0.033563 200.000000 28.893677
-0.006914 0.090145 200.000000 104.315683
0.007995 0.090986 200.000000 121.564533
0.004644 0.007183 200.000000 7.593680
0.004734 0.052429 200.000000 66.307904
0.008623 0.082933 200.000000 111.507044
0.000320 0.081521 200.000000 100.365680
0.007856 0.097659 200.000000 130.338067
0.002666 0.079760 200.000000 100.560699
0.006609 0.021387 200.000000 27.143669
-0.009800 0.037385 200.000000 33.405583
0.009375 0.047213 200.000000 64.643093
-0.001843 0.073161 200.000000 86.910848
0.001390 0.086736 200.000000 108.495960
-0.006360 0.005247 200.000000 15.833853
0.008717 0.044038 200.000000 59.641113
0.000773 0.051296 200.000000 60.520627
0.003942 0.024997 200.000000 28.975877
0.007272 0.037585 200.000000 49.368424
0.008813 0.015768 200.000000 22.398427
-0.006738 0.098078 200.000000 115.050064
0.004373 0.035574 200.000000 43.441375
0.002130 0.009198 200.000000 8.162980
0.006135 0.009322 200.000000 11.238325
0.007119 0.060007 200.000000 79.121306
-0.000358 0.030585 200.000000 32.044110
0.002449 0.041556 200.000000 49.326497
-0.008827 0.064654 200.000000 68.777909
-0.003439 0.088165 200.000000 105.250912
0.006710 0.060545 200.000000 79.375383
0.005064 0.098433 200.000000 128.214376
0.007798 0.025566 200.000000 34.022567
0.001627 0.067718 200.000000 83.332482
0.002847 0.021649 200.000000 23.483188
0.000408 0.016238 200.000000 14.655537
0.009618 0.071807 200.000000 97.774653
0.005125 0.020911 200.000000 24.873449
-0.006615 0.033531 200.000000 30.760271
0.005189 0.046161 200.000000 58.447229
0.006790 0.033459 200.000000 43.325747
-0.001700 0.009590 200.000000 8.882574
-0.002695 0.060661 200.000000 69.404823
-0.001073 0.073548 200.000000 88.234674
-0.003690 0.040055 200.000000 41.327881
-0.003218 0.004987 200.000000 11.851204
0.008804 0.062933 200.000000 84.968217
-0.006453 0.076388 200.000000 86.513148
-0.002312 0.028516 200.000000 27.692200
-0.004116 0.048685 200.000000 52.202359
-0.003416 0.062210 200.000000 70.735644
-0.001519 0.007278 200.000000 8.751157
0.005424 0.051398 200.000000 65.701417
-0.009937 0.005444 200.000000 20.642065
-0.002466 0.002496 200.000000 12.932395
0.009232 0.043667 200.000000 59.749411
0.000473 0.090783 200.000000 112.910978
-0.005665 0.008989 200.000000 12.572405
-0.006163 0.002597 200.000000 17.937067
-0.008052 0.063261 200.000000 67.663390
0.006859 0.062265 200.000000 81.845050
0.007729 0.090635 200.000000 120.791328
-0.008065 0.024812 200.000000 20.302481
0.000044 0.012524 200.000000 10.501441
-0.003188 0.065250 200.000000 75.000210
0.000520 0.034063 200.000000 37.431866
-0.009482 0.063927 200.000000 67.237191
-0.008966 0.025643 200.000000 20.927970
0.002149 0.033371 200.000000 38.158275
0.001243 0.007638 200.000000 7.086337
0.007032 0.076064 200.000000 100.496993
-0.002370 0.064941 200.000000 75.422052
-0.006321 0.097171 200.000000 114.269697
0.003160 0.066978 200.000000 84.011170
0.006961 0.079499 200.000000 105.012855
0.002728 0.091471 200.000000 116.297106
-0.008924 0.084173 200.000000 94.396733
-0.009869 0.088810 200.000000 99.612907
-0.004851 0.062424 200.000000 69.600442
0.005884 0.087151 200.000000 114.034571
0.003306 0.092148 200.000000 117.842579
-0.009663 0.019965 200.000000 16.715199
0.003658 0.057451 200.000000 71.828855
0.002603 0.003417 200.000000 6.354513
-0.002350 0.075624 200.000000 89.665284
0.004255 0.007828 200.000000 7.954741
-0.006010 0.009562 200.000000 12.744367
0.000423 0.008711 200.000000 7.733956
-0.008684 0.098570 200.000000 113.731153
-0.005390 0.092068 200.000000 108.429347
-0.002877 0.079899 200.000000 94.814857
0.000111 0.007514 200.000000 7.502464
0.007350 0.012335 200.000000 16.278304
-0.002616 0.008678 200.000000 9.506178
0.000719 0.072795 200.000000 89.135540
-0.001104 0.087339 200.000000 106.612989
0.002150 0.046694 200.000000 55.846124
-0.003356 0.066280 200.000000 76.198998
-0.001122 0.095950 200.000000 118.099990
-0.000864 0.061370 200.000000 72.222712
0.006885 0.022065 200.000000 28.350373
-0.005646 0.020365 200.000000 16.540233
0.002013 0.018544 200.000000 18.723708
-0.000278 0.014876 200.000000 12.740497
0.002628 0.003380 200.000000 6.350642
0.009944 0.088816 200.000000 120.901282
-0.005142 0.072992 200.000000 83.313587
0.007215 0.063981 200.000000 84.544592
-0.006338 0.005205 200.000000 15.838755
0.006558 0.016627 200.000000 20.871553
-0.009859 0.017333 200.000000 15.848206
0.006565 0.042043 200.000000 54.501410
0.004158 0.004897 200.000000 5.751756
0.000967 0.039374 200.000000 44.889940
0.003176 0.044005 200.000000 53.363367
0.006730 0.078774 200.000000 103.779987
-0.000356 0.072154 200.000000 87.132591
0.001608 0.055733 200.000000 67.313370
0.006897 0.015029 200.000000 19.192148
0.002653 0.088874 200.000000 112.738868
-0.008190 0.033963 200.000000 30.291629
-0.008843 0.029959 200.000000 25.389502
-0.002911 0.041521 200.000000 43.943193
-0.007207 0.079966 200.000000 90.509949
0.006467 0.091440 200.000000 120.434095
0.005375 0.074208 200.000000 96.142085
-0.003333 0.071150 200.000000 82.694257
-0.007364 0.042895 200.000000 41.892285
-0.001767 0.074901 200.000000 89.310656
-0.009404 0.063621 200.000000 66.906174
0.009339 0.066836 200.000000 90.805226
0.004841 0.064981 200.000000 83.202911
0.009006 0.002828 200.000000 7.578879
-0.004317 0.031412 200.000000 29.773119
-0.009495 0.071204 200.000000 76.751964
-0.001286 0.083738 200.000000 101.609232
-0.006084 0.007025 200.000000 14.148519
0.005913 0.047210 200.000000 60.658515
0.009903 0.022303 200.000000 32.236059
-0.000431 0.041586 200.000000 46.408550
-0.005310 0.045467 200.000000 46.917018
-0.008299 0.019093 200.000000 15.761163
0.000440 0.041874 200.000000 47.664049
-0.008029 0.034603 200.000000 31.150254
0.004741 0.025143 200.000000 30.020205
0.003895 0.093979 200.000000 120.946505
0.005429 0.003419 200.000000 5.422729
0.003554 0.049578 200.000000 61.203350
0.008022 0.081249 200.000000 108.565210
0.004249 0.045149 200.000000 56.057060
-0.008178 0.053853 200.000000 55.286024
0.006111 0.054092 200.000000 70.072067
-0.003753 0.082660 200.000000 97.585458
-0.006001 0.089263 200.000000 104.069570
-0.007362 0.088792 200.000000 102.068038
-0.004132 0.050280 200.000000 54.282150
-0.006181 0.043926 200.000000 44.175270
0.000488 0.048390 200.000000 56.357675
-0.005345 0.086846 200.000000 101.522764
0.007376 0.074455 200.000000 98.736932
-0.003203 0.014521 200.000000 11.792881
-0.002887 0.057381 200.000000 64.863611
0.003377 0.048723 200.000000 59.870310
0.006672 0.062549 200.000000 82.011363
0.009250 0.052366 200.000000 71.372960
-0.002799 0.073979 200.000000 87.008217
-0.001853 0.008935 200.000000 8.889977
-0.006296 0.080535 200.000000 92.171162
-0.000597 0.023025 200.000000 22.162388
-0.006498 0.051627 200.000000 53.869775
0.005079 0.067703 200.000000 87.109079
-0.008485 0.091793 200.000000 104.930130
0.005548 0.068098 200.000000 88.162778
-0.008071 0.092664 200.000000 106.500299
0.003251 0.024035 200.000000 26.997347
0.002603 0.053683 200.000000 65.646868
0.005743 0.093527 200.000000 122.410936
-0.008438 0.054708 200.000000 56.167565
0.007713 0.003690 200.000000 6.977062
0.002187 0.002312 200.000000 7.373627
0.006347 0.009750 200.000000 11.969019
-0.000798 0.004027 200.000000 9.519032
0.006099 0.012244 200.000000 14.768231
0.007862 0.044628 200.000000 59.435815
0.003186 0.065695 200.000000 82.325137
-0.008814 0.063098 200.000000 66.754990
-0.005618 0.068651 200.000000 77.087944
0.008395 0.082266 200.000000 110.352494
-0.003713 0.096227 200.000000 115.718800
-0.000332 0.071869 200.000000 86.777958
-0.004866 0.069228 200.000000 78.596816
0.009246 0.058316 200.000000 79.312917
-0.002524 0.040434 200.000000 42.880695
0.002263 0.086370 200.000000 108.960847
-0.007250 0.091754 200.000000 106.115726
-0.009019 0.064488 200.000000 68.386793
-0.005981 0.041341 200.000000 41.026127
0.003371 0.002999 200.000000 5.961789
-0.002529 0.053970 200.000000 60.703033
0.003341 0.045746 200.000000 55.861469
-0.003158 0.029456 200.000000 28.208561
0.009552 0.038991 200.000000 53.899909
0.002834 0.075948 200.000000 95.646783
0.003837 0.095812 200.000000 123.335713
-0.009497 0.076139 200.000000 83.238867
-0.007745 0.061663 200.000000 65.852616
0.003465 0.019431 200.000000 21.222905
0.009670 0.098356 200.000000 133.351201
0.006854 0.050041 200.000000 65.504302
0.001441 0.013800 200.000000 12.525619
-0.007965 0.017449 200.000000 14.795163
-0.000486 0.072226 200.000000 87.090601
0.007745 0.075413 200.000000 100.439145
0.007598 0.059846 200.000000 79.454126
-0.007561 0.092449 200.000000 106.726445
-0.009123 0.091809 200.000000 104.318358
-0.000668 0.085248 200.000000 104.284736
0.002376 0.086450 200.000000 109.191671
0.003638 0.092363 200.000000 118.497960
-0.001149 0.052683 200.000000 60.380974
-0.007840 0.003160 200.000000 19.762291
0.003859 0.013320 200.000000 13.866087
0.001287 0.021966 200.000000 22.422320
-0.003042 0.018611 200.000000 15.508570
0.005452 0.023904 200.000000 29.163422
-0.002436 0.043019 200.000000 46.349916
-0.000186 0.034480 200.000000 37.293202
0.006029 0.001287 200.000000 5.378953
0.003597 0.054760 200.000000 68.167939
0.004951 0.011515 200.000000 12.687898
-0.008117 0.097895 200.000000 113.404304
0.002380 0.064409 200.000000 79.726961
0.004753 0.006305 200.000000 6.875661
0.002709 0.096570 200.000000 123.099541
0.003290 0.087190 200.000000 111.189532
-0.002916 0.014686 200.000000 11.907851
-0.001658 0.057625 200.000000 66.425492
-0.008744 0.045289 200.000000 43.848860
0.006578 0.022998 200.000000 29.228069
0.000560 0.032572 200.000000 35.513467
0.009636 0.098509 200.000000 133.516641
0.007464 0.052583 200.000000 69.595326
-0.008087 0.018308 200.000000 15.259979
-0.004609 0.033183 200.000000 31.768940
0.002680 0.037970 200.000000 44.806359
-0.003269 0.065358 200.000000 75.061931
0.007443 0.085231 200.000000 113.231850
0.004166 0.059457 200.000000 75.069055
-0.006506 0.012068 200.000000 12.708654
0.009246 0.098004 200.000000 132.391586
-0.006878 0.081280 200.000000 92.579377
0.008911 0.053500 200.000000 72.491177
0.006236 0.065482 200.000000 85.439072
0.009100 0.050641 200.000000 68.895307
-0.000805 0.033022 200.000000 34.802173
-0.003095 0.062672 200.000000 71.671212
0.007570 0.005642 200.000000 8.634807
-0.007655 0.096696 200.000000 112.277780
-0.009082 0.082118 200.000000 91.526648
-0.005914 0.083408 200.000000 96.371480
-0.006189 0.059909 200.000000 64.998600
0.005564 0.088341 200.000000 115.266393
0.002545 0.084812 200.000000 107.186130
0.002323 0.086337 200.000000 108.983289
0.000665 0.013533 200.000000 11.775933
0.004472 0.021466 200.000000 24.901992
-0.001316 0.043283 200.000000 47.774903
-0.005160 0.065046 200.000000 72.766399
0.007581 0.026174 200.000000 34.574195
0.006009 0.089384 200.000000 117.163690
0.003256 0.010698 200.000000 10.278889
-0.000185 0.084903 200.000000 104.341213
-0.009647 0.029319 200.000000 24.418616
0.004263 0.096962 200.000000 125.349136
-0.006530 0.067899 200.000000 75.204545
-0.004957 0.023793 200.000000 20.288081
0.001266 0.019680 200.000000 19.504227
-0.003673 0.062022 200.000000 70.229949
0.000385 0.015022 200.000000 13.252203
-0.000127 0.093093 200.000000 115.350637
-0.003265 0.007134 200.000000 10.620518
-0.002475 0.072697 200.000000 85.636263
0.007147 0.087063 200.000000 115.348204
0.005502 0.008039 200.000000 9.157039
0.009980 0.021797 200.000000 31.668410
0.004400 0.039717 200.000000 48.984110
0.009094 0.038624 200.000000 52.871605
-0.001607 0.009984 200.000000 8.938564
-0.006697 0.007135 200.000000 14.875097
-0.000781 0.023390 200.000000 22.471053
-0.009637 0.038724 200.000000 35.104088
-0.002357 0.065094 200.000000 75.638569
-0.007683 0.088520 200.000000 101.384846
-0.008686 0.064123 200.000000 68.212341
-0.005717 0.050898 200.000000 53.624274
-0.007467 0.023782 200.000000 19.431999
0.004540 0.048268 200.000000 60.538521
0.002792 0.054057 200.000000 66.351117
-0.003153 0.075027 200.000000 88.038612
-0.001693 0.090269 200.000000 109.899299
-0.009579 0.007711 200.000000 18.324503
-0.004324 0.007023 200.000000 11.928603
-0.000836 0.022288 200.000000 21.059289
-0.008567 0.051959 200.000000 52.507140
-0.005620 0.098480 200.000000 116.736255
0.008118 0.020493 200.000000 27.717969
-0.005590 0.089956 200.000000 105.411716
0.006599 0.077823 200.000000 102.358951
-0.009447 0.076525 200.000000 83.795350
0.004773 0.022783 200.000000 26.949517
-0.008219 0.004156 200.000000 19.366330
0.006114 0.013015 200.000000 15.752392
0.005399 0.029234 200.000000 36.150202
-0.006537 0.005072 200.000000 16.220976
-0.005460 0.091259 200.000000 107.279714
-0.009503 0.081964 200.000000 90.916268
0.009865 0.070677 200.000000 96.550837
0.006595 0.065980 200.000000 86.512383
0.000783 0.046444 200.000000 54.078442
0.009229 0.007745 200.000000 12.899729
-0.008369 0.086108 200.000000 97.505145
0.002282 0.085824 200.000000 108.251317
-0.001143 0.082486 200.000000 100.089786
0.004591 0.093100 200.000000 120.547104
0.002909 0.089123 200.000000 113.354500
-0.001820 0.098884 200.000000 121.272527
-0.000691 0.069483 200.000000 83.215327
-0.005070 0.008623 200.000000 12.038786
-0.006222 0.002315 200.000000 18.293964
-0.004942 0.056530 200.000000 61.734251
-0.006738 0.029350 200.000000 25.702895
0.008001 0.085068 200.000000 113.651185
-0.008657 0.030579 200.000000 26.151534
0.000843 0.012605 200.000000 10.890436
-0.007992 0.070954 200.000000 77.834886
0.008670 0.072776 200.000000 97.974699
-0.005598 0.023347 200.000000 19.533485
0.005820 0.039516 200.000000 50.291321
0.004292 0.069002 200.000000 87.969513
0.002073 0.065443 200.000000 80.775134
-0.004412 0.016958 200.000000 13.689940
-0.008005 0.056993 200.000000 59.515218
0.004704 0.042019 200.000000 52.384970
0.004994 0.028409 200.000000 34.611650
-0.007315 0.025631 200.000000 21.329688
-0.000052 0.095057 200.000000 118.058231
0.006673 0.024718 200.000000 31.605558
0.002156 0.005735 200.000000 6.284330
0.007414 0.064857 200.000000 85.942027
0.005944 0.016693 200.000000 20.273484
-0.006062 0.089707 200.000000 104.598066
0.002098 0.094505 200.000000 119.663435
-0.008824 0.056789 200.000000 58.530388
-0.006941 0.036931 200.000000 34.717372
0.006932 0.082049 200.000000 108.392734
0.000676 0.058079 200.000000 69.451892
-0.006852 0.061253 200.000000 66.143161
0.009893 0.076307 200.000000 104.110930
0.004610 0.071866 200.000000 92.153221
0.005206 0.038502 200.000000 48.255223
0.003447 0.086113 200.000000 109.921965
-0.000386 0.004573 200.000000 8.686067
0.002403 0.016068 200.000000 15.967999
-0.009085 0.028820 200.000000 24.078691
0.007916 0.058443 200.000000 77.943392
0.008000 0.053776 200.000000 71.805807
0.003010 0.066996 200.000000 83.871867
-0.009214 0.025433 200.000000 20.695443
0.009915 0.071853 200.000000 98.182255
0.002484 0.098126 200.000000 124.933445
0.005562 0.073005 200.000000 94.742652
-0.007560 0.019970 200.000000 16.170343
-0.000984 0.053652 200.000000 61.835600
0.002039 0.094135 200.000000 119.104004
-0.002545 0.016177 200.000000 13.242571
0.000846 0.056394 200.000000 67.385533
-0.009087 0.042051 200.000000 39.540771
-0.005780 0.014330 200.000000 12.485425
-0.008766 0.007212 200.000000 17.586565
0.003446 0.098420 200.000000 126.392137
0.006982 0.012108 200.000000 15.572102
0.004311 0.036519 200.000000 44.629504
0.008427 0.051088 200.000000 68.710643
-0.001970 0.078683 200.000000 94.140731
-0.009068 0.087045 200.000000 98.058813
0.003441 0.078717 200.000000 100.019313
0.006008 0.048314 200.000000 62.239205
-0.002583 0.048743 200.000000 53.741419
-0.004363 0.098745 200.000000 118.397058
0.007340 0.064274 200.000000 85.078090
0.006199 0.019218 200.000000 23.840866
0.006837 0.076698 200.000000 101.123898
-0.008641 0.009029 200.000000 16.207648
-0.009320 0.040725 200.000000 37.742244
-0.009442 0.067541 200.000000 71.996060
-0.000616 0.081354 200.000000 99.138420
-0.000920 0.067198 200.000000 79.928283
-0.004752 0.076837 200.000000 88.812417
0.003188 0.080400 200.000000 101.991786
-0.000588 0.018654 200.000000 16.833711
-0.007068 0.061310 200.000000 66.015973
0.003807 0.074669 200.000000 95.010398
0.003015 0.080963 200.000000 102.553368
-0.008987 0.062743 200.000000 66.136162
-0.009275 0.045631 200.000000 43.876156
0.007419 0.014297 200.000000 18.852218
-0.003613 0.068616 200.000000 79.041562
0.009154 0.005341 200.000000 10.111976
-0.009945 0.026130 200.000000 21.246418
-0.003441 0.045963 200.000000 49.264736
-0.004407 0.037937 200.000000 37.974039
0.005824 0.068501 200.000000 89.012132
-0.000466 0.076091 200.000000 92.270673
-0.009700 0.028519 200.000000 23.583095
0.005178 0.020357 200.000000 24.206986
-0.006536 0.027048 200.000000 23.180074
-0.007148 0.086130 200.000000 98.746664
-0.004390 0.050100 200.000000 53.803101
0.002475 0.011796 200.000000 10.953670
0.004601 0.095969 200.000000 124.398077
0.003677 0.032968 200.000000 39.227635
-0.008489 0.050933 200.000000 51.251803
-0.008656 0.020700 200.000000 16.855691
-0.001737 0.011711 200.000000 9.761721
-0.001709 0.020063 200.000000 17.776401
-0.004480 0.093852 200.000000 111.749447
-0.004471 0.093685 200.000000 111.535796
0.009439 0.094902 200.000000 128.463294
0.000880 0.081576 200.000000 101.042419
-0.006169 0.096890 200.000000 114.050875
0.009695 0.077903 200.000000 106.015292
