0.000000 0.100000 100.000000 116.835470
-0.006475 0.004184 100.000000 16.872079
0.000287 0.065128 100.000000 73.204145
0.008232 0.001912 100.000000 6.297513
0.005733 0.086630 100.000000 106.702390
-0.006061 0.076124 100.000000 79.979920
0.001875 0.039256 100.000000 42.510907
0.001333 0.089042 100.000000 104.555152
0.003031 0.065896 100.000000 77.337444
-0.004986 0.081492 100.000000 87.881118
0.008961 0.061646 100.000000 79.075774
0.003142 0.089140 100.000000 106.797015
-0.004135 0.048347 100.000000 47.400029
0.008785 0.057056 100.000000 73.075200
-0.001525 0.088811 100.000000 100.969582
-0.000114 0.035504 100.000000 35.669892
0.003561 0.099916 100.000000 120.899762
0.006004 0.028972 100.000000 34.412531
0.004561 0.067775 100.000000 81.508238
-0.005399 0.018951 100.000000 13.235059
0.001071 0.013086 100.000000 10.348499
0.007735 0.001946 100.000000 5.956462
0.002444 0.039206 100.000000 43.089665
-0.006134 0.006613 100.000000 14.334205
0.006580 0.092528 100.000000 115.165978
-0.001123 0.079027 100.000000 89.100120
-0.001387 0.072232 100.000000 80.247755
0.008095 0.025013 100.000000 32.013266
0.002781 0.061920 100.000000 72.034042
-0.004879 0.025300 100.000000 19.360736
-0.001830 0.048207 100.000000 49.636486
-0.006982 0.015234 100.000000 12.020614
-0.000182 0.023225 100.000000 20.639720
-0.007030 0.071497 100.000000 73.165714
-0.008068 0.090455 100.000000 95.762989
0.001634 0.087962 100.000000 103.543182
-0.003430 0.042326 100.000000 40.684590
0.005017 0.090660 100.000000 110.938173
-0.002416 0.009657 100.000000 8.655615
0.002448 0.030263 100.000000 31.932406
0.008352 0.073920 100.000000 93.813904
-0.002018 0.053445 100.000000 55.973990
-0.001335 0.089549 100.000000 102.116690
0.004370 0.050439 100.000000 59.430171
-0.005489 0.049947 100.000000 48.010496
0.003992 0.042465 100.000000 48.957105
-0.002569 0.006123 100.000000 10.145499
0.005145 0.038758 100.000000 45.654536
-0.006811 0.027153 100.000000 20.203352
0.007948 0.090855 100.000000 114.703218
-0.001056 0.068463 100.000000 75.878814
0.009706 0.029872 100.000000 40.078348
0.001637 0.031650 100.000000 32.766761
-0.002829 0.041622 100.000000 40.423687
-0.004270 0.026052 100.000000 20.578962
-0.008404 0.008333 100.000000 16.061031
0.006738 0.061429 100.000000 76.102588
0.007069 0.021336 100.000000 26.195772
-0.001593 0.044147 100.000000 44.833527
0.008965 0.027750 100.000000 36.502400
-0.003675 0.002506 100.000000 14.575636
0.001956 0.012443 100.000000 10.288644
0.002782 0.068263 100.000000 80.031833
-0.007326 0.035161 100.000000 28.626728
-0.000391 0.051533 100.000000 55.362171
0.006837 0.033650 100.000000 41.267099
0.008756 0.037020 100.000000 47.839001
0.009892 0.065800 100.000000 85.456444
0.008931 0.095252 100.000000 121.448064
-0.009883 0.052708 100.000000 47.206432
-0.002664 0.088881 100.000000 99.764386
-0.002075 0.010656 100.000000 8.494719
-0.005004 0.048572 100.000000 46.801022
-0.005193 0.056435 100.000000 56.337371
-0.008732 0.059113 100.000000 56.087968
0.002714 0.008553 100.000000 7.221158
-0.004892 0.017532 100.000000 12.261852
0.001834 0.072231 100.000000 83.930706
0.003420 0.060740 100.000000 71.293071
0.009498 0.012075 100.000000 17.957526
-0.008061 0.059553 100.000000 57.289092
-0.003461 0.082609 100.000000 90.974373
0.002103 0.067435 100.000000 78.196142
-0.001313 0.081756 100.000000 92.320933
0.004130 0.015540 100.000000 15.746567
-0.002841 0.035443 100.000000 32.838404
-0.002739 0.095711 100.000000 108.283147
0.007066 0.004992 100.000000 7.383096
0.003945 0.007441 100.000000 6.981017
-0.001724 0.074325 100.000000 82.501204
-0.006883 0.051865 100.000000 48.994349
-0.005956 0.014753 100.000000 11.320327
0.004926 0.007956 100.000000 8.137337
0.007620 0.033232 100.000000 41.695384
-0.009302 0.087799 100.000000 91.116372
0.003358 0.013156 100.000000 12.212956
0.003670 0.070978 100.000000 84.497135
-0.008840 0.048685 100.000000 43.298757
-0.001063 0.055648 100.000000 59.777981
-0.000774 0.078759 100.000000 89.159776
0.009843 0.099838 100.000000 128.347287
-0.001739 0.014230 100.000000 10.211858
0.009135 0.099226 100.000000 126.713857
0.003647 0.089602 100.000000 107.975701
0.004991 0.077005 100.000000 93.665601
-0.007613 0.019067 100.000000 13.494683
-0.004698 0.077602 100.000000 83.314998
0.000370 0.073826 100.000000 84.253672
0.001591 0.062392 100.000000 71.251045
-0.003435 0.088018 100.000000 97.808988
0.008166 0.067187 100.000000 85.093649
-0.002435 0.010488 100.000000 8.670789
0.004459 0.045744 100.000000 53.625256
-0.009594 0.051083 100.000000 45.509275
0.000632 0.036593 100.000000 37.818609
0.000300 0.090791 100.000000 105.563421
0.001872 0.047674 100.000000 53.060600
0.005826 0.066799 100.000000 81.782864
0.001506 0.037320 100.000000 39.682013
-0.009481 0.085899 100.000000 88.552186
-0.008624 0.094955 100.000000 100.800003
0.000985 0.001746 100.000000 9.209119
0.001756 0.012012 100.000000 9.726111
-0.001633 0.057074 100.000000 60.936614
-0.000641 0.061814 100.000000 67.987088
-0.004519 0.065918 100.000000 68.871158
-0.009614 0.068124 100.000000 66.320556
0.001128 0.058025 100.000000 65.223725
0.008677 0.043714 100.000000 56.149651
-0.000018 0.049501 100.000000 53.229481
0.006407 0.050265 100.000000 61.633909
0.002902 0.038121 100.000000 42.250426
0.008271 0.072143 100.000000 91.474188
0.006907 0.042031 100.000000 51.872731
0.003571 0.016776 100.000000 16.630523
-0.003346 0.095026 100.000000 106.732673
0.001627 0.010743 100.000000 8.494081
-0.007591 0.049079 100.000000 44.916648
-0.005102 0.091695 100.000000 100.571493
-0.007836 0.037448 100.000000 30.863844
0.003992 0.056328 100.000000 66.404262
0.009544 0.010680 100.000000 16.378495
-0.002318 0.019372 100.000000 14.672904
0.009924 0.004315 100.000000 9.944345
0.006476 0.056263 100.000000 69.274602
0.008143 0.068727 100.000000 87.009458
0.008049 0.075703 100.000000 95.697583
-0.006387 0.089964 100.000000 96.977491
-0.004318 0.029339 100.000000 24.262463
-0.009397 0.071220 100.000000 70.370564
-0.008241 0.015910 100.000000 12.953708
-0.004779 0.017777 100.000000 12.434292
-0.006927 0.067289 100.000000 68.031341
0.005139 0.096398 100.000000 118.329811
0.000405 0.074923 100.000000 85.674947
0.004391 0.039197 100.000000 45.318445
0.002146 0.019513 100.000000 18.446910
0.008433 0.039866 100.000000 51.014218
-0.005426 0.015549 100.000000 11.301548
0.008665 0.015095 100.000000 20.517981
0.006934 0.060061 100.000000 74.614919
0.004201 0.092712 100.000000 112.559759
0.005812 0.028364 100.000000 33.424154
0.000301 0.079413 100.000000 91.216079
-0.008590 0.013052 100.000000 13.696361
-0.008478 0.078096 100.000000 79.872452
-0.000985 0.059952 100.000000 65.263715
-0.006842 0.081072 100.000000 85.332683
0.001074 0.081733 100.000000 95.032472
0.006547 0.005708 100.000000 7.512663
-0.003736 0.004373 100.000000 12.960184
0.003671 0.018730 100.000000 19.082876
-0.009038 0.070974 100.000000 70.432252
-0.002083 0.072983 100.000000 80.410833
-0.000828 0.046301 100.000000 48.338709
0.003783 0.074605 100.000000 89.206554
0.005648 0.065250 100.000000 79.614859
0.000813 0.044676 100.000000 48.108823
0.005270 0.077233 100.000000 94.285247
0.007184 0.092234 100.000000 115.522723
0.002558 0.048804 100.000000 55.264753
0.000515 0.087868 100.000000 102.123921
-0.002320 0.059039 100.000000 62.645030
-0.007647 0.033699 100.000000 26.740024
-0.005786 0.005008 100.000000 15.184516
-0.002430 0.007905 100.000000 9.070564
-0.005626 0.085620 100.000000 92.359717
0.005053 0.086694 100.000000 105.972037
-0.009418 0.068994 100.000000 67.591924
-0.006304 0.077300 100.000000 81.191048
-0.003525 0.011179 100.000000 9.409381
-0.007420 0.079984 100.000000 83.350810
0.007512 0.099329 100.000000 124.877718
-0.008672 0.099770 100.000000 106.785475
0.007842 0.069949 100.000000 88.185220
-0.004062 0.027575 100.000000 22.441358
0.002269 0.030940 100.000000 32.577198
0.008450 0.042635 100.000000 54.513696
-0.004058 0.061910 100.000000 64.356032
0.000248 0.008244 100.000000 7.043376
0.007087 0.027987 100.000000 34.484777
-0.000583 0.045116 100.000000 47.124898
-0.000642 0.063676 100.000000 70.326046
-0.002369 0.042233 100.000000 41.648395
-0.008954 0.065298 100.000000 63.487675
0.002864 0.059655 100.000000 69.276436
0.003286 0.005065 100.000000 5.680365
-0.008985 0.083610 100.000000 86.219405
0.001796 0.037846 100.000000 40.660062
-0.003208 0.089087 100.000000 99.410278
-0.001994 0.072313 100.000000 79.668410
0.004474 0.059837 100.000000 71.394651
0.003344 0.094331 100.000000 113.590592
0.002755 0.094856 100.000000 113.559378
0.005161 0.016380 100.000000 17.879957
-0.008808 0.084882 100.000000 87.995430
-0.001508 0.008598 100.000000 8.077161
0.006867 0.045119 100.000000 55.709537
0.008628 0.082879 100.000000 105.456816
-0.002977 0.051679 100.000000 52.742251
0.003183 0.029544 100.000000 31.857048
0.006271 0.067970 100.000000 83.793058
-0.003707 0.030020 100.000000 25.553768
0.001556 0.075217 100.000000 87.373599
0.003629 0.087215 100.000000 104.941050
0.001030 0.085548 100.000000 99.794354
0.001028 0.064134 100.000000 72.799009
-0.007356 0.026640 100.000000 19.426783
0.007131 0.037616 100.000000 46.597951
-0.006191 0.012782 100.000000 11.415931
-0.007081 0.098543 100.000000 106.987741
0.001766 0.054848 100.000000 61.955923
0.001410 0.039462 100.000000 42.250615
0.003685 0.086372 100.000000 103.942855
-0.001050 0.086676 100.000000 98.821101
-0.008707 0.085716 100.000000 89.145686
-0.009086 0.094351 100.000000 99.544791
-0.009766 0.049896 100.000000 43.931631
0.008912 0.085276 100.000000 108.829561
-0.001653 0.050068 100.000000 52.150295
-0.005650 0.062340 100.000000 63.204023
-0.000279 0.075151 100.000000 85.179677
0.000530 0.067014 100.000000 75.854697
-0.009621 0.045059 100.000000 38.311863
0.006193 0.045804 100.000000 55.760107
-0.004008 0.034803 100.000000 30.970657
0.003029 0.078338 100.000000 93.029722
0.000578 0.041159 100.000000 43.452148
0.004905 0.025990 100.000000 29.402035
0.001190 0.027656 100.000000 27.356156
-0.003201 0.014920 100.000000 10.562125
-0.005861 0.042648 100.000000 38.727666
-0.001287 0.066159 100.000000 72.723131
0.007773 0.092919 100.000000 117.098067
0.006763 0.077771 100.000000 96.752999
-0.006460 0.083682 100.000000 89.017299
0.006286 0.079551 100.000000 98.427035
-0.001866 0.034965 100.000000 33.208992
-0.006434 0.031275 100.000000 24.877767
0.005354 0.052658 100.000000 63.389044
0.007555 0.053663 100.000000 67.301425
-0.000795 0.015022 100.000000 11.197484
0.000897 0.058616 100.000000 65.704151
-0.004752 0.001968 100.000000 16.589094
-0.004554 0.038043 100.000000 34.370394
0.003406 0.068436 100.000000 80.979285
-0.001770 0.076905 100.000000 85.696078
-0.004938 0.075388 100.000000 80.275970
0.004526 0.060044 100.000000 71.715695
0.005083 0.021633 100.000000 24.210387
0.005001 0.046538 100.000000 55.264439
0.007076 0.041662 100.000000 51.613535
-0.008566 0.078221 100.000000 79.935992
0.003847 0.023477 100.000000 25.081901
0.007042 0.034898 100.000000 43.079720
0.006842 0.048105 100.000000 59.438440
0.008990 0.053239 100.000000 68.519547
-0.001133 0.057014 100.000000 61.413076
-0.002869 0.079253 100.000000 87.416547
0.008215 0.012286 100.000000 16.589617
0.009875 0.073244 100.000000 94.821690
0.003999 0.016708 100.000000 17.000523
0.005816 0.073095 100.000000 89.714573
-0.002239 0.028226 100.000000 24.712063
-0.006603 0.064812 100.000000 65.286207
-0.005116 0.085524 100.000000 92.799758
-0.001740 0.095502 100.000000 109.157760
-0.002113 0.078575 100.000000 87.410759
0.003280 0.091323 100.000000 109.715900
0.007825 0.036160 100.000000 45.616508
-0.007736 0.014966 100.000000 12.553855
0.009525 0.004492 100.000000 9.628002
0.007676 0.032020 100.000000 40.245229
-0.006252 0.046977 100.000000 43.622583
-0.001900 0.021871 100.000000 17.639007
-0.006931 0.095102 100.000000 102.830479
-0.002107 0.058551 100.000000 62.267352
-0.002930 0.036024 100.000000 33.459318
0.009422 0.092608 100.000000 118.705992
-0.007391 0.057711 100.000000 55.684391
0.003232 0.036231 100.000000 40.260436
-0.007461 0.090831 100.000000 96.892013
-0.002599 0.034045 100.000000 31.370550
0.008079 0.042849 100.000000 54.327007
0.001101 0.095980 100.000000 113.041720
0.001197 0.020186 100.000000 18.325701
-0.006350 0.085972 100.000000 92.007225
-0.001209 0.016233 100.000000 12.143822
-0.007965 0.034517 100.000000 27.434278
-0.007568 0.094961 100.000000 101.956145
-0.000180 0.009031 100.000000 7.360235
-0.003364 0.094085 100.000000 105.527354
0.006656 0.015281 100.000000 18.283694
-0.002127 0.009368 100.000000 8.463112
0.003797 0.019474 100.000000 20.120334
-0.005844 0.057380 100.000000 56.839009
-0.001051 0.067591 100.000000 74.789445
-0.009483 0.078757 100.000000 79.645942
0.001513 0.082215 100.000000 96.149781
0.002180 0.069400 100.000000 80.764040
-0.007002 0.042799 100.000000 37.870406
-0.008761 0.008174 100.000000 16.656942
0.009069 0.028837 100.000000 37.987795
0.008116 0.088319 100.000000 111.704369
0.009026 0.091603 100.000000 116.955310
-0.002056 0.015922 100.000000 11.503198
-0.002967 0.093866 100.000000 105.700095
0.004283 0.067209 100.000000 80.464742
-0.007206 0.099836 100.000000 108.475406
-0.005615 0.013520 100.000000 10.947598
-0.001733 0.036271 100.000000 34.944419
0.006655 0.025409 100.000000 30.749323
0.007556 0.040448 100.000000 50.672198
-0.008779 0.025919 100.000000 18.272025
-0.002597 0.050992 100.000000 52.290398
0.009712 0.069864 100.000000 90.358119
0.006320 0.071649 100.000000 88.494884
0.009967 0.027154 100.000000 37.019465
-0.006933 0.059203 100.000000 57.987938
-0.009839 0.091754 100.000000 95.488042
-0.008554 0.091477 100.000000 96.518026
-0.008361 0.023021 100.000000 16.012160
-0.002221 0.067538 100.000000 73.413641
0.009099 0.072940 100.000000 93.488839
-0.007210 0.068894 100.000000 69.733637
-0.006145 0.040186 100.000000 35.501791
-0.000965 0.095961 100.000000 110.625886
-0.004753 0.038375 100.000000 34.587134
0.009841 0.080023 100.000000 103.333843
0.002388 0.008910 100.000000 7.354781
0.005872 0.027472 100.000000 32.383914
-0.006661 0.079334 100.000000 83.352163
0.001214 0.038726 100.000000 41.113574
0.004051 0.067620 100.000000 80.708673
0.006842 0.056617 100.000000 70.162322
-0.009527 0.061166 100.000000 57.835441
-0.006526 0.055120 100.000000 53.352408
0.006844 0.062637 100.000000 77.753605
0.008371 0.086567 100.000000 109.801096
0.000598 0.088473 100.000000 102.982947
-0.009836 0.015252 100.000000 14.386958
0.002000 0.006718 100.000000 6.212722
0.003488 0.052693 100.000000 61.234125
0.004842 0.085042 100.000000 103.635373
0.001460 0.036114 100.000000 38.126564
-0.004040 0.045744 100.000000 44.282813
-0.006606 0.077531 100.000000 81.154868
0.000071 0.024625 100.000000 22.547319
0.006900 0.052885 100.000000 65.527542
-0.002139 0.092646 100.000000 105.102478
-0.000321 0.035043 100.000000 34.881308
-0.003421 0.090983 100.000000 101.556552
-0.006628 0.063540 100.000000 63.678923
-0.003388 0.075006 100.000000 81.499680
0.005282 0.092052 100.000000 113.011013
0.003842 0.073120 100.000000 87.401773
0.004414 0.093747 100.000000 114.119587
-0.000036 0.007371 100.000000 7.165468
0.000459 0.056889 100.000000 63.036181
-0.008454 0.007683 100.000000 16.619518
-0.000237 0.010634 100.000000 7.995498
-0.000068 0.022666 100.000000 20.082401
-0.006959 0.030966 100.000000 24.175692
-0.005859 0.052440 100.000000 50.713656
0.008391 0.071554 100.000000 90.877312
0.007420 0.084339 100.000000 105.837677
-0.003292 0.041007 100.000000 39.201423
0.008592 0.021009 100.000000 27.667606
0.008264 0.009628 100.000000 13.551579
0.003967 0.085077 100.000000 102.640652
0.000349 0.096130 100.000000 112.356844
-0.009375 0.094963 100.000000 99.999270
0.005910 0.069340 100.000000 85.088325
0.008250 0.019046 100.000000 24.821659
0.003499 0.097065 100.000000 117.225360
0.004230 0.099525 100.000000 121.198049
-0.002084 0.035493 100.000000 33.638604
0.004793 0.098303 100.000000 120.323877
0.009705 0.073782 100.000000 95.291469
-0.009915 0.030813 100.000000 22.413063
-0.003728 0.033272 100.000000 29.389851
0.005566 0.026245 100.000000 30.493174
0.007185 0.001134 100.000000 5.510088
0.005744 0.063838 100.000000 77.949551
0.008449 0.097249 100.000000 123.384082
0.007837 0.026063 100.000000 33.001368
0.006446 0.044208 100.000000 54.056151
-0.003211 0.023539 100.000000 18.542925
-0.003044 0.059649 100.000000 62.621951
0.004319 0.095008 100.000000 115.599134
0.001517 0.090567 100.000000 106.693063
0.000396 0.099286 100.000000 116.392824
0.004165 0.046313 100.000000 53.996468
0.003166 0.031559 100.000000 34.347691
0.007190 0.032228 100.000000 39.911849
-0.001172 0.067057 100.000000 73.982009
-0.001517 0.053184 100.000000 56.193125
-0.005372 0.033436 100.000000 28.168940
0.003363 0.024677 100.000000 26.024028
0.001233 0.039939 100.000000 42.649588
0.001973 0.080536 100.000000 94.568294
0.003169 0.024011 100.000000 24.989553
0.000110 0.088284 100.000000 102.180594
0.008742 0.052286 100.000000 67.014432
0.003739 0.033571 100.000000 37.512979
0.001463 0.078287 100.000000 91.137559
0.007108 0.096764 100.000000 121.152432
0.004059 0.083192 100.000000 100.371349
0.001926 0.094119 100.000000 111.655465
0.002289 0.011572 100.000000 9.647572
0.005163 0.037203 100.000000 43.723045
-0.008135 0.066141 100.000000 65.359754
0.007070 0.073537 100.000000 91.779643
0.000315 0.083487 100.000000 96.366979
0.001672 0.040332 100.000000 43.629436
-0.004930 0.055661 100.000000 55.649205
0.005007 0.035881 100.000000 41.881166
0.004072 0.037125 100.000000 42.346941
0.005459 0.097359 100.000000 119.925895
0.004145 0.038736 100.000000 44.452452
-0.003340 0.068048 100.000000 72.819679
0.001754 0.023421 100.000000 22.763055
-0.002866 0.093773 100.000000 105.697218
0.007690 0.008465 100.000000 11.551877
-0.003924 0.033098 100.000000 29.007041
-0.007213 0.083989 100.000000 88.585888
0.007570 0.022998 100.000000 28.864742
0.001274 0.053058 100.000000 59.145514
0.006178 0.080744 100.000000 99.802941
0.007802 0.063549 100.000000 80.062668
0.005204 0.083618 100.000000 102.268675
0.007981 0.033548 100.000000 42.531902
0.001079 0.047564 100.000000 52.026034
-0.009371 0.040859 100.000000 33.617076
0.006351 0.087407 100.000000 108.425246
-0.006741 0.072013 100.000000 74.115018
0.004006 0.012180 100.000000 11.733160
0.009016 0.072649 100.000000 93.019394
0.003131 0.039871 100.000000 44.704745
-0.009899 0.090725 100.000000 94.139018
-0.001048 0.048872 100.000000 51.311271
-0.006799 0.004377 100.000000 17.146087
-0.004926 0.024078 100.000000 18.050016
0.008365 0.021149 100.000000 27.556706
0.002403 0.078187 100.000000 92.105764
0.006941 0.047299 100.000000 58.543271
-0.007010 0.086113 100.000000 91.467070
-0.001145 0.021727 100.000000 18.062472
0.003799 0.016613 100.000000 16.675223
0.003149 0.055243 100.000000 64.050845
0.005529 0.076756 100.000000 93.993429
0.009835 0.021517 100.000000 29.861657
-0.009022 0.002647 100.000000 21.945591
0.003766 0.061057 100.000000 72.098419
0.005206 0.020746 100.000000 23.259352
-0.005583 0.065604 100.000000 67.342539
0.001912 0.061322 100.000000 70.274015
0.004650 0.004042 100.000000 5.441064
0.000061 0.084682 100.000000 97.582443
0.000774 0.086449 100.000000 100.633832
-0.001300 0.030725 100.000000 28.593753
-0.002771 0.049148 100.000000 49.808476
0.007999 0.052120 100.000000 65.898021
0.001529 0.097943 100.000000 116.018125
0.006013 0.046044 100.000000 55.846630
-0.009843 0.015810 100.000000 14.298129
-0.003823 0.058913 100.000000 60.864324
0.006480 0.097271 100.000000 121.037094
0.004822 0.048867 100.000000 57.983018
-0.006242 0.033752 100.000000 27.838784
-0.005003 0.092503 100.000000 101.697577
-0.003972 0.062985 100.000000 65.792294
-0.008655 0.095702 100.000000 101.703099
-0.001948 0.046440 100.000000 47.310043
-0.005881 0.059796 100.000000 59.800570
0.004884 0.090476 100.000000 110.546507
-0.008802 0.051252 100.000000 46.429982
-0.006420 0.033978 100.000000 27.960075
0.001364 0.009946 100.000000 7.768007
0.006128 0.011723 100.000000 13.444542
-0.000137 0.071124 100.000000 80.269785
0.005207 0.021036 100.000000 23.618308
0.000506 0.096376 100.000000 112.848803
0.003855 0.066860 100.000000 79.519328
0.008286 0.070717 100.000000 89.693049
0.003176 0.032788 100.000000 35.892217
0.001278 0.088847 100.000000 104.245791
0.002085 0.084895 100.000000 100.199463
0.004165 0.049307 100.000000 57.763672
0.008407 0.096796 100.000000 122.760794
-0.008328 0.092876 100.000000 98.514279
-0.000006 0.045317 100.000000 48.005877
0.001148 0.033514 100.000000 34.551043
0.007695 0.018787 100.000000 23.817822
0.003860 0.009836 100.000000 9.096290
-0.007035 0.096939 100.000000 105.024529
-0.002796 0.013337 100.000000 9.640384
-0.001916 0.075300 100.000000 83.513085
0.005678 0.005698 100.000000 6.767428
0.002537 0.033055 100.000000 35.506419
0.007871 0.091869 100.000000 115.890382
0.002519 0.014169 100.000000 12.586890
0.001966 0.039494 100.000000 42.911065
-0.007931 0.031682 100.000000 24.335901
0.004590 0.006837 100.000000 6.900366
-0.009653 0.033392 100.000000 25.154603
-0.008896 0.088230 100.000000 92.087702
0.007268 0.003618 100.000000 6.514822
0.000442 0.029805 100.000000 29.218751
-0.008199 0.020106 100.000000 14.156450
0.001011 0.086641 100.000000 101.151248
-0.007765 0.019680 100.000000 13.840629
-0.004826 0.011261 100.000000 10.434899
0.009945 0.010971 100.000000 17.234961
0.004570 0.073640 100.000000 88.918813
0.008945 0.058524 100.000000 75.122409
0.004336 0.058462 100.000000 69.497566
-0.007368 0.041251 100.000000 35.702950
-0.002455 0.052148 100.000000 53.884302
-0.002780 0.003728 100.000000 12.248482
-0.009058 0.071225 100.000000 70.721959
0.007305 0.022844 100.000000 28.349839
-0.000592 0.038943 100.000000 39.429585
0.000603 0.026547 100.000000 25.396646
-0.007317 0.045507 100.000000 40.844545
0.007614 0.057998 100.000000 72.835317
-0.002422 0.078326 100.000000 86.749826
-0.001529 0.082168 100.000000 92.594973
0.002487 0.016483 100.000000 15.201123
-0.001135 0.071826 100.000000 80.021674
-0.009823 0.078192 100.000000 78.590869
0.004374 0.049394 100.000000 58.119219
0.003845 0.002799 100.000000 5.761487
-0.002124 0.079085 100.000000 88.040800
-0.004318 0.071840 100.000000 76.503674
-0.004107 0.096951 100.000000 108.297404
-0.003593 0.076602 100.000000 83.276714
0.005143 0.067929 100.000000 82.393136
-0.003230 0.038192 100.000000 35.812294
0.009019 0.099221 100.000000 126.566135
0.003568 0.075612 100.000000 90.223354
0.004425 0.096377 100.000000 117.453004
0.007384 0.097417 100.000000 122.309936
0.001398 0.072610 100.000000 83.904667
-0.008145 0.007900 100.000000 16.036153
-0.000659 0.096592 100.000000 111.774114
-0.001650 0.011585 100.000000 8.622311
-0.008728 0.084809 100.000000 87.988842
-0.009603 0.060727 100.000000 57.223763
0.003938 0.020512 100.000000 21.542130
0.001789 0.005895 100.000000 6.214903
0.009275 0.069085 100.000000 88.840807
0.002219 0.059519 100.000000 68.358185
0.004105 0.036902 100.000000 42.107095
-0.008844 0.074255 100.000000 74.706530
-0.004791 0.065462 100.000000 68.009930
0.002114 0.030661 100.000000 32.059721
-0.001421 0.038170 100.000000 37.603246
-0.005914 0.069908 100.000000 72.364466
-0.004477 0.092862 100.000000 102.736234
-0.004834 0.094643 100.000000 104.576979
-0.000353 0.014978 100.000000 11.376954
-0.008453 0.080340 100.000000 82.698980
-0.001116 0.098654 100.000000 113.848563
-0.001746 0.047187 100.000000 48.455929
-0.009005 0.091245 100.000000 95.743131
0.004917 0.054466 100.000000 65.148033
0.004917 0.062379 100.000000 75.123638
-0.007174 0.062097 100.000000 61.326394
-0.003298 0.077125 100.000000 84.261460
0.001305 0.024325 100.000000 23.403243
0.006212 0.089090 100.000000 110.383168
0.006583 0.060055 100.000000 74.183930
0.002571 0.025314 100.000000 25.943961
0.004271 0.025678 100.000000 28.284199
0.000832 0.070095 100.000000 80.082424
-0.006736 0.052675 100.000000 50.132799
0.006459 0.031317 100.000000 37.888686
0.006653 0.052944 100.000000 65.304653
-0.002388 0.043287 100.000000 42.932761
0.008084 0.066792 100.000000 84.496016
-0.002429 0.027334 100.000000 23.490575
0.002762 0.037891 100.000000 41.803450
0.009333 0.080701 100.000000 103.568286
0.004435 0.041526 100.000000 48.294753
0.009558 0.055158 100.000000 71.634445
-0.006036 0.002175 100.000000 18.181662
-0.001959 0.002980 100.000000 11.826726
-0.006238 0.055517 100.000000 54.131988
-0.005775 0.051478 100.000000 49.611571
0.001043 0.040130 100.000000 42.679239
-0.008678 0.058633 100.000000 55.550670
-0.007285 0.079538 100.000000 82.938473
-0.005794 0.019177 100.000000 13.370809
0.006677 0.036327 100.000000 44.430255
-0.002562 0.016728 100.000000 12.033885
-0.007289 0.090220 100.000000 96.312487
0.003580 0.013201 100.000000 12.473759
-0.002573 0.002294 100.000000 13.279798
0.003095 0.059307 100.000000 69.107243
0.002773 0.072558 100.000000 85.437621
-0.004126 0.024671 100.000000 19.161514
-0.000140 0.096105 100.000000 111.758593
0.004735 0.079911 100.000000 97.030465
0.001086 0.011614 100.000000 8.992014
0.008790 0.034213 100.000000 44.362904
-0.001055 0.068384 100.000000 75.780593
0.000925 0.018694 100.000000 16.331571
0.008057 0.024321 100.000000 31.105501
-0.008063 0.064708 100.000000 63.657136
0.002475 0.070744 100.000000 82.801782
-0.004870 0.017612 100.000000 12.316549
-0.005109 0.078922 100.000000 84.520775
0.004188 0.070877 100.000000 84.979241
0.005474 0.075135 100.000000 91.881850
0.005668 0.033645 100.000000 39.859274
-0.007369 0.086838 100.000000 91.986509
0.001135 0.035903 100.000000 37.506977
-0.002063 0.065598 100.000000 71.153699
0.003154 0.059868 100.000000 69.882822
0.009365 0.056868 100.000000 73.551295
0.000925 0.090154 100.000000 105.484436
0.000474 0.099999 100.000000 117.384601
0.006731 0.096518 100.000000 120.387860
0.008769 0.055514 100.000000 71.113771
0.003780 0.026379 100.000000 28.597400
0.000405 0.059336 100.000000 66.050995
0.001477 0.087483 100.000000 102.755153
0.008852 0.051340 100.000000 65.959318
-0.007606 0.099608 100.000000 107.749062
0.000144 0.074375 100.000000 84.685834
0.004325 0.023877 100.000000 26.114950
0.004951 0.007604 100.000000 7.828208
-0.005542 0.044429 100.000000 41.193241
0.006236 0.076660 100.000000 94.717832
0.003013 0.062321 100.000000 72.810383
-0.001896 0.056083 100.000000 59.407540
-0.004611 0.034227 100.000000 29.745108
0.007196 0.026358 100.000000 32.584722
0.008634 0.075358 100.000000 95.972643
0.003318 0.016486 100.000000 16.025720
0.009523 0.013218 100.000000 19.349312
-0.006495 0.027453 100.000000 20.685097
0.006798 0.042562 100.000000 52.410615
0.009204 0.091757 100.000000 117.366561
0.003722 0.003774 100.000000 5.572364
0.008811 0.077856 100.000000 99.340767
0.004501 0.098436 100.000000 120.144822
0.000461 0.005932 100.000000 7.090451
-0.003625 0.084709 100.000000 93.432036
-0.007797 0.066699 100.000000 66.397532
0.001419 0.035265 100.000000 37.023746
-0.008040 0.018284 100.000000 13.310105
-0.005504 0.054843 100.000000 54.043422
0.005173 0.032290 100.000000 37.576083
0.009323 0.079300 100.000000 101.786858
0.006762 0.014288 100.000000 17.214474
0.007828 0.082607 100.000000 104.143908
-0.005339 0.057963 100.000000 58.083348
-0.001526 0.083818 100.000000 94.676201
0.005109 0.051826 100.000000 62.049258
0.001493 0.005562 100.000000 6.423456
0.000723 0.005776 100.000000 6.926756
0.007270 0.087080 100.000000 109.117303
0.002379 0.030650 100.000000 32.336376
0.000538 0.061911 100.000000 69.440865
0.003745 0.050087 100.000000 58.253574
-0.003567 0.006731 100.000000 10.958972
0.009163 0.077713 100.000000 99.589369
-0.002049 0.079408 100.000000 88.532295
-0.006321 0.052589 100.000000 50.436200
-0.007896 0.089289 100.000000 94.486860
0.001562 0.089986 100.000000 106.012958
0.008875 0.002354 100.000000 7.126770
0.007137 0.080619 100.000000 100.798707
0.004240 0.056532 100.000000 66.952099
0.001176 0.070834 100.000000 81.408863
0.000990 0.074378 100.000000 85.662122
-0.005082 0.065972 100.000000 68.334622
-0.008582 0.084005 100.000000 87.140548
0.002948 0.084628 100.000000 100.873686
-0.001699 0.089839 100.000000 102.066899
0.009941 0.016549 100.000000 23.905823
0.005156 0.050611 100.000000 60.575758
-0.002873 0.090049 100.000000 100.998801
0.004311 0.013635 100.000000 13.698352
0.009056 0.070573 100.000000 90.449515
-0.006603 0.050928 100.000000 48.117296
-0.008260 0.041234 100.000000 34.934169
-0.001948 0.076802 100.000000 85.365768
0.002915 0.074662 100.000000 88.257031
-0.001834 0.092155 100.000000 104.831284
-0.006109 0.099795 100.000000 109.637626
-0.006564 0.024965 100.000000 18.136479
-0.001119 0.001275 100.000000 12.320475
0.003127 0.032321 100.000000 35.253854
-0.005282 0.065939 100.000000 68.081212
0.001843 0.086353 100.000000 101.755659
-0.006271 0.049419 100.000000 46.590959
0.009453 0.027794 100.000000 37.168254
0.005796 0.034951 100.000000 41.648416
0.004865 0.022469 100.000000 24.992407
0.005900 0.062732 100.000000 76.740289
-0.008546 0.020624 100.000000 14.502971
0.001258 0.032681 100.000000 33.635004
-0.001746 0.045614 100.000000 46.497175
-0.009439 0.004244 100.000000 20.989497
0.003722 0.003234 100.000000 5.685547
-0.004826 0.012822 100.000000 10.366443
-0.009082 0.064899 100.000000 62.867790
0.008170 0.026712 100.000000 34.221661
-0.007000 0.038219 100.000000 32.431950
0.002584 0.036905 100.000000 40.368453
0.000755 0.017163 100.000000 14.443081
-0.009975 0.091271 100.000000 94.739674
-0.009524 0.075522 100.000000 75.579431
-0.002140 0.008459 100.000000 8.621123
-0.002458 0.080515 100.000000 89.464777
-0.006849 0.062133 100.000000 61.702919
-0.002457 0.005553 100.000000 10.392027
0.009273 0.048109 100.000000 62.411741
0.002843 0.088614 100.000000 105.781736
-0.009488 0.002958 100.000000 22.304558
-0.003548 0.012518 100.000000 9.589639
-0.000932 0.099918 100.000000 115.654646
-0.008315 0.092121 100.000000 97.582863
-0.001984 0.055097 100.000000 58.077521
0.007717 0.043487 100.000000 54.687308
0.006994 0.080351 100.000000 100.288386
-0.005347 0.094995 100.000000 104.448231
-0.004078 0.053023 100.000000 53.256730
0.005134 0.071602 100.000000 87.017314
-0.009896 0.028150 100.000000 19.936443
-0.007477 0.017140 100.000000 12.691066
0.009360 0.049625 100.000000 64.425485
0.007765 0.091195 100.000000 114.911114
-0.006192 0.009532 100.000000 12.487021
-0.000027 0.002755 100.000000 9.563741
0.008127 0.085140 100.000000 107.703013
-0.006329 0.006113 100.000000 14.993515
0.008883 0.016202 100.000000 22.135523
0.006602 0.025429 100.000000 30.709555
-0.005114 0.085337 100.000000 92.567505
0.003360 0.077364 100.000000 92.188519
-0.008674 0.092390 100.000000 97.531750
-0.009219 0.064171 100.000000 61.834657
-0.001044 0.013281 100.000000 9.636285
0.007659 0.014757 100.000000 18.862233
0.001463 0.064654 100.000000 73.951978
-0.003670 0.034271 100.000000 30.639868
-0.004095 0.026534 100.000000 21.239919
0.005809 0.015209 100.000000 17.207460
-0.003782 0.021516 100.000000 16.047404
0.008039 0.027050 100.000000 34.480770
-0.001144 0.099184 100.000000 114.485231
0.000453 0.003155 100.000000 8.668449
0.008223 0.029575 100.000000 37.858453
-0.007474 0.081734 100.000000 85.483308
-0.008050 0.047424 100.000000 42.490807
-0.004046 0.072213 100.000000 77.270186
0.004861 0.022017 100.000000 24.428109
0.008684 0.076152 100.000000 97.034622
-0.003017 0.046192 100.000000 45.882134
-0.006334 0.067520 100.000000 68.939912
0.009020 0.011256 100.000000 16.383300
-0.006578 0.084186 100.000000 89.520344
-0.004499 0.017549 100.000000 12.291680
0.000098 0.004008 100.000000 8.449767
0.002802 0.094262 100.000000 112.864012
0.008474 0.029689 100.000000 38.311506
0.000289 0.041095 100.000000 43.055502
0.006562 0.056538 100.000000 69.724226
0.001669 0.003696 100.000000 7.010023
0.003302 0.059649 100.000000 69.780113
0.004618 0.045533 100.000000 53.548091
-0.004136 0.084533 100.000000 92.641000
-0.006585 0.064632 100.000000 65.080660
0.003151 0.045257 100.000000 51.490229
-0.000539 0.044707 100.000000 46.662750
-0.007691 0.044514 100.000000 39.314333
-0.005057 0.077143 100.000000 82.346392
0.002856 0.032075 100.000000 34.641464
-0.000619 0.005611 100.000000 8.249192
0.005177 0.005110 100.000000 6.037272
0.005896 0.050772 100.000000 61.660552
0.004440 0.079999 100.000000 96.791544
0.000590 0.072305 100.000000 82.589569
-0.003153 0.018296 100.000000 13.222530
-0.003443 0.020251 100.000000 14.956066
-0.005593 0.065514 100.000000 67.220668
-0.002335 0.053750 100.000000 56.013221
-0.005120 0.055565 100.000000 55.331980
-0.003842 0.009620 100.000000 9.891953
-0.000804 0.047345 100.000000 49.668710
0.009056 0.074550 100.000000 95.467970
-0.000303 0.078422 100.000000 89.273336
0.005936 0.063707 100.000000 78.012385
0.000782 0.029980 100.000000 29.788241
0.008744 0.025929 100.000000 33.957642
-0.007568 0.082222 100.000000 85.992613
0.007564 0.018227 100.000000 22.970215
0.003300 0.071696 100.000000 84.967690
0.008497 0.068688 100.000000 87.389517
-0.006423 0.077460 100.000000 81.262619
-0.001921 0.003866 100.000000 11.012098
-0.000335 0.067155 100.000000 75.048592
-0.009052 0.071280 100.000000 70.796451
-0.005500 0.042421 100.000000 38.790135
-0.009805 0.009280 100.000000 17.239611
0.003116 0.080597 100.000000 95.981799
0.008395 0.006665 100.000000 10.449672
0.005111 0.025019 100.000000 28.434731
0.004348 0.029355 100.000000 32.948328
0.006483 0.044222 100.000000 54.117838
0.003535 0.033710 100.000000 37.453140
-0.008015 0.016945 100.000000 12.929191
0.009751 0.002562 100.000000 8.202344
-0.005695 0.046350 100.000000 43.392203
0.009898 0.035916 100.000000 47.877048
0.003724 0.056454 100.000000 66.247015
-0.003918 0.010565 100.000000 9.755275
0.008190 0.063337 100.000000 80.267417
0.006984 0.069515 100.000000 86.599867
0.001823 0.063087 100.000000 72.393904
-0.003395 0.056868 100.000000 58.768756
0.001953 0.045167 100.000000 50.004720
-0.008547 0.004773 100.000000 19.232627
-0.000931 0.043757 100.000000 45.055216
0.005727 0.030454 100.000000 35.934535
-0.004602 0.052006 100.000000 51.453245
-0.005773 0.056216 100.000000 55.469540
0.007227 0.084107 100.000000 105.311893
0.008365 0.099035 100.000000 125.538195
-0.005692 0.053929 100.000000 52.721259
0.002619 0.056485 100.000000 64.999183
0.000234 0.089500 100.000000 103.857405
-0.002416 0.038848 100.000000 37.424148
-0.003829 0.072884 100.000000 78.348845
0.001226 0.074481 100.000000 86.063676
0.003729 0.093630 100.000000 113.159737
0.003229 0.039266 100.000000 44.059269
-0.004533 0.094076 100.000000 104.200325
-0.005253 0.012270 100.000000 10.679184
-0.005922 0.059008 100.000000 58.777998
0.006527 0.060875 100.000000 75.150319
0.005729 0.057038 100.000000 69.355693
-0.001185 0.005777 100.000000 8.765066
-0.008813 0.060662 100.000000 57.912938
0.002842 0.002885 100.000000 6.423549
-0.009460 0.007821 100.000000 17.878786
0.009575 0.009451 100.000000 14.997164
0.004284 0.075013 100.000000 90.313687
-0.008047 0.017789 100.000000 13.154097
-0.003893 0.095948 100.000000 107.275801
-0.008773 0.027575 100.000000 19.761576
0.002370 0.054353 100.000000 62.027886
0.001095 0.062958 100.000000 71.394972
0.000606 0.050580 100.000000 55.277696
0.009946 0.097774 100.000000 125.867571
-0.009231 0.095405 100.000000 100.708826
0.009604 0.003715 100.000000 9.003033
0.008668 0.004546 100.000000 8.674011
-0.009507 0.066560 100.000000 64.495233
0.009142 0.064152 100.000000 82.456591
-0.008069 0.090718 100.000000 96.090982
-0.006096 0.007908 100.000000 13.344135
0.004152 0.075972 100.000000 91.367738
0.008118 0.082381 100.000000 104.210815
0.008657 0.063297 100.000000 80.786439
0.009358 0.010092 100.000000 15.456997
0.002232 0.050366 100.000000 56.854372
0.004735 0.070275 100.000000 84.868230
0.002377 0.064738 100.000000 75.115459
0.004156 0.031626 100.000000 35.561443
-0.004963 0.059088 100.000000 59.875639
0.000116 0.077164 100.000000 88.167047
-0.007454 0.062402 100.000000 61.419564
-0.007692 0.092823 100.000000 99.139823
0.003009 0.080411 100.000000 95.621469
-0.002496 0.009208 100.000000 8.772026
0.000044 0.025418 100.000000 23.474198
-0.002150 0.043843 100.000000 43.870235
-0.002370 0.064987 100.000000 70.047200
0.008894 0.055661 100.000000 71.452650
0.004367 0.010871 100.000000 10.633091
0.005332 0.057287 100.000000 69.196913
0.003788 0.099241 100.000000 120.316149
-0.005987 0.047208 100.000000 44.159878
0.003042 0.091478 100.000000 109.631832
-0.004056 0.077693 100.000000 84.135586
-0.009070 0.047335 100.000000 41.477290
-0.007610 0.054679 100.000000 51.738670
0.009211 0.082501 100.000000 105.689780
-0.005950 0.032664 100.000000 26.812467
0.000518 0.094878 100.000000 110.972857
-0.000574 0.018791 100.000000 15.212335
-0.004121 0.061680 100.000000 64.001825
0.001395 0.079746 100.000000 92.898675
-0.000183 0.056699 100.000000 62.074936
0.007324 0.042024 100.000000 52.370778
0.001926 0.025310 100.000000 25.249766
0.009687 0.027548 100.000000 37.157002
-0.008789 0.064468 100.000000 62.628648
0.006759 0.075395 100.000000 93.749579
0.006344 0.052198 100.000000 63.993284
0.006488 0.099173 100.000000 123.449551
0.002851 0.096238 100.000000 115.416314
-0.002884 0.068790 100.000000 74.251780
0.000368 0.069121 100.000000 78.322685
0.003268 0.016417 100.000000 15.893520
-0.004385 0.032118 100.000000 27.445554
0.006119 0.085750 100.000000 106.054080
0.005820 0.057444 100.000000 69.977014
-0.002650 0.064206 100.000000 68.759223
-0.003819 0.035852 100.000000 32.407702
0.005521 0.072930 100.000000 89.153497
-0.002991 0.080707 100.000000 89.106959
0.001882 0.027622 100.000000 28.046948
0.000503 0.098416 100.000000 115.419848
-0.008034 0.030459 100.000000 22.974275
-0.005396 0.067891 100.000000 70.397469
0.009240 0.010338 100.000000 15.591134
-0.004594 0.026323 100.000000 20.655164
-0.007910 0.097580 100.000000 104.868830
-0.006655 0.061805 100.000000 61.495944
0.006037 0.087292 100.000000 107.903342
0.002716 0.075607 100.000000 89.217099
0.008160 0.048245 100.000000 61.214382
0.003067 0.027013 100.000000 28.585922
-0.007440 0.002723 100.000000 19.621603
0.000911 0.020837 100.000000 18.827033
0.004793 0.023045 100.000000 25.620699
0.001323 0.099352 100.000000 117.556091
0.009232 0.036128 100.000000 47.311255
0.003219 0.086844 100.000000 103.989763
0.001020 0.026292 100.000000 25.508548
0.004379 0.027929 100.000000 31.206965
0.004874 0.008412 100.000000 8.534280
-0.004378 0.015219 100.000000 10.861973
0.009303 0.061646 100.000000 79.496224
0.004202 0.006823 100.000000 6.657615
0.000386 0.083456 100.000000 96.411097
-0.001255 0.002456 100.000000 11.380158
-0.006980 0.020348 100.000000 14.159499
0.004549 0.089397 100.000000 108.785100
0.008093 0.005463 100.000000 8.886261
0.001809 0.051351 100.000000 57.607771
0.008613 0.039937 100.000000 51.324448
-0.004658 0.034317 100.000000 29.811893
-0.006109 0.097846 100.000000 107.187317
-0.002915 0.089574 100.000000 100.352564
0.008779 0.010224 100.000000 14.877531
0.009480 0.099917 100.000000 128.005441
0.007823 0.023324 100.000000 29.578454
0.006790 0.036088 100.000000 44.267200
0.007085 0.061512 100.000000 76.626954
-0.009524 0.081649 100.000000 83.205334
0.001876 0.040821 100.000000 44.471835
-0.002353 0.092724 100.000000 104.956819
0.003736 0.064986 100.000000 77.016376
0.006787 0.092275 100.000000 115.095491
0.000302 0.021818 100.000000 19.419900
-0.006263 0.016736 100.000000 12.054908
-0.001563 0.079644 100.000000 89.377682
-0.006165 0.057002 100.000000 56.042728
-0.003387 0.005964 100.000000 11.256392
0.003453 0.040551 100.000000 45.928358
-0.002011 0.018199 100.000000 13.655910
0.005553 0.091776 100.000000 112.986100
0.006049 0.006928 100.000000 8.166515
-0.001524 0.067563 100.000000 74.223171
-0.003774 0.034918 100.000000 31.323592
-0.005624 0.019952 100.000000 13.968465
-0.002909 0.021768 100.000000 16.825272
0.006048 0.007813 100.000000 9.041649
0.003243 0.061865 100.000000 72.503824
0.009729 0.049962 100.000000 65.306080
-0.006039 0.088579 100.000000 95.620593
-0.009268 0.023435 100.000000 16.290884
0.004126 0.081907 100.000000 98.828010
0.000000 0.100000 120.000000 120.281585
-0.006475 0.004184 120.000000 16.789695
0.000287 0.065128 120.000000 75.437437
0.008232 0.001912 120.000000 6.285254
0.005733 0.086630 120.000000 109.622612
-0.006061 0.076124 120.000000 82.663215
0.001875 0.039256 120.000000 43.824647
0.001333 0.089042 120.000000 107.606896
0.003031 0.065896 120.000000 79.568012
-0.004986 0.081492 120.000000 90.739827
0.008961 0.061646 120.000000 81.096538
0.003142 0.089140 120.000000 109.832339
-0.004135 0.048347 120.000000 49.090875
0.008785 0.057056 120.000000 74.938757
-0.001525 0.088811 120.000000 104.044730
-0.000114 0.035504 120.000000 36.869503
0.003561 0.099916 120.000000 124.303722
0.006004 0.028972 120.000000 35.325734
0.004561 0.067775 120.000000 83.787638
-0.005399 0.018951 120.000000 13.729059
0.001071 0.013086 120.000000 10.677067
0.007735 0.001946 120.000000 5.939436
0.002444 0.039206 120.000000 44.396125
-0.006134 0.006613 120.000000 14.234804
0.006580 0.092528 120.000000 118.281241
-0.001123 0.079027 120.000000 91.831420
-0.001387 0.072232 120.000000 82.745937
0.008095 0.025013 120.000000 32.769568
0.002781 0.061920 120.000000 74.129193
-0.004879 0.025300 120.000000 20.187959
-0.001830 0.048207 120.000000 51.300877
-0.006982 0.015234 120.000000 12.202503
-0.000182 0.023225 120.000000 21.390930
-0.007030 0.071497 120.000000 75.697531
-0.008068 0.090455 120.000000 98.966249
0.001634 0.087962 120.000000 106.554201
-0.003430 0.042326 120.000000 42.155426
0.005017 0.090660 120.000000 114.005706
-0.002416 0.009657 120.000000 8.676946
0.002448 0.030263 120.000000 32.923085
0.008352 0.073920 120.000000 96.266043
-0.002018 0.053445 120.000000 57.823962
-0.001335 0.089549 120.000000 105.215323
0.004370 0.050439 120.000000 61.109437
-0.005489 0.049947 120.000000 49.769888
0.003992 0.042465 120.000000 50.362244
-0.002569 0.006123 120.000000 10.059769
0.005145 0.038758 120.000000 46.918727
-0.006811 0.027153 120.000000 21.093823
0.007948 0.090855 120.000000 117.745858
-0.001056 0.068463 120.000000 78.242417
0.009706 0.029872 120.000000 40.990395
0.001637 0.031650 120.000000 33.813882
-0.002829 0.041622 120.000000 41.864428
-0.004270 0.026052 120.000000 21.442089
-0.008404 0.008333 120.000000 15.957452
0.006738 0.061429 120.000000 78.138864
0.007069 0.021336 120.000000 26.830858
-0.001593 0.044147 120.000000 46.352716
0.008965 0.027750 120.000000 37.346990
-0.003675 0.002506 120.000000 14.518594
0.001956 0.012443 120.000000 10.597275
0.002782 0.068263 120.000000 82.347244
-0.007326 0.035161 120.000000 29.851184
-0.000391 0.051533 120.000000 57.128780
0.006837 0.033650 120.000000 42.336544
0.008756 0.037020 120.000000 49.007835
0.009892 0.065800 120.000000 87.611488
0.008931 0.095252 120.000000 124.632352
-0.009883 0.052708 120.000000 49.097311
-0.002664 0.088881 120.000000 102.854459
-0.002075 0.010656 120.000000 8.585187
-0.005004 0.048572 120.000000 48.507437
-0.005193 0.056435 120.000000 58.323299
-0.008732 0.059113 120.000000 58.200096
0.002714 0.008553 120.000000 7.346673
-0.004892 0.017532 120.000000 12.686386
0.001834 0.072231 120.000000 86.394037
0.003420 0.060740 120.000000 73.340441
0.009498 0.012075 120.000000 18.253358
-0.008061 0.059553 120.000000 59.411095
-0.003461 0.082609 120.000000 93.855457
0.002103 0.067435 120.000000 80.490085
-0.001313 0.081756 120.000000 95.149015
0.004130 0.015540 120.000000 16.188512
-0.002841 0.035443 120.000000 34.057197
-0.002739 0.095711 120.000000 111.610888
0.007066 0.004992 120.000000 7.426946
0.003945 0.007441 120.000000 7.076734
-0.001724 0.074325 120.000000 85.075727
-0.006883 0.051865 120.000000 50.833500
-0.005956 0.014753 120.000000 11.514913
0.004926 0.007956 120.000000 8.272468
0.007620 0.033232 120.000000 42.742967
-0.009302 0.087799 120.000000 94.240185
0.003358 0.013156 120.000000 12.561258
0.003670 0.070978 120.000000 86.897204
-0.008840 0.048685 120.000000 45.037040
-0.001063 0.055648 120.000000 61.695248
-0.000774 0.078759 120.000000 91.877992
0.009843 0.099838 120.000000 131.680456
-0.001739 0.014230 120.000000 10.540653
0.009135 0.099226 120.000000 130.033454
0.003647 0.089602 120.000000 111.021523
0.004991 0.077005 120.000000 96.260383
-0.007613 0.019067 120.000000 13.908857
-0.004698 0.077602 120.000000 86.035352
0.000370 0.073826 120.000000 86.788238
0.001591 0.062392 120.000000 73.375270
-0.003435 0.088018 120.000000 100.877561
0.008166 0.067187 120.000000 87.314570
-0.002435 0.010488 120.000000 8.737609
0.004459 0.045744 120.000000 55.140067
-0.009594 0.051083 120.000000 47.339335
0.000632 0.036593 120.000000 39.050212
0.000300 0.090791 120.000000 108.687133
0.001872 0.047674 120.000000 54.669234
0.005826 0.066799 120.000000 84.014962
0.001506 0.037320 120.000000 40.931171
-0.009481 0.085899 120.000000 91.611642
-0.008624 0.094955 120.000000 104.165652
0.000985 0.001746 120.000000 9.163374
0.001756 0.012012 120.000000 10.011640
-0.001633 0.057074 120.000000 62.909531
-0.000641 0.061814 120.000000 70.114938
-0.004519 0.065918 120.000000 71.182574
-0.009614 0.068124 120.000000 68.759010
0.001128 0.058025 120.000000 67.200948
0.008677 0.043714 120.000000 57.551685
-0.000018 0.049501 120.000000 54.921217
0.006407 0.050265 120.000000 63.286148
0.002902 0.038121 120.000000 43.514306
0.008271 0.072143 120.000000 93.865672
0.006907 0.042031 120.000000 53.233633
0.003571 0.016776 120.000000 17.121617
-0.003346 0.095026 120.000000 110.043351
0.001627 0.010743 120.000000 8.712599
-0.007591 0.049079 120.000000 46.661296
-0.005102 0.091695 120.000000 103.785861
-0.007836 0.037448 120.000000 32.177728
0.003992 0.056328 120.000000 68.292274
0.009544 0.010680 120.000000 16.626407
-0.002318 0.019372 120.000000 15.258173
0.009924 0.004315 120.000000 9.992485
0.006476 0.056263 120.000000 71.134403
0.008143 0.068727 120.000000 89.283972
0.008049 0.075703 120.000000 98.214660
-0.006387 0.089964 120.000000 100.145694
-0.004318 0.029339 120.000000 25.258281
-0.009397 0.071220 120.000000 72.915870
-0.008241 0.015910 120.000000 13.125772
-0.004779 0.017777 120.000000 12.878026
-0.006927 0.067289 120.000000 70.414928
0.005139 0.096398 120.000000 121.594701
0.000405 0.074923 120.000000 88.247198
0.004391 0.039197 120.000000 46.605402
0.002146 0.019513 120.000000 19.047791
0.008433 0.039866 120.000000 52.285000
-0.005426 0.015549 120.000000 11.573456
0.008665 0.015095 120.000000 20.922451
0.006934 0.060061 120.000000 76.601727
0.004201 0.092712 120.000000 115.707254
0.005812 0.028364 120.000000 34.317688
0.000301 0.079413 120.000000 93.945280
-0.008590 0.013052 120.000000 13.701248
-0.008478 0.078096 120.000000 82.649436
-0.000985 0.059952 120.000000 67.330319
-0.006842 0.081072 120.000000 88.196479
0.001074 0.081733 120.000000 97.833690
0.006547 0.005708 120.000000 7.575437
-0.003736 0.004373 120.000000 12.875527
0.003671 0.018730 120.000000 19.646997
-0.009038 0.070974 120.000000 72.965518
-0.002083 0.072983 120.000000 82.942615
-0.000828 0.046301 120.000000 49.926397
0.003783 0.074605 120.000000 91.731184
0.005648 0.065250 120.000000 81.795119
0.000813 0.044676 120.000000 49.623267
0.005270 0.077233 120.000000 96.884942
0.007184 0.092234 120.000000 118.621309
0.002558 0.048804 120.000000 56.905754
0.000515 0.087868 120.000000 105.143970
-0.002320 0.059039 120.000000 64.693654
-0.007647 0.033699 120.000000 27.905399
-0.005786 0.005008 120.000000 15.093032
-0.002430 0.007905 120.000000 9.019139
-0.005626 0.085620 120.000000 95.368776
0.005053 0.086694 120.000000 108.901823
-0.009418 0.068994 120.000000 70.059197
-0.006304 0.077300 120.000000 83.917867
-0.003525 0.011179 120.000000 9.476931
-0.007420 0.079984 120.000000 86.182763
0.007512 0.099329 120.000000 128.218308
-0.008672 0.099770 120.000000 110.318910
0.007842 0.069949 120.000000 90.505203
-0.004062 0.027575 120.000000 23.367298
0.002269 0.030940 120.000000 33.593539
0.008450 0.042635 120.000000 55.880483
-0.004058 0.061910 120.000000 66.522713
0.000248 0.008244 120.000000 7.075544
0.007087 0.027987 120.000000 35.353795
-0.000583 0.045116 120.000000 48.668551
-0.000642 0.063676 120.000000 72.518728
-0.002369 0.042233 120.000000 43.106915
-0.008954 0.065298 120.000000 65.820519
0.002864 0.059655 120.000000 71.291977
0.003286 0.005065 120.000000 5.651408
-0.008985 0.083610 120.000000 89.193970
0.001796 0.037846 120.000000 41.925002
-0.003208 0.089087 120.000000 102.513460
-0.001994 0.072313 120.000000 82.175945
0.004474 0.059837 120.000000 73.399491
0.003344 0.094331 120.000000 116.803524
0.002755 0.094856 120.000000 116.796952
0.005161 0.016380 120.000000 18.349086
-0.008808 0.084882 120.000000 91.012478
-0.001508 0.008598 120.000000 8.073345
0.006867 0.045119 120.000000 57.178244
0.008628 0.082879 120.000000 108.216168
-0.002977 0.051679 120.000000 54.539775
0.003183 0.029544 120.000000 32.815701
0.006271 0.067970 120.000000 86.061027
-0.003707 0.030020 120.000000 26.575161
0.001556 0.075217 120.000000 89.943574
0.003629 0.087215 120.000000 107.904385
0.001030 0.085548 120.000000 102.728336
0.001028 0.064134 120.000000 74.989812
-0.007356 0.026640 120.000000 20.285361
0.007131 0.037616 120.000000 47.802942
-0.006191 0.012782 120.000000 11.479620
-0.007081 0.098543 120.000000 110.461331
0.001766 0.054848 120.000000 63.815811
0.001410 0.039462 120.000000 43.576138
0.003685 0.086372 120.000000 106.876377
-0.001050 0.086676 120.000000 101.817003
-0.008707 0.085716 120.000000 92.190746
-0.009086 0.094351 120.000000 102.894364
-0.009766 0.049896 120.000000 45.719241
0.008912 0.085276 120.000000 111.668879
-0.001653 0.050068 120.000000 53.878311
-0.005650 0.062340 120.000000 65.401655
-0.000279 0.075151 120.000000 87.767286
0.000530 0.067014 120.000000 78.150929
-0.009621 0.045059 120.000000 39.919457
0.006193 0.045804 120.000000 57.259434
-0.004008 0.034803 120.000000 32.172995
0.003029 0.078338 120.000000 95.691945
0.000578 0.041159 120.000000 44.845402
0.004905 0.025990 120.000000 30.219577
0.001190 0.027656 120.000000 28.263661
-0.003201 0.014920 120.000000 10.884098
-0.005861 0.042648 120.000000 40.228068
-0.001287 0.066159 120.000000 75.009067
0.007773 0.092919 120.000000 120.214011
0.006763 0.077771 120.000000 99.355330
-0.006460 0.083682 120.000000 91.967918
0.006286 0.079551 120.000000 101.096131
-0.001866 0.034965 120.000000 34.403530
-0.006434 0.031275 120.000000 25.948225
0.005354 0.052658 120.000000 65.135275
0.007555 0.053663 120.000000 69.059888
-0.000795 0.015022 120.000000 11.592992
0.000897 0.058616 120.000000 67.704383
-0.004752 0.001968 120.000000 16.543521
-0.004554 0.038043 120.000000 35.694882
0.003406 0.068436 120.000000 83.293983
-0.001770 0.076905 120.000000 88.360745
-0.004938 0.075388 120.000000 82.921846
0.004526 0.060044 120.000000 73.727170
0.005083 0.021633 120.000000 24.871002
0.005001 0.046538 120.000000 56.801389
0.007076 0.041662 120.000000 52.959939
-0.008566 0.078221 120.000000 82.718238
0.003847 0.023477 120.000000 25.818209
0.007042 0.034898 120.000000 44.190816
0.006842 0.048105 120.000000 61.011202
0.008990 0.053239 120.000000 70.248759
-0.001133 0.057014 120.000000 63.378752
-0.002869 0.079253 120.000000 90.174663
0.008215 0.012286 120.000000 16.896920
0.009875 0.073244 120.000000 97.234530
0.003999 0.016708 120.000000 17.487331
0.005816 0.073095 120.000000 92.165024
-0.002239 0.028226 120.000000 25.660741
-0.006603 0.064812 120.000000 67.579833
-0.005116 0.085524 120.000000 95.799985
-0.001740 0.095502 120.000000 112.467249
-0.002113 0.078575 120.000000 90.137114
0.003280 0.091323 120.000000 112.825334
0.007825 0.036160 120.000000 46.764202
-0.007736 0.014966 120.000000 12.687423
0.009525 0.004492 120.000000 9.678463
0.007676 0.032020 120.000000 41.250003
-0.006252 0.046977 120.000000 45.282006
-0.001900 0.021871 120.000000 18.336873
-0.006931 0.095102 120.000000 106.182978
-0.002107 0.058551 120.000000 64.296760
-0.002930 0.036024 120.000000 34.699807
0.009422 0.092608 120.000000 121.793581
-0.007391 0.057711 120.000000 57.735377
0.003232 0.036231 120.000000 41.454754
-0.007461 0.090831 120.000000 100.101858
-0.002599 0.034045 120.000000 32.536822
0.008079 0.042849 120.000000 55.704832
0.001101 0.095980 120.000000 116.336421
0.001197 0.020186 120.000000 18.955761
-0.006350 0.085972 120.000000 95.036278
-0.001209 0.016233 120.000000 12.593494
-0.007965 0.034517 120.000000 28.631913
-0.007568 0.094961 120.000000 105.310637
-0.000180 0.009031 120.000000 7.422502
-0.003364 0.094085 120.000000 108.805598
0.006656 0.015281 120.000000 18.705017
-0.002127 0.009368 120.000000 8.478681
0.003797 0.019474 120.000000 20.711253
-0.005844 0.057380 120.000000 58.864300
-0.001051 0.067591 120.000000 77.122677
-0.009483 0.078757 120.000000 82.456100
0.001513 0.082215 120.000000 98.962907
0.002180 0.069400 120.000000 83.125394
-0.007002 0.042799 120.000000 39.383028
-0.008761 0.008174 120.000000 16.550835
0.009069 0.028837 120.000000 38.869345
0.008116 0.088319 120.000000 114.657454
0.009026 0.091603 120.000000 120.012309
-0.002056 0.015922 120.000000 11.919662
-0.002967 0.093866 120.000000 108.966398
0.004283 0.067209 120.000000 82.727481
-0.007206 0.099836 120.000000 111.995259
-0.005615 0.013520 120.000000 11.076593
-0.001733 0.036271 120.000000 36.184904
0.006655 0.025409 120.000000 31.531487
0.007556 0.040448 120.000000 51.971684
-0.008779 0.025919 120.000000 19.063515
-0.002597 0.050992 120.000000 54.060083
0.009712 0.069864 120.000000 92.655666
0.006320 0.071649 120.000000 90.889867
0.009967 0.027154 120.000000 37.835032
-0.006933 0.059203 120.000000 60.087529
-0.009839 0.091754 120.000000 98.755194
-0.008554 0.091477 120.000000 99.761999
-0.008361 0.023021 120.000000 16.650446
-0.002221 0.067538 120.000000 75.757482
0.009099 0.072940 120.000000 95.899244
-0.007210 0.068894 120.000000 72.176208
-0.006145 0.040186 120.000000 36.913797
-0.000965 0.095961 120.000000 113.942707
-0.004753 0.038375 120.000000 35.924943
0.009841 0.080023 120.000000 105.981602
0.002388 0.008910 120.000000 7.491613
0.005872 0.027472 120.000000 33.245509
-0.006661 0.079334 120.000000 86.153553
0.001214 0.038726 120.000000 42.415067
0.004051 0.067620 120.000000 82.988138
0.006842 0.056617 120.000000 72.030615
-0.009527 0.061166 120.000000 60.027067
-0.006526 0.055120 120.000000 55.304134
0.006844 0.062637 120.000000 79.830659
0.008371 0.086567 120.000000 112.690832
0.000598 0.088473 120.000000 106.023035
-0.009836 0.015252 120.000000 14.460359
0.002000 0.006718 120.000000 6.219821
0.003488 0.052693 120.000000 63.000970
0.004842 0.085042 120.000000 106.510222
0.001460 0.036114 120.000000 39.333595
-0.004040 0.045744 120.000000 45.880527
-0.006606 0.077531 120.000000 83.892883
0.000071 0.024625 120.000000 23.350506
0.006900 0.052885 120.000000 67.265718
-0.002139 0.092646 120.000000 108.317341
-0.000321 0.035043 120.000000 36.066247
-0.003421 0.090983 120.000000 104.727821
-0.006628 0.063540 120.000000 65.928186
-0.003388 0.075006 120.000000 84.115752
0.005282 0.092052 120.000000 116.123875
0.003842 0.073120 120.000000 89.874290
0.004414 0.093747 120.000000 117.300599
-0.000036 0.007371 120.000000 7.146168
0.000459 0.056889 120.000000 64.980878
-0.008454 0.007683 120.000000 16.513259
-0.000237 0.010634 120.000000 8.154135
-0.000068 0.022666 120.000000 20.811780
-0.006959 0.030966 120.000000 25.231281
-0.005859 0.052440 120.000000 52.564667
0.008391 0.071554 120.000000 93.247145
0.007420 0.084339 120.000000 108.660448
-0.003292 0.041007 120.000000 40.624032
0.008592 0.021009 120.000000 28.279903
0.008264 0.009628 120.000000 13.764690
0.003967 0.085077 120.000000 105.526222
0.000349 0.096130 120.000000 115.665036
-0.009375 0.094963 120.000000 103.373174
0.005910 0.069340 120.000000 87.407625
0.008250 0.019046 120.000000 25.367510
0.003499 0.097065 120.000000 120.531263
0.004230 0.099525 120.000000 124.581134
-0.002084 0.035493 120.000000 34.853797
0.004793 0.098303 120.000000 123.658509
0.009705 0.073782 120.000000 97.724688
-0.009915 0.030813 120.000000 23.430185
-0.003728 0.033272 120.000000 30.534035
0.005566 0.026245 120.000000 31.314107
0.007185 0.001134 120.000000 5.488912
0.005744 0.063838 120.000000 80.079837
0.008449 0.097249 120.000000 126.642595
0.007837 0.026063 120.000000 33.796548
0.006446 0.044208 120.000000 55.497401
-0.003211 0.023539 120.000000 19.305334
-0.003044 0.059649 120.000000 64.699306
0.004319 0.095008 120.000000 118.824850
0.001517 0.090567 120.000000 109.795635
0.000396 0.099286 120.000000 119.809816
0.004165 0.046313 120.000000 55.534118
0.003166 0.031559 120.000000 35.377905
0.007190 0.032228 120.000000 40.928333
-0.001172 0.067057 120.000000 76.297974
-0.001517 0.053184 120.000000 58.028934
-0.005372 0.033436 120.000000 29.324924
0.003363 0.024677 120.000000 26.807286
0.001233 0.039939 120.000000 43.993591
0.001973 0.080536 120.000000 97.318200
0.003169 0.024011 120.000000 25.750277
0.000110 0.088284 120.000000 105.219492
0.008742 0.052286 120.000000 68.713120
0.003739 0.033571 120.000000 38.608912
0.001463 0.078287 120.000000 93.815036
0.007108 0.096764 120.000000 124.408631
0.004059 0.083192 120.000000 103.190620
0.001926 0.094119 120.000000 114.876617
0.002289 0.011572 120.000000 9.918808
0.005163 0.037203 120.000000 44.932690
-0.008135 0.066141 120.000000 67.714715
0.007070 0.073537 120.000000 94.232079
0.000315 0.083487 120.000000 99.237317
0.001672 0.040332 120.000000 44.982969
-0.004930 0.055661 120.000000 57.605435
0.005007 0.035881 120.000000 43.046069
0.004072 0.037125 120.000000 43.564470
0.005459 0.097359 120.000000 123.220576
0.004145 0.038736 120.000000 45.725707
-0.003340 0.068048 120.000000 75.193102
0.001754 0.023421 120.000000 23.512081
-0.002866 0.093773 120.000000 108.959175
0.007690 0.008465 120.000000 11.723205
-0.003924 0.033098 120.000000 30.145589
-0.007213 0.083989 120.000000 91.555157
0.007570 0.022998 120.000000 29.554579
0.001274 0.053058 120.000000 60.948189
0.006178 0.080744 120.000000 102.514509
0.007802 0.063549 120.000000 82.161342
0.005204 0.083618 120.000000 105.090298
0.007981 0.033548 120.000000 43.587148
0.001079 0.047564 120.000000 53.638892
-0.009371 0.040859 120.000000 35.064086
0.006351 0.087407 120.000000 111.365706
-0.006741 0.072013 120.000000 76.661935
0.004006 0.012180 120.000000 12.042548
0.009016 0.072649 120.000000 95.420580
0.003131 0.039871 120.000000 46.027751
-0.009899 0.090725 120.000000 97.370974
-0.001048 0.048872 120.000000 52.991352
-0.006799 0.004377 120.000000 17.061260
-0.004926 0.024078 120.000000 18.822098
0.008365 0.021149 120.000000 28.175554
0.002403 0.078187 120.000000 94.769541
0.006941 0.047299 120.000000 60.087035
-0.007010 0.086113 120.000000 94.508072
-0.001145 0.021727 120.000000 18.756056
0.003799 0.016613 120.000000 17.159246
0.003149 0.055243 120.000000 65.909994
0.005529 0.076756 120.000000 96.573832
0.009835 0.021517 120.000000 30.482677
-0.009022 0.002647 120.000000 21.889144
0.003766 0.061057 120.000000 74.153118
0.005206 0.020746 120.000000 23.887194
-0.005583 0.065604 120.000000 69.653769
0.001912 0.061322 120.000000 72.357631
0.004650 0.004042 120.000000 5.410250
0.000061 0.084682 120.000000 100.497013
0.000774 0.086449 120.000000 103.601837
-0.001300 0.030725 120.000000 29.630377
-0.002771 0.049148 120.000000 51.515007
0.007999 0.052120 120.000000 67.598457
0.001529 0.097943 120.000000 119.376111
0.006013 0.046044 120.000000 57.356115
-0.009843 0.015810 120.000000 14.401626
-0.003823 0.058913 120.000000 62.923837
0.006480 0.097271 120.000000 124.317632
0.004822 0.048867 120.000000 59.602877
-0.006242 0.033752 120.000000 29.008051
-0.005003 0.092503 120.000000 104.938915
-0.003972 0.062985 120.000000 67.995678
-0.008655 0.095702 120.000000 105.095049
-0.001948 0.046440 120.000000 48.913404
-0.005881 0.059796 120.000000 61.911208
0.004884 0.090476 120.000000 113.609100
-0.008802 0.051252 120.000000 48.261266
-0.006420 0.033978 120.000000 29.138220
0.001364 0.009946 120.000000 7.936070
0.006128 0.011723 120.000000 13.736347
-0.000137 0.071124 120.000000 82.715983
0.005207 0.021036 120.000000 24.256588
0.000506 0.096376 120.000000 116.163764
0.003855 0.066860 120.000000 81.774543
0.008286 0.070717 120.000000 92.034971
0.003176 0.032788 120.000000 36.965790
0.001278 0.088847 120.000000 107.291390
0.002085 0.084895 120.000000 103.099262
0.004165 0.049307 120.000000 59.405622
0.008407 0.096796 120.000000 126.004113
-0.008328 0.092876 120.000000 101.804474
-0.000006 0.045317 120.000000 49.550920
0.001148 0.033514 120.000000 35.668792
0.007695 0.018787 120.000000 24.358275
0.003860 0.009836 120.000000 9.303999
-0.007035 0.096939 120.000000 108.441952
-0.002796 0.013337 120.000000 9.875559
-0.001916 0.075300 120.000000 86.123571
0.005678 0.005698 120.000000 6.817248
0.002537 0.033055 120.000000 36.595326
0.007871 0.091869 120.000000 118.968949
0.002519 0.014169 120.000000 12.975396
0.001966 0.039494 120.000000 44.232315
-0.007931 0.031682 120.000000 25.415813
0.004590 0.006837 120.000000 6.980048
-0.009653 0.033392 120.000000 26.294072
-0.008896 0.088230 120.000000 95.222294
0.007268 0.003618 120.000000 6.520146
0.000442 0.029805 120.000000 30.209584
-0.008199 0.020106 120.000000 14.614871
0.001011 0.086641 120.000000 104.123328
-0.007765 0.019680 120.000000 14.289363
-0.004826 0.011261 120.000000 10.462957
0.009945 0.010971 120.000000 17.491876
0.004570 0.073640 120.000000 91.401512
0.008945 0.058524 120.000000 77.035205
0.004336 0.058462 120.000000 71.456084
-0.007368 0.041251 120.000000 37.160066
-0.002455 0.052148 120.000000 55.693196
-0.002780 0.003728 120.000000 12.171179
-0.009058 0.071225 120.000000 73.264196
0.007305 0.022844 120.000000 29.036353
-0.000592 0.038943 120.000000 40.755572
0.000603 0.026547 120.000000 26.267933
-0.007317 0.045507 120.000000 42.458018
0.007614 0.057998 120.000000 74.743526
-0.002422 0.078326 120.000000 89.470892
-0.001529 0.082168 120.000000 95.439697
0.002487 0.016483 120.000000 15.683694
-0.001135 0.071826 120.000000 82.503037
-0.009823 0.078192 120.000000 81.384654
0.004374 0.049394 120.000000 59.762037
0.003845 0.002799 120.000000 5.703938
-0.002124 0.079085 120.000000 90.784990
-0.004318 0.071840 120.000000 79.019456
-0.004107 0.096951 120.000000 111.683202
-0.003593 0.076602 120.000000 85.950492
0.005143 0.067929 120.000000 84.671662
-0.003230 0.038192 120.000000 37.133311
0.009019 0.099221 120.000000 129.886764
0.003568 0.075612 120.000000 92.785222
0.004425 0.096377 120.000000 120.724941
0.007384 0.097417 120.000000 125.585754
0.001398 0.072610 120.000000 86.385879
-0.008145 0.007900 120.000000 15.931743
-0.000659 0.096592 120.000000 115.109431
-0.001650 0.011585 120.000000 8.788663
-0.008728 0.084809 120.000000 91.002516
-0.009603 0.060727 120.000000 59.400422
0.003938 0.020512 120.000000 22.170290
0.001789 0.005895 120.000000 6.181142
0.009275 0.069085 120.000000 91.115920
0.002219 0.059519 120.000000 70.375865
0.004105 0.036902 120.000000 43.316514
-0.008844 0.074255 120.000000 77.352868
-0.004791 0.065462 120.000000 70.308198
0.002114 0.030661 120.000000 33.067462
-0.001421 0.038170 120.000000 38.909048
-0.005914 0.069908 120.000000 74.829439
-0.004477 0.092862 120.000000 105.984284
-0.004834 0.094643 120.000000 107.890701
-0.000353 0.014978 120.000000 11.777833
-0.008453 0.080340 120.000000 85.554034
-0.001116 0.098654 120.000000 117.260366
-0.001746 0.047187 120.000000 50.083654
-0.009005 0.091245 120.000000 98.983817
0.004917 0.054466 120.000000 66.961624
0.004917 0.062379 120.000000 77.212029
-0.007174 0.062097 120.000000 63.530146
-0.003298 0.077125 120.000000 86.950254
0.001305 0.024325 120.000000 24.188375
0.006212 0.089090 120.000000 113.383391
0.006583 0.060055 120.000000 76.174176
0.002571 0.025314 120.000000 26.756300
0.004271 0.025678 120.000000 29.095968
0.000832 0.070095 120.000000 82.482451
-0.006736 0.052675 120.000000 51.999613
0.006459 0.031317 120.000000 38.880037
0.006653 0.052944 120.000000 67.047399
-0.002388 0.043287 120.000000 44.428814
0.008084 0.066792 120.000000 86.704123
-0.002429 0.027334 120.000000 24.405833
0.002762 0.037891 120.000000 43.060642
0.009333 0.080701 120.000000 106.244838
0.004435 0.041526 120.000000 49.662662
0.009558 0.055158 120.000000 73.424433
-0.006036 0.002175 120.000000 18.132711
-0.001959 0.002980 120.000000 11.759898
-0.006238 0.055517 120.000000 56.095190
-0.005775 0.051478 120.000000 51.427735
0.001043 0.040130 120.000000 44.031798
-0.008678 0.058633 120.000000 57.645303
-0.007285 0.079538 120.000000 85.753483
-0.005794 0.019177 120.000000 13.864949
0.006677 0.036327 120.000000 45.594670
-0.002562 0.016728 120.000000 12.482195
-0.007289 0.090220 120.000000 99.499267
0.003580 0.013201 120.000000 12.824303
-0.002573 0.002294 120.000000 13.225932
0.003095 0.059307 120.000000 71.108252
0.002773 0.072558 120.000000 87.902172
-0.004126 0.024671 120.000000 19.966929
-0.000140 0.096105 120.000000 115.071306
0.004735 0.079911 120.000000 99.728724
0.001086 0.011614 120.000000 9.245648
0.008790 0.034213 120.000000 45.433863
-0.001055 0.068384 120.000000 78.141430
0.000925 0.018694 120.000000 16.903622
0.008057 0.024321 120.000000 31.837872
-0.008063 0.064708 120.000000 65.961048
0.002475 0.070744 120.000000 85.206588
-0.004870 0.017612 120.000000 12.746923
-0.005109 0.078922 120.000000 87.291450
0.004188 0.070877 120.000000 87.370217
0.005474 0.075135 120.000000 94.406665
0.005668 0.033645 120.000000 40.939564
-0.007369 0.086838 120.000000 95.056555
0.001135 0.035903 120.000000 38.709541
-0.002063 0.065598 120.000000 73.428336
0.003154 0.059868 120.000000 71.902728
0.009365 0.056868 120.000000 75.402459
0.000925 0.090154 120.000000 108.579217
0.000474 0.099999 120.000000 120.825440
0.006731 0.096518 120.000000 123.639623
0.008769 0.055514 120.000000 72.924061
0.003780 0.026379 120.000000 29.438257
0.000405 0.059336 120.000000 68.081512
0.001477 0.087483 120.000000 105.751280
0.008852 0.051340 120.000000 67.624110
-0.007606 0.099608 120.000000 111.265350
0.000144 0.074375 120.000000 87.241895
0.004325 0.023877 120.000000 26.861901
0.004951 0.007604 120.000000 7.948190
-0.005542 0.044429 120.000000 42.755840
0.006236 0.076660 120.000000 97.287327
0.003013 0.062321 120.000000 74.917007
-0.001896 0.056083 120.000000 61.348543
-0.004611 0.034227 120.000000 30.928758
0.007196 0.026358 120.000000 33.395669
0.008634 0.075358 120.000000 98.471631
0.003318 0.016486 120.000000 16.506536
0.009523 0.013218 120.000000 19.684481
-0.006495 0.027453 120.000000 21.592698
0.006798 0.042562 120.000000 53.791094
0.009204 0.091757 120.000000 120.427030
0.003722 0.003774 120.000000 5.519304
0.008811 0.077856 120.000000 101.924355
0.004501 0.098436 120.000000 123.487236
0.000461 0.005932 120.000000 7.032307
-0.003625 0.084709 120.000000 96.387819
-0.007797 0.066699 120.000000 68.768879
0.001419 0.035265 120.000000 38.201121
-0.008040 0.018284 120.000000 13.651253
-0.005504 0.054843 120.000000 55.976164
0.005173 0.032290 120.000000 38.613478
0.009323 0.079300 120.000000 104.415034
0.006762 0.014288 120.000000 17.599267
0.007828 0.082607 120.000000 106.902352
-0.005339 0.057963 120.000000 60.124380
-0.001526 0.083818 120.000000 97.578154
0.005109 0.051826 120.000000 63.769096
0.001493 0.005562 120.000000 6.372934
0.000723 0.005776 120.000000 6.868856
0.007270 0.087080 120.000000 112.036559
0.002379 0.030650 120.000000 33.341408
0.000538 0.061911 120.000000 71.559579
0.003745 0.050087 120.000000 59.927024
-0.003567 0.006731 120.000000 10.871957
0.009163 0.077713 120.000000 102.164295
-0.002049 0.079408 120.000000 91.286899
-0.006321 0.052589 120.000000 52.296445
-0.007896 0.089289 120.000000 97.647737
0.001562 0.089986 120.000000 109.094914
0.008875 0.002354 120.000000 7.125579
0.007137 0.080619 120.000000 103.495688
0.004240 0.056532 120.000000 68.844590
0.001176 0.070834 120.000000 83.830824
0.000990 0.074378 120.000000 88.209117
-0.005082 0.065972 120.000000 70.653650
-0.008582 0.084005 120.000000 90.124712
0.002948 0.084628 120.000000 103.754818
-0.001699 0.089839 120.000000 105.179599
0.009941 0.016549 120.000000 24.354094
0.005156 0.050611 120.000000 62.252865
-0.002873 0.090049 120.000000 104.131692
0.004311 0.013635 120.000000 14.066213
0.009056 0.070573 120.000000 92.778403
-0.006603 0.050928 120.000000 49.920783
-0.008260 0.041234 120.000000 36.393668
-0.001948 0.076802 120.000000 88.028752
0.002915 0.074662 120.000000 90.793014
-0.001834 0.092155 120.000000 108.025784
-0.006109 0.099795 120.000000 113.144052
-0.006564 0.024965 120.000000 18.926978
-0.001119 0.001275 120.000000 12.287566
0.003127 0.032321 120.000000 36.311373
-0.005282 0.065939 120.000000 70.401141
0.001843 0.086353 120.000000 104.708637
-0.006271 0.049419 120.000000 48.337964
0.009453 0.027794 120.000000 38.010279
0.005796 0.034951 120.000000 42.773178
0.004865 0.022469 120.000000 25.684692
0.005900 0.062732 120.000000 78.830550
-0.008546 0.020624 120.000000 14.981072
0.001258 0.032681 120.000000 34.722150
-0.001746 0.045614 120.000000 48.069529
-0.009439 0.004244 120.000000 20.906900
0.003722 0.003234 120.000000 5.627291
-0.004826 0.012822 120.000000 10.483533
-0.009082 0.064899 120.000000 65.187709
0.008170 0.026712 120.000000 35.036768
-0.007000 0.038219 120.000000 33.773974
0.002584 0.036905 120.000000 41.592694
0.000755 0.017163 120.000000 14.952400
-0.009975 0.091271 120.000000 97.991415
-0.009524 0.075522 120.000000 78.276810
-0.002140 0.008459 120.000000 8.595043
-0.002458 0.080515 120.000000 92.262271
-0.006849 0.062133 120.000000 63.904867
-0.002457 0.005553 120.000000 10.304169
0.009273 0.048109 120.000000 63.960363
0.002843 0.088614 120.000000 108.802109
-0.009488 0.002958 120.000000 22.242683
-0.003548 0.012518 120.000000 9.739601
-0.000932 0.099918 120.000000 119.108236
-0.008315 0.092121 120.000000 100.846685
-0.001984 0.055097 120.000000 59.984950
0.007717 0.043487 120.000000 56.090845
0.006994 0.080351 120.000000 102.977615
-0.005347 0.094995 120.000000 107.779788
-0.004078 0.053023 120.000000 55.112047
0.005134 0.071602 120.000000 89.423320
-0.009896 0.028150 120.000000 20.819337
-0.007477 0.017140 120.000000 12.979278
0.009360 0.049625 120.000000 66.025765
0.007765 0.091195 120.000000 117.967489
-0.006192 0.009532 120.000000 12.420478
-0.000027 0.002755 120.000000 9.499300
0.008127 0.085140 120.000000 110.545941
-0.006329 0.006113 120.000000 14.894499
0.008883 0.016202 120.000000 22.577640
0.006602 0.025429 120.000000 31.492868
-0.005114 0.085337 120.000000 95.561211
0.003360 0.077364 120.000000 94.813365
-0.008674 0.092390 120.000000 100.808743
-0.009219 0.064171 120.000000 64.130115
-0.001044 0.013281 120.000000 9.929834
0.007659 0.014757 120.000000 19.259777
0.001463 0.064654 120.000000 76.156188
-0.003670 0.034271 120.000000 31.820770
-0.004095 0.026534 120.000000 22.123572
0.005809 0.015209 120.000000 17.630256
-0.003782 0.021516 120.000000 16.714779
0.008039 0.027050 120.000000 35.308779
-0.001144 0.099184 120.000000 117.915742
0.000453 0.003155 120.000000 8.598113
0.008223 0.029575 120.000000 38.773040
-0.007474 0.081734 120.000000 88.376814
-0.008050 0.047424 120.000000 44.178487
-0.004046 0.072213 120.000000 79.796108
0.004861 0.022017 120.000000 25.104181
0.008684 0.076152 120.000000 99.560547
-0.003017 0.046192 120.000000 47.486696
-0.006334 0.067520 120.000000 71.325698
0.009020 0.011256 120.000000 16.652203
-0.006578 0.084186 120.000000 92.489725
-0.004499 0.017549 120.000000 12.731145
0.000098 0.004008 120.000000 8.371559
0.002802 0.094262 120.000000 116.080504
0.008474 0.029689 120.000000 39.227870
0.000289 0.041095 120.000000 44.449272
0.006562 0.056538 120.000000 71.592680
0.001669 0.003696 120.000000 6.937893
0.003302 0.059649 120.000000 71.790820
0.004618 0.045533 120.000000 55.053944
-0.004136 0.084533 120.000000 95.596200
-0.006585 0.064632 120.000000 67.367796
0.003151 0.045257 120.000000 53.001402
-0.000539 0.044707 120.000000 48.191615
-0.007691 0.044514 120.000000 40.893592
-0.005057 0.077143 120.000000 85.054605
0.002856 0.032075 120.000000 35.692770
-0.000619 0.005611 120.000000 8.172502
0.005177 0.005110 120.000000 6.054169
0.005896 0.050772 120.000000 63.335643
0.004440 0.079999 120.000000 99.496049
0.000590 0.072305 120.000000 85.068942
-0.003153 0.018296 120.000000 13.741281
-0.003443 0.020251 120.000000 15.567930
-0.005593 0.065514 120.000000 69.528860
-0.002335 0.053750 120.000000 57.877052
-0.005120 0.055565 120.000000 57.286598
-0.003842 0.009620 120.000000 9.872058
-0.000804 0.047345 120.000000 51.292821
0.009056 0.074550 120.000000 97.934555
-0.000303 0.078422 120.000000 91.974730
0.005936 0.063707 120.000000 80.136076
0.000782 0.029980 120.000000 30.782768
0.008744 0.025929 120.000000 34.740619
-0.007568 0.082222 120.000000 88.904085
0.007564 0.018227 120.000000 23.491720
0.003300 0.071696 120.000000 87.396644
0.008497 0.068688 120.000000 89.658969
-0.006423 0.077460 120.000000 83.996239
-0.001921 0.003866 120.000000 10.933109
-0.000335 0.067155 120.000000 77.359020
-0.009052 0.071280 120.000000 73.340565
-0.005500 0.042421 120.000000 40.279961
-0.009805 0.009280 120.000000 17.134677
0.003116 0.080597 120.000000 98.721365
0.008395 0.006665 120.000000 10.560433
0.005111 0.025019 120.000000 29.216059
0.004348 0.029355 120.000000 33.889930
0.006483 0.044222 120.000000 55.559197
0.003535 0.033710 120.000000 38.555869
-0.008015 0.016945 120.000000 13.179583
0.009751 0.002562 120.000000 8.211382
-0.005695 0.046350 120.000000 45.024951
0.009898 0.035916 120.000000 48.997048
0.003724 0.056454 120.000000 68.142222
-0.003918 0.010565 120.000000 9.776268
0.008190 0.063337 120.000000 82.354734
0.006984 0.069515 120.000000 88.913843
0.001823 0.063087 120.000000 74.539813
-0.003395 0.056868 120.000000 60.752380
0.001953 0.045167 120.000000 51.524889
-0.008547 0.004773 120.000000 19.142956
-0.000931 0.043757 120.000000 46.554407
0.005727 0.030454 120.000000 36.902318
-0.004602 0.052006 120.000000 53.277642
-0.005773 0.056216 120.000000 57.453169
0.007227 0.084107 120.000000 108.128689
0.008365 0.099035 120.000000 128.859433
-0.005692 0.053929 120.000000 54.623453
0.002619 0.056485 120.000000 66.907087
0.000234 0.089500 120.000000 106.937095
-0.002416 0.038848 120.000000 38.762435
-0.003829 0.072884 120.000000 80.895811
0.001226 0.074481 120.000000 88.611680
0.003729 0.093630 120.000000 116.344190
0.003229 0.039266 120.000000 45.360096
-0.004533 0.094076 120.000000 107.491082
-0.005253 0.012270 120.000000 10.747135
-0.005922 0.059008 120.000000 60.861307
0.006527 0.060875 120.000000 77.169580
0.005729 0.057038 120.000000 71.250163
-0.001185 0.005777 120.000000 8.685675
-0.008813 0.060662 120.000000 60.080701
0.002842 0.002885 120.000000 6.360008
-0.009460 0.007821 120.000000 17.769184
0.009575 0.009451 120.000000 15.203351
0.004284 0.075013 120.000000 92.847069
-0.008047 0.017789 120.000000 13.460814
-0.003893 0.095948 120.000000 110.624464
-0.008773 0.027575 120.000000 20.640146
0.002370 0.054353 120.000000 63.864204
0.001095 0.062958 120.000000 73.544189
0.000606 0.050580 120.000000 57.000786
0.009946 0.097774 120.000000 129.128253
-0.009231 0.095405 120.000000 104.096599
0.009604 0.003715 120.000000 9.034377
0.008668 0.004546 120.000000 8.720008
-0.009507 0.066560 120.000000 66.877573
0.009142 0.064152 120.000000 84.562281
-0.008069 0.090718 120.000000 99.303393
-0.006096 0.007908 120.000000 13.251166
0.004152 0.075972 120.000000 93.935790
0.008118 0.082381 120.000000 106.958360
0.008657 0.063297 120.000000 82.867515
0.009358 0.010092 120.000000 15.685179
0.002232 0.050366 120.000000 58.553223
0.004735 0.070275 120.000000 87.232470
0.002377 0.064738 120.000000 77.312832
0.004156 0.031626 120.000000 36.584933
-0.004963 0.059088 120.000000 61.952555
0.000116 0.077164 120.000000 90.820207
-0.007454 0.062402 120.000000 63.636655
-0.007692 0.092823 120.000000 102.421393
0.003009 0.080411 120.000000 98.355759
-0.002496 0.009208 120.000000 8.769041
0.000044 0.025418 120.000000 24.307134
-0.002150 0.043843 120.000000 45.383840
-0.002370 0.064987 120.000000 72.303794
0.008894 0.055661 120.000000 73.266784
0.004367 0.010871 120.000000 10.889279
0.005332 0.057287 120.000000 71.104165
0.003788 0.099241 120.000000 123.694242
-0.005987 0.047208 120.000000 45.825598
0.003042 0.091478 120.000000 112.749259
-0.004056 0.077693 120.000000 86.852270
-0.009070 0.047335 120.000000 43.167273
-0.007610 0.054679 120.000000 53.683948
0.009211 0.082501 120.000000 108.429890
-0.005950 0.032664 120.000000 27.939094
0.000518 0.094878 120.000000 114.235805
-0.000574 0.018791 120.000000 15.785609
-0.004121 0.061680 120.000000 66.161126
0.001395 0.079746 120.000000 95.627481
-0.000183 0.056699 120.000000 64.019744
0.007324 0.042024 120.000000 53.727344
0.001926 0.025310 120.000000 26.066735
0.009687 0.027548 120.000000 37.988541
-0.008789 0.064468 120.000000 64.930752
0.006759 0.075395 120.000000 96.269651
0.006344 0.052198 120.000000 65.713323
0.006488 0.099173 120.000000 126.795829
0.002851 0.096238 120.000000 118.700702
-0.002884 0.068790 120.000000 76.646229
0.000368 0.069121 120.000000 80.693853
0.003268 0.016417 120.000000 16.371827
-0.004385 0.032118 120.000000 28.548815
0.006119 0.085750 120.000000 108.939653
0.005820 0.057444 120.000000 71.884622
-0.002650 0.064206 120.000000 70.991524
-0.003819 0.035852 120.000000 33.647618
0.005521 0.072930 120.000000 91.601377
-0.002991 0.080707 120.000000 91.916871
0.001882 0.027622 120.000000 28.947871
0.000503 0.098416 120.000000 118.805537
-0.008034 0.030459 120.000000 24.000156
-0.005396 0.067891 120.000000 72.786749
0.009240 0.010338 120.000000 15.827892
-0.004594 0.026323 120.000000 21.528146
-0.007910 0.097580 120.000000 108.317996
-0.006655 0.061805 120.000000 63.684549
0.006037 0.087292 120.000000 110.843208
0.002716 0.075607 120.000000 91.788022
0.008160 0.048245 120.000000 62.778750
0.003067 0.027013 120.000000 29.455365
-0.007440 0.002723 120.000000 19.562972
0.000911 0.020837 120.000000 19.483064
0.004793 0.023045 120.000000 26.334184
0.001323 0.099352 120.000000 120.965142
0.009232 0.036128 120.000000 48.444707
0.003219 0.086844 120.000000 106.944707
0.001020 0.026292 120.000000 26.367683
0.004379 0.027929 120.000000 32.097820
0.004874 0.008412 120.000000 8.688774
-0.004378 0.015219 120.000000 11.156833
0.009303 0.061646 120.000000 81.513488
0.004202 0.006823 120.000000 6.728862
0.000386 0.083456 120.000000 99.279603
-0.001255 0.002456 120.000000 11.321977
-0.006980 0.020348 120.000000 14.683301
0.004549 0.089397 120.000000 111.813981
0.008093 0.005463 120.000000 8.955606
0.001809 0.051351 120.000000 59.345355
0.008613 0.039937 120.000000 52.595974
-0.004658 0.034317 120.000000 30.999111
-0.006109 0.097846 120.000000 110.626135
-0.002915 0.089574 120.000000 103.469406
0.008779 0.010224 120.000000 15.111059
0.009480 0.099917 120.000000 131.345230
0.007823 0.023324 120.000000 30.277741
0.006790 0.036088 120.000000 45.422207
0.007085 0.061512 120.000000 78.662498
-0.009524 0.081649 120.000000 86.116962
0.001876 0.040821 120.000000 45.840552
-0.002353 0.092724 120.000000 108.176736
0.003736 0.064986 120.000000 79.207837
0.006787 0.092275 120.000000 118.199766
0.000302 0.021818 120.000000 20.115536
-0.006263 0.016736 120.000000 12.370466
-0.001563 0.079644 120.000000 92.135193
-0.006165 0.057002 120.000000 58.057685
-0.003387 0.005964 120.000000 11.165792
0.003453 0.040551 120.000000 47.271967
-0.002011 0.018199 120.000000 14.189643
0.005553 0.091776 120.000000 116.086453
0.006049 0.006928 120.000000 8.270841
-0.001524 0.067563 120.000000 76.560491
-0.003774 0.034918 120.000000 32.528934
-0.005624 0.019952 120.000000 14.514487
-0.002909 0.021768 120.000000 17.513181
0.006048 0.007813 120.000000 9.181363
0.003243 0.061865 120.000000 74.592163
0.009729 0.049962 120.000000 66.914415
-0.006039 0.088579 120.000000 98.736898
-0.009268 0.023435 120.000000 16.921705
0.004126 0.081907 120.000000 101.602034
0.000000 0.100000 140.000000 122.554226
-0.006475 0.004184 140.000000 16.764485
0.000287 0.065128 140.000000 76.927587
0.008232 0.001912 140.000000 6.276161
0.005733 0.086630 140.000000 111.520452
-0.006061 0.076124 140.000000 84.489408
0.001875 0.039256 140.000000 44.713082
0.001333 0.089042 140.000000 109.616801
0.003031 0.065896 140.000000 81.037845
-0.004986 0.081492 140.000000 92.669862
0.008961 0.061646 140.000000 82.395465
0.003142 0.089140 140.000000 111.820170
-0.004135 0.048347 140.000000 50.269671
0.008785 0.057056 140.000000 76.137217
-0.001525 0.088811 140.000000 106.088766
-0.000114 0.035504 140.000000 37.701415
0.003561 0.099916 140.000000 126.526686
0.006004 0.028972 140.000000 35.927529
0.004561 0.067775 140.000000 85.279226
-0.005399 0.018951 140.000000 14.191304
0.001071 0.013086 140.000000 10.954938
0.007735 0.001946 140.000000 5.928445
0.002444 0.039206 140.000000 45.275616
-0.006134 0.006613 140.000000 14.222292
0.006580 0.092528 140.000000 120.299953
-0.001123 0.079027 140.000000 93.651561
-0.001387 0.072232 140.000000 84.418167
0.008095 0.025013 140.000000 33.257429
0.002781 0.061920 140.000000 75.513440
-0.004879 0.025300 140.000000 20.842685
-0.001830 0.048207 140.000000 52.442835
-0.006982 0.015234 140.000000 12.470562
-0.000182 0.023225 140.000000 21.942139
-0.007030 0.071497 140.000000 77.435044
-0.008068 0.090455 140.000000 101.140522
0.001634 0.087962 140.000000 108.535921
-0.003430 0.042326 140.000000 43.188931
0.005017 0.090660 140.000000 116.002843
-0.002416 0.009657 140.000000 8.784031
0.002448 0.030263 140.000000 33.600440
0.008352 0.073920 140.000000 97.846722
-0.002018 0.053445 140.000000 59.085771
-0.001335 0.089549 140.000000 107.273163
0.004370 0.050439 140.000000 62.215401
-0.005489 0.049947 140.000000 51.004438
0.003992 0.042465 140.000000 51.294178
-0.002569 0.006123 140.000000 10.054981
0.005145 0.038758 140.000000 47.752239
-0.006811 0.027153 140.000000 21.811429
0.007948 0.090855 140.000000 119.709858
-0.001056 0.068463 140.000000 79.825855
0.009706 0.029872 140.000000 41.570017
0.001637 0.031650 140.000000 34.533880
-0.002829 0.041622 140.000000 42.873348
-0.004270 0.026052 140.000000 22.110350
-0.008404 0.008333 140.000000 15.958545
0.006738 0.061429 140.000000 79.460467
0.007069 0.021336 140.000000 27.246601
-0.001593 0.044147 140.000000 47.400312
0.008965 0.027750 140.000000 37.887008
-0.003675 0.002506 140.000000 14.497190
0.001956 0.012443 140.000000 10.851533
0.002782 0.068263 140.000000 83.873353
-0.007326 0.035161 140.000000 30.774685
-0.000391 0.051533 140.000000 58.324508
0.006837 0.033650 140.000000 43.033843
0.008756 0.037020 140.000000 49.758185
0.009892 0.065800 140.000000 88.991979
0.008931 0.095252 140.000000 126.682247
-0.009883 0.052708 140.000000 50.457939
-0.002664 0.088881 140.000000 104.916010
-0.002075 0.010656 140.000000 8.744087
-0.005004 0.048572 140.000000 49.704071
-0.005193 0.056435 140.000000 59.698305
-0.008732 0.059113 140.000000 59.687240
0.002714 0.008553 140.000000 7.476572
-0.004892 0.017532 140.000000 13.099459
0.001834 0.072231 140.000000 88.021642
0.003420 0.060740 140.000000 74.689722
0.009498 0.012075 140.000000 18.436956
-0.008061 0.059553 140.000000 60.898094
-0.003461 0.082609 140.000000 95.788500
0.002103 0.067435 140.000000 82.006835
-0.001313 0.081756 140.000000 97.032703
0.004130 0.015540 140.000000 16.502221
-0.002841 0.035443 140.000000 34.926907
-0.002739 0.095711 140.000000 113.825750
0.007066 0.004992 140.000000 7.459956
0.003945 0.007441 140.000000 7.172380
-0.001724 0.074325 140.000000 86.799399
-0.006883 0.051865 140.000000 52.131476
-0.005956 0.014753 140.000000 11.784144
0.004926 0.007956 140.000000 8.383109
0.007620 0.033232 140.000000 43.421503
-0.009302 0.087799 140.000000 96.373582
0.003358 0.013156 140.000000 12.823593
0.003670 0.070978 140.000000 88.472175
-0.008840 0.048685 140.000000 46.292099
-0.001063 0.055648 140.000000 62.992563
-0.000774 0.078759 140.000000 93.687294
0.009843 0.099838 140.000000 133.821396
-0.001739 0.014230 140.000000 10.855592
0.009135 0.099226 140.000000 132.169534
0.003647 0.089602 140.000000 113.012992
0.004991 0.077005 140.000000 97.952729
-0.007613 0.019067 140.000000 14.345070
-0.004698 0.077602 140.000000 87.874601
0.000370 0.073826 140.000000 88.471536
0.001591 0.062392 140.000000 74.786235
-0.003435 0.088018 140.000000 102.930776
0.008166 0.067187 140.000000 88.747092
-0.002435 0.010488 140.000000 8.881568
0.004459 0.045744 140.000000 56.139506
-0.009594 0.051083 140.000000 48.659227
0.000632 0.036593 140.000000 39.896081
0.000300 0.090791 140.000000 110.750144
0.001872 0.047674 140.000000 55.746820
0.005826 0.066799 140.000000 85.468317
0.001506 0.037320 140.000000 41.781148
-0.009481 0.085899 140.000000 93.705486
-0.008624 0.094955 140.000000 106.448103
0.000985 0.001746 140.000000 9.143820
0.001756 0.012012 140.000000 10.254253
-0.001633 0.057074 140.000000 64.246854
-0.000641 0.061814 140.000000 71.544050
-0.004519 0.065918 140.000000 72.759011
-0.009614 0.068124 140.000000 70.459918
0.001128 0.058025 140.000000 68.520606
0.008677 0.043714 140.000000 58.452938
-0.000018 0.049501 140.000000 56.066150
0.006407 0.050265 140.000000 64.361966
0.002902 0.038121 140.000000 44.363108
0.008271 0.072143 140.000000 95.407666
0.006907 0.042031 140.000000 54.118520
0.003571 0.016776 140.000000 17.471648
-0.003346 0.095026 140.000000 112.251478
0.001627 0.010743 140.000000 8.915432
-0.007591 0.049079 140.000000 47.907229
-0.005102 0.091695 140.000000 105.944753
-0.007836 0.037448 140.000000 33.161461
0.003992 0.056328 140.000000 69.535175
0.009544 0.010680 140.000000 16.778997
-0.002318 0.019372 140.000000 15.735241
0.009924 0.004315 140.000000 10.016722
0.006476 0.056263 140.000000 72.343703
0.008143 0.068727 140.000000 90.751204
0.008049 0.075703 140.000000 99.838946
-0.006387 0.089964 140.000000 102.284583
-0.004318 0.029339 140.000000 26.007036
-0.009397 0.071220 140.000000 74.682370
-0.008241 0.015910 140.000000 13.395782
-0.004779 0.017777 140.000000 13.301717
-0.006927 0.067289 140.000000 72.057312
0.005139 0.096398 140.000000 123.718431
0.000405 0.074923 140.000000 89.954507
0.004391 0.039197 140.000000 47.458580
0.002146 0.019513 140.000000 19.480836
0.008433 0.039866 140.000000 53.102919
-0.005426 0.015549 140.000000 11.892617
0.008665 0.015095 140.000000 21.180166
0.006934 0.060061 140.000000 77.890260
0.004201 0.092712 140.000000 117.760900
0.005812 0.028364 140.000000 34.908074
0.000301 0.079413 140.000000 95.754289
-0.008590 0.013052 140.000000 13.832343
-0.008478 0.078096 140.000000 84.555084
-0.000985 0.059952 140.000000 68.722704
-0.006842 0.081072 140.000000 90.144164
0.001074 0.081733 140.000000 99.683911
0.006547 0.005708 140.000000 7.624484
-0.003736 0.004373 140.000000 12.851755
0.003671 0.018730 140.000000 20.042391
-0.009038 0.070974 140.000000 74.721206
-0.002083 0.072983 140.000000 84.641455
-0.000828 0.046301 140.000000 51.011234
0.003783 0.074605 140.000000 93.385741
0.005648 0.065250 140.000000 83.216111
0.000813 0.044676 140.000000 50.648336
0.005270 0.077233 140.000000 98.578771
0.007184 0.092234 140.000000 120.625768
0.002558 0.048804 140.000000 57.999264
0.000515 0.087868 140.000000 107.138809
-0.002320 0.059039 140.000000 66.084756
-0.007647 0.033699 140.000000 28.797359
-0.005786 0.005008 140.000000 15.069599
-0.002430 0.007905 140.000000 9.058920
-0.005626 0.085620 140.000000 97.399961
0.005053 0.086694 140.000000 110.809887
-0.009418 0.068994 140.000000 71.776533
-0.006304 0.077300 140.000000 85.773790
-0.003525 0.011179 140.000000 9.630147
-0.007420 0.079984 140.000000 88.114746
0.007512 0.099329 140.000000 130.377054
-0.008672 0.099770 140.000000 112.709071
0.007842 0.069949 140.000000 92.003481
-0.004062 0.027575 140.000000 24.070688
0.002269 0.030940 140.000000 34.288718
0.008450 0.042635 140.000000 56.760257
-0.004058 0.061910 140.000000 68.003082
0.000248 0.008244 140.000000 7.168698
0.007087 0.027987 140.000000 35.920304
-0.000583 0.045116 140.000000 49.723307
-0.000642 0.063676 140.000000 73.989449
-0.002369 0.042233 140.000000 44.122862
-0.008954 0.065298 140.000000 67.448727
0.002864 0.059655 140.000000 72.624409
0.003286 0.005065 140.000000 5.665715
-0.008985 0.083610 140.000000 91.229640
0.001796 0.037846 140.000000 42.782810
-0.003208 0.089087 140.000000 104.587281
-0.001994 0.072313 140.000000 83.858575
0.004474 0.059837 140.000000 74.714608
0.003344 0.094331 140.000000 118.904624
0.002755 0.094856 140.000000 118.917597
0.005161 0.016380 140.000000 18.671359
-0.008808 0.084882 140.000000 93.073774
-0.001508 0.008598 140.000000 8.152155
0.006867 0.045119 140.000000 58.132910
0.008628 0.082879 140.000000 109.993544
-0.002977 0.051679 140.000000 55.776071
0.003183 0.029544 140.000000 33.466760
0.006271 0.067970 140.000000 87.534867
-0.003707 0.030020 140.000000 27.332250
0.001556 0.075217 140.000000 91.641696
0.003629 0.087215 140.000000 109.842773
0.001030 0.085548 140.000000 104.664355
0.001028 0.064134 140.000000 76.447473
-0.007356 0.026640 140.000000 20.991275
0.007131 0.037616 140.000000 48.585911
-0.006191 0.012782 140.000000 11.648523
-0.007081 0.098543 140.000000 112.801109
0.001766 0.054848 140.000000 65.055574
0.001410 0.039462 140.000000 44.475699
0.003685 0.086372 140.000000 108.795195
-0.001050 0.086676 140.000000 103.806808
-0.008707 0.085716 140.000000 94.269085
-0.009086 0.094351 140.000000 105.170159
-0.009766 0.049896 140.000000 47.014761
0.008912 0.085276 140.000000 113.496273
-0.001653 0.050068 140.000000 55.059356
-0.005650 0.062340 140.000000 66.914988
-0.000279 0.075151 140.000000 89.489171
0.000530 0.067014 140.000000 79.679841
-0.009621 0.045059 140.000000 41.102809
0.006193 0.045804 140.000000 58.237921
-0.004008 0.034803 140.000000 33.044683
0.003029 0.078338 140.000000 97.439960
0.000578 0.041159 140.000000 45.794811
0.004905 0.025990 140.000000 30.767293
0.001190 0.027656 140.000000 28.898932
-0.003201 0.014920 140.000000 11.212629
-0.005861 0.042648 140.000000 41.304178
-0.001287 0.066159 140.000000 76.544340
0.007773 0.092919 140.000000 122.226306
0.006763 0.077771 140.000000 101.042012
-0.006460 0.083682 140.000000 93.968100
0.006286 0.079551 140.000000 102.828683
-0.001866 0.034965 140.000000 35.248405
-0.006434 0.031275 140.000000 26.768067
0.005354 0.052658 140.000000 66.278155
0.007555 0.053663 140.000000 70.197478
-0.000795 0.015022 140.000000 11.936193
0.000897 0.058616 140.000000 69.040460
-0.004752 0.001968 140.000000 16.525703
-0.004554 0.038043 140.000000 36.648065
0.003406 0.068436 140.000000 84.815609
-0.001770 0.076905 140.000000 90.142640
-0.004938 0.075388 140.000000 84.715290
0.004526 0.060044 140.000000 75.046243
0.005083 0.021633 140.000000 25.316640
0.005001 0.046538 140.000000 57.811580
0.007076 0.041662 140.000000 53.834469
-0.008566 0.078221 140.000000 84.627970
0.003847 0.023477 140.000000 26.321845
0.007042 0.034898 140.000000 44.913745
0.006842 0.048105 140.000000 62.033146
0.008990 0.053239 140.000000 71.359397
-0.001133 0.057014 140.000000 64.707594
-0.002869 0.079253 140.000000 92.024475
0.008215 0.012286 140.000000 17.094357
0.009875 0.073244 140.000000 98.781451
0.003999 0.016708 140.000000 17.830702
0.005816 0.073095 140.000000 93.759300
-0.002239 0.028226 140.000000 26.356523
-0.006603 0.064812 140.000000 69.162305
-0.005116 0.085524 140.000000 97.821674
-0.001740 0.095502 140.000000 114.663516
-0.002113 0.078575 140.000000 91.961081
0.003280 0.091323 140.000000 114.860092
0.007825 0.036160 140.000000 47.506145
-0.007736 0.014966 140.000000 12.923712
0.009525 0.004492 140.000000 9.705179
0.007676 0.032020 140.000000 41.900594
-0.006252 0.046977 140.000000 46.461230
-0.001900 0.021871 140.000000 18.875878
-0.006931 0.095102 140.000000 108.444034
-0.002107 0.058551 140.000000 65.673910
-0.002930 0.036024 140.000000 35.583967
0.009422 0.092608 140.000000 123.778365
-0.007391 0.057711 140.000000 59.171382
0.003232 0.036231 140.000000 42.256505
-0.007461 0.090831 140.000000 102.275619
-0.002599 0.034045 140.000000 33.371308
0.008079 0.042849 140.000000 56.593817
0.001101 0.095980 140.000000 118.504371
0.001197 0.020186 140.000000 19.416907
-0.006350 0.085972 140.000000 97.085795
-0.001209 0.016233 140.000000 12.974789
-0.007965 0.034517 140.000000 29.547191
-0.007568 0.094961 140.000000 107.577798
-0.000180 0.009031 140.000000 7.542515
-0.003364 0.094085 140.000000 110.993005
0.006656 0.015281 140.000000 18.985607
-0.002127 0.009368 140.000000 8.578747
0.003797 0.019474 140.000000 21.122577
-0.005844 0.057380 140.000000 60.269992
-0.001051 0.067591 140.000000 78.686574
-0.009483 0.078757 140.000000 84.391326
0.001513 0.082215 140.000000 100.817917
0.002180 0.069400 140.000000 84.685041
-0.007002 0.042799 140.000000 40.478817
-0.008761 0.008174 140.000000 16.547934
0.009069 0.028837 140.000000 39.432651
0.008116 0.088319 140.000000 116.562716
0.009026 0.091603 140.000000 121.979536
-0.002056 0.015922 140.000000 12.292255
-0.002967 0.093866 140.000000 111.143349
0.004283 0.067209 140.000000 84.210064
-0.007206 0.099836 140.000000 114.365623
-0.005615 0.013520 140.000000 11.293874
-0.001733 0.036271 140.000000 37.057388
0.006655 0.025409 140.000000 32.044660
0.007556 0.040448 140.000000 52.813121
-0.008779 0.025919 140.000000 19.747987
-0.002597 0.050992 140.000000 55.275467
0.009712 0.069864 140.000000 94.129079
0.006320 0.071649 140.000000 92.445362
0.009967 0.027154 140.000000 38.351121
-0.006933 0.059203 140.000000 61.549995
-0.009839 0.091754 140.000000 100.984377
-0.008554 0.091477 140.000000 101.966120
-0.008361 0.023021 140.000000 17.236980
-0.002221 0.067538 140.000000 77.336811
0.009099 0.072940 140.000000 97.448833
-0.007210 0.068894 140.000000 73.858484
-0.006145 0.040186 140.000000 37.938168
-0.000965 0.095961 140.000000 116.138460
-0.004753 0.038375 140.000000 36.888483
0.009841 0.080023 140.000000 107.680282
0.002388 0.008910 140.000000 7.632914
0.005872 0.027472 140.000000 33.814924
-0.006661 0.079334 140.000000 88.059941
0.001214 0.038726 140.000000 43.300805
0.004051 0.067620 140.000000 84.482960
0.006842 0.056617 140.000000 73.243222
-0.009527 0.061166 140.000000 61.571765
-0.006526 0.055120 140.000000 56.669536
0.006844 0.062637 140.000000 81.177949
0.008371 0.086567 140.000000 114.553783
0.000598 0.088473 140.000000 108.030230
-0.009836 0.015252 140.000000 14.660341
0.002000 0.006718 140.000000 6.276001
0.003488 0.052693 140.000000 64.169129
0.004842 0.085042 140.000000 108.384118
0.001460 0.036114 140.000000 40.157027
-0.004040 0.045744 140.000000 46.999671
-0.006606 0.077531 140.000000 85.758369
0.000071 0.024625 140.000000 23.931225
0.006900 0.052885 140.000000 68.394040
-0.002139 0.092646 140.000000 110.455466
-0.000321 0.035043 140.000000 36.890694
-0.003421 0.090983 140.000000 106.846897
-0.006628 0.063540 140.000000 67.482719
-0.003388 0.075006 140.000000 85.878289
0.005282 0.092052 140.000000 118.148676
0.003842 0.073120 140.000000 91.494885
0.004414 0.093747 140.000000 119.374571
-0.000036 0.007371 140.000000 7.199889
0.000459 0.056889 140.000000 66.284426
-0.008454 0.007683 140.000000 16.505177
-0.000237 0.010634 140.000000 8.342045
-0.000068 0.022666 140.000000 21.348244
-0.006959 0.030966 140.000000 26.048884
-0.005859 0.052440 140.000000 53.860392
0.008391 0.071554 140.000000 94.774492
0.007420 0.084339 140.000000 110.485578
-0.003292 0.041007 140.000000 41.625888
0.008592 0.021009 140.000000 28.672080
0.008264 0.009628 140.000000 13.901035
0.003967 0.085077 140.000000 107.412377
0.000349 0.096130 140.000000 117.846551
-0.009375 0.094963 140.000000 105.666798
0.005910 0.069340 140.000000 88.916734
0.008250 0.019046 140.000000 25.718706
0.003499 0.097065 140.000000 122.691366
0.004230 0.099525 140.000000 126.786566
-0.002084 0.035493 140.000000 35.713749
0.004793 0.098303 140.000000 125.829299
0.009705 0.073782 140.000000 99.285681
-0.009915 0.030813 140.000000 24.263445
-0.003728 0.033272 140.000000 31.366762
0.005566 0.026245 140.000000 31.859390
0.007185 0.001134 140.000000 5.476004
0.005744 0.063838 140.000000 81.468012
0.008449 0.097249 140.000000 128.743077
0.007837 0.026063 140.000000 34.310975
0.006446 0.044208 140.000000 56.436887
-0.003211 0.023539 140.000000 19.899769
-0.003044 0.059649 140.000000 66.114495
0.004319 0.095008 140.000000 120.928234
0.001517 0.090567 140.000000 111.837108
0.000396 0.099286 140.000000 122.061120
0.004165 0.046313 140.000000 56.550203
0.003166 0.031559 140.000000 36.074910
0.007190 0.032228 140.000000 41.589347
-0.001172 0.067057 140.000000 77.851672
-0.001517 0.053184 140.000000 59.277700
-0.005372 0.033436 140.000000 30.183521
0.003363 0.024677 140.000000 27.344821
0.001233 0.039939 140.000000 44.906354
0.001973 0.080536 140.000000 99.129488
0.003169 0.024011 140.000000 26.275049
0.000110 0.088284 140.000000 107.229147
0.008742 0.052286 140.000000 69.805433
0.003739 0.033571 140.000000 39.343822
0.001463 0.078287 140.000000 95.583001
0.007108 0.096764 140.000000 126.515230
0.004059 0.083192 140.000000 105.033448
0.001926 0.094119 140.000000 116.991897
0.002289 0.011572 140.000000 10.145814
0.005163 0.037203 140.000000 45.730948
-0.008135 0.066141 140.000000 69.349488
0.007070 0.073537 140.000000 95.820259
0.000315 0.083487 140.000000 101.137086
0.001672 0.040332 140.000000 45.898439
-0.004930 0.055661 140.000000 58.959309
0.005007 0.035881 140.000000 43.816543
0.004072 0.037125 140.000000 44.375163
0.005459 0.097359 140.000000 125.361624
0.004145 0.038736 140.000000 46.571743
-0.003340 0.068048 140.000000 76.799875
0.001754 0.023421 140.000000 24.042068
-0.002866 0.093773 140.000000 111.132627
0.007690 0.008465 140.000000 11.835708
-0.003924 0.033098 140.000000 30.976991
-0.007213 0.083989 140.000000 93.573164
0.007570 0.022998 140.000000 30.002602
0.001274 0.053058 140.000000 62.154672
0.006178 0.080744 140.000000 104.275101
0.007802 0.063549 140.000000 83.517045
0.005204 0.083618 140.000000 106.927680
0.007981 0.033548 140.000000 44.268546
0.001079 0.047564 140.000000 54.724995
-0.009371 0.040859 140.000000 36.146834
0.006351 0.087407 140.000000 113.272960
-0.006741 0.072013 140.000000 78.406657
0.004006 0.012180 140.000000 12.273592
0.009016 0.072649 140.000000 96.964680
0.003131 0.039871 140.000000 46.912864
-0.009899 0.090725 140.000000 99.578191
-0.001048 0.048872 140.000000 54.136925
-0.006799 0.004377 140.000000 17.035978
-0.004926 0.024078 140.000000 19.444708
0.008365 0.021149 140.000000 28.573207
0.002403 0.078187 140.000000 96.522558
0.006941 0.047299 140.000000 61.089686
-0.007010 0.086113 140.000000 96.570337
-0.001145 0.021727 140.000000 19.283130
0.003799 0.016613 140.000000 17.502671
0.003149 0.055243 140.000000 67.139840
0.005529 0.076756 140.000000 98.253657
0.009835 0.021517 140.000000 30.874042
-0.009022 0.002647 140.000000 21.868595
0.003766 0.061057 140.000000 75.504883
0.005206 0.020746 140.000000 24.310890
-0.005583 0.065604 140.000000 71.238800
0.001912 0.061322 140.000000 73.740278
0.004650 0.004042 140.000000 5.409408
0.000061 0.084682 140.000000 102.426952
0.000774 0.086449 140.000000 105.561448
-0.001300 0.030725 140.000000 30.370749
-0.002771 0.049148 140.000000 52.691712
0.007999 0.052120 140.000000 68.696065
0.001529 0.097943 140.000000 121.582113
0.006013 0.046044 140.000000 58.342254
-0.009843 0.015810 140.000000 14.627262
-0.003823 0.058913 140.000000 64.333973
0.006480 0.097271 140.000000 126.443566
0.004822 0.048867 140.000000 60.667648
-0.006242 0.033752 140.000000 29.885050
-0.005003 0.092503 140.000000 107.114388
-0.003972 0.062985 140.000000 69.498765
-0.008655 0.095702 140.000000 107.394561
-0.001948 0.046440 140.000000 50.017521
-0.005881 0.059796 140.000000 63.371305
0.004884 0.090476 140.000000 115.603851
-0.008802 0.051252 140.000000 49.573588
-0.006420 0.033978 140.000000 30.022744
0.001364 0.009946 140.000000 8.110438
0.006128 0.011723 140.000000 13.937279
-0.000137 0.071124 140.000000 84.345953
0.005207 0.021036 140.000000 24.686976
0.000506 0.096376 140.000000 118.348616
0.003855 0.066860 140.000000 83.254973
0.008286 0.070717 140.000000 93.544896
0.003176 0.032788 140.000000 37.690506
0.001278 0.088847 140.000000 109.297690
0.002085 0.084895 140.000000 105.006413
0.004165 0.049307 140.000000 60.488880
0.008407 0.096796 140.000000 128.095030
-0.008328 0.092876 140.000000 104.036366
-0.000006 0.045317 140.000000 50.601940
0.001148 0.033514 140.000000 36.437852
0.007695 0.018787 140.000000 24.709176
0.003860 0.009836 140.000000 9.472468
-0.007035 0.096939 140.000000 110.745385
-0.002796 0.013337 140.000000 10.143119
-0.001916 0.075300 140.000000 87.871714
0.005678 0.005698 140.000000 6.864630
0.002537 0.033055 140.000000 37.334751
0.007871 0.091869 140.000000 120.956572
0.002519 0.014169 140.000000 13.272111
0.001966 0.039494 140.000000 45.124873
-0.007931 0.031682 140.000000 26.260399
0.004590 0.006837 140.000000 7.057972
-0.009653 0.033392 140.000000 27.196332
-0.008896 0.088230 140.000000 97.359284
0.007268 0.003618 140.000000 6.526236
0.000442 0.029805 140.000000 30.904360
-0.008199 0.020106 140.000000 15.086079
0.001011 0.086641 140.000000 106.084011
-0.007765 0.019680 140.000000 14.749746
-0.004826 0.011261 140.000000 10.592546
0.009945 0.010971 140.000000 17.648527
0.004570 0.073640 140.000000 93.024145
0.008945 0.058524 140.000000 78.264549
0.004336 0.058462 140.000000 72.742218
-0.007368 0.041251 140.000000 38.225713
-0.002455 0.052148 140.000000 56.932371
-0.002780 0.003728 140.000000 12.146699
-0.009058 0.071225 140.000000 75.025746
0.007305 0.022844 140.000000 29.483823
-0.000592 0.038943 140.000000 41.671836
0.000603 0.026547 140.000000 26.885887
-0.007317 0.045507 140.000000 43.619586
0.007614 0.057998 140.000000 75.977404
-0.002422 0.078326 140.000000 91.293688
-0.001529 0.082168 140.000000 97.335586
0.002487 0.016483 140.000000 16.039245
-0.001135 0.071826 140.000000 84.162658
-0.009823 0.078192 140.000000 83.312401
0.004374 0.049394 140.000000 60.844488
0.003845 0.002799 140.000000 5.681818
-0.002124 0.079085 140.000000 92.620487
-0.004318 0.071840 140.000000 80.724873
-0.004107 0.096951 140.000000 113.944977
-0.003593 0.076602 140.000000 87.751556
0.005143 0.067929 140.000000 86.159103
-0.003230 0.038192 140.000000 38.070825
0.009019 0.099221 140.000000 132.024149
0.003568 0.075612 140.000000 94.465139
0.004425 0.096377 140.000000 122.857499
0.007384 0.097417 140.000000 127.703432
0.001398 0.072610 140.000000 88.027893
-0.008145 0.007900 140.000000 15.927722
-0.000659 0.096592 140.000000 117.315052
-0.001650 0.011585 140.000000 8.997553
-0.008728 0.084809 140.000000 93.061012
-0.009603 0.060727 140.000000 60.936466
0.003938 0.020512 140.000000 22.604136
0.001789 0.005895 140.000000 6.206109
0.009275 0.069085 140.000000 92.577242
0.002219 0.059519 140.000000 71.713999
0.004105 0.036902 140.000000 44.121759
-0.008844 0.074255 140.000000 79.178569
-0.004791 0.065462 140.000000 71.878446
0.002114 0.030661 140.000000 33.758415
-0.001421 0.038170 140.000000 39.819856
-0.005914 0.069908 140.000000 76.515141
-0.004477 0.092862 140.000000 108.160242
-0.004834 0.094643 140.000000 110.111400
-0.000353 0.014978 140.000000 12.118355
-0.008453 0.080340 140.000000 87.509182
-0.001116 0.098654 140.000000 119.518276
-0.001746 0.047187 140.000000 51.201564
-0.009005 0.091245 140.000000 101.189413
0.004917 0.054466 140.000000 68.150664
0.004917 0.062379 140.000000 78.578245
-0.007174 0.062097 140.000000 65.060655
-0.003298 0.077125 140.000000 88.758748
0.001305 0.024325 140.000000 24.745384
0.006212 0.089090 140.000000 115.330021
0.006583 0.060055 140.000000 77.466994
0.002571 0.025314 140.000000 27.318992
0.004271 0.025678 140.000000 29.644628
0.000832 0.070095 140.000000 84.076041
-0.006736 0.052675 140.000000 53.313549
0.006459 0.031317 140.000000 39.529309
0.006653 0.052944 140.000000 68.180128
-0.002388 0.043287 140.000000 45.468679
0.008084 0.066792 140.000000 88.128839
-0.002429 0.027334 140.000000 25.083253
0.002762 0.037891 140.000000 43.906183
0.009333 0.080701 140.000000 107.964875
0.004435 0.041526 140.000000 50.567656
0.009558 0.055158 140.000000 74.571191
-0.006036 0.002175 140.000000 18.114030
-0.001959 0.002980 140.000000 11.736050
-0.006238 0.055517 140.000000 57.465179
-0.005775 0.051478 140.000000 52.700715
0.001043 0.040130 140.000000 44.951517
-0.008678 0.058633 140.000000 59.120948
-0.007285 0.079538 140.000000 87.673562
-0.005794 0.019177 140.000000 14.332040
0.006677 0.036327 140.000000 46.354200
-0.002562 0.016728 140.000000 12.880679
-0.007289 0.090220 140.000000 101.656948
0.003580 0.013201 140.000000 13.085676
-0.002573 0.002294 140.000000 13.205136
0.003095 0.059307 140.000000 72.429799
0.002773 0.072558 140.000000 89.524430
-0.004126 0.024671 140.000000 20.598862
-0.000140 0.096105 140.000000 117.258939
0.004735 0.079911 140.000000 101.489367
0.001086 0.011614 140.000000 9.477377
0.008790 0.034213 140.000000 46.120874
-0.001055 0.068384 140.000000 79.723084
0.000925 0.018694 140.000000 17.331910
0.008057 0.024321 140.000000 32.310508
-0.008063 0.064708 140.000000 67.562884
0.002475 0.070744 140.000000 86.792286
-0.004870 0.017612 140.000000 13.163380
-0.005109 0.078922 140.000000 89.166065
0.004188 0.070877 140.000000 88.936073
0.005474 0.075135 140.000000 96.050960
0.005668 0.033645 140.000000 41.651199
-0.007369 0.086838 140.000000 97.140196
0.001135 0.035903 140.000000 39.532752
-0.002063 0.065598 140.000000 74.962128
0.003154 0.059868 140.000000 73.236061
0.009365 0.056868 140.000000 76.589734
0.000925 0.090154 140.000000 110.619500
0.000474 0.099999 140.000000 123.091600
0.006731 0.096518 140.000000 125.745535
0.008769 0.055514 140.000000 74.088236
0.003780 0.026379 140.000000 30.009293
0.000405 0.059336 140.000000 69.440556
0.001477 0.087483 140.000000 107.724419
0.008852 0.051340 140.000000 68.693940
-0.007606 0.099608 140.000000 113.636427
0.000144 0.074375 140.000000 88.940570
0.004325 0.023877 140.000000 27.368604
0.004951 0.007604 140.000000 8.048758
-0.005542 0.044429 140.000000 43.867456
0.006236 0.076660 140.000000 98.955911
0.003013 0.062321 140.000000 76.307117
-0.001896 0.056083 140.000000 62.667516
-0.004611 0.034227 140.000000 31.795564
0.007196 0.026358 140.000000 33.924065
0.008634 0.075358 140.000000 100.080962
0.003318 0.016486 140.000000 16.852497
0.009523 0.013218 140.000000 19.893269
-0.006495 0.027453 140.000000 22.316304
0.006798 0.042562 140.000000 54.689257
0.009204 0.091757 140.000000 122.395515
0.003722 0.003774 140.000000 5.507219
0.008811 0.077856 140.000000 103.587290
0.004501 0.098436 140.000000 125.664797
0.000461 0.005932 140.000000 7.044866
-0.003625 0.084709 140.000000 98.369997
-0.007797 0.066699 140.000000 70.411039
0.001419 0.035265 140.000000 39.005949
-0.008040 0.018284 140.000000 14.042483
-0.005504 0.054843 140.000000 57.320248
0.005173 0.032290 140.000000 39.300753
0.009323 0.079300 140.000000 106.103913
0.006762 0.014288 140.000000 17.855598
0.007828 0.082607 140.000000 108.683644
-0.005339 0.057963 140.000000 61.535608
-0.001526 0.083818 140.000000 99.510819
0.005109 0.051826 140.000000 64.896492
0.001493 0.005562 140.000000 6.384922
0.000723 0.005776 140.000000 6.879609
0.007270 0.087080 140.000000 113.924808
0.002379 0.030650 140.000000 34.028482
0.000538 0.061911 140.000000 72.974329
0.003745 0.050087 140.000000 61.033338
-0.003567 0.006731 140.000000 10.872302
0.009163 0.077713 140.000000 103.819691
-0.002049 0.079408 140.000000 93.128550
-0.006321 0.052589 140.000000 53.602308
-0.007896 0.089289 140.000000 99.793575
0.001562 0.089986 140.000000 111.122811
0.008875 0.002354 140.000000 7.121968
0.007137 0.080619 140.000000 105.241276
0.004240 0.056532 140.000000 70.088785
0.001176 0.070834 140.000000 85.436193
0.000990 0.074378 140.000000 89.896212
-0.005082 0.065972 140.000000 72.239514
-0.008582 0.084005 140.000000 92.163199
0.002948 0.084628 140.000000 105.644455
-0.001699 0.089839 140.000000 107.248984
0.009941 0.016549 140.000000 24.633708
0.005156 0.050611 140.000000 63.352416
-0.002873 0.090049 140.000000 106.222235
0.004311 0.013635 140.000000 14.331248
0.009056 0.070573 140.000000 94.275628
-0.006603 0.050928 140.000000 51.193675
-0.008260 0.041234 140.000000 37.470917
-0.001948 0.076802 140.000000 89.810835
0.002915 0.074662 140.000000 92.460394
-0.001834 0.092155 140.000000 110.148716
-0.006109 0.099795 140.000000 115.497697
-0.006564 0.024965 140.000000 19.582167
-0.001119 0.001275 140.000000 12.273450
0.003127 0.032321 140.000000 37.026169
-0.005282 0.065939 140.000000 71.989221
0.001843 0.086353 140.000000 106.651617
-0.006271 0.049419 140.000000 49.572207
0.009453 0.027794 140.000000 38.546060
0.005796 0.034951 140.000000 43.512643
0.004865 0.022469 140.000000 26.152269
0.005900 0.062732 140.000000 80.191966
-0.008546 0.020624 140.000000 15.468677
0.001258 0.032681 140.000000 35.470812
-0.001746 0.045614 140.000000 49.152215
-0.009439 0.004244 140.000000 20.881090
0.003722 0.003234 140.000000 5.608043
-0.004826 0.012822 140.000000 10.685563
-0.009082 0.064899 140.000000 66.808934
0.008170 0.026712 140.000000 35.562146
-0.007000 0.038219 140.000000 34.764959
0.002584 0.036905 140.000000 42.418424
0.000755 0.017163 140.000000 15.344245
-0.009975 0.091271 140.000000 100.211868
-0.009524 0.075522 140.000000 80.140794
-0.002140 0.008459 140.000000 8.658208
-0.002458 0.080515 140.000000 94.134397
-0.006849 0.062133 140.000000 65.431347
-0.002457 0.005553 140.000000 10.291509
0.009273 0.048109 140.000000 64.952932
0.002843 0.088614 140.000000 110.782169
-0.009488 0.002958 140.000000 22.220717
-0.003548 0.012518 140.000000 9.955518
-0.000932 0.099918 140.000000 121.391828
-0.008315 0.092121 140.000000 103.061613
-0.001984 0.055097 140.000000 61.283169
0.007717 0.043487 140.000000 56.998490
0.006994 0.080351 140.000000 104.719026
-0.005347 0.094995 140.000000 110.015663
-0.004078 0.053023 140.000000 56.394485
0.005134 0.071602 140.000000 90.993038
-0.009896 0.028150 140.000000 21.572637
-0.007477 0.017140 140.000000 13.328637
0.009360 0.049625 140.000000 67.051193
0.007765 0.091195 140.000000 119.941392
-0.006192 0.009532 140.000000 12.464795
-0.000027 0.002755 140.000000 9.475341
0.008127 0.085140 140.000000 112.380059
-0.006329 0.006113 140.000000 14.876693
0.008883 0.016202 140.000000 22.858495
0.006602 0.025429 140.000000 32.007120
-0.005114 0.085337 140.000000 97.578703
0.003360 0.077364 140.000000 96.535193
-0.008674 0.092390 140.000000 103.034912
-0.009219 0.064171 140.000000 65.737190
-0.001044 0.013281 140.000000 10.214063
0.007659 0.014757 140.000000 19.518666
0.001463 0.064654 140.000000 77.619491
-0.003670 0.034271 140.000000 32.675559
-0.004095 0.026534 140.000000 22.801925
0.005809 0.015209 140.000000 17.917808
-0.003782 0.021516 140.000000 17.260127
0.008039 0.027050 140.000000 35.843226
-0.001144 0.099184 140.000000 120.185886
0.000453 0.003155 140.000000 8.573740
0.008223 0.029575 140.000000 39.362310
-0.007474 0.081734 140.000000 90.348510
-0.008050 0.047424 140.000000 45.393804
-0.004046 0.072213 140.000000 81.505904
0.004861 0.022017 140.000000 25.561392
0.008684 0.076152 140.000000 101.186983
-0.003017 0.046192 140.000000 48.600858
-0.006334 0.067520 140.000000 72.964456
0.009020 0.011256 140.000000 16.820717
-0.006578 0.084186 140.000000 94.502823
-0.004499 0.017549 140.000000 13.148797
0.000098 0.004008 140.000000 8.350119
0.002802 0.094262 140.000000 118.187267
0.008474 0.029689 140.000000 39.816882
0.000289 0.041095 140.000000 45.401335
0.006562 0.056538 140.000000 72.807052
0.001669 0.003696 140.000000 6.917008
0.003302 0.059649 140.000000 73.117253
0.004618 0.045533 140.000000 56.046571
-0.004136 0.084533 140.000000 97.581738
-0.006585 0.064632 140.000000 68.945994
0.003151 0.045257 140.000000 54.007314
-0.000539 0.044707 140.000000 49.236582
-0.007691 0.044514 140.000000 42.037994
-0.005057 0.077143 140.000000 86.888848
0.002856 0.032075 140.000000 36.405661
-0.000619 0.005611 140.000000 8.169343
0.005177 0.005110 140.000000 6.083649
0.005896 0.050772 140.000000 64.429298
0.004440 0.079999 140.000000 101.262524
0.000590 0.072305 140.000000 86.715229
-0.003153 0.018296 140.000000 14.189832
-0.003443 0.020251 140.000000 16.075804
-0.005593 0.065514 140.000000 71.112035
-0.002335 0.053750 140.000000 59.150263
-0.005120 0.055565 140.000000 58.641122
-0.003842 0.009620 140.000000 9.952047
-0.000804 0.047345 140.000000 52.400707
0.009056 0.074550 140.000000 99.520633
-0.000303 0.078422 140.000000 93.769963
0.005936 0.063707 140.000000 81.518843
0.000782 0.029980 140.000000 31.476787
0.008744 0.025929 140.000000 35.242085
-0.007568 0.082222 140.000000 90.888003
0.007564 0.018227 140.000000 23.831173
0.003300 0.071696 140.000000 88.992583
0.008497 0.068688 140.000000 91.120948
-0.006423 0.077460 140.000000 85.857453
-0.001921 0.003866 140.000000 10.909118
-0.000335 0.067155 140.000000 78.903138
-0.009052 0.071280 140.000000 75.103252
-0.005500 0.042421 140.000000 41.345766
-0.009805 0.009280 140.000000 17.143703
0.003116 0.080597 140.000000 100.518684
0.008395 0.006665 140.000000 10.629979
0.005111 0.025019 140.000000 29.739035
0.004348 0.029355 140.000000 34.521336
0.006483 0.044222 140.000000 56.498530
0.003535 0.033710 140.000000 39.296621
-0.008015 0.016945 140.000000 13.506487
0.009751 0.002562 140.000000 8.212429
-0.005695 0.046350 140.000000 46.181964
0.009898 0.035916 140.000000 49.709787
0.003724 0.056454 140.000000 69.391503
-0.003918 0.010565 140.000000 9.893707
0.008190 0.063337 140.000000 83.700908
0.006984 0.069515 140.000000 90.413179
0.001823 0.063087 140.000000 75.963150
-0.003395 0.056868 140.000000 62.110633
0.001953 0.045167 140.000000 52.545099
-0.008547 0.004773 140.000000 19.117192
-0.000931 0.043757 140.000000 47.583687
0.005727 0.030454 140.000000 37.541084
-0.004602 0.052006 140.000000 54.545097
-0.005773 0.056216 140.000000 58.831856
0.007227 0.084107 140.000000 109.951069
0.008365 0.099035 140.000000 131.000866
-0.005692 0.053929 140.000000 55.949929
0.002619 0.056485 140.000000 68.171870
0.000234 0.089500 140.000000 108.972197
-0.002416 0.038848 140.000000 39.702937
-0.003829 0.072884 140.000000 82.617417
0.001226 0.074481 140.000000 90.297847
0.003729 0.093630 140.000000 118.424559
0.003229 0.039266 140.000000 46.230257
-0.004533 0.094076 140.000000 109.694861
-0.005253 0.012270 140.000000 10.913244
-0.005922 0.059008 140.000000 62.304444
0.006527 0.060875 140.000000 78.481449
0.005729 0.057038 140.000000 72.486331
-0.001185 0.005777 140.000000 8.682337
-0.008813 0.060662 140.000000 61.603582
0.002842 0.002885 140.000000 6.336440
-0.009460 0.007821 140.000000 17.759175
0.009575 0.009451 140.000000 15.329029
0.004284 0.075013 140.000000 94.504150
-0.008047 0.017789 140.000000 13.828192
-0.003893 0.095948 140.000000 112.860862
-0.008773 0.027575 140.000000 21.376436
0.002370 0.054353 140.000000 65.084620
0.001095 0.062958 140.000000 74.974646
0.000606 0.050580 140.000000 58.161090
0.009946 0.097774 140.000000 131.221853
-0.009231 0.095405 140.000000 106.397949
0.009604 0.003715 140.000000 9.049029
0.008668 0.004546 140.000000 8.746658
-0.009507 0.066560 140.000000 68.542088
0.009142 0.064152 140.000000 85.915012
-0.008069 0.090718 140.000000 101.483526
-0.006096 0.007908 140.000000 13.257895
0.004152 0.075972 140.000000 95.616045
0.008118 0.082381 140.000000 108.730976
0.008657 0.063297 140.000000 84.207042
0.009358 0.010092 140.000000 15.825921
0.002232 0.050366 140.000000 59.686203
0.004735 0.070275 140.000000 88.777693
0.002377 0.064738 140.000000 78.765585
0.004156 0.031626 140.000000 37.270312
-0.004963 0.059088 140.000000 63.383323
0.000116 0.077164 140.000000 92.581543
-0.007454 0.062402 140.000000 65.178108
-0.007692 0.092823 140.000000 104.642828
0.003009 0.080411 140.000000 100.150354
-0.002496 0.009208 140.000000 8.855734
0.000044 0.025418 140.000000 24.906668
-0.002150 0.043843 140.000000 46.432717
-0.002370 0.064987 140.000000 73.828351
0.008894 0.055661 140.000000 74.432748
0.004367 0.010871 140.000000 11.082990
0.005332 0.057287 140.000000 72.351008
0.003788 0.099241 140.000000 125.899135
-0.005987 0.047208 140.000000 47.006127
0.003042 0.091478 140.000000 114.790650
-0.004056 0.077693 140.000000 88.684303
-0.009070 0.047335 140.000000 44.395002
-0.007610 0.054679 140.000000 55.055545
0.009211 0.082501 140.000000 110.191614
-0.005950 0.032664 140.000000 28.786771
0.000518 0.094878 140.000000 116.387072
-0.000574 0.018791 140.000000 16.232763
-0.004121 0.061680 140.000000 67.637304
0.001395 0.079746 140.000000 97.428950
-0.000183 0.056699 140.000000 65.328073
0.007324 0.042024 140.000000 54.606964
0.001926 0.025310 140.000000 26.638045
0.009687 0.027548 140.000000 38.516348
-0.008789 0.064468 140.000000 66.538041
0.006759 0.075395 140.000000 97.903276
0.006344 0.052198 140.000000 66.833253
0.006488 0.099173 140.000000 128.964134
0.002851 0.096238 140.000000 120.850940
-0.002884 0.068790 140.000000 78.262978
0.000368 0.069121 140.000000 82.272073
0.003268 0.016417 140.000000 16.716697
-0.004385 0.032118 140.000000 29.363776
0.006119 0.085750 140.000000 110.812853
0.005820 0.057444 140.000000 73.128706
-0.002650 0.064206 140.000000 72.502670
-0.003819 0.035852 140.000000 34.540569
0.005521 0.072930 140.000000 93.195765
-0.002991 0.080707 140.000000 93.800817
0.001882 0.027622 140.000000 29.572804
0.000503 0.098416 140.000000 121.035979
-0.008034 0.030459 140.000000 24.813999
-0.005396 0.067891 140.000000 74.419966
0.009240 0.010338 140.000000 15.974680
-0.004594 0.026323 140.000000 22.206440
-0.007910 0.097580 140.000000 110.648387
-0.006655 0.061805 140.000000 65.200863
0.006037 0.087292 140.000000 112.751922
0.002716 0.075607 140.000000 93.479193
0.008160 0.048245 140.000000 63.787646
0.003067 0.027013 140.000000 30.050312
-0.007440 0.002723 140.000000 19.541690
0.000911 0.020837 140.000000 19.963410
0.004793 0.023045 140.000000 26.815902
0.001323 0.099352 140.000000 123.205367
0.009232 0.036128 140.000000 49.169644
0.003219 0.086844 140.000000 108.880228
0.001020 0.026292 140.000000 26.974003
0.004379 0.027929 140.000000 32.696417
0.004874 0.008412 140.000000 8.812439
-0.004378 0.015219 140.000000 11.480880
0.009303 0.061646 140.000000 82.808276
0.004202 0.006823 140.000000 6.805419
0.000386 0.083456 140.000000 101.177716
-0.001255 0.002456 140.000000 11.299670
-0.006980 0.020348 140.000000 15.182767
0.004549 0.089397 140.000000 113.789011
0.008093 0.005463 140.000000 8.999769
0.001809 0.051351 140.000000 60.506215
0.008613 0.039937 140.000000 53.413372
-0.004658 0.034317 140.000000 31.868630
-0.006109 0.097846 140.000000 112.936406
-0.002915 0.089574 140.000000 105.549930
0.008779 0.010224 140.000000 15.257947
0.009480 0.099917 140.000000 133.492434
0.007823 0.023324 140.000000 30.730380
0.006790 0.036088 140.000000 46.174982
0.007085 0.061512 140.000000 79.981594
-0.009524 0.081649 140.000000 88.117049
0.001876 0.040821 140.000000 46.764197
-0.002353 0.092724 140.000000 110.319592
0.003736 0.064986 140.000000 80.647934
0.006787 0.092275 140.000000 120.210186
0.000302 0.021818 140.000000 20.627062
-0.006263 0.016736 140.000000 12.727452
-0.001563 0.079644 140.000000 93.975269
-0.006165 0.057002 140.000000 59.459716
-0.003387 0.005964 140.000000 11.155005
0.003453 0.040551 140.000000 48.168037
-0.002011 0.018199 140.000000 14.631908
0.005553 0.091776 140.000000 118.101571
0.006049 0.006928 140.000000 8.351116
-0.001524 0.067563 140.000000 78.130468
-0.003774 0.034918 140.000000 33.399965
-0.005624 0.019952 140.000000 15.011322
-0.002909 0.021768 140.000000 18.059196
0.006048 0.007813 140.000000 9.284724
0.003243 0.061865 140.000000 75.968992
0.009729 0.049962 140.000000 67.943054
-0.006039 0.088579 140.000000 100.839904
-0.009268 0.023435 140.000000 17.514208
0.004126 0.081907 140.000000 103.415271
0.000000 0.100000 160.000000 123.888151
-0.006475 0.004184 160.000000 16.782800
0.000287 0.065128 160.000000 77.821255
0.008232 0.001912 160.000000 6.269220
0.005733 0.086630 160.000000 112.601375
-0.006061 0.076124 160.000000 85.626051
0.001875 0.039256 160.000000 45.258003
0.001333 0.089042 160.000000 110.793090
0.003031 0.065896 160.000000 81.898151
-0.004986 0.081492 160.000000 93.854020
0.008961 0.061646 160.000000 83.117486
0.003142 0.089140 160.000000 112.970408
-0.004135 0.048347 160.000000 51.033015
0.008785 0.057056 160.000000 76.803889
-0.001525 0.088811 160.000000 107.306814
-0.000114 0.035504 160.000000 38.234303
0.003561 0.099916 160.000000 127.805951
0.006004 0.028972 160.000000 36.278045
0.004561 0.067775 160.000000 86.140218
-0.005399 0.018951 160.000000 14.606071
0.001071 0.013086 160.000000 11.181676
0.007735 0.001946 160.000000 5.921800
0.002444 0.039206 160.000000 45.810540
-0.006134 0.006613 160.000000 14.274513
0.006580 0.092528 160.000000 121.442936
-0.001123 0.079027 160.000000 94.741198
-0.001387 0.072232 160.000000 85.427504
0.008095 0.025013 160.000000 33.528997
0.002781 0.061920 160.000000 76.327703
-0.004879 0.025300 160.000000 21.345020
-0.001830 0.048207 160.000000 53.162476
-0.006982 0.015234 160.000000 12.783631
-0.000182 0.023225 160.000000 22.325786
-0.007030 0.071497 160.000000 78.532307
-0.008068 0.090455 160.000000 102.488012
0.001634 0.087962 160.000000 109.694090
-0.003430 0.042326 160.000000 43.866336
0.005017 0.090660 160.000000 117.144672
-0.002416 0.009657 160.000000 8.945770
0.002448 0.030263 160.000000 34.023263
0.008352 0.073920 160.000000 98.731254
-0.002018 0.053445 160.000000 59.873117
-0.001335 0.089549 160.000000 108.497381
0.004370 0.050439 160.000000 62.861312
-0.005489 0.049947 160.000000 51.812568
0.003992 0.042465 160.000000 51.845482
-0.002569 0.006123 160.000000 10.109779
0.005145 0.038758 160.000000 48.239349
-0.006811 0.027153 160.000000 22.373517
0.007948 0.090855 160.000000 120.812718
-0.001056 0.068463 160.000000 80.782895
0.009706 0.029872 160.000000 41.882938
0.001637 0.031650 160.000000 34.987967
-0.002829 0.041622 160.000000 43.530921
-0.004270 0.026052 160.000000 22.610099
-0.008404 0.008333 160.000000 16.036769
0.006738 0.061429 160.000000 80.210282
0.007069 0.021336 160.000000 27.484696
-0.001593 0.044147 160.000000 48.065934
0.008965 0.027750 160.000000 38.182272
-0.003675 0.002506 160.000000 14.503128
0.001956 0.012443 160.000000 11.053234
0.002782 0.068263 160.000000 84.767138
-0.007326 0.035161 160.000000 31.444655
-0.000391 0.051533 160.000000 59.060239
0.006837 0.033650 160.000000 43.431893
0.008756 0.037020 160.000000 50.173033
0.009892 0.065800 160.000000 89.753828
0.008931 0.095252 160.000000 127.826854
-0.009883 0.052708 160.000000 51.384534
-0.002664 0.088881 160.000000 106.153244
-0.002075 0.010656 160.000000 8.941429
-0.005004 0.048572 160.000000 50.486475
-0.005193 0.056435 160.000000 60.579146
-0.008732 0.059113 160.000000 60.666889
0.002714 0.008553 160.000000 7.601075
-0.004892 0.017532 160.000000 13.481320
0.001834 0.072231 160.000000 88.979706
0.003420 0.060740 160.000000 75.479417
0.009498 0.012075 160.000000 18.529380
-0.008061 0.059553 160.000000 61.870153
-0.003461 0.082609 160.000000 96.960886
0.002103 0.067435 160.000000 82.900671
-0.001313 0.081756 160.000000 98.159408
0.004130 0.015540 160.000000 16.708562
-0.002841 0.035443 160.000000 35.510279
-0.002739 0.095711 160.000000 115.149217
0.007066 0.004992 160.000000 7.482112
0.003945 0.007441 160.000000 7.261383
-0.001724 0.074325 160.000000 87.840271
-0.006883 0.051865 160.000000 52.989206
-0.005956 0.014753 160.000000 12.089902
0.004926 0.007956 160.000000 8.469047
0.007620 0.033232 160.000000 43.803523
-0.009302 0.087799 160.000000 97.710230
0.003358 0.013156 160.000000 13.010844
0.003670 0.070978 160.000000 89.386624
-0.008840 0.048685 160.000000 47.150782
-0.001063 0.055648 160.000000 63.790659
-0.000774 0.078759 160.000000 94.767998
0.009843 0.099838 160.000000 135.011218
-0.001739 0.014230 160.000000 11.142740
0.009135 0.099226 160.000000 133.361272
0.003647 0.089602 160.000000 114.161554
0.004991 0.077005 160.000000 98.923406
-0.007613 0.019067 160.000000 14.771834
-0.004698 0.077602 160.000000 89.005851
0.000370 0.073826 160.000000 89.472452
0.001591 0.062392 160.000000 75.624935
-0.003435 0.088018 160.000000 104.169862
0.008166 0.067187 160.000000 89.549529
-0.002435 0.010488 160.000000 9.071308
0.004459 0.045744 160.000000 56.724978
-0.009594 0.051083 160.000000 49.561033
0.000632 0.036593 160.000000 40.429123
0.000300 0.090791 160.000000 111.964224
0.001872 0.047674 160.000000 56.396994
0.005826 0.066799 160.000000 86.298651
0.001506 0.037320 160.000000 42.308129
-0.009481 0.085899 160.000000 95.022156
-0.008624 0.094955 160.000000 107.860516
0.000985 0.001746 160.000000 9.144434
0.001756 0.012012 160.000000 10.452811
-0.001633 0.057074 160.000000 65.072297
-0.000641 0.061814 160.000000 72.411593
-0.004519 0.065918 160.000000 73.743434
-0.009614 0.068124 160.000000 71.564012
0.001128 0.058025 160.000000 69.312085
0.008677 0.043714 160.000000 58.953158
-0.000018 0.049501 160.000000 56.770351
0.006407 0.050265 160.000000 64.975901
0.002902 0.038121 160.000000 44.876981
0.008271 0.072143 160.000000 96.270980
0.006907 0.042031 160.000000 54.621558
0.003571 0.016776 160.000000 17.703738
-0.003346 0.095026 160.000000 113.576214
0.001627 0.010743 160.000000 9.095024
-0.007591 0.049079 160.000000 48.745723
-0.005102 0.091695 160.000000 107.257028
-0.007836 0.037448 160.000000 33.868615
0.003992 0.056328 160.000000 70.260801
0.009544 0.010680 160.000000 16.853984
-0.002318 0.019372 160.000000 16.112269
0.009924 0.004315 160.000000 10.021265
0.006476 0.056263 160.000000 73.032201
0.008143 0.068727 160.000000 91.573318
0.008049 0.075703 160.000000 100.750034
-0.006387 0.089964 160.000000 103.597128
-0.004318 0.029339 160.000000 26.547269
-0.009397 0.071220 160.000000 75.819599
-0.008241 0.015910 160.000000 13.719381
-0.004779 0.017777 160.000000 13.687827
-0.006927 0.067289 160.000000 73.101534
0.005139 0.096398 160.000000 124.930571
0.000405 0.074923 160.000000 90.968575
0.004391 0.039197 160.000000 47.962606
0.002146 0.019513 160.000000 19.773669
0.008433 0.039866 160.000000 53.557875
-0.005426 0.015549 160.000000 12.225998
0.008665 0.015095 160.000000 21.318751
0.006934 0.060061 160.000000 78.620109
0.004201 0.092712 160.000000 118.940361
0.005812 0.028364 160.000000 35.253662
0.000301 0.079413 160.000000 96.826097
-0.008590 0.013052 160.000000 14.047258
-0.008478 0.078096 160.000000 85.758743
-0.000985 0.059952 160.000000 69.572843
-0.006842 0.081072 160.000000 91.355147
0.001074 0.081733 160.000000 100.772685
0.006547 0.005708 160.000000 7.659702
-0.003736 0.004373 160.000000 12.874097
0.003671 0.018730 160.000000 20.298188
-0.009038 0.070974 160.000000 75.848800
-0.002083 0.072983 160.000000 85.671585
-0.000828 0.046301 160.000000 51.689779
0.003783 0.074605 160.000000 94.344036
0.005648 0.065250 160.000000 84.029529
0.000813 0.044676 160.000000 51.278594
0.005270 0.077233 160.000000 99.548280
0.007184 0.092234 160.000000 121.756575
0.002558 0.048804 160.000000 58.652580
0.000515 0.087868 160.000000 108.313007
-0.002320 0.059039 160.000000 66.946276
-0.007647 0.033699 160.000000 29.456468
-0.005786 0.005008 160.000000 15.097625
-0.002430 0.007905 160.000000 9.162478
-0.005626 0.085620 160.000000 98.645951
0.005053 0.086694 160.000000 111.901384
-0.009418 0.068994 160.000000 72.887392
-0.006304 0.077300 160.000000 86.929111
-0.003525 0.011179 160.000000 9.834885
-0.007420 0.079984 160.000000 89.322563
0.007512 0.099329 160.000000 131.592417
-0.008672 0.099770 160.000000 114.181493
0.007842 0.069949 160.000000 92.845086
-0.004062 0.027575 160.000000 24.584685
0.002269 0.030940 160.000000 34.723063
0.008450 0.042635 160.000000 57.249891
-0.004058 0.061910 160.000000 68.930224
0.000248 0.008244 160.000000 7.299057
0.007087 0.027987 160.000000 36.243038
-0.000583 0.045116 160.000000 50.382948
-0.000642 0.063676 160.000000 74.880161
-0.002369 0.042233 160.000000 44.779285
-0.008954 0.065298 160.000000 68.506503
0.002864 0.059655 160.000000 73.408981
0.003286 0.005065 160.000000 5.709674
-0.008985 0.083610 160.000000 92.509550
0.001796 0.037846 160.000000 43.311470
-0.003208 0.089087 160.000000 105.835928
-0.001994 0.072313 160.000000 84.878911
0.004474 0.059837 160.000000 75.477127
0.003344 0.094331 160.000000 120.116998
0.002755 0.094856 160.000000 120.145301
0.005161 0.016380 160.000000 18.872408
-0.008808 0.084882 160.000000 94.366034
-0.001508 0.008598 160.000000 8.285259
0.006867 0.045119 160.000000 58.675463
0.008628 0.082879 160.000000 110.986876
-0.002977 0.051679 160.000000 56.558738
0.003183 0.029544 160.000000 33.868231
0.006271 0.067970 160.000000 88.373565
-0.003707 0.030020 160.000000 27.868214
0.001556 0.075217 160.000000 92.641459
0.003629 0.087215 160.000000 110.961643
0.001030 0.085548 160.000000 105.801561
0.001028 0.064134 160.000000 77.316867
-0.007356 0.026640 160.000000 21.555989
0.007131 0.037616 160.000000 49.030055
-0.006191 0.012782 160.000000 11.882639
-0.007081 0.098543 160.000000 114.231293
0.001766 0.054848 160.000000 65.797141
0.001410 0.039462 160.000000 45.030999
0.003685 0.086372 160.000000 109.902659
-0.001050 0.086676 160.000000 104.990669
-0.008707 0.085716 160.000000 95.569740
-0.009086 0.094351 160.000000 106.583191
-0.009766 0.049896 160.000000 47.906149
0.008912 0.085276 160.000000 114.515854
-0.001653 0.050068 160.000000 55.798750
-0.005650 0.062340 160.000000 67.875872
-0.000279 0.075151 160.000000 90.516960
0.000530 0.067014 160.000000 80.593147
-0.009621 0.045059 160.000000 41.934926
0.006193 0.045804 160.000000 58.798675
-0.004008 0.034803 160.000000 33.643420
0.003029 0.078338 160.000000 98.456380
0.000578 0.041159 160.000000 46.385376
0.004905 0.025990 160.000000 31.096242
0.001190 0.027656 160.000000 29.311300
-0.003201 0.014920 160.000000 11.526614
-0.005861 0.042648 160.000000 42.032559
-0.001287 0.066159 160.000000 77.476556
0.007773 0.092919 160.000000 123.357514
0.006763 0.077771 160.000000 101.996979
-0.006460 0.083682 160.000000 95.204515
0.006286 0.079551 160.000000 103.812769
-0.001866 0.034965 160.000000 35.807252
-0.006434 0.031275 160.000000 27.374034
0.005354 0.052658 160.000000 66.937407
0.007555 0.053663 160.000000 70.838147
-0.000795 0.015022 160.000000 12.223978
0.000897 0.058616 160.000000 69.843032
-0.004752 0.001968 160.000000 16.529236
-0.004554 0.038043 160.000000 37.296073
0.003406 0.068436 160.000000 85.702108
-0.001770 0.076905 160.000000 91.216358
-0.004938 0.075388 160.000000 85.823384
0.004526 0.060044 160.000000 75.810601
0.005083 0.021633 160.000000 25.587089
0.005001 0.046538 160.000000 58.398938
0.007076 0.041662 160.000000 54.330496
-0.008566 0.078221 160.000000 85.834739
0.003847 0.023477 160.000000 26.635556
0.007042 0.034898 160.000000 45.324754
0.006842 0.048105 160.000000 62.613707
0.008990 0.053239 160.000000 71.975328
-0.001133 0.057014 160.000000 65.523794
-0.002869 0.079253 160.000000 93.145418
0.008215 0.012286 160.000000 17.201891
0.009875 0.073244 160.000000 99.637000
0.003999 0.016708 160.000000 18.054641
0.005816 0.073095 160.000000 94.668943
-0.002239 0.028226 160.000000 26.841565
-0.006603 0.064812 160.000000 70.170566
-0.005116 0.085524 160.000000 99.057846
-0.001740 0.095502 160.000000 115.968446
-0.002113 0.078575 160.000000 93.061159
0.003280 0.091323 160.000000 116.035669
0.007825 0.036160 160.000000 47.922433
-0.007736 0.014966 160.000000 13.219131
0.009525 0.004492 160.000000 9.712156
0.007676 0.032020 160.000000 42.266512
-0.006252 0.046977 160.000000 47.248593
-0.001900 0.021871 160.000000 19.276991
-0.006931 0.095102 160.000000 109.829199
-0.002107 0.058551 160.000000 66.525747
-0.002930 0.036024 160.000000 36.176038
0.009422 0.092608 160.000000 124.883117
-0.007391 0.057711 160.000000 60.108670
0.003232 0.036231 160.000000 42.741337
-0.007461 0.090831 160.000000 103.617223
-0.002599 0.034045 160.000000 33.933200
0.008079 0.042849 160.000000 57.091104
0.001101 0.095980 160.000000 119.771095
0.001197 0.020186 160.000000 19.736070
-0.006350 0.085972 160.000000 98.348498
-0.001209 0.016233 160.000000 13.287837
-0.007965 0.034517 160.000000 30.222380
-0.007568 0.094961 160.000000 108.972078
-0.000180 0.009031 160.000000 7.695624
-0.003364 0.094085 160.000000 112.306325
0.006656 0.015281 160.000000 19.150814
-0.002127 0.009368 160.000000 8.733010
0.003797 0.019474 160.000000 21.385843
-0.005844 0.057380 160.000000 61.174284
-0.001051 0.067591 160.000000 79.632680
-0.009483 0.078757 160.000000 85.621200
0.001513 0.082215 160.000000 101.905955
0.002180 0.069400 160.000000 85.602308
-0.007002 0.042799 160.000000 41.231701
-0.008761 0.008174 160.000000 16.621354
0.009069 0.028837 160.000000 39.740349
0.008116 0.088319 160.000000 117.631407
0.009026 0.091603 160.000000 123.077015
-0.002056 0.015922 160.000000 12.613711
-0.002967 0.093866 160.000000 112.447532
0.004283 0.067209 160.000000 85.068057
-0.007206 0.099836 160.000000 115.813894
-0.005615 0.013520 160.000000 11.560673
-0.001733 0.036271 160.000000 37.629525
0.006655 0.025409 160.000000 32.340533
0.007556 0.040448 160.000000 53.287206
-0.008779 0.025919 160.000000 20.323118
-0.002597 0.050992 160.000000 56.042905
0.009712 0.069864 160.000000 94.944344
0.006320 0.071649 160.000000 93.329636
0.009967 0.027154 160.000000 38.626827
-0.006933 0.059203 160.000000 62.496565
-0.009839 0.091754 160.000000 102.378862
-0.008554 0.091477 160.000000 103.334626
-0.008361 0.023021 160.000000 17.756242
-0.002221 0.067538 160.000000 78.301712
0.009099 0.072940 160.000000 98.310929
-0.007210 0.068894 160.000000 74.927342
-0.006145 0.040186 160.000000 38.643186
-0.000965 0.095961 160.000000 117.436882
-0.004753 0.038375 160.000000 37.544361
0.009841 0.080023 160.000000 108.621387
0.002388 0.008910 160.000000 7.768253
0.005872 0.027472 160.000000 34.148278
-0.006661 0.079334 160.000000 89.246449
0.001214 0.038726 160.000000 43.850270
0.004051 0.067620 160.000000 85.349556
0.006842 0.056617 160.000000 73.931007
-0.009527 0.061166 160.000000 62.591142
-0.006526 0.055120 160.000000 57.559376
0.006844 0.062637 160.000000 81.941472
0.008371 0.086567 160.000000 115.596965
0.000598 0.088473 160.000000 109.210702
-0.009836 0.015252 160.000000 14.939748
0.002000 0.006718 160.000000 6.363170
0.003488 0.052693 160.000000 64.856751
0.004842 0.085042 160.000000 109.457917
0.001460 0.036114 160.000000 40.669779
-0.004040 0.045744 160.000000 47.729821
-0.006606 0.077531 160.000000 86.921820
0.000071 0.024625 160.000000 24.327139
0.006900 0.052885 160.000000 69.034026
-0.002139 0.092646 160.000000 111.731128
-0.000321 0.035043 160.000000 37.421670
-0.003421 0.090983 160.000000 108.122579
-0.006628 0.063540 160.000000 68.476019
-0.003388 0.075006 160.000000 86.955249
0.005282 0.092052 160.000000 119.304179
0.003842 0.073120 160.000000 92.433673
0.004414 0.093747 160.000000 120.563918
-0.000036 0.007371 160.000000 7.302509
0.000459 0.056889 160.000000 67.072573
-0.008454 0.007683 160.000000 16.570007
-0.000237 0.010634 160.000000 8.538718
-0.000068 0.022666 160.000000 21.722766
-0.006959 0.030966 160.000000 26.661535
-0.005859 0.052440 160.000000 54.705459
0.008391 0.071554 160.000000 95.628763
0.007420 0.084339 160.000000 111.513906
-0.003292 0.041007 160.000000 42.284789
0.008592 0.021009 160.000000 28.886622
0.008264 0.009628 160.000000 13.973994
0.003967 0.085077 160.000000 108.499420
0.000349 0.096130 160.000000 119.126676
-0.009375 0.094963 160.000000 107.092376
0.005910 0.069340 160.000000 89.777822
0.008250 0.019046 160.000000 25.912415
0.003499 0.097065 160.000000 123.935759
0.004230 0.099525 160.000000 128.051137
-0.002084 0.035493 160.000000 36.283128
0.004793 0.098303 160.000000 127.070362
0.009705 0.073782 160.000000 100.150243
-0.009915 0.030813 160.000000 24.928197
-0.003728 0.033272 160.000000 31.941755
0.005566 0.026245 160.000000 32.181603
0.007185 0.001134 160.000000 5.469461
0.005744 0.063838 160.000000 82.262290
0.008449 0.097249 160.000000 129.919345
0.007837 0.026063 160.000000 34.599217
0.006446 0.044208 160.000000 56.973894
-0.003211 0.023539 160.000000 20.347596
-0.003044 0.059649 160.000000 66.996082
0.004319 0.095008 160.000000 122.134800
0.001517 0.090567 160.000000 113.029700
0.000396 0.099286 160.000000 123.380020
0.004165 0.046313 160.000000 57.147293
0.003166 0.031559 160.000000 36.502029
0.007190 0.032228 160.000000 41.964500
-0.001172 0.067057 160.000000 78.793142
-0.001517 0.053184 160.000000 60.053130
-0.005372 0.033436 160.000000 30.793598
0.003363 0.024677 160.000000 27.681815
0.001233 0.039939 160.000000 45.470588
0.001973 0.080536 160.000000 100.189451
0.003169 0.024011 160.000000 26.606874
0.000110 0.088284 160.000000 108.414830
0.008742 0.052286 160.000000 70.412686
0.003739 0.033571 160.000000 39.787071
0.001463 0.078287 160.000000 96.622632
0.007108 0.096764 160.000000 127.704012
0.004059 0.083192 160.000000 106.095466
0.001926 0.094119 160.000000 118.222798
0.002289 0.011572 160.000000 10.328604
0.005163 0.037203 160.000000 46.198145
-0.008135 0.066141 160.000000 70.402044
0.007070 0.073537 160.000000 96.717704
0.000315 0.083487 160.000000 102.259604
0.001672 0.040332 160.000000 46.460184
-0.004930 0.055661 160.000000 59.825939
0.005007 0.035881 160.000000 44.269369
0.004072 0.037125 160.000000 44.857975
0.005459 0.097359 160.000000 126.581239
0.004145 0.038736 160.000000 47.073741
-0.003340 0.068048 160.000000 77.790050
0.001754 0.023421 160.000000 24.391394
-0.002866 0.093773 160.000000 112.434015
0.007690 0.008465 160.000000 11.898855
-0.003924 0.033098 160.000000 31.553822
-0.007213 0.083989 160.000000 94.826422
0.007570 0.022998 160.000000 30.255317
0.001274 0.053058 160.000000 62.881778
0.006178 0.080744 160.000000 105.275715
0.007802 0.063549 160.000000 84.278726
0.005204 0.083618 160.000000 107.978360
0.007981 0.033548 160.000000 44.649729
0.001079 0.047564 160.000000 55.386759
-0.009371 0.040859 160.000000 36.924963
0.006351 0.087407 160.000000 114.354842
-0.006741 0.072013 160.000000 79.505025
0.004006 0.012180 160.000000 12.436272
0.009016 0.072649 160.000000 97.824236
0.003131 0.039871 160.000000 47.445043
-0.009899 0.090725 160.000000 100.961171
-0.001048 0.048872 160.000000 54.851021
-0.006799 0.004377 160.000000 17.055985
-0.004926 0.024078 160.000000 19.932231
0.008365 0.021149 160.000000 28.792283
0.002403 0.078187 160.000000 97.546538
0.006941 0.047299 160.000000 61.658706
-0.007010 0.086113 160.000000 97.846142
-0.001145 0.021727 160.000000 19.667423
0.003799 0.016613 160.000000 17.728725
0.003149 0.055243 160.000000 67.864695
0.005529 0.076756 160.000000 99.213438
0.009835 0.021517 160.000000 31.080621
-0.009022 0.002647 160.000000 21.875609
0.003766 0.061057 160.000000 76.293317
0.005206 0.020746 160.000000 24.568049
-0.005583 0.065604 160.000000 72.238248
0.001912 0.061322 160.000000 74.560540
0.004650 0.004042 160.000000 5.429494
0.000061 0.084682 160.000000 103.568378
0.000774 0.086449 160.000000 106.713874
-0.001300 0.030725 160.000000 30.867433
-0.002771 0.049148 160.000000 53.439738
0.007999 0.052120 160.000000 69.311234
0.001529 0.097943 160.000000 122.866940
0.006013 0.046044 160.000000 58.908610
-0.009843 0.015810 160.000000 14.927308
-0.003823 0.058913 160.000000 65.220257
0.006480 0.097271 160.000000 127.647548
0.004822 0.048867 160.000000 61.287003
-0.006242 0.033752 160.000000 30.516486
-0.005003 0.092503 160.000000 108.435026
-0.003972 0.062985 160.000000 70.437585
-0.008655 0.095702 160.000000 108.816688
-0.001948 0.046440 160.000000 50.717601
-0.005881 0.059796 160.000000 64.305526
0.004884 0.090476 160.000000 116.745290
-0.008802 0.051252 160.000000 50.461620
-0.006420 0.033978 160.000000 30.660456
0.001364 0.009946 160.000000 8.278311
0.006128 0.011723 160.000000 14.062055
-0.000137 0.071124 160.000000 85.321213
0.005207 0.021036 160.000000 24.947860
0.000506 0.096376 160.000000 119.629397
0.003855 0.066860 160.000000 84.114960
0.008286 0.070717 160.000000 94.390067
0.003176 0.032788 160.000000 38.132939
0.001278 0.088847 160.000000 110.472379
0.002085 0.084895 160.000000 106.119300
0.004165 0.049307 160.000000 61.123630
0.008407 0.096796 160.000000 129.266205
-0.008328 0.092876 160.000000 105.418101
-0.000006 0.045317 160.000000 51.254072
0.001148 0.033514 160.000000 36.923669
0.007695 0.018787 160.000000 24.906410
0.003860 0.009836 160.000000 9.603003
-0.007035 0.096939 160.000000 112.154985
-0.002796 0.013337 160.000000 10.417224
-0.001916 0.075300 160.000000 88.927856
0.005678 0.005698 160.000000 6.906366
0.002537 0.033055 160.000000 37.791074
0.007871 0.091869 160.000000 122.073243
0.002519 0.014169 160.000000 13.488183
0.001966 0.039494 160.000000 45.671274
-0.007931 0.031682 160.000000 26.900707
0.004590 0.006837 160.000000 7.129032
-0.009653 0.033392 160.000000 27.890427
-0.008896 0.088230 160.000000 98.694017
0.007268 0.003618 160.000000 6.531490
0.000442 0.029805 160.000000 31.356950
-0.008199 0.020106 160.000000 15.539679
0.001011 0.086641 160.000000 107.235192
-0.007765 0.019680 160.000000 15.192289
-0.004826 0.011261 160.000000 10.787181
0.009945 0.010971 160.000000 17.723782
0.004570 0.073640 160.000000 93.958703
0.008945 0.058524 160.000000 78.947537
0.004336 0.058462 160.000000 73.489499
-0.007368 0.041251 160.000000 38.967848
-0.002455 0.052148 160.000000 57.711469
-0.002780 0.003728 160.000000 12.162390
-0.009058 0.071225 160.000000 76.156733
0.007305 0.022844 160.000000 29.738078
-0.000592 0.038943 160.000000 42.255602
0.000603 0.026547 160.000000 27.295347
-0.007317 0.045507 160.000000 44.410582
0.007614 0.057998 160.000000 76.671837
-0.002422 0.078326 160.000000 92.395751
-0.001529 0.082168 160.000000 98.470888
0.002487 0.016483 160.000000 16.286764
-0.001135 0.071826 160.000000 85.162824
-0.009823 0.078192 160.000000 84.541655
0.004374 0.049394 160.000000 61.477172
0.003845 0.002799 160.000000 5.686451
-0.002124 0.079085 160.000000 93.727083
-0.004318 0.071840 160.000000 81.778587
-0.004107 0.096951 160.000000 115.306031
-0.003593 0.076602 160.000000 88.851731
0.005143 0.067929 160.000000 87.013511
-0.003230 0.038192 160.000000 38.694699
0.009019 0.099221 160.000000 133.217385
0.003568 0.075612 160.000000 95.439281
0.004425 0.096377 160.000000 124.079702
0.007384 0.097417 160.000000 128.896560
0.001398 0.072610 160.000000 88.997461
-0.008145 0.007900 160.000000 15.997978
-0.000659 0.096592 160.000000 118.616576
-0.001650 0.011585 160.000000 9.223353
-0.008728 0.084809 160.000000 94.350964
-0.009603 0.060727 160.000000 61.952104
0.003938 0.020512 160.000000 22.878416
0.001789 0.005895 160.000000 6.271428
0.009275 0.069085 160.000000 93.388541
0.002219 0.059519 160.000000 72.506884
0.004105 0.036902 160.000000 44.601253
-0.008844 0.074255 160.000000 80.342230
-0.004791 0.065462 160.000000 72.862063
0.002114 0.030661 160.000000 34.191906
-0.001421 0.038170 160.000000 40.409273
-0.005914 0.069908 160.000000 77.573057
-0.004477 0.092862 160.000000 109.476613
-0.004834 0.094643 160.000000 111.455750
-0.000353 0.014978 160.000000 12.398086
-0.008453 0.080340 160.000000 88.739721
-0.001116 0.098654 160.000000 120.852704
-0.001746 0.047187 160.000000 51.907189
-0.009005 0.091245 160.000000 102.562971
0.004917 0.054466 160.000000 68.839078
0.004917 0.062379 160.000000 79.366184
-0.007174 0.062097 160.000000 66.046600
-0.003298 0.077125 160.000000 89.860448
0.001305 0.024325 160.000000 25.114243
0.006212 0.089090 160.000000 116.435018
0.006583 0.060055 160.000000 78.201704
0.002571 0.025314 160.000000 27.677534
0.004271 0.025678 160.000000 29.979518
0.000832 0.070095 160.000000 85.023039
-0.006736 0.052675 160.000000 54.178135
0.006459 0.031317 160.000000 39.903101
0.006653 0.052944 160.000000 68.824319
-0.002388 0.043287 160.000000 46.138266
0.008084 0.066792 160.000000 88.927437
-0.002429 0.027334 160.000000 25.561406
0.002762 0.037891 160.000000 44.419451
0.009333 0.080701 160.000000 108.921300
0.004435 0.041526 160.000000 51.100364
0.009558 0.055158 160.000000 75.203764
-0.006036 0.002175 160.000000 18.118617
-0.001959 0.002980 160.000000 11.745052
-0.006238 0.055517 160.000000 58.354358
-0.005775 0.051478 160.000000 53.532631
0.001043 0.040130 160.000000 45.521343
-0.008678 0.058633 160.000000 60.093853
-0.007285 0.079538 160.000000 88.873531
-0.005794 0.019177 160.000000 14.754587
0.006677 0.036327 160.000000 46.788386
-0.002562 0.016728 160.000000 13.222688
-0.007289 0.090220 160.000000 102.988086
0.003580 0.013201 160.000000 13.269728
-0.002573 0.002294 160.000000 13.209733
0.003095 0.059307 160.000000 73.206463
0.002773 0.072558 160.000000 90.472221
-0.004126 0.024671 160.000000 21.078731
-0.000140 0.096105 160.000000 118.546305
0.004735 0.079911 160.000000 102.500281
0.001086 0.011614 160.000000 9.680090
0.008790 0.034213 160.000000 46.499883
-0.001055 0.068384 160.000000 80.679120
0.000925 0.018694 160.000000 17.637428
0.008057 0.024321 160.000000 32.573769
-0.008063 0.064708 160.000000 68.596853
0.002475 0.070744 160.000000 87.721861
-0.004870 0.017612 160.000000 13.546783
-0.005109 0.078922 160.000000 90.320640
0.004188 0.070877 160.000000 89.841544
0.005474 0.075135 160.000000 96.991157
0.005668 0.033645 160.000000 42.065927
-0.007369 0.086838 160.000000 98.431141
0.001135 0.035903 160.000000 40.048464
-0.002063 0.065598 160.000000 75.900343
0.003154 0.059868 160.000000 74.018878
0.009365 0.056868 160.000000 77.246330
0.000925 0.090154 160.000000 111.815974
0.000474 0.099999 160.000000 124.418226
0.006731 0.096518 160.000000 126.936521
0.008769 0.055514 160.000000 74.735726
0.003780 0.026379 160.000000 30.360972
0.000405 0.059336 160.000000 70.260096
0.001477 0.087483 160.000000 108.878979
0.008852 0.051340 160.000000 69.287822
-0.007606 0.099608 160.000000 115.088653
0.000144 0.074375 160.000000 89.951922
0.004325 0.023877 160.000000 27.679673
0.004951 0.007604 160.000000 8.128729
-0.005542 0.044429 160.000000 44.610686
0.006236 0.076660 160.000000 99.904375
0.003013 0.062321 160.000000 77.122855
-0.001896 0.056083 160.000000 63.485244
-0.004611 0.034227 160.000000 32.399580
0.007196 0.026358 160.000000 34.224600
0.008634 0.075358 160.000000 100.979733
0.003318 0.016486 160.000000 17.085151
0.009523 0.013218 160.000000 19.999574
-0.006495 0.027453 160.000000 22.876481
0.006798 0.042562 160.000000 55.200524
0.009204 0.091757 160.000000 123.492531
0.003722 0.003774 160.000000 5.525104
0.008811 0.077856 160.000000 104.515037
0.004501 0.098436 160.000000 126.911750
0.000461 0.005932 160.000000 7.107759
-0.003625 0.084709 160.000000 99.571149
-0.007797 0.066699 160.000000 71.464064
0.001419 0.035265 160.000000 39.508820
-0.008040 0.018284 160.000000 14.446153
-0.005504 0.054843 160.000000 58.187571
0.005173 0.032290 160.000000 39.705648
0.009323 0.079300 160.000000 107.042884
0.006762 0.014288 160.000000 18.006362
0.007828 0.082607 160.000000 109.684542
-0.005339 0.057963 160.000000 62.437661
-0.001526 0.083818 160.000000 100.666641
0.005109 0.051826 160.000000 65.548859
0.001493 0.005562 160.000000 6.441101
0.000723 0.005776 160.000000 6.939291
0.007270 0.087080 160.000000 114.989663
0.002379 0.030650 160.000000 34.457321
0.000538 0.061911 160.000000 73.823815
0.003745 0.050087 160.000000 61.684286
-0.003567 0.006731 160.000000 10.936694
0.009163 0.077713 160.000000 104.740875
-0.002049 0.079408 160.000000 94.237943
-0.006321 0.052589 160.000000 54.457920
-0.007896 0.089289 160.000000 101.123768
0.001562 0.089986 160.000000 112.307441
0.008875 0.002354 160.000000 7.116029
0.007137 0.080619 160.000000 106.226800
0.004240 0.056532 160.000000 70.813253
0.001176 0.070834 160.000000 86.387015
0.000990 0.074378 160.000000 90.894269
-0.005082 0.065972 160.000000 73.234529
-0.008582 0.084005 160.000000 93.440742
0.002948 0.084628 160.000000 106.740994
-0.001699 0.089839 160.000000 108.482622
0.009941 0.016549 160.000000 24.777229
0.005156 0.050611 160.000000 63.988790
-0.002873 0.090049 160.000000 107.477400
0.004311 0.013635 160.000000 14.509050
0.009056 0.070573 160.000000 95.108553
-0.006603 0.050928 160.000000 52.034845
-0.008260 0.041234 160.000000 38.230889
-0.001948 0.076802 160.000000 90.886163
0.002915 0.074662 160.000000 93.432422
-0.001834 0.092155 160.000000 111.413395
-0.006109 0.099795 160.000000 116.927049
-0.006564 0.024965 160.000000 20.110379
-0.001119 0.001275 160.000000 12.273837
0.003127 0.032321 160.000000 37.463520
-0.005282 0.065939 160.000000 72.987394
0.001843 0.086353 160.000000 107.786458
-0.006271 0.049419 160.000000 50.388991
0.009453 0.027794 160.000000 38.835912
0.005796 0.034951 160.000000 43.942021
0.004865 0.022469 160.000000 26.436823
0.005900 0.062732 160.000000 80.970085
-0.008546 0.020624 160.000000 15.935584
0.001258 0.032681 160.000000 35.944359
-0.001746 0.045614 160.000000 49.838551
-0.009439 0.004244 160.000000 20.898599
0.003722 0.003234 160.000000 5.617922
-0.004826 0.012822 160.000000 10.935552
-0.009082 0.064899 160.000000 67.864336
0.008170 0.026712 160.000000 35.854316
-0.007000 0.038219 160.000000 35.464170
0.002584 0.036905 160.000000 42.922220
0.000755 0.017163 160.000000 15.633380
-0.009975 0.091271 160.000000 101.602858
-0.009524 0.075522 160.000000 81.332275
-0.002140 0.008459 160.000000 8.781842
-0.002458 0.080515 160.000000 95.264250
-0.006849 0.062133 160.000000 66.411695
-0.002457 0.005553 160.000000 10.334739
0.009273 0.048109 160.000000 65.500634
0.002843 0.088614 160.000000 111.930266
-0.009488 0.002958 160.000000 22.229361
-0.003548 0.012518 160.000000 10.204683
-0.000932 0.099918 160.000000 122.739190
-0.008315 0.092121 160.000000 104.433856
-0.001984 0.055097 160.000000 62.090263
0.007717 0.043487 160.000000 57.508716
0.006994 0.080351 160.000000 105.703183
-0.005347 0.094995 160.000000 111.372889
-0.004078 0.053023 160.000000 57.213466
0.005134 0.071602 160.000000 91.893758
-0.009896 0.028150 160.000000 22.197979
-0.007477 0.017140 160.000000 13.700474
0.009360 0.049625 160.000000 67.616813
0.007765 0.091195 160.000000 121.051061
-0.006192 0.009532 160.000000 12.587608
-0.000027 0.002755 160.000000 9.482327
0.008127 0.085140 160.000000 113.408659
-0.006329 0.006113 160.000000 14.919761
0.008883 0.016202 160.000000 23.008742
0.006602 0.025429 160.000000 32.303994
-0.005114 0.085337 160.000000 98.812523
0.003360 0.077364 160.000000 97.534427
-0.008674 0.092390 160.000000 104.416708
-0.009219 0.064171 160.000000 66.786488
-0.001044 0.013281 160.000000 10.475193
0.007659 0.014757 160.000000 19.664392
0.001463 0.064654 160.000000 78.488508
-0.003670 0.034271 160.000000 33.261249
-0.004095 0.026534 160.000000 23.304040
0.005809 0.015209 160.000000 18.093786
-0.003782 0.021516 160.000000 17.692775
0.008039 0.027050 160.000000 36.141367
-0.001144 0.099184 160.000000 121.527392
0.000453 0.003155 160.000000 8.584335
0.008223 0.029575 160.000000 39.690065
-0.007474 0.081734 160.000000 91.578697
-0.008050 0.047424 160.000000 46.221922
-0.004046 0.072213 160.000000 82.559544
0.004861 0.022017 160.000000 25.840211
0.008684 0.076152 160.000000 102.095043
-0.003017 0.046192 160.000000 49.317349
-0.006334 0.067520 160.000000 74.000756
0.009020 0.011256 160.000000 16.907318
-0.006578 0.084186 160.000000 95.747464
-0.004499 0.017549 160.000000 13.527976
0.000098 0.004008 160.000000 8.371409
0.002802 0.094262 160.000000 119.406830
0.008474 0.029689 160.000000 40.142841
0.000289 0.041095 160.000000 45.996096
0.006562 0.056538 160.000000 73.497799
0.001669 0.003696 160.000000 6.934609
0.003302 0.059649 160.000000 73.895045
0.004618 0.045533 160.000000 56.626993
-0.004136 0.084533 160.000000 98.789189
-0.006585 0.064632 160.000000 69.951744
0.003151 0.045257 160.000000 54.606805
-0.000539 0.044707 160.000000 49.890412
-0.007691 0.044514 160.000000 42.824802
-0.005057 0.077143 160.000000 88.020601
0.002856 0.032075 160.000000 36.844382
-0.000619 0.005611 160.000000 8.219981
0.005177 0.005110 160.000000 6.119349
0.005896 0.050772 160.000000 65.056926
0.004440 0.079999 160.000000 102.278858
0.000590 0.072305 160.000000 87.693660
-0.003153 0.018296 160.000000 14.565614
-0.003443 0.020251 160.000000 16.485066
-0.005593 0.065514 160.000000 72.110561
-0.002335 0.053750 160.000000 59.946908
-0.005120 0.055565 160.000000 59.510080
-0.003842 0.009620 160.000000 10.099369
-0.000804 0.047345 160.000000 53.091720
0.009056 0.074550 160.000000 100.403534
-0.000303 0.078422 160.000000 94.838946
0.005936 0.063707 160.000000 82.308711
0.000782 0.029980 160.000000 31.925352
0.008744 0.025929 160.000000 35.517086
-0.007568 0.082222 160.000000 92.125815
0.007564 0.018227 160.000000 24.022867
0.003300 0.071696 160.000000 89.921592
0.008497 0.068688 160.000000 91.937745
-0.006423 0.077460 160.000000 87.016815
-0.001921 0.003866 160.000000 10.926840
-0.000335 0.067155 160.000000 79.832138
-0.009052 0.071280 160.000000 76.234793
-0.005500 0.042421 160.000000 42.064353
-0.009805 0.009280 160.000000 17.236295
0.003116 0.080597 160.000000 101.562133
0.008395 0.006665 160.000000 10.664881
0.005111 0.025019 160.000000 30.052450
0.004348 0.029355 160.000000 34.901685
0.006483 0.044222 160.000000 57.035187
0.003535 0.033710 160.000000 39.744860
-0.008015 0.016945 160.000000 13.868106
0.009751 0.002562 160.000000 8.206821
-0.005695 0.046350 160.000000 46.951042
0.009898 0.035916 160.000000 50.096287
0.003724 0.056454 160.000000 70.122772
-0.003918 0.010565 160.000000 10.073167
0.008190 0.063337 160.000000 84.454616
0.006984 0.069515 160.000000 91.261245
0.001823 0.063087 160.000000 76.806900
-0.003395 0.056868 160.000000 62.964262
0.001953 0.045167 160.000000 53.162611
-0.008547 0.004773 160.000000 19.140009
-0.000931 0.043757 160.000000 48.232692
0.005727 0.030454 160.000000 37.914466
-0.004602 0.052006 160.000000 55.361378
-0.005773 0.056216 160.000000 59.720761
0.007227 0.084107 160.000000 110.979166
0.008365 0.099035 160.000000 132.200735
-0.005692 0.053929 160.000000 56.809742
0.002619 0.056485 160.000000 68.920494
0.000234 0.089500 160.000000 110.171160
-0.002416 0.038848 160.000000 40.319172
-0.003829 0.072884 160.000000 83.675629
0.001226 0.074481 160.000000 91.293511
0.003729 0.093630 160.000000 119.622471
0.003229 0.039266 160.000000 46.753262
-0.004533 0.094076 160.000000 111.027207
-0.005253 0.012270 160.000000 11.139415
-0.005922 0.059008 160.000000 63.229879
0.006527 0.060875 160.000000 79.227265
0.005729 0.057038 160.000000 73.195273
-0.001185 0.005777 160.000000 8.734733
-0.008813 0.060662 160.000000 62.603241
0.002842 0.002885 160.000000 6.343186
-0.009460 0.007821 160.000000 17.823290
0.009575 0.009451 160.000000 15.389009
0.004284 0.075013 160.000000 95.460157
-0.008047 0.017789 160.000000 14.216753
-0.003893 0.095948 160.000000 114.205958
-0.008773 0.027575 160.000000 21.977072
0.002370 0.054353 160.000000 65.810420
0.001095 0.062958 160.000000 75.828290
0.000606 0.050580 160.000000 58.868257
0.009946 0.097774 160.000000 132.384376
-0.009231 0.095405 160.000000 107.826440
0.009604 0.003715 160.000000 9.049777
0.008668 0.004546 160.000000 8.756722
-0.009507 0.066560 160.000000 69.625419
0.009142 0.064152 160.000000 86.666110
-0.008069 0.090718 160.000000 102.834263
-0.006096 0.007908 160.000000 13.337548
0.004152 0.075972 160.000000 96.586043
0.008118 0.082381 160.000000 109.725036
0.008657 0.063297 160.000000 84.953896
0.009358 0.010092 160.000000 15.895294
0.002232 0.050366 160.000000 60.364263
0.004735 0.070275 160.000000 89.667545
0.002377 0.064738 160.000000 79.621410
0.004156 0.031626 160.000000 37.682400
-0.004963 0.059088 160.000000 64.292200
0.000116 0.077164 160.000000 93.628171
-0.007454 0.062402 160.000000 66.172938
-0.007692 0.092823 160.000000 106.012921
0.003009 0.080411 160.000000 101.193077
-0.002496 0.009208 160.000000 9.001487
0.000044 0.025418 160.000000 25.312838
-0.002150 0.043843 160.000000 47.104720
-0.002370 0.064987 160.000000 74.764193
0.008894 0.055661 160.000000 75.080424
0.004367 0.010871 160.000000 11.221205
0.005332 0.057287 160.000000 73.068830
0.003788 0.099241 160.000000 127.166593
-0.005987 0.047208 160.000000 47.791075
0.003042 0.091478 160.000000 115.971713
-0.004056 0.077693 160.000000 89.805782
-0.009070 0.047335 160.000000 45.242501
-0.007610 0.054679 160.000000 55.960809
0.009211 0.082501 160.000000 111.172289
-0.005950 0.032664 160.000000 29.399469
0.000518 0.094878 160.000000 117.648928
-0.000574 0.018791 160.000000 16.568813
-0.004121 0.061680 160.000000 68.562749
0.001395 0.079746 160.000000 98.487889
-0.000183 0.056699 160.000000 66.124445
0.007324 0.042024 160.000000 55.104122
0.001926 0.025310 160.000000 27.007898
0.009687 0.027548 160.000000 38.800299
-0.008789 0.064468 160.000000 67.582754
0.006759 0.075395 160.000000 98.828428
0.006344 0.052198 160.000000 67.472439
0.006488 0.099173 160.000000 130.191890
0.002851 0.096238 160.000000 122.094559
-0.002884 0.068790 160.000000 79.254555
0.000368 0.069121 160.000000 83.214262
0.003268 0.016417 160.000000 16.949323
-0.004385 0.032118 160.000000 29.938315
0.006119 0.085750 160.000000 111.877204
0.005820 0.057444 160.000000 73.841437
-0.002650 0.064206 160.000000 73.433616
-0.003819 0.035852 160.000000 35.148010
0.005521 0.072930 160.000000 94.107573
-0.002991 0.080707 160.000000 94.941818
0.001882 0.027622 160.000000 29.972349
0.000503 0.098416 160.000000 122.342353
-0.008034 0.030459 160.000000 25.441017
-0.005396 0.067891 160.000000 75.444037
0.009240 0.010338 160.000000 16.048012
-0.004594 0.026323 160.000000 22.715917
-0.007910 0.097580 160.000000 112.080796
-0.006655 0.061805 160.000000 66.173669
0.006037 0.087292 160.000000 113.836820
0.002716 0.075607 160.000000 94.466083
0.008160 0.048245 160.000000 64.351838
0.003067 0.027013 160.000000 30.421794
-0.007440 0.002723 160.000000 19.549064
0.000911 0.020837 160.000000 20.296216
0.004793 0.023045 160.000000 27.108965
0.001323 0.099352 160.000000 124.510961
0.009232 0.036128 160.000000 49.567152
0.003219 0.086844 160.000000 110.000513
0.001020 0.026292 160.000000 27.372565
0.004379 0.027929 160.000000 33.058199
0.004874 0.008412 160.000000 8.906265
-0.004378 0.015219 160.000000 11.806235
0.009303 0.061646 160.000000 83.525732
0.004202 0.006823 160.000000 6.880214
0.000386 0.083456 160.000000 102.298739
-0.001255 0.002456 160.000000 11.304870
-0.006980 0.020348 160.000000 15.637880
0.004549 0.089397 160.000000 114.921774
0.008093 0.005463 160.000000 9.022152
0.001809 0.051351 160.000000 61.203370
0.008613 0.039937 160.000000 53.866855
-0.004658 0.034317 160.000000 32.474646
-0.006109 0.097846 160.000000 114.341638
-0.002915 0.089574 160.000000 106.799853
0.008779 0.010224 160.000000 15.333821
0.009480 0.099917 160.000000 134.688156
0.007823 0.023324 160.000000 30.983967
0.006790 0.036088 160.000000 46.604561
0.007085 0.061512 160.000000 80.727585
-0.009524 0.081649 160.000000 89.382778
0.001876 0.040821 160.000000 47.328655
-0.002353 0.092724 160.000000 111.599655
0.003736 0.064986 160.000000 81.486176
0.006787 0.092275 160.000000 121.347076
0.000302 0.021818 160.000000 20.983870
-0.006263 0.016736 160.000000 13.092570
-0.001563 0.079644 160.000000 95.079700
-0.006165 0.057002 160.000000 60.365422
-0.003387 0.005964 160.000000 11.203453
0.003453 0.040551 160.000000 48.703651
-0.002011 0.018199 160.000000 14.987229
0.005553 0.091776 160.000000 119.249710
0.006049 0.006928 160.000000 8.408530
-0.001524 0.067563 160.000000 79.084047
-0.003774 0.034918 160.000000 33.995406
-0.005624 0.019952 160.000000 15.447160
-0.002909 0.021768 160.000000 18.478821
0.006048 0.007813 160.000000 9.355301
0.003243 0.061865 160.000000 76.775504
0.009729 0.049962 160.000000 68.508125
-0.006039 0.088579 160.000000 102.129423
-0.009268 0.023435 160.000000 18.048186
0.004126 0.081907 160.000000 104.460176
0.000000 0.100000 180.000000 124.510647
-0.006475 0.004184 180.000000 16.831265
0.000287 0.065128 180.000000 78.260805
0.008232 0.001912 180.000000 6.262836
0.005733 0.086630 180.000000 113.063775
-0.006061 0.076124 180.000000 86.236790
0.001875 0.039256 180.000000 45.539173
0.001333 0.089042 180.000000 111.337294
0.003031 0.065896 180.000000 82.295274
-0.004986 0.081492 180.000000 94.470342
0.008961 0.061646 180.000000 83.402267
0.003142 0.089140 180.000000 113.485994
-0.004135 0.048347 180.000000 51.476406
0.008785 0.057056 180.000000 77.067232
-0.001525 0.088811 180.000000 107.897805
-0.000114 0.035504 180.000000 38.535936
0.003561 0.099916 180.000000 128.370848
0.006004 0.028972 180.000000 36.435465
0.004561 0.067775 180.000000 86.522565
-0.005399 0.018951 180.000000 14.968486
0.001071 0.013086 180.000000 11.360585
0.007735 0.001946 180.000000 5.917216
0.002444 0.039206 180.000000 46.081125
-0.006134 0.006613 180.000000 14.370058
0.006580 0.092528 180.000000 121.923332
-0.001123 0.079027 180.000000 95.275639
-0.001387 0.072232 180.000000 85.932364
0.008095 0.025013 180.000000 33.634470
0.002781 0.061920 180.000000 76.708439
-0.004879 0.025300 180.000000 21.720861
-0.001830 0.048207 180.000000 53.557964
-0.006982 0.015234 180.000000 13.111239
-0.000182 0.023225 180.000000 22.575755
-0.007030 0.071497 180.000000 79.140300
-0.008068 0.090455 180.000000 103.206008
0.001634 0.087962 180.000000 110.227813
-0.003430 0.042326 180.000000 44.268387
0.005017 0.090660 180.000000 117.638940
-0.002416 0.009657 180.000000 9.135480
0.002448 0.030263 180.000000 34.249196
0.008352 0.073920 180.000000 99.088690
-0.002018 0.053445 180.000000 60.297184
-0.001335 0.089549 180.000000 109.088851
0.004370 0.050439 180.000000 63.156754
-0.005489 0.049947 180.000000 52.291958
0.003992 0.042465 180.000000 52.105885
-0.002569 0.006123 180.000000 10.203287
0.005145 0.038758 180.000000 48.461623
-0.006811 0.027153 180.000000 22.805042
0.007948 0.090855 180.000000 121.264252
-0.001056 0.068463 180.000000 81.262963
0.009706 0.029872 180.000000 41.992284
0.001637 0.031650 180.000000 35.236305
-0.002829 0.041622 180.000000 43.916961
-0.004270 0.026052 180.000000 22.972263
-0.008404 0.008333 180.000000 16.166018
0.006738 0.061429 180.000000 80.526202
0.007069 0.021336 180.000000 27.585405
-0.001593 0.044147 180.000000 48.437684
0.008965 0.027750 180.000000 38.290282
-0.003675 0.002506 180.000000 14.528153
0.001956 0.012443 180.000000 11.207049
0.002782 0.068263 180.000000 85.180539
-0.007326 0.035161 180.000000 31.912714
-0.000391 0.051533 180.000000 59.444096
0.006837 0.033650 180.000000 43.601059
0.008756 0.037020 180.000000 50.332257
0.009892 0.065800 180.000000 90.047230
0.008931 0.095252 180.000000 128.287113
-0.009883 0.052708 180.000000 51.974530
-0.002664 0.088881 180.000000 106.764379
-0.002075 0.010656 180.000000 9.153332
-0.005004 0.048572 180.000000 50.949455
-0.005193 0.056435 180.000000 61.080767
-0.008732 0.059113 180.000000 61.255860
0.002714 0.008553 180.000000 7.713037
-0.004892 0.017532 180.000000 13.822947
0.001834 0.072231 180.000000 89.429164
0.003420 0.060740 180.000000 75.843571
0.009498 0.012075 180.000000 18.550583
-0.008061 0.059553 180.000000 62.446278
-0.003461 0.082609 180.000000 97.554780
0.002103 0.067435 180.000000 83.321020
-0.001313 0.081756 180.000000 98.710968
0.004130 0.015540 180.000000 16.828651
-0.002841 0.035443 180.000000 35.870494
-0.002739 0.095711 180.000000 115.796156
0.007066 0.004992 180.000000 7.493007
0.003945 0.007441 180.000000 7.338607
-0.001724 0.074325 180.000000 88.361620
-0.006883 0.051865 180.000000 53.507247
-0.005956 0.014753 180.000000 12.404473
0.004926 0.007956 180.000000 8.530846
0.007620 0.033232 180.000000 43.958943
-0.009302 0.087799 180.000000 98.439525
0.003358 0.013156 180.000000 13.135129
0.003670 0.070978 180.000000 89.799709
-0.008840 0.048685 180.000000 47.701366
-0.001063 0.055648 180.000000 64.207239
-0.000774 0.078759 180.000000 95.295031
0.009843 0.099838 180.000000 135.482386
-0.001739 0.014230 180.000000 11.395550
0.009135 0.099226 180.000000 133.839316
0.003647 0.089602 180.000000 114.671579
0.004991 0.077005 180.000000 99.347043
-0.007613 0.019067 180.000000 15.171307
-0.004698 0.077602 180.000000 89.597783
0.000370 0.073826 180.000000 89.954731
0.001591 0.062392 180.000000 76.028073
-0.003435 0.088018 180.000000 104.790296
0.008166 0.067187 180.000000 89.874536
-0.002435 0.010488 180.000000 9.281203
0.004459 0.045744 180.000000 56.994641
-0.009594 0.051083 180.000000 50.138226
0.000632 0.036593 180.000000 40.720914
0.000300 0.090791 180.000000 112.534454
0.001872 0.047674 180.000000 56.720480
0.005826 0.066799 180.000000 86.656340
0.001506 0.037320 180.000000 42.586595
-0.009481 0.085899 180.000000 95.746091
-0.008624 0.094955 180.000000 108.610803
0.000985 0.001746 180.000000 9.159003
0.001756 0.012012 180.000000 10.609417
-0.001633 0.057074 180.000000 65.506541
-0.000641 0.061814 180.000000 72.850964
-0.004519 0.065918 180.000000 74.275604
-0.009614 0.068124 180.000000 72.210361
0.001128 0.058025 180.000000 69.700989
0.008677 0.043714 180.000000 59.148420
-0.000018 0.049501 180.000000 57.137252
0.006407 0.050265 180.000000 65.238529
0.002902 0.038121 180.000000 45.133905
0.008271 0.072143 180.000000 96.620321
0.006907 0.042031 180.000000 54.833612
0.003571 0.016776 180.000000 17.841355
-0.003346 0.095026 180.000000 114.230278
0.001627 0.010743 180.000000 9.247578
-0.007591 0.049079 180.000000 49.268590
-0.005102 0.091695 180.000000 107.925785
-0.007836 0.037448 180.000000 34.356621
0.003992 0.056328 180.000000 70.592844
0.009544 0.010680 180.000000 16.868063
-0.002318 0.019372 180.000000 16.402839
0.009924 0.004315 180.000000 10.009547
0.006476 0.056263 180.000000 73.325097
0.008143 0.068727 180.000000 91.906684
0.008049 0.075703 180.000000 101.121131
-0.006387 0.089964 180.000000 104.281014
-0.004318 0.029339 180.000000 26.920764
-0.009397 0.071220 180.000000 76.474899
-0.008241 0.015910 180.000000 14.063255
-0.004779 0.017777 180.000000 14.029279
-0.006927 0.067289 180.000000 73.688050
0.005139 0.096398 180.000000 125.452839
0.000405 0.074923 180.000000 91.455852
0.004391 0.039197 180.000000 48.199498
0.002146 0.019513 180.000000 19.954587
0.008433 0.039866 180.000000 53.736460
-0.005426 0.015549 180.000000 12.551659
0.008665 0.015095 180.000000 21.364639
0.006934 0.060061 180.000000 78.925967
0.004201 0.092712 180.000000 119.457882
0.005812 0.028364 180.000000 35.410954
0.000301 0.079413 180.000000 97.338051
-0.008590 0.013052 180.000000 14.309712
-0.008478 0.078096 180.000000 86.426365
-0.000985 0.059952 180.000000 70.009209
-0.006842 0.081072 180.000000 92.004606
0.001074 0.081733 180.000000 101.283573
0.006547 0.005708 180.000000 7.680818
-0.003736 0.004373 180.000000 12.927926
0.003671 0.018730 180.000000 20.443482
-0.009038 0.070974 180.000000 76.495487
-0.002083 0.072983 180.000000 86.192670
-0.000828 0.046301 180.000000 52.056547
0.003783 0.074605 180.000000 94.774117
0.005648 0.065250 180.000000 84.381876
0.000813 0.044676 180.000000 51.606271
0.005270 0.077233 180.000000 99.968818
0.007184 0.092234 180.000000 122.226484
0.002558 0.048804 180.000000 58.969823
0.000515 0.087868 180.000000 108.864679
-0.002320 0.059039 180.000000 67.403093
-0.007647 0.033699 180.000000 29.928478
-0.005786 0.005008 180.000000 15.160865
-0.002430 0.007905 180.000000 9.304266
-0.005626 0.085620 180.000000 99.294398
0.005053 0.086694 180.000000 112.374471
-0.009418 0.068994 180.000000 73.533361
-0.006304 0.077300 180.000000 87.550161
-0.003525 0.011179 180.000000 10.063287
-0.007420 0.079984 180.000000 89.978074
0.007512 0.099329 180.000000 132.094481
-0.008672 0.099770 180.000000 114.955967
0.007842 0.069949 180.000000 93.189185
-0.004062 0.027575 180.000000 24.946104
0.002269 0.030940 180.000000 34.955730
0.008450 0.042635 180.000000 57.442709
-0.004058 0.061910 180.000000 69.434346
0.000248 0.008244 180.000000 7.446201
0.007087 0.027987 180.000000 36.378675
-0.000583 0.045116 180.000000 50.739273
-0.000642 0.063676 180.000000 75.328855
-0.002369 0.042233 180.000000 45.158283
-0.008954 0.065298 180.000000 69.126521
0.002864 0.059655 180.000000 73.776679
0.003286 0.005065 180.000000 5.769849
-0.008985 0.083610 180.000000 93.212944
0.001796 0.037846 180.000000 43.587115
-0.003208 0.089087 180.000000 106.457686
-0.001994 0.072313 180.000000 85.395048
0.004474 0.059837 180.000000 75.819631
0.003344 0.094331 180.000000 120.656307
0.002755 0.094856 180.000000 120.696636
0.005161 0.016380 180.000000 18.977511
-0.008808 0.084882 180.000000 95.071884
-0.001508 0.008598 180.000000 8.447531
0.006867 0.045119 180.000000 58.904261
0.008628 0.082879 180.000000 111.387033
-0.002977 0.051679 180.000000 56.993375
0.003183 0.029544 180.000000 34.076819
0.006271 0.067970 180.000000 88.730604
-0.003707 0.030020 180.000000 28.228654
0.001556 0.075217 180.000000 93.110883
0.003629 0.087215 180.000000 111.459565
0.001030 0.085548 180.000000 106.332778
0.001028 0.064134 180.000000 77.738521
-0.007356 0.026640 180.000000 21.999836
0.007131 0.037616 180.000000 49.215637
-0.006191 0.012782 180.000000 12.149236
-0.007081 0.098543 180.000000 114.970104
0.001766 0.054848 180.000000 66.158839
0.001410 0.039462 180.000000 45.321820
0.003685 0.086372 180.000000 110.395328
-0.001050 0.086676 180.000000 105.562659
-0.008707 0.085716 180.000000 96.277531
-0.009086 0.094351 180.000000 107.339416
-0.009766 0.049896 180.000000 48.483162
0.008912 0.085276 180.000000 114.924430
-0.001653 0.050068 180.000000 56.199578
-0.005650 0.062340 180.000000 68.413746
-0.000279 0.075151 180.000000 91.017135
0.000530 0.067014 180.000000 81.038034
-0.009621 0.045059 180.000000 42.491823
0.006193 0.045804 180.000000 59.041268
-0.004008 0.034803 180.000000 34.028247
0.003029 0.078338 180.000000 98.917837
0.000578 0.041159 180.000000 46.700227
0.004905 0.025990 180.000000 31.256094
0.001190 0.027656 180.000000 29.549804
-0.003201 0.014920 180.000000 11.814125
-0.005861 0.042648 180.000000 42.490572
-0.001287 0.066159 180.000000 77.949260
0.007773 0.092919 180.000000 123.822350
0.006763 0.077771 180.000000 102.397746
-0.006460 0.083682 180.000000 95.859222
0.006286 0.079551 180.000000 104.229949
-0.001866 0.034965 180.000000 36.143689
-0.006434 0.031275 180.000000 27.807684
0.005354 0.052658 180.000000 67.228730
0.007555 0.053663 180.000000 71.101438
-0.000795 0.015022 180.000000 12.458791
0.000897 0.058616 180.000000 70.238964
-0.004752 0.001968 180.000000 16.547780
-0.004554 0.038043 180.000000 37.705997
0.003406 0.068436 180.000000 86.106271
-0.001770 0.076905 180.000000 91.751477
-0.004938 0.075388 180.000000 86.409085
0.004526 0.060044 180.000000 76.153365
0.005083 0.021633 180.000000 25.721176
0.005001 0.046538 180.000000 58.663978
0.007076 0.041662 180.000000 54.538102
-0.008566 0.078221 180.000000 86.504707
0.003847 0.023477 180.000000 26.801309
0.007042 0.034898 180.000000 45.497409
0.006842 0.048105 180.000000 62.858493
0.008990 0.053239 180.000000 72.215882
-0.001133 0.057014 180.000000 65.948389
-0.002869 0.079253 180.000000 93.711911
0.008215 0.012286 180.000000 17.238602
0.009875 0.073244 180.000000 99.969363
0.003999 0.016708 180.000000 18.183277
0.005816 0.073095 180.000000 95.059591
-0.002239 0.028226 180.000000 27.159735
-0.006603 0.064812 180.000000 70.739171
-0.005116 0.085524 180.000000 99.696380
-0.001740 0.095502 180.000000 116.597142
-0.002113 0.078575 180.000000 93.610740
0.003280 0.091323 180.000000 116.560388
0.007825 0.036160 180.000000 48.090260
-0.007736 0.014966 180.000000 13.539959
0.009525 0.004492 180.000000 9.702645
0.007676 0.032020 180.000000 42.414759
-0.006252 0.046977 180.000000 47.732597
-0.001900 0.021871 180.000000 19.564764
-0.006931 0.095102 180.000000 110.548345
-0.002107 0.058551 180.000000 66.976155
-0.002930 0.036024 180.000000 36.540635
0.009422 0.092608 180.000000 125.322623
-0.007391 0.057711 180.000000 60.662426
0.003232 0.036231 180.000000 42.982842
-0.007461 0.090831 180.000000 104.325484
-0.002599 0.034045 180.000000 34.282268
0.008079 0.042849 180.000000 57.290307
0.001101 0.095980 180.000000 120.354840
0.001197 0.020186 180.000000 19.941359
-0.006350 0.085972 180.000000 99.012228
-0.001209 0.016233 180.000000 13.538303
-0.007965 0.034517 180.000000 30.704951
-0.007568 0.094961 180.000000 109.702414
-0.000180 0.009031 180.000000 7.861496
-0.003364 0.094085 180.000000 112.955963
0.006656 0.015281 180.000000 19.225244
-0.002127 0.009368 180.000000 8.915273
0.003797 0.019474 180.000000 21.532376
-0.005844 0.057380 180.000000 61.693685
-0.001051 0.067591 180.000000 80.108277
-0.009483 0.078757 180.000000 86.312162
0.001513 0.082215 180.000000 102.412060
0.002180 0.069400 180.000000 86.031475
-0.007002 0.042799 180.000000 41.717141
-0.008761 0.008174 180.000000 16.745560
0.009069 0.028837 180.000000 39.852651
0.008116 0.088319 180.000000 118.067290
0.009026 0.091603 180.000000 123.516907
-0.002056 0.015922 180.000000 12.883842
-0.002967 0.093866 180.000000 113.089124
0.004283 0.067209 180.000000 85.451855
-0.007206 0.099836 180.000000 116.561372
-0.005615 0.013520 180.000000 11.847068
-0.001733 0.036271 180.000000 37.968664
0.006655 0.025409 180.000000 32.469067
0.007556 0.040448 180.000000 53.481386
-0.008779 0.025919 180.000000 20.798554
-0.002597 0.050992 180.000000 56.466714
0.009712 0.069864 180.000000 95.261392
0.006320 0.071649 180.000000 93.705120
0.009967 0.027154 180.000000 38.718855
-0.006933 0.059203 180.000000 63.046964
-0.009839 0.091754 180.000000 103.137358
-0.008554 0.091477 180.000000 104.066859
-0.008361 0.023021 180.000000 18.206033
-0.002221 0.067538 180.000000 78.798281
0.009099 0.072940 180.000000 98.652598
-0.007210 0.068894 180.000000 75.526963
-0.006145 0.040186 180.000000 39.098695
-0.000965 0.095961 180.000000 118.054758
-0.004753 0.038375 180.000000 37.960199
0.009841 0.080023 180.000000 108.989480
0.002388 0.008910 180.000000 7.890182
0.005872 0.027472 180.000000 34.299921
-0.006661 0.079334 180.000000 89.884112
0.001214 0.038726 180.000000 44.141165
0.004051 0.067620 180.000000 85.739164
0.006842 0.056617 180.000000 74.220254
-0.009527 0.061166 180.000000 63.206185
-0.006526 0.055120 180.000000 58.083347
0.006844 0.062637 180.000000 82.262115
0.008371 0.086567 180.000000 116.020037
0.000598 0.088473 180.000000 109.764093
-0.009836 0.015252 180.000000 15.260282
0.002000 0.006718 180.000000 6.464939
0.003488 0.052693 180.000000 65.178266
0.004842 0.085042 180.000000 109.925649
0.001460 0.036114 180.000000 40.943218
-0.004040 0.045744 180.000000 48.159807
-0.006606 0.077531 180.000000 87.549828
0.000071 0.024625 180.000000 24.576824
0.006900 0.052885 180.000000 69.302931
-0.002139 0.092646 180.000000 112.352159
-0.000321 0.035043 180.000000 37.725442
-0.003421 0.090983 180.000000 108.757624
-0.006628 0.063540 180.000000 69.039365
-0.003388 0.075006 180.000000 87.510117
0.005282 0.092052 180.000000 119.801654
0.003842 0.073120 180.000000 92.855130
0.004414 0.093747 180.000000 121.083520
-0.000036 0.007371 180.000000 7.431941
0.000459 0.056889 180.000000 67.467542
-0.008454 0.007683 180.000000 16.683633
-0.000237 0.010634 180.000000 8.729372
-0.000068 0.022666 180.000000 21.967825
-0.006959 0.030966 180.000000 27.107902
-0.005859 0.052440 180.000000 55.203539
0.008391 0.071554 180.000000 95.973305
0.007420 0.084339 180.000000 111.939205
-0.003292 0.041007 180.000000 42.678196
0.008592 0.021009 180.000000 28.964338
0.008264 0.009628 180.000000 13.996232
0.003967 0.085077 180.000000 108.980939
0.000349 0.096130 180.000000 119.723521
-0.009375 0.094963 180.000000 107.857092
0.005910 0.069340 180.000000 90.147480
0.008250 0.019046 180.000000 25.984350
0.003499 0.097065 180.000000 124.486823
0.004230 0.099525 180.000000 128.603618
-0.002084 0.035493 180.000000 36.626603
0.004793 0.098303 180.000000 127.607833
0.009705 0.073782 180.000000 100.487776
-0.009915 0.030813 180.000000 25.450092
-0.003728 0.033272 180.000000 32.314252
0.005566 0.026245 180.000000 32.331746
0.007185 0.001134 180.000000 5.466950
0.005744 0.063838 180.000000 82.605808
0.008449 0.097249 180.000000 130.396930
0.007837 0.026063 180.000000 34.713836
0.006446 0.044208 180.000000 57.204280
-0.003211 0.023539 180.000000 20.674616
-0.003044 0.059649 180.000000 67.469708
0.004319 0.095008 180.000000 122.662428
0.001517 0.090567 180.000000 113.578772
0.000396 0.099286 180.000000 123.992329
0.004165 0.046313 180.000000 57.424709
0.003166 0.031559 180.000000 36.721054
0.007190 0.032228 180.000000 42.120941
-0.001172 0.067057 180.000000 79.268248
-0.001517 0.053184 180.000000 60.466303
-0.005372 0.033436 180.000000 31.206866
0.003363 0.024677 180.000000 27.862691
0.001233 0.039939 180.000000 45.767078
0.001973 0.080536 180.000000 100.679358
0.003169 0.024011 180.000000 26.788158
0.000110 0.088284 180.000000 108.975381
0.008742 0.052286 180.000000 70.651764
0.003739 0.033571 180.000000 40.006117
0.001463 0.078287 180.000000 97.109366
0.007108 0.096764 180.000000 128.198648
0.004059 0.083192 180.000000 106.565749
0.001926 0.094119 180.000000 118.783580
0.002289 0.011572 180.000000 10.469926
0.005163 0.037203 180.000000 46.412036
-0.008135 0.066141 180.000000 71.008364
0.007070 0.073537 180.000000 97.091846
0.000315 0.083487 180.000000 102.792163
0.001672 0.040332 180.000000 46.750452
-0.004930 0.055661 180.000000 60.318630
0.005007 0.035881 180.000000 44.478917
0.004072 0.037125 180.000000 45.089521
0.005459 0.097359 180.000000 127.103643
0.004145 0.038736 180.000000 47.312366
-0.003340 0.068048 180.000000 78.309921
0.001754 0.023421 180.000000 24.598582
-0.002866 0.093773 180.000000 113.073371
0.007690 0.008465 180.000000 11.921605
-0.003924 0.033098 180.000000 31.930368
-0.007213 0.083989 180.000000 95.496999
0.007570 0.022998 180.000000 30.357550
0.001274 0.053058 180.000000 63.243001
0.006178 0.080744 180.000000 105.700737
0.007802 0.063549 180.000000 84.590029
0.005204 0.083618 180.000000 108.433129
0.007981 0.033548 180.000000 44.801632
0.001079 0.047564 180.000000 55.723885
-0.009371 0.040859 180.000000 37.462290
0.006351 0.087407 180.000000 114.811973
-0.006741 0.072013 180.000000 80.109648
0.004006 0.012180 180.000000 12.541500
0.009016 0.072649 180.000000 98.165566
0.003131 0.039871 180.000000 47.706841
-0.009899 0.090725 180.000000 101.715989
-0.001048 0.048872 180.000000 55.234394
-0.006799 0.004377 180.000000 17.107340
-0.004926 0.024078 180.000000 20.305637
0.008365 0.021149 180.000000 28.873744
0.002403 0.078187 180.000000 98.017326
0.006941 0.047299 180.000000 61.897805
-0.007010 0.086113 180.000000 98.523038
-0.001145 0.021727 180.000000 19.935459
0.003799 0.016613 180.000000 17.860878
0.003149 0.055243 180.000000 68.204971
0.005529 0.076756 180.000000 99.627524
0.009835 0.021517 180.000000 31.145385
-0.009022 0.002647 180.000000 21.902049
0.003766 0.061057 180.000000 76.653487
0.005206 0.020746 180.000000 24.695380
-0.005583 0.065604 180.000000 72.789896
0.001912 0.061322 180.000000 74.952753
0.004650 0.004042 180.000000 5.461088
0.000061 0.084682 180.000000 104.111317
0.000774 0.086449 180.000000 107.253952
-0.001300 0.030725 180.000000 31.173465
-0.002771 0.049148 180.000000 53.858486
0.007999 0.052120 180.000000 69.560026
0.001529 0.097943 180.000000 123.453883
0.006013 0.046044 180.000000 59.155216
-0.009843 0.015810 180.000000 15.263828
-0.003823 0.058913 180.000000 65.705614
0.006480 0.097271 180.000000 128.154144
0.004822 0.048867 180.000000 61.567013
-0.006242 0.033752 180.000000 30.952651
-0.005003 0.092503 180.000000 109.106003
-0.003972 0.062985 180.000000 70.945141
-0.008655 0.095702 180.000000 109.571166
-0.001948 0.046440 180.000000 51.107164
-0.005881 0.059796 180.000000 64.836537
0.004884 0.090476 180.000000 117.240642
-0.008802 0.051252 180.000000 51.020869
-0.006420 0.033978 180.000000 31.101849
0.001364 0.009946 180.000000 8.431006
0.006128 0.011723 180.000000 14.125190
-0.000137 0.071124 180.000000 85.798492
0.005207 0.021036 180.000000 25.076695
0.000506 0.096376 180.000000 120.224917
0.003855 0.066860 180.000000 84.503762
0.008286 0.070717 180.000000 94.731749
0.003176 0.032788 180.000000 38.357994
0.001278 0.088847 180.000000 111.016476
0.002085 0.084895 180.000000 106.629870
0.004165 0.049307 180.000000 61.416532
0.008407 0.096796 180.000000 129.742051
-0.008328 0.092876 180.000000 106.152721
-0.000006 0.045317 180.000000 51.600277
0.001148 0.033514 180.000000 37.190572
0.007695 0.018787 180.000000 24.984537
0.003860 0.009836 180.000000 9.698396
-0.007035 0.096939 180.000000 112.885062
-0.002796 0.013337 180.000000 10.680653
-0.001916 0.075300 180.000000 89.457509
0.005678 0.005698 180.000000 6.939378
0.002537 0.033055 180.000000 38.029158
0.007871 0.091869 180.000000 122.531187
0.002519 0.014169 180.000000 13.636470
0.001966 0.039494 180.000000 45.951977
-0.007931 0.031682 180.000000 27.374370
0.004590 0.006837 180.000000 7.189017
-0.009653 0.033392 180.000000 28.413525
-0.008896 0.088230 180.000000 99.417397
0.007268 0.003618 180.000000 6.533728
0.000442 0.029805 180.000000 31.620934
-0.008199 0.020106 180.000000 15.959494
0.001011 0.086641 180.000000 107.772341
-0.007765 0.019680 180.000000 15.601299
-0.004826 0.011261 180.000000 11.015990
0.009945 0.010971 180.000000 17.735416
0.004570 0.073640 180.000000 94.371391
0.008945 0.058524 180.000000 79.216269
0.004336 0.058462 180.000000 73.827065
-0.007368 0.041251 180.000000 39.456648
-0.002455 0.052148 180.000000 58.137907
-0.002780 0.003728 180.000000 12.205624
-0.009058 0.071225 180.000000 76.804956
0.007305 0.022844 180.000000 29.843330
-0.000592 0.038943 180.000000 42.582899
0.000603 0.026547 180.000000 27.541344
-0.007317 0.045507 180.000000 44.913465
0.007614 0.057998 180.000000 76.956910
-0.002422 0.078326 180.000000 92.949603
-0.001529 0.082168 180.000000 99.028280
0.002487 0.016483 180.000000 16.446360
-0.001135 0.071826 180.000000 85.661166
-0.009823 0.078192 180.000000 85.237012
0.004374 0.049394 180.000000 61.767118
0.003845 0.002799 180.000000 5.708478
-0.002124 0.079085 180.000000 94.279414
-0.004318 0.071840 180.000000 82.335347
-0.004107 0.096951 180.000000 115.983191
-0.003593 0.076602 180.000000 89.418258
0.005143 0.067929 180.000000 87.387581
-0.003230 0.038192 180.000000 39.074927
0.009019 0.099221 180.000000 133.697048
0.003568 0.075612 180.000000 95.878005
0.004425 0.096377 180.000000 124.612805
0.007384 0.097417 180.000000 129.390534
0.001398 0.072610 180.000000 89.456131
-0.008145 0.007900 180.000000 16.117644
-0.000659 0.096592 180.000000 119.232542
-0.001650 0.011585 180.000000 9.447494
-0.008728 0.084809 180.000000 95.054900
-0.009603 0.060727 180.000000 62.567037
0.003938 0.020512 180.000000 23.027460
0.001789 0.005895 180.000000 6.359453
0.009275 0.069085 180.000000 93.707647
0.002219 0.059519 180.000000 72.884680
0.004105 0.036902 180.000000 44.831091
-0.008844 0.074255 180.000000 80.999647
-0.004791 0.065462 180.000000 73.397370
0.002114 0.030661 180.000000 34.426172
-0.001421 0.038170 180.000000 40.750150
-0.005914 0.069908 180.000000 78.151431
-0.004477 0.092862 180.000000 110.139897
-0.004834 0.094643 180.000000 112.134324
-0.000353 0.014978 180.000000 12.621492
-0.008453 0.080340 180.000000 89.417277
-0.001116 0.098654 180.000000 121.486888
-0.001746 0.047187 180.000000 52.296200
-0.009005 0.091245 180.000000 103.302801
0.004917 0.054466 180.000000 69.146669
0.004917 0.062379 180.000000 79.714910
-0.007174 0.062097 180.000000 66.614846
-0.003298 0.077125 180.000000 90.424153
0.001305 0.024325 180.000000 25.335141
0.006212 0.089090 180.000000 116.903001
0.006583 0.060055 180.000000 78.512774
0.002571 0.025314 180.000000 27.876882
0.004271 0.025678 180.000000 30.148796
0.000832 0.070095 180.000000 85.478421
-0.006736 0.052675 180.000000 54.696312
0.006459 0.031317 180.000000 40.065760
0.006653 0.052944 180.000000 69.097218
-0.002388 0.043287 180.000000 46.522389
0.008084 0.066792 180.000000 89.251572
-0.002429 0.027334 180.000000 25.880992
0.002762 0.037891 180.000000 44.677713
0.009333 0.080701 180.000000 109.300067
0.004435 0.041526 180.000000 51.348576
0.009558 0.055158 180.000000 75.446428
-0.006036 0.002175 180.000000 18.139578
-0.001959 0.002980 180.000000 11.776719
-0.006238 0.055517 180.000000 58.873872
-0.005775 0.051478 180.000000 54.024755
0.001043 0.040130 180.000000 45.822334
-0.008678 0.058633 180.000000 60.679651
-0.007285 0.079538 180.000000 89.524280
-0.005794 0.019177 180.000000 15.126455
0.006677 0.036327 180.000000 46.974018
-0.002562 0.016728 180.000000 13.509019
-0.007289 0.090220 180.000000 103.690148
0.003580 0.013201 180.000000 13.389358
-0.002573 0.002294 180.000000 13.232033
0.003095 0.059307 180.000000 73.568552
0.002773 0.072558 180.000000 90.907939
-0.004126 0.024671 180.000000 21.433032
-0.000140 0.096105 180.000000 119.151117
0.004735 0.079911 180.000000 102.942989
0.001086 0.011614 180.000000 9.850923
0.008790 0.034213 180.000000 46.643977
-0.001055 0.068384 180.000000 81.158770
0.000925 0.018694 180.000000 17.842984
0.008057 0.024321 180.000000 32.676126
-0.008063 0.064708 180.000000 69.195345
0.002475 0.070744 180.000000 88.153080
-0.004870 0.017612 180.000000 13.888660
-0.005109 0.078922 180.000000 90.926735
0.004188 0.070877 180.000000 90.245880
0.005474 0.075135 180.000000 97.397641
0.005668 0.033645 180.000000 42.253168
-0.007369 0.086838 180.000000 99.118386
0.001135 0.035903 180.000000 40.327117
-0.002063 0.065598 180.000000 76.384426
0.003154 0.059868 180.000000 74.382900
0.009365 0.056868 180.000000 77.500563
0.000925 0.090154 180.000000 112.372602
0.000474 0.099999 180.000000 125.032919
0.006731 0.096518 180.000000 127.435459
0.008769 0.055514 180.000000 74.991250
0.003780 0.026379 180.000000 30.542649
0.000405 0.059336 180.000000 70.668343
0.001477 0.087483 180.000000 109.412795
0.008852 0.051340 180.000000 69.520413
-0.007606 0.099608 180.000000 115.842405
0.000144 0.074375 180.000000 90.440863
0.004325 0.023877 180.000000 27.838731
0.004951 0.007604 180.000000 8.187679
-0.005542 0.044429 180.000000 45.068376
0.006236 0.076660 180.000000 100.307244
0.003013 0.062321 180.000000 77.501833
-0.001896 0.056083 180.000000 63.919659
-0.004611 0.034227 180.000000 32.796806
0.007196 0.026358 180.000000 34.350042
0.008634 0.075358 180.000000 101.340621
0.003318 0.016486 180.000000 17.226594
0.009523 0.013218 180.000000 20.026103
-0.006495 0.027453 180.000000 23.300728
0.006798 0.042562 180.000000 55.416984
0.009204 0.091757 180.000000 123.930702
0.003722 0.003774 180.000000 5.561394
0.008811 0.077856 180.000000 104.886406
0.004501 0.098436 180.000000 127.454388
0.000461 0.005932 180.000000 7.201131
-0.003625 0.084709 180.000000 100.178462
-0.007797 0.066699 180.000000 72.065808
0.001419 0.035265 180.000000 39.778892
-0.008040 0.018284 180.000000 14.838266
-0.005504 0.054843 180.000000 58.688560
0.005173 0.032290 180.000000 39.893806
0.009323 0.079300 180.000000 107.414508
0.006762 0.014288 180.000000 18.073779
0.007828 0.082607 180.000000 110.094842
-0.005339 0.057963 180.000000 62.949211
-0.001526 0.083818 180.000000 101.232338
0.005109 0.051826 180.000000 65.839699
0.001493 0.005562 180.000000 6.523495
0.000723 0.005776 180.000000 7.028591
0.007270 0.087080 180.000000 115.431450
0.002379 0.030650 180.000000 34.686470
0.000538 0.061911 180.000000 74.242704
0.003745 0.050087 180.000000 61.988113
-0.003567 0.006731 180.000000 11.042591
0.009163 0.077713 180.000000 105.106490
-0.002049 0.079408 180.000000 94.790567
-0.006321 0.052589 180.000000 54.966641
-0.007896 0.089289 180.000000 101.832879
0.001562 0.089986 180.000000 112.852782
0.008875 0.002354 180.000000 7.107226
0.007137 0.080619 180.000000 106.636876
0.004240 0.056532 180.000000 71.142359
0.001176 0.070834 180.000000 86.840333
0.000990 0.074378 180.000000 91.368848
-0.005082 0.065972 180.000000 73.777972
-0.008582 0.084005 180.000000 94.138018
0.002948 0.084628 180.000000 107.236299
-0.001699 0.089839 180.000000 109.081821
0.009941 0.016549 180.000000 24.815713
0.005156 0.050611 180.000000 64.272560
-0.002873 0.090049 180.000000 108.098098
0.004311 0.013635 180.000000 14.615675
0.009056 0.070573 180.000000 95.438495
-0.006603 0.050928 180.000000 52.542808
-0.008260 0.041234 180.000000 38.741542
-0.001948 0.076802 180.000000 91.423911
0.002915 0.074662 180.000000 93.876710
-0.001834 0.092155 180.000000 112.026688
-0.006109 0.099795 180.000000 117.654261
-0.006564 0.024965 180.000000 20.528642
-0.001119 0.001275 180.000000 12.284394
0.003127 0.032321 180.000000 37.687099
-0.005282 0.065939 180.000000 73.534632
0.001843 0.086353 180.000000 108.308493
-0.006271 0.049419 180.000000 50.883353
0.009453 0.027794 180.000000 38.937764
0.005796 0.034951 180.000000 44.134050
0.004865 0.022469 180.000000 26.579051
0.005900 0.062732 180.000000 81.305455
-0.008546 0.020624 180.000000 16.366137
0.001258 0.032681 180.000000 36.205115
-0.001746 0.045614 180.000000 50.220198
-0.009439 0.004244 180.000000 20.946342
0.003722 0.003234 180.000000 5.646371
-0.004826 0.012822 180.000000 11.204694
-0.009082 0.064899 180.000000 68.485371
0.008170 0.026712 180.000000 35.967683
-0.007000 0.038219 180.000000 35.933669
0.002584 0.036905 180.000000 43.178698
0.000755 0.017163 180.000000 15.837057
-0.009975 0.091271 180.000000 102.361739
-0.009524 0.075522 180.000000 82.009426
-0.002140 0.008459 180.000000 8.939874
-0.002458 0.080515 180.000000 95.829700
-0.006849 0.062133 180.000000 66.973301
-0.002457 0.005553 180.000000 10.414821
0.009273 0.048109 180.000000 65.710533
0.002843 0.088614 180.000000 112.447874
-0.009488 0.002958 180.000000 22.259554
-0.003548 0.012518 180.000000 10.462579
-0.000932 0.099918 180.000000 123.376767
-0.008315 0.092121 180.000000 105.164594
-0.001984 0.055097 180.000000 62.521600
0.007717 0.043487 180.000000 57.716463
0.006994 0.080351 180.000000 106.113973
-0.005347 0.094995 180.000000 112.062470
-0.004078 0.053023 180.000000 57.676639
0.005134 0.071602 180.000000 92.287088
-0.009896 0.028150 180.000000 22.709297
-0.007477 0.017140 180.000000 14.068839
0.009360 0.049625 180.000000 67.833404
0.007765 0.091195 180.000000 121.507036
-0.006192 0.009532 180.000000 12.759129
-0.000027 0.002755 180.000000 9.510507
0.008127 0.085140 180.000000 113.827819
-0.006329 0.006113 180.000000 15.003968
0.008883 0.016202 180.000000 23.057715
0.006602 0.025429 180.000000 32.433451
-0.005114 0.085337 180.000000 99.450094
0.003360 0.077364 180.000000 97.985543
-0.008674 0.092390 180.000000 105.155625
-0.009219 0.064171 180.000000 67.407369
-0.001044 0.013281 180.000000 10.706148
0.007659 0.014757 180.000000 19.721490
0.001463 0.064654 180.000000 78.905381
-0.003670 0.034271 180.000000 33.636080
-0.004095 0.026534 180.000000 23.663116
0.005809 0.015209 180.000000 18.181397
-0.003782 0.021516 180.000000 18.028446
0.008039 0.027050 180.000000 36.258334
-0.001144 0.099184 180.000000 122.164771
0.000453 0.003155 180.000000 8.618602
0.008223 0.029575 180.000000 39.817730
-0.007474 0.081734 180.000000 92.243554
-0.008050 0.047424 180.000000 46.749190
-0.004046 0.072213 180.000000 83.112974
0.004861 0.022017 180.000000 25.980167
0.008684 0.076152 180.000000 102.459349
-0.003017 0.046192 180.000000 49.727647
-0.006334 0.067520 180.000000 74.576344
0.009020 0.011256 180.000000 16.929516
-0.006578 0.084186 180.000000 96.406841
-0.004499 0.017549 180.000000 13.862161
0.000098 0.004008 180.000000 8.421128
0.002802 0.094262 180.000000 119.954352
0.008474 0.029689 180.000000 40.267628
0.000289 0.041095 180.000000 46.316187
0.006562 0.056538 180.000000 73.790840
0.001669 0.003696 180.000000 6.977457
0.003302 0.059649 180.000000 74.255493
0.004618 0.045533 180.000000 56.892975
-0.004136 0.084533 180.000000 99.404865
-0.006585 0.064632 180.000000 70.519163
0.003151 0.045257 180.000000 54.895768
-0.000539 0.044707 180.000000 50.243923
-0.007691 0.044514 180.000000 43.332892
-0.005057 0.077143 180.000000 88.617061
0.002856 0.032075 180.000000 37.071679
-0.000619 0.005611 180.000000 8.304902
0.005177 0.005110 180.000000 6.155007
0.005896 0.050772 180.000000 65.330000
0.004440 0.079999 180.000000 102.726610
0.000590 0.072305 180.000000 88.164429
-0.003153 0.018296 180.000000 14.873505
-0.003443 0.020251 180.000000 16.807749
-0.005593 0.065514 180.000000 72.661982
-0.002335 0.053750 180.000000 60.378584
-0.005120 0.055565 180.000000 60.006278
-0.003842 0.009620 180.000000 10.285056
-0.000804 0.047345 180.000000 53.463040
0.009056 0.074550 180.000000 100.754195
-0.000303 0.078422 180.000000 95.356148
0.005936 0.063707 180.000000 82.648615
0.000782 0.029980 180.000000 32.183045
0.008744 0.025929 180.000000 35.618535
-0.007568 0.082222 180.000000 92.794817
0.007564 0.018227 180.000000 24.099850
0.003300 0.071696 180.000000 90.344326
0.008497 0.068688 180.000000 92.265825
-0.006423 0.077460 180.000000 87.640929
-0.001921 0.003866 180.000000 10.972947
-0.000335 0.067155 180.000000 80.292844
-0.009052 0.071280 180.000000 76.883137
-0.005500 0.042421 180.000000 42.513149
-0.009805 0.009280 180.000000 17.383920
0.003116 0.080597 180.000000 102.033885
0.008395 0.006665 180.000000 10.671079
0.005111 0.025019 180.000000 30.203752
0.004348 0.029355 180.000000 35.088510
0.006483 0.044222 180.000000 57.265086
0.003535 0.033710 180.000000 39.968185
-0.008015 0.016945 180.000000 14.235151
0.009751 0.002562 180.000000 8.195247
-0.005695 0.046350 180.000000 47.419960
0.009898 0.035916 180.000000 50.234428
0.003724 0.056454 180.000000 70.459833
-0.003918 0.010565 180.000000 10.285253
0.008190 0.063337 180.000000 84.759204
0.006984 0.069515 180.000000 91.615678
0.001823 0.063087 180.000000 77.209651
-0.003395 0.056868 180.000000 63.431523
0.001953 0.045167 180.000000 53.472008
-0.008547 0.004773 180.000000 19.196511
-0.000931 0.043757 180.000000 48.589358
0.005727 0.030454 180.000000 38.084061
-0.004602 0.052006 180.000000 55.830823
-0.005773 0.056216 180.000000 60.233491
0.007227 0.084107 180.000000 111.406090
0.008365 0.099035 180.000000 132.688847
-0.005692 0.053929 180.000000 57.310687
0.002619 0.056485 180.000000 69.276000
0.000234 0.089500 180.000000 110.735876
-0.002416 0.038848 180.000000 40.684259
-0.003829 0.072884 180.000000 84.228268
0.001226 0.074481 180.000000 91.764658
0.003729 0.093630 180.000000 120.152117
0.003229 0.039266 180.000000 47.010255
-0.004533 0.094076 180.000000 111.697551
-0.005253 0.012270 180.000000 11.394589
-0.005922 0.059008 180.000000 63.758201
0.006527 0.060875 180.000000 79.543452
0.005729 0.057038 180.000000 73.503596
-0.001185 0.005777 180.000000 8.822851
-0.008813 0.060662 180.000000 63.200453
0.002842 0.002885 180.000000 6.369995
-0.009460 0.007821 180.000000 17.937250
0.009575 0.009451 180.000000 15.397150
0.004284 0.075013 180.000000 95.884449
-0.008047 0.017789 180.000000 14.600328
-0.003893 0.095948 180.000000 114.874295
-0.008773 0.027575 180.000000 22.459365
0.002370 0.054353 180.000000 66.159217
0.001095 0.062958 180.000000 76.242816
0.000606 0.050580 180.000000 59.229027
0.009946 0.097774 180.000000 132.843345
-0.009231 0.095405 180.000000 108.590504
0.009604 0.003715 180.000000 9.038677
0.008668 0.004546 180.000000 8.752290
-0.009507 0.066560 180.000000 70.262729
0.009142 0.064152 180.000000 86.961399
-0.008069 0.090718 180.000000 103.553545
-0.006096 0.007908 180.000000 13.464671
0.004152 0.075972 180.000000 97.017389
0.008118 0.082381 180.000000 110.129942
0.008657 0.063297 180.000000 85.251580
0.009358 0.010092 180.000000 15.908418
0.002232 0.050366 180.000000 60.695093
0.004735 0.070275 180.000000 90.060162
0.002377 0.064738 180.000000 80.023353
0.004156 0.031626 180.000000 37.884216
-0.004963 0.059088 180.000000 64.801199
0.000116 0.077164 180.000000 94.131800
-0.007454 0.062402 180.000000 66.748418
-0.007692 0.092823 180.000000 106.735202
0.003009 0.080411 180.000000 101.665581
-0.002496 0.009208 180.000000 9.179336
0.000044 0.025418 180.000000 25.566433
-0.002150 0.043843 180.000000 47.486432
-0.002370 0.064987 180.000000 75.250956
0.008894 0.055661 180.000000 75.334956
0.004367 0.010871 180.000000 11.311807
0.005332 0.057287 180.000000 73.384583
0.003788 0.099241 180.000000 127.724443
-0.005987 0.047208 180.000000 48.270030
0.003042 0.091478 180.000000 116.501000
-0.004056 0.077693 180.000000 90.386222
-0.009070 0.047335 180.000000 45.793722
-0.007610 0.054679 180.000000 56.506600
0.009211 0.082501 180.000000 111.562161
-0.005950 0.032664 180.000000 29.824855
0.000518 0.094878 180.000000 118.236551
-0.000574 0.018791 180.000000 16.812116
-0.004121 0.061680 180.000000 69.067023
0.001395 0.079746 180.000000 98.983242
-0.000183 0.056699 180.000000 66.530028
0.007324 0.042024 180.000000 55.309950
0.001926 0.025310 180.000000 27.220239
0.009687 0.027548 180.000000 38.897878
-0.008789 0.064468 180.000000 68.195646
0.006759 0.075395 180.000000 99.216863
0.006344 0.052198 180.000000 67.746117
0.006488 0.099173 180.000000 130.708269
0.002851 0.096238 180.000000 122.651544
-0.002884 0.068790 180.000000 79.769536
0.000368 0.069121 180.000000 83.672642
0.003268 0.016417 180.000000 17.091489
-0.004385 0.032118 180.000000 30.322682
0.006119 0.085750 180.000000 112.329183
0.005820 0.057444 180.000000 74.150468
-0.002650 0.064206 180.000000 73.921784
-0.003819 0.035852 180.000000 35.532359
0.005521 0.072930 180.000000 94.501863
-0.002991 0.080707 180.000000 95.517763
0.001882 0.027622 180.000000 30.196522
0.000503 0.098416 180.000000 122.948430
-0.008034 0.030459 180.000000 25.913867
-0.005396 0.067891 180.000000 76.002716
0.009240 0.010338 180.000000 16.063456
-0.004594 0.026323 180.000000 23.087307
-0.007910 0.097580 180.000000 112.830314
-0.006655 0.061805 180.000000 66.729772
0.006037 0.087292 180.000000 114.298068
0.002716 0.075607 180.000000 94.918472
0.008160 0.048245 180.000000 64.578083
0.003067 0.027013 180.000000 30.619889
-0.007440 0.002723 180.000000 19.576577
0.000911 0.020837 180.000000 20.510849
0.004793 0.023045 180.000000 27.255452
0.001323 0.099352 180.000000 125.108504
0.009232 0.036128 180.000000 49.715237
0.003219 0.086844 180.000000 110.502976
0.001020 0.026292 180.000000 27.608440
0.004379 0.027929 180.000000 33.237144
0.004874 0.008412 180.000000 8.972049
-0.004378 0.015219 180.000000 12.115378
0.009303 0.061646 180.000000 83.805704
0.004202 0.006823 180.000000 6.947294
0.000386 0.083456 180.000000 102.829945
-0.001255 0.002456 180.000000 11.329119
-0.006980 0.020348 180.000000 16.041225
0.004549 0.089397 180.000000 115.416684
0.008093 0.005463 180.000000 9.025580
0.001809 0.051351 180.000000 61.546570
0.008613 0.039937 180.000000 54.043294
-0.004658 0.034317 180.000000 32.873319
-0.006109 0.097846 180.000000 115.059190
-0.002915 0.089574 180.000000 107.418888
0.008779 0.010224 180.000000 15.353447
0.009480 0.099917 180.000000 135.164878
0.007823 0.023324 180.000000 31.084342
0.006790 0.036088 180.000000 46.787236
0.007085 0.061512 180.000000 81.038772
-0.009524 0.081649 180.000000 90.087850
0.001876 0.040821 180.000000 47.617613
-0.002353 0.092724 180.000000 112.224786
0.003736 0.064986 180.000000 81.867183
0.006787 0.092275 180.000000 121.823076
0.000302 0.021818 180.000000 21.216792
-0.006263 0.016736 180.000000 13.444616
-0.001563 0.079644 180.000000 95.624952
-0.006165 0.057002 180.000000 60.889901
-0.003387 0.005964 180.000000 11.291004
0.003453 0.040551 180.000000 48.963343
-0.002011 0.018199 180.000000 15.265771
0.005553 0.091776 180.000000 119.741624
0.006049 0.006928 180.000000 8.444391
-0.001524 0.067563 180.000000 79.568028
-0.003774 0.034918 180.000000 34.375126
-0.005624 0.019952 180.000000 15.820816
-0.002909 0.021768 180.000000 18.792502
0.006048 0.007813 180.000000 9.396790
0.003243 0.061865 180.000000 77.148363
0.009729 0.049962 180.000000 68.721423
-0.006039 0.088579 180.000000 102.800037
-0.009268 0.023435 180.000000 18.517991
0.004126 0.081907 180.000000 104.922744
0.000000 0.100000 200.000000 124.724690
-0.006475 0.004184 200.000000 16.898864
0.000287 0.065128 200.000000 78.440209
0.008232 0.001912 200.000000 6.255102
0.005733 0.086630 200.000000 113.166772
-0.006061 0.076124 200.000000 86.551656
0.001875 0.039256 200.000000 45.668705
0.001333 0.089042 200.000000 111.517742
0.003031 0.065896 200.000000 82.424731
-0.004986 0.081492 200.000000 94.765526
0.008961 0.061646 200.000000 83.429915
0.003142 0.089140 200.000000 113.634881
-0.004135 0.048347 200.000000 51.741291
0.008785 0.057056 200.000000 77.093140
-0.001525 0.088811 200.000000 108.130348
-0.000114 0.035504 200.000000 38.706477
0.003561 0.099916 200.000000 128.522714
0.006004 0.028972 200.000000 36.478677
0.004561 0.067775 200.000000 86.627117
-0.005399 0.018951 200.000000 15.306560
0.001071 0.013086 200.000000 11.512460
0.007735 0.001946 200.000000 5.912173
0.002444 0.039206 200.000000 46.199245
-0.006134 0.006613 200.000000 14.493215
0.006580 0.092528 200.000000 122.018260
-0.001123 0.079027 200.000000 95.492786
-0.001387 0.072232 200.000000 86.149455
0.008095 0.025013 200.000000 33.639922
0.002781 0.061920 200.000000 76.838827
-0.004879 0.025300 200.000000 22.030623
-0.001830 0.048207 200.000000 53.770289
-0.006982 0.015234 200.000000 13.451855
-0.000182 0.023225 200.000000 22.750972
-0.007030 0.071497 200.000000 79.474562
-0.008068 0.090455 200.000000 103.570081
0.001634 0.087962 200.000000 110.401943
-0.003430 0.042326 200.000000 44.517057
0.005017 0.090660 200.000000 117.757595
-0.002416 0.009657 200.000000 9.342631
0.002448 0.030263 200.000000 34.361550
0.008352 0.073920 200.000000 99.137554
-0.002018 0.053445 200.000000 60.515642
-0.001335 0.089549 200.000000 109.318424
0.004370 0.050439 200.000000 63.248491
-0.005489 0.049947 200.000000 52.589108
0.003992 0.042465 200.000000 52.197236
-0.002569 0.006123 200.000000 10.320640
0.005145 0.038758 200.000000 48.528975
-0.006811 0.027153 200.000000 23.169977
0.007948 0.090855 200.000000 121.335806
-0.001056 0.068463 200.000000 81.470858
0.009706 0.029872 200.000000 41.978992
0.001637 0.031650 200.000000 35.366669
-0.002829 0.041622 200.000000 44.151239
-0.004270 0.026052 200.000000 23.261437
-0.008404 0.008333 200.000000 16.328358
0.006738 0.061429 200.000000 80.588502
0.007069 0.021336 200.000000 27.603294
-0.001593 0.044147 200.000000 48.643554
0.008965 0.027750 200.000000 38.285523
-0.003675 0.002506 200.000000 14.565044
0.001956 0.012443 200.000000 11.333072
0.002782 0.068263 200.000000 85.316550
-0.007326 0.035161 200.000000 32.273881
-0.000391 0.051533 200.000000 59.627447
0.006837 0.033650 200.000000 43.634797
0.008756 0.037020 200.000000 50.339342
0.009892 0.065800 200.000000 90.064846
0.008931 0.095252 200.000000 128.347626
-0.009883 0.052708 200.000000 52.382270
-0.002664 0.088881 200.000000 107.018611
-0.002075 0.010656 200.000000 9.374911
-0.005004 0.048572 200.000000 51.235103
-0.005193 0.056435 200.000000 61.370604
-0.008732 0.059113 200.000000 61.629974
0.002714 0.008553 200.000000 7.816480
-0.004892 0.017532 200.000000 14.146438
0.001834 0.072231 200.000000 89.585722
0.003420 0.060740 200.000000 75.961468
0.009498 0.012075 200.000000 18.526126
-0.008061 0.059553 200.000000 62.803807
-0.003461 0.082609 200.000000 97.819986
0.002103 0.067435 200.000000 83.468515
-0.001313 0.081756 200.000000 98.933878
0.004130 0.015540 200.000000 16.897363
-0.002841 0.035443 200.000000 36.106951
-0.002739 0.095711 200.000000 116.057127
0.007066 0.004992 200.000000 7.494372
0.003945 0.007441 200.000000 7.407006
-0.001724 0.074325 200.000000 88.586804
-0.006883 0.051865 200.000000 53.838117
-0.005956 0.014753 200.000000 12.728220
0.004926 0.007956 200.000000 8.576221
0.007620 0.033232 200.000000 43.979722
-0.009302 0.087799 200.000000 98.828902
0.003358 0.013156 200.000000 13.221941
0.003670 0.070978 200.000000 89.922589
-0.008840 0.048685 200.000000 48.085144
-0.001063 0.055648 200.000000 64.406796
-0.000774 0.078759 200.000000 95.505348
0.009843 0.099838 200.000000 135.533354
-0.001739 0.014230 200.000000 11.631040
0.009135 0.099226 200.000000 133.900528
0.003647 0.089602 200.000000 114.812265
0.004991 0.077005 200.000000 99.453090
-0.007613 0.019067 200.000000 15.561636
-0.004698 0.077602 200.000000 89.884803
0.000370 0.073826 200.000000 90.139542
0.001591 0.062392 200.000000 76.180669
-0.003435 0.088018 200.000000 105.058811
0.008166 0.067187 200.000000 89.919770
-0.002435 0.010488 200.000000 9.504132
0.004459 0.045744 200.000000 57.080520
-0.009594 0.051083 200.000000 50.539818
0.000632 0.036593 200.000000 40.875153
0.000300 0.090791 200.000000 112.734994
0.001872 0.047674 200.000000 56.856019
0.005826 0.066799 200.000000 86.738726
0.001506 0.037320 200.000000 42.722535
-0.009481 0.085899 200.000000 96.138752
-0.008624 0.094955 200.000000 108.988808
0.000985 0.001746 200.000000 9.181800
0.001756 0.012012 200.000000 10.741728
-0.001633 0.057074 200.000000 65.718683
-0.000641 0.061814 200.000000 73.045982
-0.004519 0.065918 200.000000 74.553057
-0.009614 0.068124 200.000000 72.603834
0.001128 0.058025 200.000000 69.858783
0.008677 0.043714 200.000000 59.163107
-0.000018 0.049501 200.000000 57.311729
0.006407 0.050265 200.000000 65.295427
0.002902 0.038121 200.000000 45.242240
0.008271 0.072143 200.000000 96.668724
0.006907 0.042031 200.000000 54.874374
0.003571 0.016776 200.000000 17.923329
-0.003346 0.095026 200.000000 114.502291
0.001627 0.010743 200.000000 9.384268
-0.007591 0.049079 200.000000 49.618977
-0.005102 0.091695 200.000000 108.229754
-0.007836 0.037448 200.000000 34.728309
0.003992 0.056328 200.000000 70.696609
0.009544 0.010680 200.000000 16.842537
-0.002318 0.019372 200.000000 16.647627
0.009924 0.004315 200.000000 9.985316
0.006476 0.056263 200.000000 73.386656
0.008143 0.068727 200.000000 91.953762
0.008049 0.075703 200.000000 101.176431
-0.006387 0.089964 200.000000 104.609881
-0.004318 0.029339 200.000000 27.204585
-0.009397 0.071220 200.000000 76.863075
-0.008241 0.015910 200.000000 14.424130
-0.004779 0.017777 200.000000 14.350106
-0.006927 0.067289 200.000000 74.019017
0.005139 0.096398 200.000000 125.574985
0.000405 0.074923 200.000000 91.640929
0.004391 0.039197 200.000000 48.280724
0.002146 0.019513 200.000000 20.071083
0.008433 0.039866 200.000000 53.751136
-0.005426 0.015549 200.000000 12.877155
0.008665 0.015095 200.000000 21.352669
0.006934 0.060061 200.000000 78.983775
0.004201 0.092712 200.000000 119.592126
0.005812 0.028364 200.000000 35.456945
0.000301 0.079413 200.000000 97.528801
-0.008590 0.013052 200.000000 14.604365
-0.008478 0.078096 200.000000 86.794579
-0.000985 0.059952 200.000000 70.209846
-0.006842 0.081072 200.000000 92.338319
0.001074 0.081733 200.000000 101.462202
0.006547 0.005708 200.000000 7.690754
-0.003736 0.004373 200.000000 13.001400
0.003671 0.018730 200.000000 20.523862
-0.009038 0.070974 200.000000 76.875278
-0.002083 0.072983 200.000000 86.423965
-0.000828 0.046301 200.000000 52.246370
0.003783 0.074605 200.000000 94.898411
0.005648 0.065250 200.000000 84.465735
0.000813 0.044676 200.000000 51.760830
0.005270 0.077233 200.000000 100.070437
0.007184 0.092234 200.000000 122.311451
0.002558 0.048804 200.000000 59.093128
0.000515 0.087868 200.000000 109.058790
-0.002320 0.059039 200.000000 67.630635
-0.007647 0.033699 200.000000 30.302446
-0.005786 0.005008 200.000000 15.246417
-0.002430 0.007905 200.000000 9.469498
-0.005626 0.085620 200.000000 99.605119
0.005053 0.086694 200.000000 112.488739
-0.009418 0.068994 200.000000 73.922110
-0.006304 0.077300 200.000000 87.870728
-0.003525 0.011179 200.000000 10.307392
-0.007420 0.079984 200.000000 90.323727
0.007512 0.099329 200.000000 132.181122
-0.008672 0.099770 200.000000 115.337474
0.007842 0.069949 200.000000 93.242156
-0.004062 0.027575 200.000000 25.225734
0.002269 0.030940 200.000000 35.072211
0.008450 0.042635 200.000000 57.459804
-0.004058 0.061910 200.000000 69.700227
0.000248 0.008244 200.000000 7.602821
0.007087 0.027987 200.000000 36.402816
-0.000583 0.045116 200.000000 50.923316
-0.000642 0.063676 200.000000 75.525201
-0.002369 0.042233 200.000000 45.381658
-0.008954 0.065298 200.000000 69.504588
0.002864 0.059655 200.000000 73.903568
0.003286 0.005065 200.000000 5.837843
-0.008985 0.083610 200.000000 93.593976
0.001796 0.037846 200.000000 43.717385
-0.003208 0.089087 200.000000 106.722564
-0.001994 0.072313 200.000000 85.624113
0.004474 0.059837 200.000000 75.918232
0.003344 0.094331 200.000000 120.806589
0.002755 0.094856 200.000000 120.857507
0.005161 0.016380 200.000000 19.024916
-0.008808 0.084882 200.000000 95.449467
-0.001508 0.008598 200.000000 8.627409
0.006867 0.045119 200.000000 58.948657
0.008628 0.082879 200.000000 111.440281
-0.002977 0.051679 200.000000 57.232130
0.003183 0.029544 200.000000 34.173510
0.006271 0.067970 200.000000 88.806806
-0.003707 0.030020 200.000000 28.493740
0.001556 0.075217 200.000000 93.275094
0.003629 0.087215 200.000000 111.598312
0.001030 0.085548 200.000000 106.515552
0.001028 0.064134 200.000000 77.903079
-0.007356 0.026640 200.000000 22.383046
0.007131 0.037616 200.000000 49.248471
-0.006191 0.012782 200.000000 12.438185
-0.007081 0.098543 200.000000 115.318267
0.001766 0.054848 200.000000 66.301990
0.001410 0.039462 200.000000 45.460987
0.003685 0.086372 200.000000 110.532329
-0.001050 0.086676 200.000000 105.784564
-0.008707 0.085716 200.000000 96.653221
-0.009086 0.094351 200.000000 107.726877
-0.009766 0.049896 200.000000 48.890699
0.008912 0.085276 200.000000 114.975607
-0.001653 0.050068 200.000000 56.408746
-0.005650 0.062340 200.000000 68.714920
-0.000279 0.075151 200.000000 91.215216
0.000530 0.067014 200.000000 81.214313
-0.009621 0.045059 200.000000 42.901807
0.006193 0.045804 200.000000 59.097408
-0.004008 0.034803 200.000000 34.295846
0.003029 0.078338 200.000000 99.058672
0.000578 0.041159 200.000000 46.857678
0.004905 0.025990 200.000000 31.316373
0.001190 0.027656 200.000000 29.689118
-0.003201 0.014920 200.000000 12.089705
-0.005861 0.042648 200.000000 42.800563
-0.001287 0.066159 200.000000 78.160079
0.007773 0.092919 200.000000 123.898653
0.006763 0.077771 200.000000 102.475456
-0.006460 0.083682 200.000000 96.186139
0.006286 0.079551 200.000000 104.317094
-0.001866 0.034965 200.000000 36.355831
-0.006434 0.031275 200.000000 28.150574
0.005354 0.052658 200.000000 67.305519
0.007555 0.053663 200.000000 71.143129
-0.000795 0.015022 200.000000 12.665248
0.000897 0.058616 200.000000 70.401636
-0.004752 0.001968 200.000000 16.575708
-0.004554 0.038043 200.000000 37.985261
0.003406 0.068436 200.000000 86.231418
-0.001770 0.076905 200.000000 91.979454
-0.004938 0.075388 200.000000 86.699886
0.004526 0.060044 200.000000 76.251276
0.005083 0.021633 200.000000 25.774393
0.005001 0.046538 200.000000 58.741060
0.007076 0.041662 200.000000 54.575774
-0.008566 0.078221 200.000000 86.874913
0.003847 0.023477 200.000000 26.880481
0.007042 0.034898 200.000000 45.529034
0.006842 0.048105 200.000000 62.906192
0.008990 0.053239 200.000000 72.234997
-0.001133 0.057014 200.000000 66.150192
-0.002869 0.079253 200.000000 93.963078
0.008215 0.012286 200.000000 17.230364
0.009875 0.073244 200.000000 99.994347
0.003999 0.016708 200.000000 18.255451
0.005816 0.073095 200.000000 95.148203
-0.002239 0.028226 200.000000 27.386060
-0.006603 0.064812 200.000000 71.062368
-0.005116 0.085524 200.000000 99.996665
-0.001740 0.095502 200.000000 116.839178
-0.002113 0.078575 200.000000 93.846608
0.003280 0.091323 200.000000 116.708946
0.007825 0.036160 200.000000 48.110693
-0.007736 0.014966 200.000000 13.880254
0.009525 0.004492 200.000000 9.680436
0.007676 0.032020 200.000000 42.433477
-0.006252 0.046977 200.000000 48.049852
-0.001900 0.021871 200.000000 19.791107
-0.006931 0.095102 200.000000 110.891368
-0.002107 0.058551 200.000000 67.198984
-0.002930 0.036024 200.000000 36.779064
0.009422 0.092608 200.000000 125.373058
-0.007391 0.057711 200.000000 61.004099
0.003232 0.036231 200.000000 43.083340
-0.007461 0.090831 200.000000 104.677022
-0.002599 0.034045 200.000000 34.513312
0.008079 0.042849 200.000000 57.313305
0.001101 0.095980 200.000000 120.545644
0.001197 0.020186 200.000000 20.081964
-0.006350 0.085972 200.000000 99.338079
-0.001209 0.016233 200.000000 13.755407
-0.007965 0.034517 200.000000 31.086625
-0.007568 0.094961 200.000000 110.058420
-0.000180 0.009031 200.000000 8.034823
-0.003364 0.094085 200.000000 113.227601
0.006656 0.015281 200.000000 19.243973
-0.002127 0.009368 200.000000 9.114823
0.003797 0.019474 200.000000 21.610316
-0.005844 0.057380 200.000000 61.998660
-0.001051 0.067591 200.000000 80.315429
-0.009483 0.078757 200.000000 86.703043
0.001513 0.082215 200.000000 102.583209
0.002180 0.069400 200.000000 86.179293
-0.007002 0.042799 200.000000 42.057439
-0.008761 0.008174 200.000000 16.902730
0.009069 0.028837 200.000000 39.847416
0.008116 0.088319 200.000000 118.133761
0.009026 0.091603 200.000000 123.572430
-0.002056 0.015922 200.000000 13.127564
-0.002967 0.093866 200.000000 113.353000
0.004283 0.067209 200.000000 85.560641
-0.007206 0.099836 200.000000 116.912868
-0.005615 0.013520 200.000000 12.148303
-0.001733 0.036271 200.000000 38.177254
0.006655 0.025409 200.000000 32.497784
0.007556 0.040448 200.000000 53.510211
-0.008779 0.025919 200.000000 21.226350
-0.002597 0.050992 200.000000 56.696823
0.009712 0.069864 200.000000 95.285589
0.006320 0.071649 200.000000 93.784077
0.009967 0.027154 200.000000 38.699616
-0.006933 0.059203 200.000000 63.377487
-0.009839 0.091754 200.000000 103.539871
-0.008554 0.091477 200.000000 104.441709
-0.008361 0.023021 200.000000 18.624427
-0.002221 0.067538 200.000000 79.028708
0.009099 0.072940 200.000000 98.689018
-0.007210 0.068894 200.000000 75.864636
-0.006145 0.040186 200.000000 39.418563
-0.000965 0.095961 200.000000 118.282820
-0.004753 0.038375 200.000000 38.244446
0.009841 0.080023 200.000000 109.021451
0.002388 0.008910 200.000000 8.003317
0.005872 0.027472 200.000000 34.344011
-0.006661 0.079334 200.000000 90.213195
0.001214 0.038726 200.000000 44.283990
0.004051 0.067620 200.000000 85.852331
0.006842 0.056617 200.000000 74.276202
-0.009527 0.061166 200.000000 63.599266
-0.006526 0.055120 200.000000 58.404600
0.006844 0.062637 200.000000 82.323874
0.008371 0.086567 200.000000 116.080839
0.000598 0.088473 200.000000 109.957225
-0.009836 0.015252 200.000000 15.610281
0.002000 0.006718 200.000000 6.574005
0.003488 0.052693 200.000000 65.287756
0.004842 0.085042 200.000000 110.041846
0.001460 0.036114 200.000000 41.079481
-0.004040 0.045744 200.000000 48.422654
-0.006606 0.077531 200.000000 87.876962
0.000071 0.024625 200.000000 24.744294
0.006900 0.052885 200.000000 69.354340
-0.002139 0.092646 200.000000 112.599350
-0.000321 0.035043 200.000000 37.900657
-0.003421 0.090983 200.000000 109.028035
-0.006628 0.063540 200.000000 69.362950
-0.003388 0.075006 200.000000 87.768830
0.005282 0.092052 200.000000 119.917276
0.003842 0.073120 200.000000 92.977036
0.004414 0.093747 200.000000 121.215175
-0.000036 0.007371 200.000000 7.576828
0.000459 0.056889 200.000000 67.637402
-0.008454 0.007683 200.000000 16.828836
-0.000237 0.010634 200.000000 8.917108
-0.000068 0.022666 200.000000 22.140446
-0.006959 0.030966 200.000000 27.467484
-0.005859 0.052440 200.000000 55.509174
0.008391 0.071554 200.000000 96.019273
0.007420 0.084339 200.000000 112.012784
-0.003292 0.041007 200.000000 42.923794
0.008592 0.021009 200.000000 28.958662
0.008264 0.009628 200.000000 13.985239
0.003967 0.085077 200.000000 109.111919
0.000349 0.096130 200.000000 119.927872
-0.009375 0.094963 200.000000 108.250974
0.005910 0.069340 200.000000 90.230934
0.008250 0.019046 200.000000 25.981788
0.003499 0.097065 200.000000 124.637046
0.004230 0.099525 200.000000 128.743859
-0.002084 0.035493 200.000000 36.843978
0.004793 0.098303 200.000000 127.737532
0.009705 0.073782 200.000000 100.515830
-0.009915 0.030813 200.000000 25.901255
-0.003728 0.033272 200.000000 32.575838
0.005566 0.026245 200.000000 32.380112
0.007185 0.001134 200.000000 5.465844
0.005744 0.063838 200.000000 82.686713
0.008449 0.097249 200.000000 130.466840
0.007837 0.026063 200.000000 34.724245
0.006446 0.044208 200.000000 57.254684
-0.003211 0.023539 200.000000 20.937205
-0.003044 0.059649 200.000000 67.712847
0.004319 0.095008 200.000000 122.796876
0.001517 0.090567 200.000000 113.757338
0.000396 0.099286 200.000000 124.198650
0.004165 0.046313 200.000000 57.516345
0.003166 0.031559 200.000000 36.819435
0.007190 0.032228 200.000000 42.147580
-0.001172 0.067057 200.000000 79.477410
-0.001517 0.053184 200.000000 60.673994
-0.005372 0.033436 200.000000 31.514191
0.003363 0.024677 200.000000 27.952689
0.001233 0.039939 200.000000 45.910186
0.001973 0.080536 200.000000 100.840787
0.003169 0.024011 200.000000 26.881936
0.000110 0.088284 200.000000 109.177206
0.008742 0.052286 200.000000 70.673729
0.003739 0.033571 200.000000 40.094766
0.001463 0.078287 200.000000 97.277944
0.007108 0.096764 200.000000 128.289212
0.004059 0.083192 200.000000 106.693375
0.001926 0.094119 200.000000 118.958171
0.002289 0.011572 200.000000 10.586801
0.005163 0.037203 200.000000 46.477640
-0.008135 0.066141 200.000000 71.366986
0.007070 0.073537 200.000000 97.160533
0.000315 0.083487 200.000000 102.986131
0.001672 0.040332 200.000000 46.884799
-0.004930 0.055661 200.000000 60.602336
0.005007 0.035881 200.000000 44.546077
0.004072 0.037125 200.000000 45.174803
0.005459 0.097359 200.000000 127.221446
0.004145 0.038736 200.000000 47.397688
-0.003340 0.068048 200.000000 78.563530
0.001754 0.023421 200.000000 24.724334
-0.002866 0.093773 200.000000 113.335244
0.007690 0.008465 200.000000 11.917358
-0.003924 0.033098 200.000000 32.197480
-0.007213 0.083989 200.000000 95.839936
0.007570 0.022998 200.000000 30.369096
0.001274 0.053058 200.000000 63.394166
0.006178 0.080744 200.000000 105.790794
0.007802 0.063549 200.000000 84.637431
0.005204 0.083618 200.000000 108.541946
0.007981 0.033548 200.000000 44.817108
0.001079 0.047564 200.000000 55.874929
-0.009371 0.040859 200.000000 37.872369
0.006351 0.087407 200.000000 114.905642
-0.006741 0.072013 200.000000 80.437669
0.004006 0.012180 200.000000 12.611900
0.009016 0.072649 200.000000 98.202977
0.003131 0.039871 200.000000 47.812116
-0.009899 0.090725 200.000000 102.119415
-0.001048 0.048872 200.000000 55.430078
-0.006799 0.004377 200.000000 17.178628
-0.004926 0.024078 200.000000 20.620022
0.008365 0.021149 200.000000 28.871482
0.002403 0.078187 200.000000 98.169018
0.006941 0.047299 200.000000 61.943124
-0.007010 0.086113 200.000000 98.862712
-0.001145 0.021727 200.000000 20.139672
0.003799 0.016613 200.000000 17.937531
0.003149 0.055243 200.000000 68.322840
0.005529 0.076756 200.000000 99.724385
0.009835 0.021517 200.000000 31.123218
-0.009022 0.002647 200.000000 21.940884
0.003766 0.061057 200.000000 76.765552
0.005206 0.020746 200.000000 24.745512
-0.005583 0.065604 200.000000 73.090424
0.001912 0.061322 200.000000 75.098493
0.004650 0.004042 200.000000 5.497425
0.000061 0.084682 200.000000 104.310954
0.000774 0.086449 200.000000 107.442130
-0.001300 0.030725 200.000000 31.372995
-0.002771 0.049148 200.000000 54.092002
0.007999 0.052120 200.000000 69.593255
0.001529 0.097943 200.000000 123.638935
0.006013 0.046044 200.000000 59.214584
-0.009843 0.015810 200.000000 15.627273
-0.003823 0.058913 200.000000 65.965291
0.006480 0.097271 200.000000 128.255267
0.004822 0.048867 200.000000 61.649383
-0.006242 0.033752 200.000000 31.284648
-0.005003 0.092503 200.000000 109.408549
-0.003972 0.062985 200.000000 71.209605
-0.008655 0.095702 200.000000 109.950195
-0.001948 0.046440 200.000000 51.321559
-0.005881 0.059796 200.000000 65.142544
0.004884 0.090476 200.000000 117.361334
-0.008802 0.051252 200.000000 51.401267
-0.006420 0.033978 200.000000 31.438652
0.001364 0.009946 200.000000 8.574618
0.006128 0.011723 200.000000 14.149706
-0.000137 0.071124 200.000000 85.990665
0.005207 0.021036 200.000000 25.127051
0.000506 0.096376 200.000000 120.426670
0.003855 0.066860 200.000000 84.619627
0.008286 0.070717 200.000000 94.778531
0.003176 0.032788 200.000000 38.457046
0.001278 0.088847 200.000000 111.197725
0.002085 0.084895 200.000000 106.793252
0.004165 0.049307 200.000000 61.510862
0.008407 0.096796 200.000000 129.812191
-0.008328 0.092876 200.000000 106.523466
-0.000006 0.045317 200.000000 51.772164
0.001148 0.033514 200.000000 37.332345
0.007695 0.018787 200.000000 24.990016
0.003860 0.009836 200.000000 9.771748
-0.007035 0.096939 200.000000 113.231302
-0.002796 0.013337 200.000000 10.940429
-0.001916 0.075300 200.000000 89.687143
0.005678 0.005698 200.000000 6.964609
0.002537 0.033055 200.000000 38.141281
0.007871 0.091869 200.000000 122.604938
0.002519 0.014169 200.000000 13.745230
0.001966 0.039494 200.000000 46.079839
-0.007931 0.031682 200.000000 27.761988
0.004590 0.006837 200.000000 7.240255
-0.009653 0.033392 200.000000 28.849736
-0.008896 0.088230 200.000000 99.798149
0.007268 0.003618 200.000000 6.531631
0.000442 0.029805 200.000000 31.777923
-0.008199 0.020106 200.000000 16.367093
0.001011 0.086641 200.000000 107.956422
-0.007765 0.019680 200.000000 15.997916
-0.004826 0.011261 200.000000 11.267239
0.009945 0.010971 200.000000 17.705731
0.004570 0.073640 200.000000 94.481336
0.008945 0.058524 200.000000 79.241149
0.004336 0.058462 200.000000 73.926777
-0.007368 0.041251 200.000000 39.808865
-0.002455 0.052148 200.000000 58.365289
-0.002780 0.003728 200.000000 12.265888
-0.009058 0.071225 200.000000 77.185227
0.007305 0.022844 200.000000 29.858915
-0.000592 0.038943 200.000000 42.764988
0.000603 0.026547 200.000000 27.694691
-0.007317 0.045507 200.000000 45.259544
0.007614 0.057998 200.000000 77.001888
-0.002422 0.078326 200.000000 93.191336
-0.001529 0.082168 200.000000 99.255612
0.002487 0.016483 200.000000 16.554973
-0.001135 0.071826 200.000000 85.873050
-0.009823 0.078192 200.000000 85.635533
0.004374 0.049394 200.000000 61.857816
0.003845 0.002799 200.000000 5.739660
-0.002124 0.079085 200.000000 94.515864
-0.004318 0.071840 200.000000 82.611343
-0.004107 0.096951 200.000000 116.271333
-0.003593 0.076602 200.000000 89.682137
0.005143 0.067929 200.000000 87.482429
-0.003230 0.038192 200.000000 39.319930
0.009019 0.099221 200.000000 133.760032
0.003568 0.075612 200.000000 96.006955
0.004425 0.096377 200.000000 124.746785
0.007384 0.097417 200.000000 129.477342
0.001398 0.072610 200.000000 89.620937
-0.008145 0.007900 200.000000 16.269263
-0.000659 0.096592 200.000000 119.455543
-0.001650 0.011585 200.000000 9.672087
-0.008728 0.084809 200.000000 95.430721
-0.009603 0.060727 200.000000 62.962194
0.003938 0.020512 200.000000 23.102913
0.001789 0.005895 200.000000 6.459703
0.009275 0.069085 200.000000 93.737681
0.002219 0.059519 200.000000 73.023226
0.004105 0.036902 200.000000 44.915566
-0.008844 0.074255 200.000000 81.375283
-0.004791 0.065462 200.000000 73.680501
0.002114 0.030661 200.000000 34.545803
-0.001421 0.038170 200.000000 40.951191
-0.005914 0.069908 200.000000 78.460627
-0.004477 0.092862 200.000000 110.432297
-0.004834 0.094643 200.000000 112.435000
-0.000353 0.014978 200.000000 12.814302
-0.008453 0.080340 200.000000 89.785584
-0.001116 0.098654 200.000000 121.720015
-0.001746 0.047187 200.000000 52.506330
-0.009005 0.091245 200.000000 103.687153
0.004917 0.054466 200.000000 69.232622
0.004917 0.062379 200.000000 79.808315
-0.007174 0.062097 200.000000 66.950978
-0.003298 0.077125 200.000000 90.682428
0.001305 0.024325 200.000000 25.471665
0.006212 0.089090 200.000000 117.000551
0.006583 0.060055 200.000000 78.576253
0.002571 0.025314 200.000000 27.984255
0.004271 0.025678 200.000000 30.220997
0.000832 0.070095 200.000000 85.651544
-0.006736 0.052675 200.000000 55.023272
0.006459 0.031317 200.000000 40.103494
0.006653 0.052944 200.000000 69.152677
-0.002388 0.043287 200.000000 46.746259
0.008084 0.066792 200.000000 89.297703
-0.002429 0.027334 200.000000 26.113713
0.002762 0.037891 200.000000 44.788625
0.009333 0.080701 200.000000 109.340384
0.004435 0.041526 200.000000 51.431077
0.009558 0.055158 200.000000 75.458881
-0.006036 0.002175 200.000000 18.170850
-0.001959 0.002980 200.000000 11.822281
-0.006238 0.055517 200.000000 59.188177
-0.005775 0.051478 200.000000 54.328521
0.001043 0.040130 200.000000 45.969482
-0.008678 0.058633 200.000000 61.052610
-0.007285 0.079538 200.000000 89.866828
-0.005794 0.019177 200.000000 15.475194
0.006677 0.036327 200.000000 47.012992
-0.002562 0.016728 200.000000 13.766949
-0.007289 0.090220 200.000000 104.037793
0.003580 0.013201 200.000000 13.470510
-0.002573 0.002294 200.000000 13.265243
0.003095 0.059307 200.000000 73.690971
0.002773 0.072558 200.000000 91.047990
-0.004126 0.024671 200.000000 21.721065
-0.000140 0.096105 200.000000 119.364263
0.004735 0.079911 200.000000 103.056092
0.001086 0.011614 200.000000 10.003611
0.008790 0.034213 200.000000 46.647870
-0.001055 0.068384 200.000000 81.366584
0.000925 0.018694 200.000000 17.992077
0.008057 0.024321 200.000000 32.681483
-0.008063 0.064708 200.000000 69.552307
0.002475 0.070744 200.000000 88.296789
-0.004870 0.017612 200.000000 14.211682
-0.005109 0.078922 200.000000 91.223000
0.004188 0.070877 200.000000 90.359734
0.005474 0.075135 200.000000 97.493854
0.005668 0.033645 200.000000 42.306628
-0.007369 0.086838 200.000000 99.465976
0.001135 0.035903 200.000000 40.470181
-0.002063 0.065598 200.000000 76.610430
0.003154 0.059868 200.000000 74.504771
0.009365 0.056868 200.000000 77.517522
0.000925 0.090154 200.000000 112.561331
0.000474 0.099999 200.000000 125.238475
0.006731 0.096518 200.000000 127.531817
0.008769 0.055514 200.000000 75.015908
0.003780 0.026379 200.000000 30.625114
0.000405 0.059336 200.000000 70.841069
0.001477 0.087483 200.000000 109.589283
0.008852 0.051340 200.000000 69.539789
-0.007606 0.099608 200.000000 116.201888
0.000144 0.074375 200.000000 90.630351
0.004325 0.023877 200.000000 27.908497
0.004951 0.007604 200.000000 8.231980
-0.005542 0.044429 200.000000 45.368921
0.006236 0.076660 200.000000 100.392412
0.003013 0.062321 200.000000 77.628406
-0.001896 0.056083 200.000000 64.136772
-0.004611 0.034227 200.000000 33.081541
0.007196 0.026358 200.000000 34.370838
0.008634 0.075358 200.000000 101.386512
0.003318 0.016486 200.000000 17.314471
0.009523 0.013218 200.000000 20.001951
-0.006495 0.027453 200.000000 23.655051
0.006798 0.042562 200.000000 55.460021
0.009204 0.091757 200.000000 123.983651
0.003722 0.003774 200.000000 5.607023
0.008811 0.077856 200.000000 104.931977
0.004501 0.098436 200.000000 127.589061
0.000461 0.005932 200.000000 7.312048
-0.003625 0.084709 200.000000 100.448367
-0.007797 0.066699 200.000000 72.416592
0.001419 0.035265 200.000000 39.915582
-0.008040 0.018284 200.000000 15.230010
-0.005504 0.054843 200.000000 58.985537
0.005173 0.032290 200.000000 39.954746
0.009323 0.079300 200.000000 107.453641
0.006762 0.014288 200.000000 18.089716
0.007828 0.082607 200.000000 110.160298
-0.005339 0.057963 200.000000 63.242582
-0.001526 0.083818 200.000000 101.460917
0.005109 0.051826 200.000000 65.919884
0.001493 0.005562 200.000000 6.620419
0.000723 0.005776 200.000000 7.134816
0.007270 0.087080 200.000000 115.510064
0.002379 0.030650 200.000000 34.800486
0.000538 0.061911 200.000000 74.414810
0.003745 0.050087 200.000000 62.090660
-0.003567 0.006731 200.000000 11.174369
0.009163 0.077713 200.000000 105.146526
-0.002049 0.079408 200.000000 95.025800
-0.006321 0.052589 200.000000 55.283441
-0.007896 0.089289 200.000000 102.192774
0.001562 0.089986 200.000000 113.030024
0.008875 0.002354 200.000000 7.094743
0.007137 0.080619 200.000000 106.711356
0.004240 0.056532 200.000000 71.241968
0.001176 0.070834 200.000000 87.007706
0.000990 0.074378 200.000000 91.542645
-0.005082 0.065972 200.000000 74.067629
-0.008582 0.084005 200.000000 94.510365
0.002948 0.084628 200.000000 107.384345
-0.001699 0.089839 200.000000 109.318462
0.009941 0.016549 200.000000 24.788602
0.005156 0.050611 200.000000 64.350787
-0.002873 0.090049 200.000000 108.357244
0.004311 0.013635 200.000000 14.679411
0.009056 0.070573 200.000000 95.473289
-0.006603 0.050928 200.000000 52.867074
-0.008260 0.041234 200.000000 39.118866
-0.001948 0.076802 200.000000 91.655261
0.002915 0.074662 200.000000 94.016176
-0.001834 0.092155 200.000000 112.267749
-0.006109 0.099795 200.000000 117.983706
-0.006564 0.024965 200.000000 20.891698
-0.001119 0.001275 200.000000 12.301125
0.003127 0.032321 200.000000 37.786794
-0.005282 0.065939 200.000000 73.828644
0.001843 0.086353 200.000000 108.477484
-0.006271 0.049419 200.000000 51.199931
0.009453 0.027794 200.000000 38.926134
0.005796 0.034951 200.000000 44.186517
0.004865 0.022469 200.000000 26.637141
0.005900 0.062732 200.000000 81.382715
-0.008546 0.020624 200.000000 16.783341
0.001258 0.032681 200.000000 36.344174
-0.001746 0.045614 200.000000 50.429858
-0.009439 0.004244 200.000000 21.013497
0.003722 0.003234 200.000000 5.684511
-0.004826 0.012822 200.000000 11.487900
-0.009082 0.064899 200.000000 68.866552
0.008170 0.026712 200.000000 35.973645
-0.007000 0.038219 200.000000 36.279880
0.002584 0.036905 200.000000 43.292410
0.000755 0.017163 200.000000 15.992706
-0.009975 0.091271 200.000000 102.767018
-0.009524 0.075522 200.000000 82.400789
-0.002140 0.008459 200.000000 9.118919
-0.002458 0.080515 200.000000 96.073709
-0.006849 0.062133 200.000000 67.301864
-0.002457 0.005553 200.000000 10.517588
0.009273 0.048109 200.000000 65.720498
0.002843 0.088614 200.000000 112.601426
-0.009488 0.002958 200.000000 22.303531
-0.003548 0.012518 200.000000 10.727931
-0.000932 0.099918 200.000000 123.607622
-0.008315 0.092121 200.000000 105.534694
-0.001984 0.055097 200.000000 62.740085
0.007717 0.043487 200.000000 57.745716
0.006994 0.080351 200.000000 106.190476
-0.005347 0.094995 200.000000 112.373535
-0.004078 0.053023 200.000000 57.940491
0.005134 0.071602 200.000000 92.385596
-0.009896 0.028150 200.000000 23.165959
-0.007477 0.017140 200.000000 14.440792
0.009360 0.049625 200.000000 67.843523
0.007765 0.091195 200.000000 121.581801
-0.006192 0.009532 200.000000 12.962021
-0.000027 0.002755 200.000000 9.551362
0.008127 0.085140 200.000000 113.891045
-0.006329 0.006113 200.000000 15.114394
0.008883 0.016202 200.000000 23.043749
0.006602 0.025429 200.000000 32.463084
-0.005114 0.085337 200.000000 99.750215
0.003360 0.077364 200.000000 98.119724
-0.008674 0.092390 200.000000 105.533447
-0.009219 0.064171 200.000000 67.791991
-0.001044 0.013281 200.000000 10.921532
0.007659 0.014757 200.000000 19.723575
0.001463 0.064654 200.000000 79.062251
-0.003670 0.034271 200.000000 33.895104
-0.004095 0.026534 200.000000 23.945911
0.005809 0.015209 200.000000 18.215222
-0.003782 0.021516 200.000000 18.313729
0.008039 0.027050 200.000000 36.266606
-0.001144 0.099184 200.000000 122.398873
0.000453 0.003155 200.000000 8.666886
0.008223 0.029575 200.000000 39.825665
-0.007474 0.081734 200.000000 92.591065
-0.008050 0.047424 200.000000 47.113030
-0.004046 0.072213 200.000000 83.383503
0.004861 0.022017 200.000000 26.037982
0.008684 0.076152 200.000000 102.505236
-0.003017 0.046192 200.000000 49.966307
-0.006334 0.067520 200.000000 74.894065
0.009020 0.011256 200.000000 16.910212
-0.006578 0.084186 200.000000 96.736483
-0.004499 0.017549 200.000000 14.175324
0.000098 0.004008 200.000000 8.487717
0.002802 0.094262 200.000000 120.113871
0.008474 0.029689 200.000000 40.271903
0.000289 0.041095 200.000000 46.479745
0.006562 0.056538 200.000000 73.851267
0.001669 0.003696 200.000000 7.034730
0.003302 0.059649 200.000000 74.374506
0.004618 0.045533 200.000000 56.975839
-0.004136 0.084533 200.000000 99.684785
-0.006585 0.064632 200.000000 70.841925
0.003151 0.045257 200.000000 55.005038
-0.000539 0.044707 200.000000 50.426843
-0.007691 0.044514 200.000000 43.690020
-0.005057 0.077143 200.000000 88.911271
0.002856 0.032075 200.000000 37.176673
-0.000619 0.005611 200.000000 8.410254
0.005177 0.005110 200.000000 6.188182
0.005896 0.050772 200.000000 65.395849
0.004440 0.079999 200.000000 102.844767
0.000590 0.072305 200.000000 88.343880
-0.003153 0.018296 200.000000 15.146722
-0.003443 0.020251 200.000000 17.085583
-0.005593 0.065514 200.000000 72.962693
-0.002335 0.053750 200.000000 60.603972
-0.005120 0.055565 200.000000 60.294361
-0.003842 0.009620 200.000000 10.494989
-0.000804 0.047345 200.000000 53.652820
0.009056 0.074550 200.000000 100.792820
-0.000303 0.078422 200.000000 95.557321
0.005936 0.063707 200.000000 82.726222
0.000782 0.029980 200.000000 32.332119
0.008744 0.025929 200.000000 35.615270
-0.007568 0.082222 200.000000 93.144549
0.007564 0.018227 200.000000 24.106797
0.003300 0.071696 200.000000 90.474318
0.008497 0.068688 200.000000 92.307381
-0.006423 0.077460 200.000000 87.964107
-0.001921 0.003866 200.000000 11.036446
-0.000335 0.067155 200.000000 80.485756
-0.009052 0.071280 200.000000 77.263273
-0.005500 0.042421 200.000000 42.813886
-0.009805 0.009280 200.000000 17.567568
0.003116 0.080597 200.000000 102.175290
0.008395 0.006665 200.000000 10.657056
0.005111 0.025019 200.000000 30.259347
0.004348 0.029355 200.000000 35.162124
0.006483 0.044222 200.000000 57.314895
0.003535 0.033710 200.000000 40.060868
-0.008015 0.016945 200.000000 14.610974
0.009751 0.002562 200.000000 8.178050
-0.005695 0.046350 200.000000 47.723416
0.009898 0.035916 200.000000 50.223918
0.003724 0.056454 200.000000 70.568470
-0.003918 0.010565 200.000000 10.518343
0.008190 0.063337 200.000000 84.800340
0.006984 0.069515 200.000000 91.681841
0.001823 0.063087 200.000000 77.358529
-0.003395 0.056868 200.000000 63.681119
0.001953 0.045167 200.000000 53.604105
-0.008547 0.004773 200.000000 19.274613
-0.000931 0.043757 200.000000 48.780409
0.005727 0.030454 200.000000 38.133490
-0.004602 0.052006 200.000000 56.106656
-0.005773 0.056216 200.000000 60.536774
0.007227 0.084107 200.000000 111.482507
0.008365 0.099035 200.000000 132.761801
-0.005692 0.053929 200.000000 57.612135
0.002619 0.056485 200.000000 69.404604
0.000234 0.089500 200.000000 110.936500
-0.002416 0.038848 200.000000 40.908971
-0.003829 0.072884 200.000000 84.494704
0.001226 0.074481 200.000000 91.934226
0.003729 0.093630 200.000000 120.295205
0.003229 0.039266 200.000000 47.113164
-0.004533 0.094076 200.000000 111.991907
-0.005253 0.012270 200.000000 11.669571
-0.005922 0.059008 200.000000 64.065092
0.006527 0.060875 200.000000 79.608633
0.005729 0.057038 200.000000 73.578245
-0.001185 0.005777 200.000000 8.932493
-0.008813 0.060662 200.000000 63.576062
0.002842 0.002885 200.000000 6.407925
-0.009460 0.007821 200.000000 18.083606
0.009575 0.009451 200.000000 15.371043
0.004284 0.075013 200.000000 96.000542
-0.008047 0.017789 200.000000 14.987077
-0.003893 0.095948 200.000000 115.157545
-0.008773 0.027575 200.000000 22.883662
0.002370 0.054353 200.000000 66.290615
0.001095 0.062958 200.000000 76.405167
0.000606 0.050580 200.000000 59.391567
0.009946 0.097774 200.000000 132.890758
-0.009231 0.095405 200.000000 108.981532
0.009604 0.003715 200.000000 9.017898
0.008668 0.004546 200.000000 8.736346
-0.009507 0.066560 200.000000 70.653857
0.009142 0.064152 200.000000 86.988712
-0.008069 0.090718 200.000000 103.917770
-0.006096 0.007908 200.000000 13.622143
0.004152 0.075972 200.000000 97.136636
0.008118 0.082381 200.000000 110.190629
0.008657 0.063297 200.000000 85.285456
0.009358 0.010092 200.000000 15.884737
0.002232 0.050366 200.000000 60.825820
0.004735 0.070275 200.000000 90.164122
0.002377 0.064738 200.000000 80.163530
0.004156 0.031626 200.000000 37.963326
-0.004963 0.059088 200.000000 65.086225
0.000116 0.077164 200.000000 94.324114
-0.007454 0.062402 200.000000 67.091107
-0.007692 0.092823 200.000000 107.092602
0.003009 0.080411 200.000000 101.808677
-0.002496 0.009208 200.000000 9.377046
0.000044 0.025418 200.000000 25.734183
-0.002150 0.043843 200.000000 47.704868
-0.002370 0.064987 200.000000 75.482840
0.008894 0.055661 200.000000 75.357858
0.004367 0.010871 200.000000 11.372928
0.005332 0.057287 200.000000 73.466126
0.003788 0.099241 200.000000 127.871831
-0.005987 0.047208 200.000000 48.580436
0.003042 0.091478 200.000000 116.653788
-0.004056 0.077693 200.000000 90.660163
-0.009070 0.047335 200.000000 46.185238
-0.007610 0.054679 200.000000 56.854489
0.009211 0.082501 200.000000 111.606080
-0.005950 0.032664 200.000000 30.150366
0.000518 0.094878 200.000000 118.436763
-0.000574 0.018791 200.000000 17.004472
-0.004121 0.061680 200.000000 69.334184
0.001395 0.079746 200.000000 99.154326
-0.000183 0.056699 200.000000 66.712442
0.007324 0.042024 200.000000 55.343990
0.001926 0.025310 200.000000 27.342140
0.009687 0.027548 200.000000 38.882783
-0.008789 0.064468 200.000000 68.569864
0.006759 0.075395 200.000000 99.292331
0.006344 0.052198 200.000000 67.805917
0.006488 0.099173 200.000000 130.811095
0.002851 0.096238 200.000000 122.812066
-0.002884 0.068790 200.000000 80.014199
0.000368 0.069121 200.000000 83.853666
0.003268 0.016417 200.000000 17.180559
-0.004385 0.032118 200.000000 30.603928
0.006119 0.085750 200.000000 112.425018
0.005820 0.057444 200.000000 74.223977
-0.002650 0.064206 200.000000 74.158969
-0.003819 0.035852 200.000000 35.793974
0.005521 0.072930 200.000000 94.595194
-0.002991 0.080707 200.000000 95.772362
0.001882 0.027622 200.000000 30.320010
0.000503 0.098416 200.000000 123.152063
-0.008034 0.030459 200.000000 26.307878
-0.005396 0.067891 200.000000 76.299909
0.009240 0.010338 200.000000 16.041160
-0.004594 0.026323 200.000000 23.385735
-0.007910 0.097580 200.000000 113.194862
-0.006655 0.061805 200.000000 67.053820
0.006037 0.087292 200.000000 114.396727
0.002716 0.075607 200.000000 95.062298
0.008160 0.048245 200.000000 64.605062
0.003067 0.027013 200.000000 30.717413
-0.007440 0.002723 200.000000 19.616869
0.000911 0.020837 200.000000 20.658600
0.004793 0.023045 200.000000 27.315411
0.001323 0.099352 200.000000 125.298456
0.009232 0.036128 200.000000 49.714464
0.003219 0.086844 200.000000 110.648392
0.001020 0.026292 200.000000 27.751723
0.004379 0.027929 200.000000 33.309011
0.004874 0.008412 200.000000 9.019200
-0.004378 0.015219 200.000000 12.419010
0.009303 0.061646 200.000000 83.828166
0.004202 0.006823 200.000000 7.007746
0.000386 0.083456 200.000000 103.022579
-0.001255 0.002456 200.000000 11.364956
-0.006980 0.020348 200.000000 16.421744
0.004549 0.089397 200.000000 115.541945
0.008093 0.005463 200.000000 9.014720
0.001809 0.051351 200.000000 61.686142
0.008613 0.039937 200.000000 54.055319
-0.004658 0.034317 200.000000 33.159227
-0.006109 0.097846 200.000000 115.387337
-0.002915 0.089574 200.000000 107.678474
0.008779 0.010224 200.000000 15.336434
0.009480 0.099917 200.000000 135.221460
0.007823 0.023324 200.000000 31.092301
0.006790 0.036088 200.000000 46.824123
0.007085 0.061512 200.000000 81.095560
-0.009524 0.081649 200.000000 90.480276
0.001876 0.040821 200.000000 47.748153
-0.002353 0.092724 200.000000 112.476088
0.003736 0.064986 200.000000 81.983393
0.006787 0.092275 200.000000 121.914432
0.000302 0.021818 200.000000 21.380124
-0.006263 0.016736 200.000000 13.794205
-0.001563 0.079644 200.000000 95.850994
-0.006165 0.057002 200.000000 61.202397
-0.003387 0.005964 200.000000 11.402888
0.003453 0.040551 200.000000 49.063053
-0.002011 0.018199 200.000000 15.503700
0.005553 0.091776 200.000000 119.852517
0.006049 0.006928 200.000000 8.464821
-0.001524 0.067563 200.000000 79.784509
-0.003774 0.034918 200.000000 34.636332
-0.005624 0.019952 200.000000 16.164938
-0.002909 0.021768 200.000000 19.049922
0.006048 0.007813 200.000000 9.418467
0.003243 0.061865 200.000000 77.270426
0.009729 0.049962 200.000000 68.726420
-0.006039 0.088579 200.000000 103.120952
-0.009268 0.023435 200.000000 18.959961
0.004126 0.081907 200.000000 105.048026
0.000000 0.100000 220.000000 124.688561
-0.006475 0.004184 220.000000 16.976915
0.000287 0.065128 220.000000 78.459383
0.008232 0.001912 220.000000 6.245624
0.005733 0.086630 220.000000 113.049249
-0.006061 0.076124 220.000000 86.684648
0.001875 0.039256 220.000000 45.703722
0.001333 0.089042 220.000000 111.475113
0.003031 0.065896 220.000000 82.389381
-0.004986 0.081492 220.000000 94.863542
0.008961 0.061646 220.000000 83.299081
0.003142 0.089140 220.000000 113.558871
-0.004135 0.048347 220.000000 51.895233
0.008785 0.057056 220.000000 76.972530
-0.001525 0.088811 220.000000 108.143079
-0.000114 0.035504 220.000000 38.794825
0.003561 0.099916 220.000000 128.421553
0.006004 0.028972 220.000000 36.450143
0.004561 0.067775 220.000000 86.560697
-0.005399 0.018951 220.000000 15.623306
0.001071 0.013086 220.000000 11.643913
0.007735 0.001946 220.000000 5.905852
0.002444 0.039206 220.000000 46.222366
-0.006134 0.006613 220.000000 14.630620
0.006580 0.092528 220.000000 121.876826
-0.001123 0.079027 220.000000 95.515069
-0.001387 0.072232 220.000000 86.189581
0.008095 0.025013 220.000000 33.582309
0.002781 0.061920 220.000000 76.814910
-0.004879 0.025300 220.000000 22.295888
-0.001830 0.048207 220.000000 53.868952
-0.006982 0.015234 220.000000 13.792209
-0.000182 0.023225 220.000000 22.877681
-0.007030 0.071497 220.000000 79.640330
-0.008068 0.090455 220.000000 103.717133
0.001634 0.087962 220.000000 110.355516
-0.003430 0.042326 220.000000 44.669933
0.005017 0.090660 220.000000 117.645906
-0.002416 0.009657 220.000000 9.554293
0.002448 0.030263 220.000000 34.402397
0.008352 0.073920 220.000000 98.996709
-0.002018 0.053445 220.000000 60.606873
-0.001335 0.089549 220.000000 109.326091
0.004370 0.050439 220.000000 63.214205
-0.005489 0.049947 220.000000 52.772995
0.003992 0.042465 220.000000 52.183568
-0.002569 0.006123 220.000000 10.449380
0.005145 0.038758 220.000000 48.499885
-0.006811 0.027153 220.000000 23.489570
0.007948 0.090855 220.000000 121.174301
-0.001056 0.068463 220.000000 81.511238
0.009706 0.029872 220.000000 41.888935
0.001637 0.031650 220.000000 35.422834
-0.002829 0.041622 220.000000 44.290733
-0.004270 0.026052 220.000000 23.502307
-0.008404 0.008333 220.000000 16.507621
0.006738 0.061429 220.000000 80.494476
0.007069 0.021336 220.000000 27.568517
-0.001593 0.044147 220.000000 48.746200
0.008965 0.027750 220.000000 38.209982
-0.003675 0.002506 220.000000 14.608434
0.001956 0.012443 220.000000 11.438537
0.002782 0.068263 220.000000 85.281857
-0.007326 0.035161 220.000000 32.566376
-0.000391 0.051533 220.000000 59.686683
0.006837 0.033650 220.000000 43.583941
0.008756 0.037020 220.000000 50.251716
0.009892 0.065800 220.000000 89.912639
0.008931 0.095252 220.000000 128.163054
-0.009883 0.052708 220.000000 52.676390
-0.002664 0.088881 220.000000 107.053983
-0.002075 0.010656 220.000000 9.595969
-0.005004 0.048572 220.000000 51.410466
-0.005193 0.056435 220.000000 61.529397
-0.008732 0.059113 220.000000 61.871030
0.002714 0.008553 220.000000 7.910822
-0.004892 0.017532 220.000000 14.452220
0.001834 0.072231 220.000000 89.562179
0.003420 0.060740 220.000000 75.927536
0.009498 0.012075 220.000000 18.471856
-0.008061 0.059553 220.000000 63.026067
-0.003461 0.082609 220.000000 97.883443
0.002103 0.067435 220.000000 83.448063
-0.001313 0.081756 220.000000 98.955042
0.004130 0.015540 220.000000 16.932115
-0.002841 0.035443 220.000000 36.265412
-0.002739 0.095711 220.000000 116.081615
0.007066 0.004992 220.000000 7.487898
0.003945 0.007441 220.000000 7.466702
-0.001724 0.074325 220.000000 88.629938
-0.006883 0.051865 220.000000 54.052674
-0.005956 0.014753 220.000000 13.049659
0.004926 0.007956 220.000000 8.608718
0.007620 0.033232 220.000000 43.916399
-0.009302 0.087799 220.000000 99.009730
0.003358 0.013156 220.000000 13.282927
0.003670 0.070978 220.000000 89.866979
-0.008840 0.048685 220.000000 48.364626
-0.001063 0.055648 220.000000 64.472235
-0.000774 0.078759 220.000000 95.521151
0.009843 0.099838 220.000000 135.326797
-0.001739 0.014230 220.000000 11.850482
0.009135 0.099226 220.000000 133.706277
0.003647 0.089602 220.000000 114.726441
0.004991 0.077005 220.000000 99.364010
-0.007613 0.019067 220.000000 15.938360
-0.004698 0.077602 220.000000 89.984481
0.000370 0.073826 220.000000 90.141499
0.001591 0.062392 220.000000 76.178851
-0.003435 0.088018 220.000000 105.111497
0.008166 0.067187 220.000000 89.792783
-0.002435 0.010488 220.000000 9.728545
0.004459 0.045744 220.000000 57.052453
-0.009594 0.051083 220.000000 50.831790
0.000632 0.036593 220.000000 40.943343
0.000300 0.090791 220.000000 112.708872
0.001872 0.047674 220.000000 56.875072
0.005826 0.066799 220.000000 86.651638
0.001506 0.037320 220.000000 42.769457
-0.009481 0.085899 220.000000 96.328090
-0.008624 0.094955 220.000000 109.138675
0.000985 0.001746 220.000000 9.208900
0.001756 0.012012 220.000000 10.855426
-0.001633 0.057074 220.000000 65.793629
-0.000641 0.061814 220.000000 73.090339
-0.004519 0.065918 220.000000 74.673550
-0.009614 0.068124 220.000000 72.841324
0.001128 0.058025 220.000000 69.873941
0.008677 0.043714 220.000000 59.065810
-0.000018 0.049501 220.000000 57.366986
0.006407 0.050265 220.000000 65.225069
0.002902 0.038121 220.000000 45.257931
0.008271 0.072143 220.000000 96.532053
0.006907 0.042031 220.000000 54.808779
0.003571 0.016776 220.000000 17.968712
-0.003346 0.095026 220.000000 114.540202
0.001627 0.010743 220.000000 9.507128
-0.007591 0.049079 220.000000 49.861802
-0.005102 0.091695 220.000000 108.310107
-0.007836 0.037448 220.000000 35.025713
0.003992 0.056328 220.000000 70.659448
0.009544 0.010680 220.000000 16.790932
-0.002318 0.019372 220.000000 16.860221
0.009924 0.004315 220.000000 9.952139
0.006476 0.056263 220.000000 73.305418
0.008143 0.068727 220.000000 91.824664
0.008049 0.075703 220.000000 101.037639
-0.006387 0.089964 220.000000 104.721062
-0.004318 0.029339 220.000000 27.430389
-0.009397 0.071220 220.000000 77.086684
-0.008241 0.015910 220.000000 14.786881
-0.004779 0.017777 220.000000 14.651884
-0.006927 0.067289 220.000000 74.192477
0.005139 0.096398 220.000000 125.451905
0.000405 0.074923 220.000000 91.640278
0.004391 0.039197 220.000000 48.265048
0.002146 0.019513 220.000000 20.145550
0.008433 0.039866 220.000000 53.663948
-0.005426 0.015549 220.000000 13.194933
0.008665 0.015095 220.000000 21.303329
0.006934 0.060061 220.000000 78.888637
0.004201 0.092712 220.000000 119.491389
0.005812 0.028364 220.000000 35.432944
0.000301 0.079413 220.000000 97.522303
-0.008590 0.013052 220.000000 14.911694
-0.008478 0.078096 220.000000 86.978754
-0.000985 0.059952 220.000000 70.265043
-0.006842 0.081072 220.000000 92.478127
0.001074 0.081733 220.000000 101.436866
0.006547 0.005708 220.000000 7.691613
-0.003736 0.004373 220.000000 13.085236
0.003671 0.018730 220.000000 20.562112
-0.009038 0.070974 220.000000 77.090654
-0.002083 0.072983 220.000000 86.477072
-0.000828 0.046301 220.000000 52.326314
0.003783 0.074605 220.000000 94.834759
0.005648 0.065250 220.000000 84.384256
0.000813 0.044676 220.000000 51.807862
0.005270 0.077233 220.000000 99.976119
0.007184 0.092234 220.000000 122.160362
0.002558 0.048804 220.000000 59.096323
0.000515 0.087868 220.000000 109.033595
-0.002320 0.059039 220.000000 67.716632
-0.007647 0.033699 220.000000 30.612824
-0.005786 0.005008 220.000000 15.343894
-0.002430 0.007905 220.000000 9.644197
-0.005626 0.085620 220.000000 99.708625
0.005053 0.086694 220.000000 112.382855
-0.009418 0.068994 220.000000 74.152267
-0.006304 0.077300 220.000000 88.006628
-0.003525 0.011179 220.000000 10.554279
-0.007420 0.079984 220.000000 90.479033
0.007512 0.099329 220.000000 132.013193
-0.008672 0.099770 220.000000 115.478313
0.007842 0.069949 220.000000 93.116015
-0.004062 0.027575 220.000000 25.452005
0.002269 0.030940 220.000000 35.115606
0.008450 0.042635 220.000000 57.367860
-0.004058 0.061910 220.000000 69.819116
0.000248 0.008244 220.000000 7.759942
0.007087 0.027987 220.000000 36.356889
-0.000583 0.045116 220.000000 51.000304
-0.000642 0.063676 220.000000 75.566043
-0.002369 0.042233 220.000000 45.507953
-0.008954 0.065298 220.000000 69.733283
0.002864 0.059655 220.000000 73.881937
0.003286 0.005065 220.000000 5.907312
-0.008985 0.083610 220.000000 93.777081
0.001796 0.037846 220.000000 43.756923
-0.003208 0.089087 220.000000 106.768603
-0.001994 0.072313 220.000000 85.676639
0.004474 0.059837 220.000000 75.866425
0.003344 0.094331 220.000000 120.718420
0.002755 0.094856 220.000000 120.779066
0.005161 0.016380 220.000000 19.034698
-0.008808 0.084882 220.000000 95.625554
-0.001508 0.008598 220.000000 8.812433
0.006867 0.045119 220.000000 58.878741
0.008628 0.082879 220.000000 111.280538
-0.002977 0.051679 220.000000 57.349509
0.003183 0.029544 220.000000 34.199746
0.006271 0.067970 220.000000 88.710169
-0.003707 0.030020 220.000000 28.697586
0.001556 0.075217 220.000000 93.251738
0.003629 0.087215 220.000000 111.516718
0.001030 0.085548 220.000000 106.484543
0.001028 0.064134 220.000000 77.909251
-0.007356 0.026640 220.000000 22.724100
0.007131 0.037616 220.000000 49.186204
-0.006191 0.012782 220.000000 12.733390
-0.007081 0.098543 220.000000 115.427160
0.001766 0.054848 220.000000 66.310118
0.001410 0.039462 220.000000 45.505617
0.003685 0.086372 220.000000 110.451115
-0.001050 0.086676 220.000000 105.791721
-0.008707 0.085716 220.000000 96.825095
-0.009086 0.094351 220.000000 107.888331
-0.009766 0.049896 220.000000 49.192246
0.008912 0.085276 220.000000 114.807414
-0.001653 0.050068 220.000000 56.499123
-0.005650 0.062340 220.000000 68.870000
-0.000279 0.075151 220.000000 91.227641
0.000530 0.067014 220.000000 81.225230
-0.009621 0.045059 220.000000 43.219201
0.006193 0.045804 220.000000 59.037989
-0.004008 0.034803 220.000000 34.489215
0.003029 0.078338 220.000000 99.002570
0.000578 0.041159 220.000000 46.917099
0.004905 0.025990 220.000000 31.313724
0.001190 0.027656 220.000000 29.765506
-0.003201 0.014920 220.000000 12.351666
-0.005861 0.042648 220.000000 43.017770
-0.001287 0.066159 220.000000 78.209619
0.007773 0.092919 220.000000 123.736706
0.006763 0.077771 220.000000 102.354687
-0.006460 0.083682 220.000000 96.311861
0.006286 0.079551 220.000000 104.201535
-0.001866 0.034965 220.000000 36.489742
-0.006434 0.031275 220.000000 28.434369
0.005354 0.052658 220.000000 67.249712
0.007555 0.053663 220.000000 71.047925
-0.000795 0.015022 220.000000 12.849858
0.000897 0.058616 220.000000 70.420369
-0.004752 0.001968 220.000000 16.608856
-0.004554 0.038043 220.000000 38.182235
0.003406 0.068436 220.000000 86.184866
-0.001770 0.076905 220.000000 92.018728
-0.004938 0.075388 220.000000 86.809406
0.004526 0.060044 220.000000 76.198203
0.005083 0.021633 220.000000 25.775999
0.005001 0.046538 220.000000 58.701668
0.007076 0.041662 220.000000 54.507916
-0.008566 0.078221 220.000000 87.060863
0.003847 0.023477 220.000000 26.904512
0.007042 0.034898 220.000000 45.472669
0.006842 0.048105 220.000000 62.831878
0.008990 0.053239 220.000000 72.117307
-0.001133 0.057014 220.000000 66.214388
-0.002869 0.079253 220.000000 94.020591
0.008215 0.012286 220.000000 17.192596
0.009875 0.073244 220.000000 99.830321
0.003999 0.016708 220.000000 18.290604
0.005816 0.073095 220.000000 95.051115
-0.002239 0.028226 220.000000 27.553450
-0.006603 0.064812 220.000000 71.234187
-0.005116 0.085524 220.000000 100.089416
-0.001740 0.095502 220.000000 116.844295
-0.002113 0.078575 220.000000 93.889792
0.003280 0.091323 220.000000 116.626863
0.007825 0.036160 220.000000 48.039284
-0.007736 0.014966 220.000000 14.224220
0.009525 0.004492 220.000000 9.649067
0.007676 0.032020 220.000000 42.371200
-0.006252 0.046977 220.000000 48.263089
-0.001900 0.021871 220.000000 19.976404
-0.006931 0.095102 220.000000 111.003922
-0.002107 0.058551 220.000000 67.281297
-0.002930 0.036024 220.000000 36.938049
0.009422 0.092608 220.000000 125.184881
-0.007391 0.057711 220.000000 61.214454
0.003232 0.036231 220.000000 43.095788
-0.007461 0.090831 220.000000 104.809843
-0.002599 0.034045 220.000000 34.669810
0.008079 0.042849 220.000000 57.226971
0.001101 0.095980 220.000000 120.495667
0.001197 0.020186 220.000000 20.180241
-0.006350 0.085972 220.000000 99.456623
-0.001209 0.016233 220.000000 13.947699
-0.007965 0.034517 220.000000 31.402983
-0.007568 0.094961 220.000000 110.185045
-0.000180 0.009031 220.000000 8.207128
-0.003364 0.094085 220.000000 113.267596
0.006656 0.015281 220.000000 19.226451
-0.002127 0.009368 220.000000 9.318925
0.003797 0.019474 220.000000 21.643934
-0.005844 0.057380 220.000000 62.170974
-0.001051 0.067591 220.000000 80.357326
-0.009483 0.078757 220.000000 86.909459
0.001513 0.082215 220.000000 102.548749
0.002180 0.069400 220.000000 86.154010
-0.007002 0.042799 220.000000 42.306545
-0.008761 0.008174 220.000000 17.076941
0.009069 0.028837 220.000000 39.768503
0.008116 0.088319 220.000000 117.973584
0.009026 0.091603 220.000000 123.392205
-0.002056 0.015922 220.000000 13.350054
-0.002967 0.093866 220.000000 113.385400
0.004283 0.067209 220.000000 85.500149
-0.007206 0.099836 220.000000 117.021862
-0.005615 0.013520 220.000000 12.450924
-0.001733 0.036271 220.000000 38.303874
0.006655 0.025409 220.000000 32.463504
0.007556 0.040448 220.000000 53.436287
-0.008779 0.025919 220.000000 21.618760
-0.002597 0.050992 220.000000 56.806883
0.009712 0.069864 220.000000 95.129601
0.006320 0.071649 220.000000 93.680670
0.009967 0.027154 220.000000 38.610537
-0.006933 0.059203 220.000000 63.572022
-0.009839 0.091754 220.000000 103.724111
-0.008554 0.091477 220.000000 104.597444
-0.008361 0.023021 220.000000 19.016552
-0.002221 0.067538 220.000000 79.095276
0.009099 0.072940 220.000000 98.537734
-0.007210 0.068894 220.000000 76.040928
-0.006145 0.040186 220.000000 39.652994
-0.000965 0.095961 220.000000 118.272038
-0.004753 0.038375 220.000000 38.445827
0.009841 0.080023 220.000000 108.846956
0.002388 0.008910 220.000000 8.107035
0.005872 0.027472 220.000000 34.320385
-0.006661 0.079334 220.000000 90.352709
0.001214 0.038726 220.000000 44.334439
0.004051 0.067620 220.000000 85.795355
0.006842 0.056617 220.000000 74.188160
-0.009527 0.061166 220.000000 63.854971
-0.006526 0.055120 220.000000 58.600216
0.006844 0.062637 220.000000 82.226112
0.008371 0.086567 220.000000 115.919327
0.000598 0.088473 220.000000 109.929414
-0.009836 0.015252 220.000000 15.970161
0.002000 0.006718 220.000000 6.683222
0.003488 0.052693 220.000000 65.266176
0.004842 0.085042 220.000000 109.942316
0.001460 0.036114 220.000000 41.129954
-0.004040 0.045744 220.000000 48.581401
-0.006606 0.077531 220.000000 88.019190
0.000071 0.024625 220.000000 24.858865
0.006900 0.052885 220.000000 69.271349
-0.002139 0.092646 220.000000 112.617402
-0.000321 0.035043 220.000000 37.995193
-0.003421 0.090983 220.000000 109.074909
-0.006628 0.063540 220.000000 69.538566
-0.003388 0.075006 220.000000 87.845503
0.005282 0.092052 220.000000 119.798757
0.003842 0.073120 220.000000 92.914777
0.004414 0.093747 220.000000 121.109009
-0.000036 0.007371 220.000000 7.726211
0.000459 0.056889 220.000000 67.668258
-0.008454 0.007683 220.000000 16.990488
-0.000237 0.010634 220.000000 9.097578
-0.000068 0.022666 220.000000 22.265945
-0.006959 0.030966 220.000000 27.770147
-0.005859 0.052440 220.000000 55.695387
0.008391 0.071554 220.000000 95.881600
0.007420 0.084339 220.000000 111.870473
-0.003292 0.041007 220.000000 43.076951
0.008592 0.021009 220.000000 28.900053
0.008264 0.009628 220.000000 13.951909
0.003967 0.085077 220.000000 109.027792
0.000349 0.096130 220.000000 119.891728
-0.009375 0.094963 220.000000 108.417596
0.005910 0.069340 220.000000 90.138296
0.008250 0.019046 220.000000 25.931686
0.003499 0.097065 220.000000 124.541642
0.004230 0.099525 220.000000 128.631540
-0.002084 0.035493 220.000000 36.982022
0.004793 0.098303 220.000000 127.617369
0.009705 0.073782 220.000000 100.353600
-0.009915 0.030813 220.000000 26.303792
-0.003728 0.033272 220.000000 32.766982
0.005566 0.026245 220.000000 32.364246
0.007185 0.001134 220.000000 5.464960
0.005744 0.063838 220.000000 82.605846
0.008449 0.097249 220.000000 130.286864
0.007837 0.026063 220.000000 34.669038
0.006446 0.044208 220.000000 57.193456
-0.003211 0.023539 220.000000 21.156688
-0.003044 0.059649 220.000000 67.813699
0.004319 0.095008 220.000000 122.690332
0.001517 0.090567 220.000000 113.708728
0.000396 0.099286 220.000000 124.156286
0.004165 0.046313 220.000000 57.492822
0.003166 0.031559 220.000000 36.842076
0.007190 0.032228 220.000000 42.093047
-0.001172 0.067057 220.000000 79.522831
-0.001517 0.053184 220.000000 60.754543
-0.005372 0.033436 220.000000 31.753762
0.003363 0.024677 220.000000 27.984921
0.001233 0.039939 220.000000 45.957710
0.001973 0.080536 220.000000 100.800530
0.003169 0.024011 220.000000 26.919964
0.000110 0.088284 220.000000 109.159026
0.008742 0.052286 220.000000 70.561517
0.003739 0.033571 220.000000 40.101798
0.001463 0.078287 220.000000 97.251106
0.007108 0.096764 220.000000 128.132108
0.004059 0.083192 220.000000 106.610677
0.001926 0.094119 220.000000 118.896061
0.002289 0.011572 220.000000 10.685163
0.005163 0.037203 220.000000 46.450823
-0.008135 0.066141 220.000000 71.572803
0.007070 0.073537 220.000000 97.041423
0.000315 0.083487 220.000000 102.972302
0.001672 0.040332 220.000000 46.922038
-0.004930 0.055661 220.000000 60.756696
0.005007 0.035881 220.000000 44.524388
0.004072 0.037125 220.000000 45.168872
0.005459 0.097359 220.000000 127.091298
0.004145 0.038736 220.000000 47.387536
-0.003340 0.068048 220.000000 78.653204
0.001754 0.023421 220.000000 24.797852
-0.002866 0.093773 220.000000 113.365781
0.007690 0.008465 220.000000 11.894511
-0.003924 0.033098 220.000000 32.394999
-0.007213 0.083989 220.000000 95.981767
0.007570 0.022998 220.000000 30.323226
0.001274 0.053058 220.000000 63.415450
0.006178 0.080744 220.000000 105.675156
0.007802 0.063549 220.000000 84.522254
0.005204 0.083618 220.000000 108.438417
0.007981 0.033548 220.000000 44.747404
0.001079 0.047564 220.000000 55.910606
-0.009371 0.040859 220.000000 38.201474
0.006351 0.087407 220.000000 114.776313
-0.006741 0.072013 220.000000 80.595463
0.004006 0.012180 220.000000 12.658187
0.009016 0.072649 220.000000 98.053492
0.003131 0.039871 220.000000 47.819949
-0.009899 0.090725 220.000000 102.307345
-0.001048 0.048872 220.000000 55.509386
-0.006799 0.004377 220.000000 17.260804
-0.004926 0.024078 220.000000 20.893915
0.008365 0.021149 220.000000 28.816076
0.002403 0.078187 220.000000 98.124710
0.006941 0.047299 220.000000 61.868437
-0.007010 0.086113 220.000000 98.995478
-0.001145 0.021727 220.000000 20.301621
0.003799 0.016613 220.000000 17.977712
0.003149 0.055243 220.000000 68.303344
0.005529 0.076756 220.000000 99.626331
0.009835 0.021517 220.000000 31.046026
-0.009022 0.002647 220.000000 21.986714
0.003766 0.061057 220.000000 76.724666
0.005206 0.020746 220.000000 24.746257
-0.005583 0.065604 220.000000 73.236147
0.001912 0.061322 220.000000 75.092283
0.004650 0.004042 220.000000 5.534158
0.000061 0.084682 220.000000 104.299940
0.000774 0.086449 220.000000 107.414433
-0.001300 0.030725 220.000000 31.504993
-0.002771 0.049148 220.000000 54.210576
0.007999 0.052120 220.000000 69.493253
0.001529 0.097943 220.000000 123.577764
0.006013 0.046044 220.000000 59.157917
-0.009843 0.015810 220.000000 15.998749
-0.003823 0.058913 220.000000 66.085573
0.006480 0.097271 220.000000 128.107884
0.004822 0.048867 220.000000 61.609408
-0.006242 0.033752 220.000000 31.549777
-0.005003 0.092503 220.000000 109.485272
-0.003972 0.062985 220.000000 71.324145
-0.008655 0.095702 220.000000 110.099168
-0.001948 0.046440 220.000000 51.427114
-0.005881 0.059796 220.000000 65.309511
0.004884 0.090476 220.000000 117.252262
-0.008802 0.051252 220.000000 51.670183
-0.006420 0.033978 220.000000 31.708306
0.001364 0.009946 220.000000 8.708165
0.006128 0.011723 220.000000 14.148245
-0.000137 0.071124 220.000000 86.007479
0.005207 0.021036 220.000000 25.127248
0.000506 0.096376 220.000000 120.387152
0.003855 0.066860 220.000000 84.567476
0.008286 0.070717 220.000000 94.643906
0.003176 0.032788 220.000000 38.477119
0.001278 0.088847 220.000000 111.156448
0.002085 0.084895 220.000000 106.743595
0.004165 0.049307 220.000000 61.482280
0.008407 0.096796 220.000000 129.633640
-0.008328 0.092876 220.000000 106.671164
-0.000006 0.045317 220.000000 51.835781
0.001148 0.033514 220.000000 37.395582
0.007695 0.018787 220.000000 24.949043
0.003860 0.009836 220.000000 9.828518
-0.007035 0.096939 220.000000 113.342397
-0.002796 0.013337 220.000000 11.191431
-0.001916 0.075300 220.000000 89.732393
0.005678 0.005698 220.000000 6.982555
0.002537 0.033055 220.000000 38.174429
0.007871 0.091869 220.000000 122.443073
0.002519 0.014169 220.000000 13.826757
0.001966 0.039494 220.000000 46.112461
-0.007931 0.031682 220.000000 28.092865
0.004590 0.006837 220.000000 7.283127
-0.009653 0.033392 220.000000 29.228265
-0.008896 0.088230 220.000000 99.968716
0.007268 0.003618 220.000000 6.525202
0.000442 0.029805 220.000000 31.867240
-0.008199 0.020106 220.000000 16.759157
0.001011 0.086641 220.000000 107.923914
-0.007765 0.019680 220.000000 16.379038
-0.004826 0.011261 220.000000 11.525435
0.009945 0.010971 220.000000 17.648959
0.004570 0.073640 220.000000 94.405171
0.008945 0.058524 220.000000 79.115611
0.004336 0.058462 220.000000 73.879753
-0.007368 0.041251 220.000000 40.074925
-0.002455 0.052148 220.000000 58.469391
-0.002780 0.003728 220.000000 12.335152
-0.009058 0.071225 220.000000 77.400445
0.007305 0.022844 220.000000 29.817690
-0.000592 0.038943 220.000000 42.856358
0.000603 0.026547 220.000000 27.788978
-0.007317 0.045507 220.000000 45.507452
0.007614 0.057998 220.000000 76.898741
-0.002422 0.078326 220.000000 93.241354
-0.001529 0.082168 220.000000 99.280345
0.002487 0.016483 220.000000 16.629592
-0.001135 0.071826 220.000000 85.908764
-0.009823 0.078192 220.000000 85.851542
0.004374 0.049394 220.000000 61.825192
0.003845 0.002799 220.000000 5.774684
-0.002124 0.079085 220.000000 94.558317
-0.004318 0.071840 220.000000 82.714619
-0.004107 0.096951 220.000000 116.321160
-0.003593 0.076602 220.000000 89.760045
0.005143 0.067929 220.000000 87.405434
-0.003230 0.038192 220.000000 39.480043
0.009019 0.099221 220.000000 133.567649
0.003568 0.075612 220.000000 95.945542
0.004425 0.096377 220.000000 124.636161
0.007384 0.097417 220.000000 129.314596
0.001398 0.072610 220.000000 89.605062
-0.008145 0.007900 220.000000 16.437352
-0.000659 0.096592 220.000000 119.437781
-0.001650 0.011585 220.000000 9.890750
-0.008728 0.084809 220.000000 95.605139
-0.009603 0.060727 220.000000 63.221284
0.003938 0.020512 220.000000 23.131052
0.001789 0.005895 220.000000 6.563428
0.009275 0.069085 220.000000 93.589832
0.002219 0.059519 220.000000 73.014201
0.004105 0.036902 220.000000 44.909374
-0.008844 0.074255 220.000000 81.577525
-0.004791 0.065462 220.000000 73.808203
0.002114 0.030661 220.000000 34.593274
-0.001421 0.038170 220.000000 41.064701
-0.005914 0.069908 220.000000 78.604096
-0.004477 0.092862 220.000000 110.497380
-0.004834 0.094643 220.000000 112.504113
-0.000353 0.014978 220.000000 12.984161
-0.008453 0.080340 220.000000 89.963901
-0.001116 0.098654 220.000000 121.707478
-0.001746 0.047187 220.000000 52.605383
-0.009005 0.091245 220.000000 103.853541
0.004917 0.054466 220.000000 69.181671
0.004917 0.062379 220.000000 79.744380
-0.007174 0.062097 220.000000 67.143736
-0.003298 0.077125 220.000000 90.753047
0.001305 0.024325 220.000000 25.554150
0.006212 0.089090 220.000000 116.870872
0.006583 0.060055 220.000000 78.487068
0.002571 0.025314 220.000000 28.033144
0.004271 0.025678 220.000000 30.231748
0.000832 0.070095 220.000000 85.651028
-0.006736 0.052675 220.000000 55.231497
0.006459 0.031317 220.000000 40.062997
0.006653 0.052944 220.000000 69.073771
-0.002388 0.043287 220.000000 46.870259
0.008084 0.066792 220.000000 89.172690
-0.002429 0.027334 220.000000 26.290408
0.002762 0.037891 220.000000 44.807638
0.009333 0.080701 220.000000 109.172832
0.004435 0.041526 220.000000 51.410589
0.009558 0.055158 220.000000 75.329198
-0.006036 0.002175 220.000000 18.207887
-0.001959 0.002980 220.000000 11.875235
-0.006238 0.055517 220.000000 59.375359
-0.005775 0.051478 220.000000 54.515329
0.001043 0.040130 220.000000 46.020760
-0.008678 0.058633 220.000000 61.293726
-0.007285 0.079538 220.000000 90.020033
-0.005794 0.019177 220.000000 15.803133
0.006677 0.036327 220.000000 46.960557
-0.002562 0.016728 220.000000 14.002349
-0.007289 0.090220 220.000000 104.168118
0.003580 0.013201 220.000000 13.525291
-0.002573 0.002294 220.000000 13.304386
0.003095 0.059307 220.000000 73.665560
0.002773 0.072558 220.000000 91.006251
-0.004126 0.024671 220.000000 21.964696
-0.000140 0.096105 220.000000 119.337425
0.004735 0.079911 220.000000 102.966780
0.001086 0.011614 220.000000 10.140943
0.008790 0.034213 220.000000 46.564305
-0.001055 0.068384 220.000000 81.407089
0.000925 0.018694 220.000000 18.103644
0.008057 0.024321 220.000000 32.625610
-0.008063 0.064708 220.000000 69.760185
0.002475 0.070744 220.000000 88.263659
-0.004870 0.017612 220.000000 14.516605
-0.005109 0.078922 220.000000 91.328945
0.004188 0.070877 220.000000 90.294924
0.005474 0.075135 220.000000 97.399374
0.005668 0.033645 220.000000 42.276468
-0.007369 0.086838 220.000000 99.605184
0.001135 0.035903 220.000000 40.528402
-0.002063 0.065598 220.000000 76.677457
0.003154 0.059868 220.000000 74.477307
0.009365 0.056868 220.000000 77.388056
0.000925 0.090154 220.000000 112.524476
0.000474 0.099999 220.000000 125.193434
0.006731 0.096518 220.000000 127.381420
0.008769 0.055514 220.000000 74.898038
0.003780 0.026379 220.000000 30.644813
0.000405 0.059336 220.000000 70.868486
0.001477 0.087483 220.000000 109.546592
0.008852 0.051340 220.000000 69.427357
-0.007606 0.099608 220.000000 116.319911
0.000144 0.074375 220.000000 90.635781
0.004325 0.023877 220.000000 27.921516
0.004951 0.007604 220.000000 8.264484
-0.005542 0.044429 220.000000 45.571255
0.006236 0.076660 220.000000 100.282365
0.003013 0.062321 220.000000 77.599427
-0.001896 0.056083 220.000000 64.219588
-0.004611 0.034227 220.000000 33.294775
0.007196 0.026358 220.000000 34.325727
0.008634 0.075358 220.000000 101.238787
0.003318 0.016486 220.000000 17.366957
0.009523 0.013218 220.000000 19.944905
-0.006495 0.027453 220.000000 23.962232
0.006798 0.042562 220.000000 55.395410
0.009204 0.091757 220.000000 123.800330
0.003722 0.003774 220.000000 5.655883
0.008811 0.077856 220.000000 104.777371
0.004501 0.098436 220.000000 127.473762
0.000461 0.005932 220.000000 7.429768
-0.003625 0.084709 220.000000 100.511239
-0.007797 0.066699 220.000000 72.612613
0.001419 0.035265 220.000000 39.968771
-0.008040 0.018284 220.000000 15.613060
-0.005504 0.054843 220.000000 59.156144
0.005173 0.032290 220.000000 39.936033
0.009323 0.079300 220.000000 107.288522
0.006762 0.014288 220.000000 18.071970
0.007828 0.082607 220.000000 110.014032
-0.005339 0.057963 220.000000 63.401049
-0.001526 0.083818 220.000000 101.482620
0.005109 0.051826 220.000000 65.869828
0.001493 0.005562 220.000000 6.722456
0.000723 0.005776 220.000000 7.247546
0.007270 0.087080 220.000000 115.365837
0.002379 0.030650 220.000000 34.842055
0.000538 0.061911 220.000000 74.434783
0.003745 0.050087 220.000000 62.068654
-0.003567 0.006731 220.000000 11.318564
0.009163 0.077713 220.000000 104.986510
-0.002049 0.079408 220.000000 95.066119
-0.006321 0.052589 220.000000 55.481110
-0.007896 0.089289 220.000000 102.338498
0.001562 0.089986 220.000000 112.981548
0.008875 0.002354 220.000000 7.079019
0.007137 0.080619 220.000000 106.579741
0.004240 0.056532 220.000000 71.199909
0.001176 0.070834 220.000000 86.999200
0.000990 0.074378 220.000000 91.531569
-0.005082 0.065972 220.000000 74.200880
-0.008582 0.084005 220.000000 94.683237
0.002948 0.084628 220.000000 107.319294
-0.001699 0.089839 220.000000 109.332799
0.009941 0.016549 220.000000 24.719499
0.005156 0.050611 220.000000 64.301872
-0.002873 0.090049 220.000000 108.394712
0.004311 0.013635 220.000000 14.714292
0.009056 0.070573 220.000000 95.326512
-0.006603 0.050928 220.000000 53.077131
-0.008260 0.041234 220.000000 39.411828
-0.001948 0.076802 220.000000 91.698360
0.002915 0.074662 220.000000 93.968295
-0.001834 0.092155 220.000000 112.280643
-0.006109 0.099795 220.000000 118.069559
-0.006564 0.024965 220.000000 21.215896
-0.001119 0.001275 220.000000 12.321224
0.003127 0.032321 220.000000 37.808790
-0.005282 0.065939 220.000000 73.966586
0.001843 0.086353 220.000000 108.429886
-0.006271 0.049419 220.000000 51.405872
0.009453 0.027794 220.000000 38.843301
0.005796 0.034951 220.000000 44.151863
0.004865 0.022469 220.000000 26.641631
0.005900 0.062732 220.000000 81.300935
-0.008546 0.020624 220.000000 17.184259
0.001258 0.032681 220.000000 36.406772
-0.001746 0.045614 220.000000 50.532602
-0.009439 0.004244 220.000000 21.091463
0.003722 0.003234 220.000000 5.726494
-0.004826 0.012822 220.000000 11.772280
-0.009082 0.064899 220.000000 69.099617
0.008170 0.026712 220.000000 35.912059
-0.007000 0.038219 220.000000 36.547850
0.002584 0.036905 220.000000 43.316990
0.000755 0.017163 220.000000 16.115731
-0.009975 0.091271 220.000000 102.955463
-0.009524 0.075522 220.000000 82.616319
-0.002140 0.008459 220.000000 9.305396
-0.002458 0.080515 220.000000 96.120352
-0.006849 0.062133 220.000000 67.486504
-0.002457 0.005553 220.000000 10.631487
0.009273 0.048109 220.000000 65.606721
0.002843 0.088614 220.000000 112.531689
-0.009488 0.002958 220.000000 22.355280
-0.003548 0.012518 220.000000 10.990783
-0.000932 0.099918 220.000000 123.589374
-0.008315 0.092121 220.000000 105.683706
-0.001984 0.055097 220.000000 62.826964
0.007717 0.043487 220.000000 57.664245
0.006994 0.080351 220.000000 106.061678
-0.005347 0.094995 220.000000 112.452669
-0.004078 0.053023 220.000000 58.080855
0.005134 0.071602 220.000000 92.302791
-0.009896 0.028150 220.000000 23.582972
-0.007477 0.017140 220.000000 14.806564
0.009360 0.049625 220.000000 67.725926
0.007765 0.091195 220.000000 121.422763
-0.006192 0.009532 220.000000 13.179131
-0.000027 0.002755 220.000000 9.598770
0.008127 0.085140 220.000000 113.735808
-0.006329 0.006113 220.000000 15.238580
0.008883 0.016202 220.000000 22.989330
0.006602 0.025429 220.000000 32.429712
-0.005114 0.085337 220.000000 99.843287
0.003360 0.077364 220.000000 98.059200
-0.008674 0.092390 220.000000 105.689906
-0.009219 0.064171 220.000000 68.030654
-0.001044 0.013281 220.000000 11.122127
0.007659 0.014757 220.000000 19.689928
0.001463 0.064654 220.000000 79.058971
-0.003670 0.034271 220.000000 34.080785
-0.004095 0.026534 220.000000 24.178537
0.005809 0.015209 220.000000 18.213858
-0.003782 0.021516 220.000000 18.563752
0.008039 0.027050 220.000000 36.206543
-0.001144 0.099184 220.000000 122.385967
0.000453 0.003155 220.000000 8.722210
0.008223 0.029575 220.000000 39.758567
-0.007474 0.081734 220.000000 92.743698
-0.008050 0.047424 220.000000 47.374671
-0.004046 0.072213 220.000000 83.480021
0.004861 0.022017 220.000000 26.043403
0.008684 0.076152 220.000000 102.355426
-0.003017 0.046192 220.000000 50.098211
-0.006334 0.067520 220.000000 75.052889
0.009020 0.011256 220.000000 16.863592
-0.006578 0.084186 220.000000 96.863750
-0.004499 0.017549 220.000000 14.469322
0.000098 0.004008 220.000000 8.562512
0.002802 0.094262 220.000000 120.035569
0.008474 0.029689 220.000000 40.200676
0.000289 0.041095 220.000000 46.545785
0.006562 0.056538 220.000000 73.768121
0.001669 0.003696 220.000000 7.098632
0.003302 0.059649 220.000000 74.344618
0.004618 0.045533 220.000000 56.945162
-0.004136 0.084533 220.000000 99.758678
-0.006585 0.064632 220.000000 71.013763
0.003151 0.045257 220.000000 55.002833
-0.000539 0.044707 220.000000 50.503730
-0.007691 0.044514 220.000000 43.952413
-0.005057 0.077143 220.000000 89.019751
0.002856 0.032075 220.000000 37.204912
-0.000619 0.005611 220.000000 8.524764
0.005177 0.005110 220.000000 6.217193
0.005896 0.050772 220.000000 65.333534
0.004440 0.079999 220.000000 102.760521
0.000590 0.072305 220.000000 88.344203
-0.003153 0.018296 220.000000 15.393702
-0.003443 0.020251 220.000000 17.331388
-0.005593 0.065514 220.000000 73.108848
-0.002335 0.053750 220.000000 60.701715
-0.005120 0.055565 220.000000 60.453616
-0.003842 0.009620 220.000000 10.713882
-0.000804 0.047345 220.000000 53.729945
0.009056 0.074550 220.000000 100.639619
-0.000303 0.078422 220.000000 95.564391
0.005936 0.063707 220.000000 82.642245
0.000782 0.029980 220.000000 32.412573
0.008744 0.025929 220.000000 35.546110
-0.007568 0.082222 220.000000 93.298238
0.007564 0.018227 220.000000 24.068871
0.003300 0.071696 220.000000 90.424284
0.008497 0.068688 220.000000 92.172615
-0.006423 0.077460 220.000000 88.102344
-0.001921 0.003866 220.000000 11.108961
-0.000335 0.067155 220.000000 80.513807
-0.009052 0.071280 220.000000 77.478201
-0.005500 0.042421 220.000000 43.021851
-0.009805 0.009280 220.000000 17.769609
0.003116 0.080597 220.000000 102.113857
0.008395 0.006665 220.000000 10.628803
0.005111 0.025019 220.000000 30.254363
0.004348 0.029355 220.000000 35.164539
0.006483 0.044222 220.000000 57.253008
0.003535 0.033710 220.000000 40.071780
-0.008015 0.016945 220.000000 14.983572
0.009751 0.002562 220.000000 8.156484
-0.005695 0.046350 220.000000 47.923665
0.009898 0.035916 220.000000 50.120828
0.003724 0.056454 220.000000 70.536092
-0.003918 0.010565 220.000000 10.757770
0.008190 0.063337 220.000000 84.679166
0.006984 0.069515 220.000000 91.570641
0.001823 0.063087 220.000000 77.350971
-0.003395 0.056868 220.000000 63.796173
0.001953 0.045167 220.000000 53.626164
-0.008547 0.004773 220.000000 19.364602
-0.000931 0.043757 220.000000 48.868418
0.005727 0.030454 220.000000 38.107553
-0.004602 0.052006 220.000000 56.262424
-0.005773 0.056216 220.000000 60.710400
0.007227 0.084107 220.000000 111.343773
0.008365 0.099035 220.000000 132.580327
-0.005692 0.053929 220.000000 57.789924
0.002619 0.056485 220.000000 69.393121
0.000234 0.089500 220.000000 110.913861
-0.002416 0.038848 220.000000 41.045765
-0.003829 0.072884 220.000000 84.585130
0.001226 0.074481 220.000000 91.918436
0.003729 0.093630 220.000000 120.201330
0.003229 0.039266 220.000000 47.120109
-0.004533 0.094076 220.000000 112.055854
-0.005253 0.012270 220.000000 11.949413
-0.005922 0.059008 220.000000 64.235097
0.006527 0.060875 220.000000 79.519078
0.005729 0.057038 220.000000 73.508683
-0.001185 0.005777 220.000000 9.051983
-0.008813 0.060662 220.000000 63.814551
0.002842 0.002885 220.000000 6.450939
-0.009460 0.007821 220.000000 18.247024
0.009575 0.009451 220.000000 15.322175
0.004284 0.075013 220.000000 95.927218
-0.008047 0.017789 220.000000 15.367220
-0.003893 0.095948 220.000000 115.204863
-0.008773 0.027575 220.000000 23.266823
0.002370 0.054353 220.000000 66.287687
0.001095 0.062958 220.000000 76.412116
0.000606 0.050580 220.000000 59.431382
0.009946 0.097774 220.000000 132.685893
-0.009231 0.095405 220.000000 109.143965
0.009604 0.003715 220.000000 8.989967
0.008668 0.004546 220.000000 8.711800
-0.009507 0.066560 220.000000 70.893039
0.009142 0.064152 220.000000 86.850955
-0.008069 0.090718 220.000000 104.064289
-0.006096 0.007908 220.000000 13.794559
0.004152 0.075972 220.000000 97.064102
0.008118 0.082381 220.000000 110.039965
0.008657 0.063297 220.000000 85.156798
0.009358 0.010092 220.000000 15.836681
0.002232 0.050366 220.000000 60.832699
0.004735 0.070275 220.000000 90.090517
0.002377 0.064738 220.000000 80.142483
0.004156 0.031626 220.000000 37.965485
-0.004963 0.059088 220.000000 65.232859
0.000116 0.077164 220.000000 94.325179
-0.007454 0.062402 220.000000 67.290003
-0.007692 0.092823 220.000000 107.226347
0.003009 0.080411 220.000000 101.749506
-0.002496 0.009208 220.000000 9.581019
0.000044 0.025418 220.000000 25.846871
-0.002150 0.043843 220.000000 47.821626
-0.002370 0.064987 220.000000 75.557682
0.008894 0.055661 220.000000 75.237765
0.004367 0.010871 220.000000 11.413200
0.005332 0.057287 220.000000 73.403135
0.003788 0.099241 220.000000 127.767747
-0.005987 0.047208 220.000000 48.785765
0.003042 0.091478 220.000000 116.575731
-0.004056 0.077693 220.000000 90.745800
-0.009070 0.047335 220.000000 46.476655
-0.007610 0.054679 220.000000 57.079575
0.009211 0.082501 220.000000 111.437577
-0.005950 0.032664 220.000000 30.411577
0.000518 0.094878 220.000000 118.399559
-0.000574 0.018791 220.000000 17.162176
-0.004121 0.061680 220.000000 69.455037
0.001395 0.079746 220.000000 99.126286
-0.000183 0.056699 220.000000 66.757028
0.007324 0.042024 220.000000 55.271375
0.001926 0.025310 220.000000 27.406430
0.009687 0.027548 220.000000 38.796985
-0.008789 0.064468 220.000000 68.796690
0.006759 0.075395 220.000000 99.175448
0.006344 0.052198 220.000000 67.733517
0.006488 0.099173 220.000000 130.660510
0.002851 0.096238 220.000000 122.729631
-0.002884 0.068790 220.000000 80.092473
0.000368 0.069121 220.000000 83.864027
0.003268 0.016417 220.000000 17.234513
-0.004385 0.032118 220.000000 30.819247
0.006119 0.085750 220.000000 112.302302
0.005820 0.057444 220.000000 74.152155
-0.002650 0.064206 220.000000 74.241471
-0.003819 0.035852 220.000000 35.978105
0.005521 0.072930 220.000000 94.503481
-0.002991 0.080707 220.000000 95.829660
0.001882 0.027622 220.000000 30.379725
0.000503 0.098416 220.000000 123.109161
-0.008034 0.030459 220.000000 26.649238
-0.005396 0.067891 220.000000 76.436037
0.009240 0.010338 220.000000 15.993896
-0.004594 0.026323 220.000000 23.635794
-0.007910 0.097580 220.000000 113.323584
-0.006655 0.061805 220.000000 67.234548
0.006037 0.087292 220.000000 114.272923
0.002716 0.075607 220.000000 95.016509
0.008160 0.048245 220.000000 64.508704
0.003067 0.027013 220.000000 30.751309
-0.007440 0.002723 220.000000 19.664318
0.000911 0.020837 220.000000 20.762674
0.004793 0.023045 220.000000 27.320322
0.001323 0.099352 220.000000 125.238730
0.009232 0.036128 220.000000 49.620979
0.003219 0.086844 220.000000 110.574766
0.001020 0.026292 220.000000 27.836022
0.004379 0.027929 220.000000 33.313389
0.004874 0.008412 220.000000 9.052127
-0.004378 0.015219 220.000000 12.712210
0.009303 0.061646 220.000000 83.691915
0.004202 0.006823 220.000000 7.060941
0.000386 0.083456 220.000000 103.007429
-0.001255 0.002456 220.000000 11.406973
-0.006980 0.020348 220.000000 16.781213
0.004549 0.089397 220.000000 115.440491
0.008093 0.005463 220.000000 8.993307
0.001809 0.051351 220.000000 61.699731
0.008613 0.039937 220.000000 53.965174
-0.004658 0.034317 220.000000 33.373466
-0.006109 0.097846 220.000000 115.476958
-0.002915 0.089574 220.000000 107.717659
0.008779 0.010224 220.000000 15.295066
0.009480 0.099917 220.000000 135.020561
0.007823 0.023324 220.000000 31.041803
0.006790 0.036088 220.000000 46.770132
0.007085 0.061512 220.000000 80.995546
-0.009524 0.081649 220.000000 90.680645
0.001876 0.040821 220.000000 47.780079
-0.002353 0.092724 220.000000 112.498261
0.003736 0.064986 220.000000 81.936528
0.006787 0.092275 220.000000 121.769924
0.000302 0.021818 220.000000 21.498079
-0.006263 0.016736 220.000000 14.134462
-0.001563 0.079644 220.000000 95.881016
-0.006165 0.057002 220.000000 61.383693
-0.003387 0.005964 220.000000 11.526832
0.003453 0.040551 220.000000 49.063231
-0.002011 0.018199 220.000000 15.712457
0.005553 0.091776 220.000000 119.729771
0.006049 0.006928 220.000000 8.473356
-0.001524 0.067563 220.000000 79.836308
-0.003774 0.034918 220.000000 34.822572
-0.005624 0.019952 220.000000 16.484780
-0.002909 0.021768 220.000000 19.269005
0.006048 0.007813 220.000000 9.425563
0.003243 0.061865 220.000000 77.237911
0.009729 0.049962 220.000000 68.602590
-0.006039 0.088579 220.000000 103.227400
-0.009268 0.023435 220.000000 19.377325
0.004126 0.081907 220.000000 104.966243
0.000000 0.100000 240.000000 124.605524
-0.006475 0.004184 240.000000 17.057113
0.000287 0.065128 240.000000 78.449352
0.008232 0.001912 240.000000 6.236799
0.005733 0.086630 240.000000 112.890802
-0.006061 0.076124 240.000000 86.783716
0.001875 0.039256 240.000000 45.722566
0.001333 0.089042 240.000000 111.390954
0.003031 0.065896 240.000000 82.324021
-0.004986 0.081492 240.000000 94.924754
0.008961 0.061646 240.000000 83.139520
0.003142 0.089140 240.000000 113.441027
-0.004135 0.048347 240.000000 52.029192
0.008785 0.057056 240.000000 76.825540
-0.001525 0.088811 240.000000 108.114801
-0.000114 0.035504 240.000000 38.869279
0.003561 0.099916 240.000000 128.273036
0.006004 0.028972 240.000000 36.409992
0.004561 0.067775 240.000000 86.463083
-0.005399 0.018951 240.000000 15.933248
0.001071 0.013086 240.000000 11.773136
0.007735 0.001946 240.000000 5.900342
0.002444 0.039206 240.000000 46.229240
-0.006134 0.006613 240.000000 14.770485
0.006580 0.092528 240.000000 121.691366
-0.001123 0.079027 240.000000 95.501266
-0.001387 0.072232 240.000000 86.197123
0.008095 0.025013 240.000000 33.514694
0.002781 0.061920 240.000000 76.763047
-0.004879 0.025300 240.000000 22.552386
-0.001830 0.048207 240.000000 53.947402
-0.006982 0.015234 240.000000 14.127709
-0.000182 0.023225 240.000000 22.996937
-0.007030 0.071497 240.000000 79.774651
-0.008068 0.090455 240.000000 103.823224
0.001634 0.087962 240.000000 110.268064
-0.003430 0.042326 240.000000 44.805828
0.005017 0.090660 240.000000 117.491349
-0.002416 0.009657 240.000000 9.765211
0.002448 0.030263 240.000000 34.431655
0.008352 0.073920 240.000000 98.821013
-0.002018 0.053445 240.000000 60.675225
-0.001335 0.089549 240.000000 109.292346
0.004370 0.050439 240.000000 63.157580
-0.005489 0.049947 240.000000 52.936229
0.003992 0.042465 240.000000 52.151705
-0.002569 0.006123 240.000000 10.580237
0.005145 0.038758 240.000000 48.454302
-0.006811 0.027153 240.000000 23.799139
0.007948 0.090855 240.000000 120.969432
-0.001056 0.068463 240.000000 81.520909
0.009706 0.029872 240.000000 41.786113
0.001637 0.031650 240.000000 35.466830
-0.002829 0.041622 240.000000 44.413537
-0.004270 0.026052 240.000000 23.734217
-0.008404 0.008333 240.000000 16.689286
0.006738 0.061429 240.000000 80.372156
0.007069 0.021336 240.000000 27.525843
-0.001593 0.044147 240.000000 48.830690
0.008965 0.027750 240.000000 38.122881
-0.003675 0.002506 240.000000 14.653323
0.001956 0.012443 240.000000 11.542146
0.002782 0.068263 240.000000 85.215987
-0.007326 0.035161 240.000000 32.845481
-0.000391 0.051533 240.000000 59.723779
0.006837 0.033650 240.000000 43.518907
0.008756 0.037020 240.000000 50.147864
0.009892 0.065800 240.000000 89.729474
0.008931 0.095252 240.000000 127.932763
-0.009883 0.052708 240.000000 52.948754
-0.002664 0.088881 240.000000 107.048468
-0.002075 0.010656 240.000000 9.815297
-0.005004 0.048572 240.000000 51.565827
-0.005193 0.056435 240.000000 61.664199
-0.008732 0.059113 240.000000 62.087091
0.002714 0.008553 240.000000 8.005438
-0.004892 0.017532 240.000000 14.751901
0.001834 0.072231 240.000000 89.505580
0.003420 0.060740 240.000000 75.866162
0.009498 0.012075 240.000000 18.413833
-0.008061 0.059553 240.000000 63.223055
-0.003461 0.082609 240.000000 97.909319
0.002103 0.067435 240.000000 83.396958
-0.001313 0.081756 240.000000 98.938757
0.004130 0.015540 240.000000 16.962836
-0.002841 0.035443 240.000000 36.410354
-0.002739 0.095711 240.000000 116.061753
0.007066 0.004992 240.000000 7.481995
0.003945 0.007441 240.000000 7.527154
-0.001724 0.074325 240.000000 88.639469
-0.006883 0.051865 240.000000 54.245734
-0.005956 0.014753 240.000000 13.366415
0.004926 0.007956 240.000000 8.641333
0.007620 0.033232 240.000000 43.838969
-0.009302 0.087799 240.000000 99.151098
0.003358 0.013156 240.000000 13.341447
0.003670 0.070978 240.000000 89.778679
-0.008840 0.048685 240.000000 48.624292
-0.001063 0.055648 240.000000 64.513524
-0.000774 0.078759 240.000000 95.500953
0.009843 0.099838 240.000000 135.072086
-0.001739 0.014230 240.000000 12.066371
0.009135 0.099226 240.000000 133.464271
0.003647 0.089602 240.000000 114.598477
0.004991 0.077005 240.000000 99.238988
-0.007613 0.019067 240.000000 16.307474
-0.004698 0.077602 240.000000 90.049300
0.000370 0.073826 240.000000 90.109801
0.001591 0.062392 240.000000 76.149028
-0.003435 0.088018 240.000000 105.123843
0.008166 0.067187 240.000000 89.634378
-0.002435 0.010488 240.000000 9.951418
0.004459 0.045744 240.000000 57.004434
-0.009594 0.051083 240.000000 51.102792
0.000632 0.036593 240.000000 40.996953
0.000300 0.090791 240.000000 112.640478
0.001872 0.047674 240.000000 56.873610
0.005826 0.066799 240.000000 86.533665
0.001506 0.037320 240.000000 42.801272
-0.009481 0.085899 240.000000 96.478956
-0.008624 0.094955 240.000000 109.245363
0.000985 0.001746 240.000000 9.237244
0.001756 0.012012 240.000000 10.967499
-0.001633 0.057074 240.000000 65.843778
-0.000641 0.061814 240.000000 73.107323
-0.004519 0.065918 240.000000 74.765122
-0.009614 0.068124 240.000000 73.049360
0.001128 0.058025 240.000000 69.863396
0.008677 0.043714 240.000000 58.948906
-0.000018 0.049501 240.000000 57.401091
0.006407 0.050265 240.000000 65.132135
0.002902 0.038121 240.000000 45.257857
0.008271 0.072143 240.000000 96.361441
0.006907 0.042031 240.000000 54.724718
0.003571 0.016776 240.000000 18.009519
-0.003346 0.095026 240.000000 114.534197
0.001627 0.010743 240.000000 9.629010
-0.007591 0.049079 240.000000 50.084574
-0.005102 0.091695 240.000000 108.348477
-0.007836 0.037448 240.000000 35.308648
0.003992 0.056328 240.000000 70.597005
0.009544 0.010680 240.000000 16.736250
-0.002318 0.019372 240.000000 17.067090
0.009924 0.004315 240.000000 9.918616
0.006476 0.056263 240.000000 73.198547
0.008143 0.068727 240.000000 91.663370
0.008049 0.075703 240.000000 100.863135
-0.006387 0.089964 240.000000 104.791313
-0.004318 0.029339 240.000000 27.645738
-0.009397 0.071220 240.000000 77.279255
-0.008241 0.015910 240.000000 15.144583
-0.004779 0.017777 240.000000 14.947525
-0.006927 0.067289 240.000000 74.336620
0.005139 0.096398 240.000000 125.283036
0.000405 0.074923 240.000000 91.605410
0.004391 0.039197 240.000000 48.232787
0.002146 0.019513 240.000000 20.214234
0.008433 0.039866 240.000000 53.559143
-0.005426 0.015549 240.000000 13.507399
0.008665 0.015095 240.000000 21.248923
0.006934 0.060061 240.000000 78.765869
0.004201 0.092712 240.000000 119.346858
0.005812 0.028364 240.000000 35.397678
0.000301 0.079413 240.000000 97.479316
-0.008590 0.013052 240.000000 15.217633
-0.008478 0.078096 240.000000 87.128300
-0.000985 0.059952 240.000000 70.293872
-0.006842 0.081072 240.000000 92.581590
0.001074 0.081733 240.000000 101.373751
0.006547 0.005708 240.000000 7.693005
-0.003736 0.004373 240.000000 13.171294
0.003671 0.018730 240.000000 20.594680
-0.009038 0.070974 240.000000 77.275077
-0.002083 0.072983 240.000000 86.497312
-0.000828 0.046301 240.000000 52.386880
0.003783 0.074605 240.000000 94.736558
0.005648 0.065250 240.000000 84.272706
0.000813 0.044676 240.000000 51.836096
0.005270 0.077233 240.000000 99.845704
0.007184 0.092234 240.000000 121.965313
0.002558 0.048804 240.000000 59.078312
0.000515 0.087868 240.000000 108.967583
-0.002320 0.059039 240.000000 67.776924
-0.007647 0.033699 240.000000 30.910402
-0.005786 0.005008 240.000000 15.443741
-0.002430 0.007905 240.000000 9.819874
-0.005626 0.085620 240.000000 99.773311
0.005053 0.086694 240.000000 112.236109
-0.009418 0.068994 240.000000 74.352511
-0.006304 0.077300 240.000000 88.108035
-0.003525 0.011179 240.000000 10.799232
-0.007420 0.079984 240.000000 90.598622
0.007512 0.099329 240.000000 131.797672
-0.008672 0.099770 240.000000 115.573533
0.007842 0.069949 240.000000 92.957104
-0.004062 0.027575 240.000000 25.668661
0.002269 0.030940 240.000000 35.147088
0.008450 0.042635 240.000000 57.256892
-0.004058 0.061910 240.000000 69.911072
0.000248 0.008244 240.000000 7.917180
0.007087 0.027987 240.000000 36.299636
-0.000583 0.045116 240.000000 51.058488
-0.000642 0.063676 240.000000 75.578561
-0.002369 0.042233 240.000000 45.617187
-0.008954 0.065298 240.000000 69.933888
0.002864 0.059655 240.000000 73.833503
0.003286 0.005065 240.000000 5.978744
-0.008985 0.083610 240.000000 93.922817
0.001796 0.037846 240.000000 43.781033
-0.003208 0.089087 240.000000 106.773726
-0.001994 0.072313 240.000000 85.696626
0.004474 0.059837 240.000000 75.787474
0.003344 0.094331 240.000000 120.585755
0.002755 0.094856 240.000000 120.655944
0.005161 0.016380 240.000000 19.039693
-0.008808 0.084882 240.000000 95.763604
-0.001508 0.008598 240.000000 8.997483
0.006867 0.045119 240.000000 58.788794
0.008628 0.082879 240.000000 111.081373
-0.002977 0.051679 240.000000 57.445049
0.003183 0.029544 240.000000 34.214630
0.006271 0.067970 240.000000 88.581989
-0.003707 0.030020 240.000000 28.890675
0.001556 0.075217 240.000000 93.193846
0.003629 0.087215 240.000000 111.394196
0.001030 0.085548 240.000000 106.413822
0.001028 0.064134 240.000000 77.886615
-0.007356 0.026640 240.000000 23.055111
0.007131 0.037616 240.000000 49.107682
-0.006191 0.012782 240.000000 13.026064
-0.007081 0.098543 240.000000 115.490851
0.001766 0.054848 240.000000 66.294070
0.001410 0.039462 240.000000 45.534047
0.003685 0.086372 240.000000 110.329394
-0.001050 0.086676 240.000000 105.758888
-0.008707 0.085716 240.000000 96.958496
-0.009086 0.094351 240.000000 108.006970
-0.009766 0.049896 240.000000 49.473399
0.008912 0.085276 240.000000 114.598549
-0.001653 0.050068 240.000000 56.568303
-0.005650 0.062340 240.000000 68.998131
-0.000279 0.075151 240.000000 91.205833
0.000530 0.067014 240.000000 81.205942
-0.009621 0.045059 240.000000 43.518501
0.006193 0.045804 240.000000 58.958300
-0.004008 0.034803 240.000000 34.669470
0.003029 0.078338 240.000000 98.910133
0.000578 0.041159 240.000000 46.959577
0.004905 0.025990 240.000000 31.301233
0.001190 0.027656 240.000000 29.831907
-0.003201 0.014920 240.000000 12.609199
-0.005861 0.042648 240.000000 43.218036
-0.001287 0.066159 240.000000 78.229659
0.007773 0.092919 240.000000 123.530374
0.006763 0.077771 240.000000 102.197339
-0.006460 0.083682 240.000000 96.399859
0.006286 0.079551 240.000000 104.048561
-0.001866 0.034965 240.000000 36.610279
-0.006434 0.031275 240.000000 28.706599
0.005354 0.052658 240.000000 67.170279
0.007555 0.053663 240.000000 70.928243
-0.000795 0.015022 240.000000 13.030960
0.000897 0.058616 240.000000 70.413133
-0.004752 0.001968 240.000000 16.643189
-0.004554 0.038043 240.000000 38.364500
0.003406 0.068436 240.000000 86.106957
-0.001770 0.076905 240.000000 92.023089
-0.004938 0.075388 240.000000 86.885229
0.004526 0.060044 240.000000 76.117872
0.005083 0.021633 240.000000 25.770018
0.005001 0.046538 240.000000 58.641826
0.007076 0.041662 240.000000 54.421750
-0.008566 0.078221 240.000000 87.212132
0.003847 0.023477 240.000000 26.920256
0.007042 0.034898 240.000000 45.401451
0.006842 0.048105 240.000000 62.736019
0.008990 0.053239 240.000000 71.975139
-0.001133 0.057014 240.000000 66.253742
-0.002869 0.079253 240.000000 94.042149
0.008215 0.012286 240.000000 17.151315
0.009875 0.073244 240.000000 99.631577
0.003999 0.016708 240.000000 18.321108
0.005816 0.073095 240.000000 94.919950
-0.002239 0.028226 240.000000 27.710951
-0.006603 0.064812 240.000000 71.377914
-0.005116 0.085524 240.000000 100.143327
-0.001740 0.095502 240.000000 116.805029
-0.002113 0.078575 240.000000 93.897262
0.003280 0.091323 240.000000 116.501819
0.007825 0.036160 240.000000 47.952241
-0.007736 0.014966 240.000000 14.563939
0.009525 0.004492 240.000000 9.617409
0.007676 0.032020 240.000000 42.295424
-0.006252 0.046977 240.000000 48.457241
-0.001900 0.021871 240.000000 20.154939
-0.006931 0.095102 240.000000 111.073003
-0.002107 0.058551 240.000000 67.338124
-0.002930 0.036024 240.000000 37.083227
0.009422 0.092608 240.000000 124.952257
-0.007391 0.057711 240.000000 61.400406
0.003232 0.036231 240.000000 43.093390
-0.007461 0.090831 240.000000 104.901432
-0.002599 0.034045 240.000000 34.813483
0.008079 0.042849 240.000000 57.121564
0.001101 0.095980 240.000000 120.400670
0.001197 0.020186 240.000000 20.272524
-0.006350 0.085972 240.000000 99.536265
-0.001209 0.016233 240.000000 14.135860
-0.007965 0.034517 240.000000 31.706140
-0.007568 0.094961 240.000000 110.268353
-0.000180 0.009031 240.000000 8.378968
-0.003364 0.094085 240.000000 113.264155
0.006656 0.015281 240.000000 19.204306
-0.002127 0.009368 240.000000 9.522482
0.003797 0.019474 240.000000 21.671432
-0.005844 0.057380 240.000000 62.318892
-0.001051 0.067591 240.000000 80.368958
-0.009483 0.078757 240.000000 87.081026
0.001513 0.082215 240.000000 102.476202
0.002180 0.069400 240.000000 86.097060
-0.007002 0.042799 240.000000 42.538676
-0.008761 0.008174 240.000000 17.253660
0.009069 0.028837 240.000000 39.677460
0.008116 0.088319 240.000000 117.771304
0.009026 0.091603 240.000000 123.168094
-0.002056 0.015922 240.000000 13.568238
-0.002967 0.093866 240.000000 113.374419
0.004283 0.067209 240.000000 85.408791
-0.007206 0.099836 240.000000 117.085013
-0.005615 0.013520 240.000000 12.749934
-0.001733 0.036271 240.000000 38.416428
0.006655 0.025409 240.000000 32.419313
0.007556 0.040448 240.000000 53.344594
-0.008779 0.025919 240.000000 22.000737
-0.002597 0.050992 240.000000 56.895406
0.009712 0.069864 240.000000 94.940625
0.006320 0.071649 240.000000 93.543847
0.009967 0.027154 240.000000 38.510023
-0.006933 0.059203 240.000000 63.741352
-0.009839 0.091754 240.000000 103.866947
-0.008554 0.091477 240.000000 104.711758
-0.008361 0.023021 240.000000 19.399283
-0.002221 0.067538 240.000000 79.131776
0.009099 0.072940 240.000000 98.351991
-0.007210 0.068894 240.000000 76.187120
-0.006145 0.040186 240.000000 39.871714
-0.000965 0.095961 240.000000 118.216533
-0.004753 0.038375 240.000000 38.632344
0.009841 0.080023 240.000000 108.634320
0.002388 0.008910 240.000000 8.210820
0.005872 0.027472 240.000000 34.285941
-0.006661 0.079334 240.000000 90.456740
0.001214 0.038726 240.000000 44.369102
0.004051 0.067620 240.000000 85.707341
0.006842 0.056617 240.000000 74.074248
-0.009527 0.061166 240.000000 64.084714
-0.006526 0.055120 240.000000 58.772656
0.006844 0.062637 240.000000 82.099427
0.008371 0.086567 240.000000 115.716563
0.000598 0.088473 240.000000 109.860466
-0.009836 0.015252 240.000000 16.326727
0.002000 0.006718 240.000000 6.793644
0.003488 0.052693 240.000000 65.221249
0.004842 0.085042 240.000000 109.802791
0.001460 0.036114 240.000000 41.165956
-0.004040 0.045744 240.000000 48.721486
-0.006606 0.077531 240.000000 88.126847
0.000071 0.024625 240.000000 24.965220
0.006900 0.052885 240.000000 69.164375
-0.002139 0.092646 240.000000 112.592581
-0.000321 0.035043 240.000000 38.076106
-0.003421 0.090983 240.000000 109.079932
-0.006628 0.063540 240.000000 69.686738
-0.003388 0.075006 240.000000 87.888462
0.005282 0.092052 240.000000 119.636631
0.003842 0.073120 240.000000 92.818715
0.004414 0.093747 240.000000 120.958496
-0.000036 0.007371 240.000000 7.876390
0.000459 0.056889 240.000000 67.674097
-0.008454 0.007683 240.000000 17.154709
-0.000237 0.010634 240.000000 9.276616
-0.000068 0.022666 240.000000 22.384273
-0.006959 0.030966 240.000000 28.061279
-0.005859 0.052440 240.000000 55.859719
0.008391 0.071554 240.000000 95.710267
0.007420 0.084339 240.000000 111.688165
-0.003292 0.041007 240.000000 43.213787
0.008592 0.021009 240.000000 28.833384
0.008264 0.009628 240.000000 13.916401
0.003967 0.085077 240.000000 108.903775
0.000349 0.096130 240.000000 119.810592
-0.009375 0.094963 240.000000 108.541128
0.005910 0.069340 240.000000 90.013472
0.008250 0.019046 240.000000 25.874599
0.003499 0.097065 240.000000 124.400336
0.004230 0.099525 240.000000 128.471971
-0.002084 0.035493 240.000000 37.106446
0.004793 0.098303 240.000000 127.450499
0.009705 0.073782 240.000000 100.156402
-0.009915 0.030813 240.000000 26.693946
-0.003728 0.033272 240.000000 32.945764
0.005566 0.026245 240.000000 32.338264
0.007185 0.001134 240.000000 5.464777
0.005744 0.063838 240.000000 82.495608
0.008449 0.097249 240.000000 130.060223
0.007837 0.026063 240.000000 34.603343
0.006446 0.044208 240.000000 57.112729
-0.003211 0.023539 240.000000 21.368483
-0.003044 0.059649 240.000000 67.888637
0.004319 0.095008 240.000000 122.538814
0.001517 0.090567 240.000000 113.617788
0.000396 0.099286 240.000000 124.067323
0.004165 0.046313 240.000000 57.449104
0.003166 0.031559 240.000000 36.852313
0.007190 0.032228 240.000000 42.024998
-0.001172 0.067057 240.000000 79.538278
-0.001517 0.053184 240.000000 60.812274
-0.005372 0.033436 240.000000 31.980889
0.003363 0.024677 240.000000 28.008333
0.001233 0.039939 240.000000 45.988815
0.001973 0.080536 240.000000 100.722973
0.003169 0.024011 240.000000 26.949568
0.000110 0.088284 240.000000 109.099874
0.008742 0.052286 240.000000 70.425347
0.003739 0.033571 240.000000 40.095269
0.001463 0.078287 240.000000 97.188185
0.007108 0.096764 240.000000 127.928763
0.004059 0.083192 240.000000 106.489031
0.001926 0.094119 240.000000 118.789760
0.002289 0.011572 240.000000 10.782136
0.005163 0.037203 240.000000 46.408308
-0.008135 0.066141 240.000000 71.750021
0.007070 0.073537 240.000000 96.887834
0.000315 0.083487 240.000000 102.919911
0.001672 0.040332 240.000000 46.942581
-0.004930 0.055661 240.000000 60.887429
0.005007 0.035881 240.000000 44.487710
0.004072 0.037125 240.000000 45.147480
0.005459 0.097359 240.000000 126.914830
0.004145 0.038736 240.000000 47.361081
-0.003340 0.068048 240.000000 78.712708
0.001754 0.023421 240.000000 24.863543
-0.002866 0.093773 240.000000 113.352971
0.007690 0.008465 240.000000 11.870282
-0.003924 0.033098 240.000000 32.580250
-0.007213 0.083989 240.000000 96.085816
0.007570 0.022998 240.000000 30.268493
0.001274 0.053058 240.000000 63.413552
0.006178 0.080744 240.000000 105.521513
0.007802 0.063549 240.000000 84.377553
0.005204 0.083618 240.000000 108.295564
0.007981 0.033548 240.000000 44.663370
0.001079 0.047564 240.000000 55.925954
-0.009371 0.040859 240.000000 38.514425
0.006351 0.087407 240.000000 114.605581
-0.006741 0.072013 240.000000 80.721513
0.004006 0.012180 240.000000 12.702404
0.009016 0.072649 240.000000 97.869707
0.003131 0.039871 240.000000 47.811073
-0.009899 0.090725 240.000000 102.454402
-0.001048 0.048872 240.000000 55.568023
-0.006799 0.004377 240.000000 17.345186
-0.004926 0.024078 240.000000 21.159504
0.008365 0.021149 240.000000 28.752585
0.002403 0.078187 240.000000 98.044233
0.006941 0.047299 240.000000 61.772599
-0.007010 0.086113 240.000000 99.089355
-0.001145 0.021727 240.000000 20.456917
0.003799 0.016613 240.000000 18.013349
0.003149 0.055243 240.000000 68.259253
0.005529 0.076756 240.000000 99.492385
0.009835 0.021517 240.000000 30.960269
-0.009022 0.002647 240.000000 22.033999
0.003766 0.061057 240.000000 76.656122
0.005206 0.020746 240.000000 24.739856
-0.005583 0.065604 240.000000 73.353249
0.001912 0.061322 240.000000 75.058564
0.004650 0.004042 240.000000 5.572879
0.000061 0.084682 240.000000 104.249793
0.000774 0.086449 240.000000 107.346601
-0.001300 0.030725 240.000000 31.625746
-0.002771 0.049148 240.000000 54.308584
0.007999 0.052120 240.000000 69.369487
0.001529 0.097943 240.000000 123.470518
0.006013 0.046044 240.000000 59.080886
-0.009843 0.015810 240.000000 16.366212
-0.003823 0.058913 240.000000 66.180423
0.006480 0.097271 240.000000 127.914087
0.004822 0.048867 240.000000 61.547823
-0.006242 0.033752 240.000000 31.802261
-0.005003 0.092503 240.000000 109.519587
-0.003972 0.062985 240.000000 71.411190
-0.008655 0.095702 240.000000 110.204586
-0.001948 0.046440 240.000000 51.513382
-0.005881 0.059796 240.000000 65.450854
0.004884 0.090476 240.000000 117.100435
-0.008802 0.051252 240.000000 51.918025
-0.006420 0.033978 240.000000 31.965196
0.001364 0.009946 240.000000 8.841086
0.006128 0.011723 240.000000 14.144253
-0.000137 0.071124 240.000000 85.992092
0.005207 0.021036 240.000000 25.120145
0.000506 0.096376 240.000000 120.302497
0.003855 0.066860 240.000000 84.484701
0.008286 0.070717 240.000000 94.476059
0.003176 0.032788 240.000000 38.484146
0.001278 0.088847 240.000000 111.073748
0.002085 0.084895 240.000000 106.654406
0.004165 0.049307 240.000000 61.431972
0.008407 0.096796 240.000000 129.408659
-0.008328 0.092876 240.000000 106.776703
-0.000006 0.045317 240.000000 51.880400
0.001148 0.033514 240.000000 37.445759
0.007695 0.018787 240.000000 24.901347
0.003860 0.009836 240.000000 9.884652
-0.007035 0.096939 240.000000 113.409100
-0.002796 0.013337 240.000000 11.438859
-0.001916 0.075300 240.000000 89.743569
0.005678 0.005698 240.000000 7.001505
0.002537 0.033055 240.000000 38.194509
0.007871 0.091869 240.000000 122.237341
0.002519 0.014169 240.000000 13.905408
0.001966 0.039494 240.000000 46.128772
-0.007931 0.031682 240.000000 28.411703
0.004590 0.006837 240.000000 7.326897
-0.009653 0.033392 240.000000 29.593634
-0.008896 0.088230 240.000000 100.099555
0.007268 0.003618 240.000000 6.519686
0.000442 0.029805 240.000000 31.945560
-0.008199 0.020106 240.000000 17.142979
0.001011 0.086641 240.000000 107.851141
-0.007765 0.019680 240.000000 16.752220
-0.004826 0.011261 240.000000 11.782154
0.009945 0.010971 240.000000 17.588869
0.004570 0.073640 240.000000 94.294834
0.008945 0.058524 240.000000 78.962927
0.004336 0.058462 240.000000 73.806306
-0.007368 0.041251 240.000000 40.324761
-0.002455 0.052148 240.000000 58.551342
-0.002780 0.003728 240.000000 12.406467
-0.009058 0.071225 240.000000 77.584586
0.007305 0.022844 240.000000 29.767738
-0.000592 0.038943 240.000000 42.932119
0.000603 0.026547 240.000000 27.873962
-0.007317 0.045507 240.000000 45.737063
0.007614 0.057998 240.000000 76.768910
-0.002422 0.078326 240.000000 93.255828
-0.001529 0.082168 240.000000 99.267451
0.002487 0.016483 240.000000 16.700040
-0.001135 0.071826 240.000000 85.912063
-0.009823 0.078192 240.000000 86.033026
0.004374 0.049394 240.000000 61.770763
0.003845 0.002799 240.000000 5.811632
-0.002124 0.079085 240.000000 94.564797
-0.004318 0.071840 240.000000 82.785923
-0.004107 0.096951 240.000000 116.326195
-0.003593 0.076602 240.000000 89.803452
0.005143 0.067929 240.000000 87.297081
-0.003230 0.038192 240.000000 39.625269
0.009019 0.099221 240.000000 133.327530
0.003568 0.075612 240.000000 95.849101
0.004425 0.096377 240.000000 124.479855
0.007384 0.097417 240.000000 129.105241
0.001398 0.072610 240.000000 89.556001
-0.008145 0.007900 240.000000 16.607920
-0.000659 0.096592 240.000000 119.374934
-0.001650 0.011585 240.000000 10.107080
-0.008728 0.084809 240.000000 95.741547
-0.009603 0.060727 240.000000 63.454637
0.003938 0.020512 240.000000 23.152474
0.001789 0.005895 240.000000 6.668797
0.009275 0.069085 240.000000 93.409449
0.002219 0.059519 240.000000 72.978541
0.004105 0.036902 240.000000 44.887830
-0.008844 0.074255 240.000000 81.747130
-0.004791 0.065462 240.000000 73.907254
0.002114 0.030661 240.000000 34.629009
-0.001421 0.038170 240.000000 41.163124
-0.005914 0.069908 240.000000 78.716791
-0.004477 0.092862 240.000000 110.519801
-0.004834 0.094643 240.000000 112.529706
-0.000353 0.014978 240.000000 13.150651
-0.008453 0.080340 240.000000 90.106447
-0.001116 0.098654 240.000000 121.648871
-0.001746 0.047187 240.000000 52.684736
-0.009005 0.091245 240.000000 103.978682
0.004917 0.054466 240.000000 69.106242
0.004917 0.062379 240.000000 79.651941
-0.007174 0.062097 240.000000 67.309846
-0.003298 0.077125 240.000000 90.788857
0.001305 0.024325 240.000000 25.628402
0.006212 0.089090 240.000000 116.698959
0.006583 0.060055 240.000000 78.370308
0.002571 0.025314 240.000000 28.073037
0.004271 0.025678 240.000000 30.232955
0.000832 0.070095 240.000000 85.618692
-0.006736 0.052675 240.000000 55.417805
0.006459 0.031317 240.000000 40.009587
0.006653 0.052944 240.000000 68.970891
-0.002388 0.043287 240.000000 46.976658
0.008084 0.066792 240.000000 89.016469
-0.002429 0.027334 240.000000 26.457666
0.002762 0.037891 240.000000 44.811029
0.009333 0.080701 240.000000 108.966864
0.004435 0.041526 240.000000 51.372313
0.009558 0.055158 240.000000 75.173984
-0.006036 0.002175 240.000000 18.246192
-0.001959 0.002980 240.000000 11.929972
-0.006238 0.055517 240.000000 59.539135
-0.005775 0.051478 240.000000 54.680734
0.001043 0.040130 240.000000 46.055552
-0.008678 0.058633 240.000000 61.510086
-0.007285 0.079538 240.000000 90.137731
-0.005794 0.019177 240.000000 16.124021
0.006677 0.036327 240.000000 46.892603
-0.002562 0.016728 240.000000 14.232946
-0.007289 0.090220 240.000000 104.257501
0.003580 0.013201 240.000000 13.577524
-0.002573 0.002294 240.000000 13.344952
0.003095 0.059307 240.000000 73.613487
0.002773 0.072558 240.000000 90.931150
-0.004126 0.024671 240.000000 22.199988
-0.000140 0.096105 240.000000 119.265676
0.004735 0.079911 240.000000 102.840089
0.001086 0.011614 240.000000 10.276772
0.008790 0.034213 240.000000 46.465932
-0.001055 0.068384 240.000000 81.416924
0.000925 0.018694 240.000000 18.210050
0.008057 0.024321 240.000000 32.560097
-0.008063 0.064708 240.000000 69.940183
0.002475 0.070744 240.000000 88.198135
-0.004870 0.017612 240.000000 14.815409
-0.005109 0.078922 240.000000 91.399414
0.004188 0.070877 240.000000 90.197399
0.005474 0.075135 240.000000 97.269833
0.005668 0.033645 240.000000 42.232347
-0.007369 0.086838 240.000000 99.705180
0.001135 0.035903 240.000000 40.572319
-0.002063 0.065598 240.000000 76.715385
0.003154 0.059868 240.000000 74.422886
0.009365 0.056868 240.000000 77.232223
0.000925 0.090154 240.000000 112.445583
0.000474 0.099999 240.000000 125.101421
0.006731 0.096518 240.000000 127.184957
0.008769 0.055514 240.000000 74.754571
0.003780 0.026379 240.000000 30.654703
0.000405 0.059336 240.000000 70.869641
0.001477 0.087483 240.000000 109.463141
0.008852 0.051340 240.000000 69.291428
-0.007606 0.099608 240.000000 116.392257
0.000144 0.074375 240.000000 90.607311
0.004325 0.023877 240.000000 27.925931
0.004951 0.007604 240.000000 8.297301
-0.005542 0.044429 240.000000 45.755735
0.006236 0.076660 240.000000 100.136374
0.003013 0.062321 240.000000 77.542261
-0.001896 0.056083 240.000000 64.278154
-0.004611 0.034227 240.000000 33.495196
0.007196 0.026358 240.000000 34.270105
0.008634 0.075358 240.000000 101.055443
0.003318 0.016486 240.000000 17.415090
0.009523 0.013218 240.000000 19.883530
-0.006495 0.027453 240.000000 24.259379
0.006798 0.042562 240.000000 55.312079
0.009204 0.091757 240.000000 123.573021
0.003722 0.003774 240.000000 5.706874
0.008811 0.077856 240.000000 104.585858
0.004501 0.098436 240.000000 127.311727
0.000461 0.005932 240.000000 7.549206
-0.003625 0.084709 240.000000 100.535482
-0.007797 0.066699 240.000000 72.779718
0.001419 0.035265 240.000000 40.007938
-0.008040 0.018284 240.000000 15.988924
-0.005504 0.054843 240.000000 59.303609
0.005173 0.032290 240.000000 39.904151
0.009323 0.079300 240.000000 107.085697
0.006762 0.014288 240.000000 18.050099
0.007828 0.082607 240.000000 109.828589
-0.005339 0.057963 240.000000 63.534764
-0.001526 0.083818 240.000000 101.465854
0.005109 0.051826 240.000000 65.796609
0.001493 0.005562 240.000000 6.826310
0.000723 0.005776 240.000000 7.362048
0.007270 0.087080 240.000000 115.180246
0.002379 0.030650 240.000000 34.871844
0.000538 0.061911 240.000000 74.427158
0.003745 0.050087 240.000000 62.024590
-0.003567 0.006731 240.000000 11.464822
0.009163 0.077713 240.000000 104.789613
-0.002049 0.079408 240.000000 95.070289
-0.006321 0.052589 240.000000 55.656866
-0.007896 0.089289 240.000000 102.443831
0.001562 0.089986 240.000000 112.891030
0.008875 0.002354 240.000000 7.063746
0.007137 0.080619 240.000000 106.410051
0.004240 0.056532 240.000000 71.132425
0.001176 0.070834 240.000000 86.958447
0.000990 0.074378 240.000000 91.486467
-0.005082 0.065972 240.000000 74.305257
-0.008582 0.084005 240.000000 94.818491
0.002948 0.084628 240.000000 107.214724
-0.001699 0.089839 240.000000 109.305628
0.009941 0.016549 240.000000 24.644308
0.005156 0.050611 240.000000 64.230406
-0.002873 0.090049 240.000000 108.390730
0.004311 0.013635 240.000000 14.746170
0.009056 0.070573 240.000000 95.146478
-0.006603 0.050928 240.000000 53.266141
-0.008260 0.041234 240.000000 39.688548
-0.001948 0.076802 240.000000 91.706625
0.002915 0.074662 240.000000 93.885963
-0.001834 0.092155 240.000000 112.250871
-0.006109 0.099795 240.000000 118.109443
-0.006564 0.024965 240.000000 21.530908
-0.001119 0.001275 240.000000 12.342188
0.003127 0.032321 240.000000 37.817991
-0.005282 0.065939 240.000000 74.075697
0.001843 0.086353 240.000000 108.342051
-0.006271 0.049419 240.000000 51.591500
0.009453 0.027794 240.000000 38.748800
0.005796 0.034951 240.000000 44.102554
0.004865 0.022469 240.000000 26.638141
0.005900 0.062732 240.000000 81.190323
-0.008546 0.020624 240.000000 17.576612
0.001258 0.032681 240.000000 36.456727
-0.001746 0.045614 240.000000 50.616457
-0.009439 0.004244 240.000000 21.171566
0.003722 0.003234 240.000000 5.770537
-0.004826 0.012822 240.000000 12.053487
-0.009082 0.064899 240.000000 69.304807
0.008170 0.026712 240.000000 35.839590
-0.007000 0.038219 240.000000 36.801051
0.002584 0.036905 240.000000 43.326490
0.000755 0.017163 240.000000 16.234417
-0.009975 0.091271 240.000000 103.102766
-0.009524 0.075522 240.000000 82.798645
-0.002140 0.008459 240.000000 9.492232
-0.002458 0.080515 240.000000 96.130341
-0.006849 0.062133 240.000000 67.644441
-0.002457 0.005553 240.000000 10.747628
0.009273 0.048109 240.000000 65.471019
0.002843 0.088614 240.000000 112.420425
-0.009488 0.002958 240.000000 22.408623
-0.003548 0.012518 240.000000 11.250495
-0.000932 0.099918 240.000000 123.524389
-0.008315 0.092121 240.000000 105.790941
-0.001984 0.055097 240.000000 62.890110
0.007717 0.043487 240.000000 57.563434
0.006994 0.080351 240.000000 105.894962
-0.005347 0.094995 240.000000 112.488173
-0.004078 0.053023 240.000000 58.198836
0.005134 0.071602 240.000000 92.186765
-0.009896 0.028150 240.000000 23.988407
-0.007477 0.017140 240.000000 15.165937
0.009360 0.049625 240.000000 67.585625
0.007765 0.091195 240.000000 121.220213
-0.006192 0.009532 240.000000 13.397294
-0.000027 0.002755 240.000000 9.647937
0.008127 0.085140 240.000000 113.540073
-0.006329 0.006113 240.000000 15.365267
0.008883 0.016202 240.000000 22.929231
0.006602 0.025429 240.000000 32.386429
-0.005114 0.085337 240.000000 99.897614
0.003360 0.077364 240.000000 97.962788
-0.008674 0.092390 240.000000 105.804496
-0.009219 0.064171 240.000000 68.241820
-0.001044 0.013281 240.000000 11.319822
0.007659 0.014757 240.000000 19.651650
0.001463 0.064654 240.000000 79.026551
-0.003670 0.034271 240.000000 34.253602
-0.004095 0.026534 240.000000 24.402016
0.005809 0.015209 240.000000 18.208157
-0.003782 0.021516 240.000000 18.806789
0.008039 0.027050 240.000000 36.135450
-0.001144 0.099184 240.000000 122.326725
0.000453 0.003155 240.000000 8.779485
0.008223 0.029575 240.000000 39.679117
-0.007474 0.081734 240.000000 92.859729
-0.008050 0.047424 240.000000 47.617097
-0.004046 0.072213 240.000000 83.544339
0.004861 0.022017 240.000000 26.041084
0.008684 0.076152 240.000000 102.169590
-0.003017 0.046192 240.000000 50.211099
-0.006334 0.067520 240.000000 75.182209
0.009020 0.011256 240.000000 16.813752
-0.006578 0.084186 240.000000 96.953053
-0.004499 0.017549 240.000000 14.757383
0.000098 0.004008 240.000000 8.639466
0.002802 0.094262 240.000000 119.912882
0.008474 0.029689 240.000000 40.116992
0.000289 0.041095 240.000000 46.594963
0.006562 0.056538 240.000000 73.659190
0.001669 0.003696 240.000000 7.164668
0.003302 0.059649 240.000000 74.287862
0.004618 0.045533 240.000000 56.894613
-0.004136 0.084533 240.000000 99.794103
-0.006585 0.064632 240.000000 71.157598
0.003151 0.045257 240.000000 54.981144
-0.000539 0.044707 240.000000 50.562017
-0.007691 0.044514 240.000000 44.197006
-0.005057 0.077143 240.000000 89.093653
0.002856 0.032075 240.000000 37.220536
-0.000619 0.005611 240.000000 8.641290
0.005177 0.005110 240.000000 6.247715
0.005896 0.050772 240.000000 65.248466
0.004440 0.079999 240.000000 102.638894
0.000590 0.072305 240.000000 88.311615
-0.003153 0.018296 240.000000 15.635091
-0.003443 0.020251 240.000000 17.570792
-0.005593 0.065514 240.000000 73.226429
-0.002335 0.053750 240.000000 60.776467
-0.005120 0.055565 240.000000 60.589316
-0.003842 0.009620 240.000000 10.932649
-0.000804 0.047345 240.000000 53.787149
0.009056 0.074550 240.000000 100.451151
-0.000303 0.078422 240.000000 95.535564
0.005936 0.063707 240.000000 82.528938
0.000782 0.029980 240.000000 32.481882
0.008744 0.025929 240.000000 35.466357
-0.007568 0.082222 240.000000 93.415090
0.007564 0.018227 240.000000 24.024542
0.003300 0.071696 240.000000 90.341249
0.008497 0.068688 240.000000 92.005623
-0.006423 0.077460 240.000000 88.206023
-0.001921 0.003866 240.000000 11.183584
-0.000335 0.067155 240.000000 80.511710
-0.009052 0.071280 240.000000 77.662023
-0.005500 0.042421 240.000000 43.212968
-0.009805 0.009280 240.000000 17.973995
0.003116 0.080597 240.000000 102.014929
0.008395 0.006665 240.000000 10.599767
0.005111 0.025019 240.000000 30.240000
0.004348 0.029355 240.000000 35.155468
0.006483 0.044222 240.000000 57.171608
0.003535 0.033710 240.000000 40.069097
-0.008015 0.016945 240.000000 15.350023
0.009751 0.002562 240.000000 8.135098
-0.005695 0.046350 240.000000 48.105104
0.009898 0.035916 240.000000 50.001887
0.003724 0.056454 240.000000 70.478410
-0.003918 0.010565 240.000000 10.996069
0.008190 0.063337 240.000000 84.528519
0.006984 0.069515 240.000000 91.427012
0.001823 0.063087 240.000000 77.315019
-0.003395 0.056868 240.000000 63.886784
0.001953 0.045167 240.000000 53.628985
-0.008547 0.004773 240.000000 19.456911
-0.000931 0.043757 240.000000 48.938376
0.005727 0.030454 240.000000 38.069288
-0.004602 0.052006 240.000000 56.396392
-0.005773 0.056216 240.000000 60.860215
0.007227 0.084107 240.000000 111.165187
0.008365 0.099035 240.000000 132.351296
-0.005692 0.053929 240.000000 57.945056
0.002619 0.056485 240.000000 69.356490
0.000234 0.089500 240.000000 110.849615
-0.002416 0.038848 240.000000 41.167248
-0.003829 0.072884 240.000000 84.642984
0.001226 0.074481 240.000000 91.868533
0.003729 0.093630 240.000000 120.063261
0.003229 0.039266 240.000000 47.110638
-0.004533 0.094076 240.000000 112.076530
-0.005253 0.012270 240.000000 12.226837
-0.005922 0.059008 240.000000 64.379885
0.006527 0.060875 240.000000 79.401540
0.005729 0.057038 240.000000 73.413208
-0.001185 0.005777 240.000000 9.173504
-0.008813 0.060662 240.000000 64.027275
0.002842 0.002885 240.000000 6.495901
-0.009460 0.007821 240.000000 18.413111
0.009575 0.009451 240.000000 15.270820
0.004284 0.075013 240.000000 95.819064
-0.008047 0.017789 240.000000 15.740529
-0.003893 0.095948 240.000000 115.207870
-0.008773 0.027575 240.000000 23.639070
0.002370 0.054353 240.000000 66.260740
0.001095 0.062958 240.000000 76.390846
0.000606 0.050580 240.000000 59.449393
0.009946 0.097774 240.000000 132.433902
-0.009231 0.095405 240.000000 109.263067
0.009604 0.003715 240.000000 8.961980
0.008668 0.004546 240.000000 8.687248
-0.009507 0.066560 240.000000 71.103547
0.009142 0.064152 240.000000 86.683178
-0.008069 0.090718 240.000000 104.169712
-0.006096 0.007908 240.000000 13.969067
0.004152 0.075972 240.000000 96.956271
0.008118 0.082381 240.000000 109.850200
0.008657 0.063297 240.000000 84.998620
0.009358 0.010092 240.000000 15.785886
0.002232 0.050366 240.000000 60.817624
0.004735 0.070275 240.000000 89.984423
0.002377 0.064738 240.000000 80.092115
0.004156 0.031626 240.000000 37.955014
-0.004963 0.059088 240.000000 65.354119
0.000116 0.077164 240.000000 94.290927
-0.007454 0.062402 240.000000 67.462125
-0.007692 0.092823 240.000000 107.317877
0.003009 0.080411 240.000000 101.652949
-0.002496 0.009208 240.000000 9.784731
0.000044 0.025418 240.000000 25.950930
-0.002150 0.043843 240.000000 47.920463
-0.002370 0.064987 240.000000 75.603782
0.008894 0.055661 240.000000 75.091983
0.004367 0.010871 240.000000 11.452062
0.005332 0.057287 240.000000 73.314165
0.003788 0.099241 240.000000 127.616618
-0.005987 0.047208 240.000000 48.971873
0.003042 0.091478 240.000000 116.454668
-0.004056 0.077693 240.000000 90.796444
-0.009070 0.047335 240.000000 46.748913
-0.007610 0.054679 240.000000 57.281806
0.009211 0.082501 240.000000 111.229764
-0.005950 0.032664 240.000000 30.660666
0.000518 0.094878 240.000000 118.317975
-0.000574 0.018791 240.000000 17.314697
-0.004121 0.061680 240.000000 69.549081
0.001395 0.079746 240.000000 99.061431
-0.000183 0.056699 240.000000 66.776791
0.007324 0.042024 240.000000 55.180228
0.001926 0.025310 240.000000 27.461849
0.009687 0.027548 240.000000 38.699602
-0.008789 0.064468 240.000000 68.995830
0.006759 0.075395 240.000000 99.023188
0.006344 0.052198 240.000000 67.637569
0.006488 0.099173 240.000000 130.462549
0.002851 0.096238 240.000000 122.601803
-0.002884 0.068790 240.000000 80.140134
0.000368 0.069121 240.000000 83.843134
0.003268 0.016417 240.000000 17.284164
-0.004385 0.032118 240.000000 31.022781
0.006119 0.085750 240.000000 112.139054
0.005820 0.057444 240.000000 74.054200
-0.002650 0.064206 240.000000 74.295670
-0.003819 0.035852 240.000000 36.148585
0.005521 0.072930 240.000000 94.377818
-0.002991 0.080707 240.000000 95.850280
0.001882 0.027622 240.000000 30.429349
0.000503 0.098416 240.000000 123.020085
-0.008034 0.030459 240.000000 26.978994
-0.005396 0.067891 240.000000 76.542351
0.009240 0.010338 240.000000 15.943805
-0.004594 0.026323 240.000000 23.876722
-0.007910 0.097580 240.000000 113.407702
-0.006655 0.061805 240.000000 67.388718
0.006037 0.087292 240.000000 114.107818
0.002716 0.075607 240.000000 94.935818
0.008160 0.048245 240.000000 64.390523
0.003067 0.027013 240.000000 30.775208
-0.007440 0.002723 240.000000 19.713285
0.000911 0.020837 240.000000 20.860440
0.004793 0.023045 240.000000 27.316964
0.001323 0.099352 240.000000 125.132243
0.009232 0.036128 240.000000 49.511641
0.003219 0.086844 240.000000 110.460460
0.001020 0.026292 240.000000 27.911087
0.004379 0.027929 240.000000 33.307018
0.004874 0.008412 240.000000 9.084924
-0.004378 0.015219 240.000000 13.000460
0.009303 0.061646 240.000000 83.526887
0.004202 0.006823 240.000000 7.115171
0.000386 0.083456 240.000000 102.953722
-0.001255 0.002456 240.000000 11.450547
-0.006980 0.020348 240.000000 17.132739
0.004549 0.089397 240.000000 115.296875
0.008093 0.005463 240.000000 8.971769
0.001809 0.051351 240.000000 61.690927
0.008613 0.039937 240.000000 53.857347
-0.004658 0.034317 240.000000 33.574849
-0.006109 0.097846 240.000000 115.521603
-0.002915 0.089574 240.000000 107.715642
0.008779 0.010224 240.000000 15.251059
0.009480 0.099917 240.000000 134.771514
0.007823 0.023324 240.000000 30.982223
0.006790 0.036088 240.000000 46.700723
0.007085 0.061512 240.000000 80.867144
-0.009524 0.081649 240.000000 90.844703
0.001876 0.040821 240.000000 47.795022
-0.002353 0.092724 240.000000 112.477550
0.003736 0.064986 240.000000 81.860011
0.006787 0.092275 240.000000 121.581489
0.000302 0.021818 240.000000 21.609275
-0.006263 0.016736 240.000000 14.468599
-0.001563 0.079644 240.000000 95.874699
-0.006165 0.057002 240.000000 61.540821
-0.003387 0.005964 240.000000 11.653041
0.003453 0.040551 240.000000 49.046294
-0.002011 0.018199 240.000000 15.916051
0.005553 0.091776 240.000000 119.563518
0.006049 0.006928 240.000000 8.482063
-0.001524 0.067563 240.000000 79.857925
-0.003774 0.034918 240.000000 34.995627
-0.005624 0.019952 240.000000 16.797403
-0.002909 0.021768 240.000000 19.481224
0.006048 0.007813 240.000000 9.432345
0.003243 0.061865 240.000000 77.177406
0.009729 0.049962 240.000000 68.455831
-0.006039 0.088579 240.000000 103.293578
-0.009268 0.023435 240.000000 19.784786
0.004126 0.081907 240.000000 104.846154
0.000000 0.100000 260.000000 124.292550
-0.006475 0.004184 260.000000 17.145279
0.000287 0.065128 260.000000 78.292124
0.008232 0.001912 260.000000 6.227589
0.005733 0.086630 260.000000 112.531761
-0.006061 0.076124 260.000000 86.713107
0.001875 0.039256 260.000000 45.655233
0.001333 0.089042 260.000000 111.102254
0.003031 0.065896 260.000000 82.108295
-0.004986 0.081492 260.000000 94.802718
0.008961 0.061646 260.000000 82.837452
0.003142 0.089140 260.000000 113.117639
-0.004135 0.048347 260.000000 52.059339
0.008785 0.057056 260.000000 76.546975
-0.001525 0.088811 260.000000 107.883885
-0.000114 0.035504 260.000000 38.868073
0.003561 0.099916 260.000000 127.893284
0.006004 0.028972 260.000000 36.306089
0.004561 0.067775 260.000000 86.209993
-0.005399 0.018951 260.000000 16.219306
0.001071 0.013086 260.000000 11.883729
0.007735 0.001946 260.000000 5.894864
0.002444 0.039206 260.000000 46.149708
-0.006134 0.006613 260.000000 14.920367
0.006580 0.092528 260.000000 121.291056
-0.001123 0.079027 260.000000 95.307900
-0.001387 0.072232 260.000000 86.041437
0.008095 0.025013 260.000000 33.391933
0.002781 0.061920 260.000000 76.570379
-0.004879 0.025300 260.000000 22.765064
-0.001830 0.048207 260.000000 53.920567
-0.006982 0.015234 260.000000 14.456357
-0.000182 0.023225 260.000000 23.071399
-0.007030 0.071497 260.000000 79.751136
-0.008068 0.090455 260.000000 103.726545
0.001634 0.087962 260.000000 109.978500
-0.003430 0.042326 260.000000 44.852108
0.005017 0.090660 260.000000 117.126920
-0.002416 0.009657 260.000000 9.976725
0.002448 0.030263 260.000000 34.396126
0.008352 0.073920 260.000000 98.473927
-0.002018 0.053445 260.000000 60.625763
-0.001335 0.089549 260.000000 109.054114
0.004370 0.050439 260.000000 62.986725
-0.005489 0.049947 260.000000 52.992898
0.003992 0.042465 260.000000 52.024792
-0.002569 0.006123 260.000000 10.719084
0.005145 0.038758 260.000000 48.321962
-0.006811 0.027153 260.000000 24.062896
0.007948 0.090855 260.000000 120.553217
-0.001056 0.068463 260.000000 81.376163
0.009706 0.029872 260.000000 41.616016
0.001637 0.031650 260.000000 35.443243
-0.002829 0.041622 260.000000 44.447928
-0.004270 0.026052 260.000000 23.919273
-0.008404 0.008333 260.000000 16.882184
0.006738 0.061429 260.000000 80.108574
0.007069 0.021336 260.000000 27.437290
-0.001593 0.044147 260.000000 48.819578
0.008965 0.027750 260.000000 37.973790
-0.003675 0.002506 260.000000 14.703420
0.001956 0.012443 260.000000 11.627519
0.002782 0.068263 260.000000 84.994241
-0.007326 0.035161 260.000000 33.057615
-0.000391 0.051533 260.000000 59.646592
0.006837 0.033650 260.000000 43.378570
0.008756 0.037020 260.000000 49.960000
0.009892 0.065800 260.000000 89.393687
0.008931 0.095252 260.000000 127.480415
-0.009883 0.052708 260.000000 53.112042
-0.002664 0.088881 260.000000 106.840740
-0.002075 0.010656 260.000000 10.030990
-0.005004 0.048572 260.000000 51.617576
-0.005193 0.056435 260.000000 61.676298
-0.008732 0.059113 260.000000 62.176945
0.002714 0.008553 260.000000 8.092454
-0.004892 0.017532 260.000000 15.031171
0.001834 0.072231 260.000000 89.284116
0.003420 0.060740 260.000000 75.666494
0.009498 0.012075 260.000000 18.331369
-0.008061 0.059553 260.000000 63.292139
-0.003461 0.082609 260.000000 97.748371
0.002103 0.067435 260.000000 83.192258
-0.001313 0.081756 260.000000 98.736512
0.004130 0.015540 260.000000 16.964010
-0.002841 0.035443 260.000000 36.482246
-0.002739 0.095711 260.000000 115.823464
0.007066 0.004992 260.000000 7.471057
0.003945 0.007441 260.000000 7.581032
-0.001724 0.074325 260.000000 88.480966
-0.006883 0.051865 260.000000 54.328776
-0.005956 0.014753 260.000000 13.675223
0.004926 0.007956 260.000000 8.664035
0.007620 0.033232 260.000000 43.686930
-0.009302 0.087799 260.000000 99.096923
0.003358 0.013156 260.000000 13.377612
0.003670 0.070978 260.000000 89.527672
-0.008840 0.048685 260.000000 48.783901
-0.001063 0.055648 260.000000 64.431067
-0.000774 0.078759 260.000000 95.301647
0.009843 0.099838 260.000000 134.584197
-0.001739 0.014230 260.000000 12.265568
0.009135 0.099226 260.000000 132.990744
0.003647 0.089602 260.000000 114.263672
0.004991 0.077005 260.000000 98.936444
-0.007613 0.019067 260.000000 16.657716
-0.004698 0.077602 260.000000 89.940009
0.000370 0.073826 260.000000 89.910152
0.001591 0.062392 260.000000 75.977855
-0.003435 0.088018 260.000000 104.936449
0.008166 0.067187 260.000000 89.320587
-0.002435 0.010488 260.000000 10.172153
0.004459 0.045744 260.000000 56.853321
-0.009594 0.051083 260.000000 51.268505
0.000632 0.036593 260.000000 40.971672
0.000300 0.090791 260.000000 112.363861
0.001872 0.047674 260.000000 56.765767
0.005826 0.066799 260.000000 86.262036
0.001506 0.037320 260.000000 42.751821
-0.009481 0.085899 260.000000 96.438987
-0.008624 0.094955 260.000000 109.138849
0.000985 0.001746 260.000000 9.269319
0.001756 0.012012 260.000000 11.062970
-0.001633 0.057074 260.000000 65.767120
-0.000641 0.061814 260.000000 72.985538
-0.004519 0.065918 260.000000 74.710531
-0.009614 0.068124 260.000000 73.109824
0.001128 0.058025 260.000000 69.722148
0.008677 0.043714 260.000000 58.732106
-0.000018 0.049501 260.000000 57.325560
0.006407 0.050265 260.000000 64.924542
0.002902 0.038121 260.000000 45.173716
0.008271 0.072143 260.000000 96.023671
0.006907 0.042031 260.000000 54.545371
0.003571 0.016776 260.000000 18.018142
-0.003346 0.095026 260.000000 114.311710
0.001627 0.010743 260.000000 9.738459
-0.007591 0.049079 260.000000 50.204960
-0.005102 0.091695 260.000000 108.179279
-0.007836 0.037448 260.000000 35.519260
0.003992 0.056328 260.000000 70.406498
0.009544 0.010680 260.000000 16.660505
-0.002318 0.019372 260.000000 17.242716
0.009924 0.004315 260.000000 9.879010
0.006476 0.056263 260.000000 72.962757
0.008143 0.068727 260.000000 91.343048
0.008049 0.075703 260.000000 100.513116
-0.006387 0.089964 260.000000 104.658900
-0.004318 0.029339 260.000000 27.805454
-0.009397 0.071220 260.000000 77.316507
-0.008241 0.015910 260.000000 15.496495
-0.004779 0.017777 260.000000 15.221689
-0.006927 0.067289 260.000000 74.333039
0.005139 0.096398 260.000000 124.890665
0.000405 0.074923 260.000000 91.399965
0.004391 0.039197 260.000000 48.113084
0.002146 0.019513 260.000000 20.245145
0.008433 0.039866 260.000000 53.363662
-0.005426 0.015549 260.000000 13.807610
0.008665 0.015095 260.000000 21.163057
0.006934 0.060061 260.000000 78.505011
0.004201 0.092712 260.000000 118.987903
0.005812 0.028364 260.000000 35.300213
0.000301 0.079413 260.000000 97.255127
-0.008590 0.013052 260.000000 15.527967
-0.008478 0.078096 260.000000 87.105123
-0.000985 0.059952 260.000000 70.188589
-0.006842 0.081072 260.000000 92.504008
0.001074 0.081733 260.000000 101.123557
0.006547 0.005708 260.000000 7.688248
-0.003736 0.004373 260.000000 13.265257
0.003671 0.018730 260.000000 20.589994
-0.009038 0.070974 260.000000 77.304487
-0.002083 0.072983 260.000000 86.352922
-0.000828 0.046301 260.000000 52.346058
0.003783 0.074605 260.000000 94.467002
0.005648 0.065250 260.000000 84.011238
0.000813 0.044676 260.000000 51.765772
0.005270 0.077233 260.000000 99.537120
0.007184 0.092234 260.000000 121.555904
0.002558 0.048804 260.000000 58.950847
0.000515 0.087868 260.000000 108.700186
-0.002320 0.059039 260.000000 67.706132
-0.007647 0.033699 260.000000 31.145385
-0.005786 0.005008 260.000000 15.552479
-0.002430 0.007905 260.000000 10.000982
-0.005626 0.085620 260.000000 99.645262
0.005053 0.086694 260.000000 111.888868
-0.009418 0.068994 260.000000 74.402890
-0.006304 0.077300 260.000000 88.037101
-0.003525 0.011179 260.000000 11.042437
-0.007420 0.079984 260.000000 90.540177
0.007512 0.099329 260.000000 131.350895
-0.008672 0.099770 260.000000 115.444041
0.007842 0.069949 260.000000 92.636369
-0.004062 0.027575 260.000000 25.834034
0.002269 0.030940 260.000000 35.112260
0.008450 0.042635 260.000000 57.048663
-0.004058 0.061910 260.000000 69.866209
0.000248 0.008244 260.000000 8.073354
0.007087 0.027987 260.000000 36.180512
-0.000583 0.045116 260.000000 51.017979
-0.000642 0.063676 260.000000 75.447858
-0.002369 0.042233 260.000000 45.636113
-0.008954 0.065298 260.000000 69.993275
0.002864 0.059655 260.000000 73.649612
0.003286 0.005065 260.000000 6.051988
-0.008985 0.083610 260.000000 93.882882
0.001796 0.037846 260.000000 43.722414
-0.003208 0.089087 260.000000 106.576436
-0.001994 0.072313 260.000000 85.553532
0.004474 0.059837 260.000000 75.571916
0.003344 0.094331 260.000000 120.235167
0.002755 0.094856 260.000000 120.313893
0.005161 0.016380 260.000000 19.012106
-0.008808 0.084882 260.000000 95.712791
-0.001508 0.008598 260.000000 9.184353
0.006867 0.045119 260.000000 58.596236
0.008628 0.082879 260.000000 110.689524
-0.002977 0.051679 260.000000 57.427734
0.003183 0.029544 260.000000 34.165974
0.006271 0.067970 260.000000 88.297214
-0.003707 0.030020 260.000000 29.025546
0.001556 0.075217 260.000000 92.964126
0.003629 0.087215 260.000000 111.070496
0.001030 0.085548 260.000000 106.146986
0.001028 0.064134 260.000000 77.718764
-0.007356 0.026640 260.000000 23.342760
0.007131 0.037616 260.000000 48.944292
-0.006191 0.012782 260.000000 13.318363
-0.007081 0.098543 260.000000 115.331785
0.001766 0.054848 260.000000 66.154561
0.001410 0.039462 260.000000 45.476098
0.003685 0.086372 260.000000 110.008469
-0.001050 0.086676 260.000000 105.528254
-0.008707 0.085716 260.000000 96.900954
-0.009086 0.094351 260.000000 107.914161
-0.009766 0.049896 260.000000 49.652467
0.008912 0.085276 260.000000 114.191238
-0.001653 0.050068 260.000000 56.527566
-0.005650 0.062340 260.000000 68.989567
-0.000279 0.075151 260.000000 91.013249
0.000530 0.067014 260.000000 81.034839
-0.009621 0.045059 260.000000 43.727936
0.006193 0.045804 260.000000 58.774630
-0.004008 0.034803 260.000000 34.779532
0.003029 0.078338 260.000000 98.637804
0.000578 0.041159 260.000000 46.912131
0.004905 0.025990 260.000000 31.232747
0.001190 0.027656 260.000000 29.840908
-0.003201 0.014920 260.000000 12.851057
-0.005861 0.042648 260.000000 43.330258
-0.001287 0.066159 260.000000 78.100916
0.007773 0.092919 260.000000 123.107869
0.006763 0.077771 260.000000 101.860008
-0.006460 0.083682 260.000000 96.300292
0.006286 0.079551 260.000000 103.711556
-0.001866 0.034965 260.000000 36.658012
-0.006434 0.031275 260.000000 28.920993
0.005354 0.052658 260.000000 66.970920
0.007555 0.053663 260.000000 70.685426
-0.000795 0.015022 260.000000 13.190975
0.000897 0.058616 260.000000 70.273908
-0.004752 0.001968 260.000000 16.681718
-0.004554 0.038043 260.000000 38.468948
0.003406 0.068436 260.000000 85.872488
-0.001770 0.076905 260.000000 91.853288
-0.004938 0.075388 260.000000 86.792401
0.004526 0.060044 260.000000 75.900422
0.005083 0.021633 260.000000 25.718528
0.005001 0.046538 260.000000 58.476757
0.007076 0.041662 260.000000 54.241113
-0.008566 0.078221 260.000000 87.190440
0.003847 0.023477 260.000000 26.886811
0.007042 0.034898 260.000000 45.251873
0.006842 0.048105 260.000000 62.530465
0.008990 0.053239 260.000000 71.710380
-0.001133 0.057014 260.000000 66.166117
-0.002869 0.079253 260.000000 93.884556
0.008215 0.012286 260.000000 17.085642
0.009875 0.073244 260.000000 99.262585
0.003999 0.016708 260.000000 18.319191
0.005816 0.073095 260.000000 94.620215
-0.002239 0.028226 260.000000 27.813105
-0.006603 0.064812 260.000000 71.379676
-0.005116 0.085524 260.000000 100.004424
-0.001740 0.095502 260.000000 116.547328
-0.002113 0.078575 260.000000 93.726776
0.003280 0.091323 260.000000 116.166004
0.007825 0.036160 260.000000 47.783542
-0.007736 0.014966 260.000000 14.899842
0.009525 0.004492 260.000000 9.579517
0.007676 0.032020 260.000000 42.147910
-0.006252 0.046977 260.000000 48.552907
-0.001900 0.021871 260.000000 20.294548
-0.006931 0.095102 260.000000 110.927464
-0.002107 0.058551 260.000000 67.264900
-0.002930 0.036024 260.000000 37.153987
0.009422 0.092608 260.000000 124.503684
-0.007391 0.057711 260.000000 61.462386
0.003232 0.036231 260.000000 43.011275
-0.007461 0.090831 260.000000 104.788958
-0.002599 0.034045 260.000000 34.887375
0.008079 0.042849 260.000000 56.918510
0.001101 0.095980 260.000000 120.084778
0.001197 0.020186 260.000000 20.326333
-0.006350 0.085972 260.000000 99.422782
-0.001209 0.016233 260.000000 14.300043
-0.007965 0.034517 260.000000 31.944963
-0.007568 0.094961 260.000000 110.137771
-0.000180 0.009031 260.000000 8.548118
-0.003364 0.094085 260.000000 113.046482
0.006656 0.015281 260.000000 19.151268
-0.002127 0.009368 260.000000 9.726878
0.003797 0.019474 260.000000 21.659700
-0.005844 0.057380 260.000000 62.342331
-0.001051 0.067591 260.000000 80.228251
-0.009483 0.078757 260.000000 87.079027
0.001513 0.082215 260.000000 102.215233
0.002180 0.069400 260.000000 85.881809
-0.007002 0.042799 260.000000 42.683627
-0.008761 0.008174 260.000000 17.441827
0.009069 0.028837 260.000000 39.521798
0.008116 0.088319 260.000000 117.363625
0.009026 0.091603 260.000000 122.730532
-0.002056 0.015922 260.000000 13.765013
-0.002967 0.093866 260.000000 113.149518
0.004283 0.067209 260.000000 85.163413
-0.007206 0.099836 260.000000 116.922389
-0.005615 0.013520 260.000000 13.044498
-0.001733 0.036271 260.000000 38.452813
0.006655 0.025409 260.000000 32.319621
0.007556 0.040448 260.000000 53.161138
-0.008779 0.025919 260.000000 22.344283
-0.002597 0.050992 260.000000 56.872457
0.009712 0.069864 260.000000 94.589454
0.006320 0.071649 260.000000 93.241695
0.009967 0.027154 260.000000 38.348646
-0.006933 0.059203 260.000000 63.782654
-0.009839 0.091754 260.000000 103.805092
-0.008554 0.091477 260.000000 104.621171
-0.008361 0.023021 260.000000 19.751752
-0.002221 0.067538 260.000000 79.016746
0.009099 0.072940 260.000000 97.996947
-0.007210 0.068894 260.000000 76.181914
-0.006145 0.040186 260.000000 40.008934
-0.000965 0.095961 260.000000 117.941126
-0.004753 0.038375 260.000000 38.740418
0.009841 0.080023 260.000000 108.235397
0.002388 0.008910 260.000000 8.306528
0.005872 0.027472 260.000000 34.191412
-0.006661 0.079334 260.000000 90.383782
0.001214 0.038726 260.000000 44.319293
0.004051 0.067620 260.000000 85.464427
0.006842 0.056617 260.000000 73.830445
-0.009527 0.061166 260.000000 64.183920
-0.006526 0.055120 260.000000 58.826727
0.006844 0.062637 260.000000 81.828580
0.008371 0.086567 260.000000 115.312466
0.000598 0.088473 260.000000 109.588660
-0.009836 0.015252 260.000000 16.683976
0.002000 0.006718 260.000000 6.903949
0.003488 0.052693 260.000000 65.057136
0.004842 0.085042 260.000000 109.466762
0.001460 0.036114 260.000000 41.123643
-0.004040 0.045744 260.000000 48.764068
-0.006606 0.077531 260.000000 88.061813
0.000071 0.024625 260.000000 25.022886
0.006900 0.052885 260.000000 68.936342
-0.002139 0.092646 260.000000 112.356314
-0.000321 0.035043 260.000000 38.082661
-0.003421 0.090983 260.000000 108.878142
-0.006628 0.063540 260.000000 69.696057
-0.003388 0.075006 260.000000 87.762721
0.005282 0.092052 260.000000 119.261238
0.003842 0.073120 260.000000 92.554794
0.004414 0.093747 260.000000 120.591026
-0.000036 0.007371 260.000000 8.028837
0.000459 0.056889 260.000000 67.552312
-0.008454 0.007683 260.000000 17.330190
-0.000237 0.010634 260.000000 9.447589
-0.000068 0.022666 260.000000 22.459131
-0.006959 0.030966 260.000000 28.296207
-0.005859 0.052440 260.000000 55.911679
0.008391 0.071554 260.000000 95.373133
0.007420 0.084339 260.000000 111.310103
-0.003292 0.041007 260.000000 43.264143
0.008592 0.021009 260.000000 28.720995
0.008264 0.009628 260.000000 13.863047
0.003967 0.085077 260.000000 108.583510
0.000349 0.096130 260.000000 119.508540
-0.009375 0.094963 260.000000 108.451936
0.005910 0.069340 260.000000 89.728940
0.008250 0.019046 260.000000 25.776651
0.003499 0.097065 260.000000 124.034572
0.004230 0.099525 260.000000 128.081837
-0.002084 0.035493 260.000000 37.156956
0.004793 0.098303 260.000000 127.055745
0.009705 0.073782 260.000000 99.787733
-0.009915 0.030813 260.000000 27.033334
-0.003728 0.033272 260.000000 33.057947
0.005566 0.026245 260.000000 32.255306
0.007185 0.001134 260.000000 5.465478
0.005744 0.063838 260.000000 82.238764
0.008449 0.097249 260.000000 129.606950
0.007837 0.026063 260.000000 34.480084
0.006446 0.044208 260.000000 56.931716
-0.003211 0.023539 260.000000 21.538728
-0.003044 0.059649 260.000000 67.831504
0.004319 0.095008 260.000000 122.167390
0.001517 0.090567 260.000000 113.318609
0.000396 0.099286 260.000000 123.749939
0.004165 0.046313 260.000000 57.301075
0.003166 0.031559 260.000000 36.794138
0.007190 0.032228 260.000000 41.884900
-0.001172 0.067057 260.000000 79.402728
-0.001517 0.053184 260.000000 60.752478
-0.005372 0.033436 260.000000 32.142982
0.003363 0.024677 260.000000 27.979960
0.001233 0.039939 260.000000 45.932507
0.001973 0.080536 260.000000 100.460770
0.003169 0.024011 260.000000 26.929172
0.000110 0.088284 260.000000 108.838539
0.008742 0.052286 260.000000 70.168922
0.003739 0.033571 260.000000 40.015129
0.001463 0.078287 260.000000 96.946186
0.007108 0.096764 260.000000 127.500363
0.004059 0.083192 260.000000 106.175566
0.001926 0.094119 260.000000 118.466622
0.002289 0.011572 260.000000 10.862901
0.005163 0.037203 260.000000 46.282742
-0.008135 0.066141 260.000000 71.783268
0.007070 0.073537 260.000000 96.564182
0.000315 0.083487 260.000000 102.676633
0.001672 0.040332 260.000000 46.874482
-0.004930 0.055661 260.000000 60.897133
0.005007 0.035881 260.000000 44.371213
0.004072 0.037125 260.000000 45.043766
0.005459 0.097359 260.000000 126.512470
0.004145 0.038736 260.000000 47.248409
-0.003340 0.068048 260.000000 78.620150
0.001754 0.023421 260.000000 24.881907
-0.002866 0.093773 260.000000 113.126409
0.007690 0.008465 260.000000 11.831512
-0.003924 0.033098 260.000000 32.699574
-0.007213 0.083989 260.000000 96.002057
0.007570 0.022998 260.000000 30.163655
0.001274 0.053058 260.000000 63.292729
0.006178 0.080744 260.000000 105.181055
0.007802 0.063549 260.000000 84.086201
0.005204 0.083618 260.000000 107.959442
0.007981 0.033548 260.000000 44.503846
0.001079 0.047564 260.000000 55.835644
-0.009371 0.040859 260.000000 38.748140
0.006351 0.087407 260.000000 114.232196
-0.006741 0.072013 260.000000 80.688269
0.004006 0.012180 260.000000 12.726104
0.009016 0.072649 260.000000 97.517336
0.003131 0.039871 260.000000 47.713802
-0.009899 0.090725 260.000000 102.399286
-0.001048 0.048872 260.000000 55.519214
-0.006799 0.004377 260.000000 17.437824
-0.004926 0.024078 260.000000 21.384803
0.008365 0.021149 260.000000 28.643123
0.002403 0.078187 260.000000 97.784494
0.006941 0.047299 260.000000 61.568943
-0.007010 0.086113 260.000000 98.990191
-0.001145 0.021727 260.000000 20.572610
0.003799 0.016613 260.000000 18.016998
0.003149 0.055243 260.000000 68.090065
0.005529 0.076756 260.000000 99.181301
0.009835 0.021517 260.000000 30.827175
-0.009022 0.002647 260.000000 22.086742
0.003766 0.061057 260.000000 76.448379
0.005206 0.020746 260.000000 24.690038
-0.005583 0.065604 260.000000 73.325702
0.001912 0.061322 260.000000 74.885882
0.004650 0.004042 260.000000 5.613092
0.000061 0.084682 260.000000 104.006039
0.000774 0.086449 260.000000 107.080634
-0.001300 0.030725 260.000000 31.683757
-0.002771 0.049148 260.000000 54.299727
0.007999 0.052120 260.000000 69.126096
0.001529 0.097943 260.000000 123.137541
0.006013 0.046044 260.000000 58.899377
-0.009843 0.015810 260.000000 16.732548
-0.003823 0.058913 260.000000 66.145522
0.006480 0.097271 260.000000 127.494249
0.004822 0.048867 260.000000 61.375550
-0.006242 0.033752 260.000000 31.990025
-0.005003 0.092503 260.000000 109.344348
-0.003972 0.062985 260.000000 71.358763
-0.008655 0.095702 260.000000 110.095029
-0.001948 0.046440 260.000000 51.498741
-0.005881 0.059796 260.000000 65.461858
0.004884 0.090476 260.000000 116.739221
-0.008802 0.051252 260.000000 52.059296
-0.006420 0.033978 260.000000 32.157011
0.001364 0.009946 260.000000 8.964689
0.006128 0.011723 260.000000 14.118689
-0.000137 0.071124 260.000000 85.815446
0.005207 0.021036 260.000000 25.068912
0.000506 0.096376 260.000000 119.996273
0.003855 0.066860 260.000000 84.248913
0.008286 0.070717 260.000000 94.144428
0.003176 0.032788 260.000000 38.419784
0.001278 0.088847 260.000000 110.786993
0.002085 0.084895 260.000000 106.370182
0.004165 0.049307 260.000000 61.270222
0.008407 0.096796 260.000000 128.958129
-0.008328 0.092876 260.000000 106.673836
-0.000006 0.045317 260.000000 51.825448
0.001148 0.033514 260.000000 37.424164
0.007695 0.018787 260.000000 24.813649
0.003860 0.009836 260.000000 9.927103
-0.007035 0.096939 260.000000 113.256850
-0.002796 0.013337 260.000000 11.675043
-0.001916 0.075300 260.000000 89.584490
0.005678 0.005698 260.000000 7.015742
0.002537 0.033055 260.000000 38.142961
0.007871 0.091869 260.000000 121.817888
0.002519 0.014169 260.000000 13.960040
0.001966 0.039494 260.000000 46.058274
-0.007931 0.031682 260.000000 28.673893
0.004590 0.006837 260.000000 7.364674
-0.009653 0.033392 260.000000 29.900419
-0.008896 0.088230 260.000000 100.033530
0.007268 0.003618 260.000000 6.512056
0.000442 0.029805 260.000000 31.961799
-0.008199 0.020106 260.000000 17.505856
0.001011 0.086641 260.000000 107.579668
-0.007765 0.019680 260.000000 17.104805
-0.004826 0.011261 260.000000 12.040083
0.009945 0.010971 260.000000 17.506857
0.004570 0.073640 260.000000 94.015110
0.008945 0.058524 260.000000 78.675138
0.004336 0.058462 260.000000 73.599577
-0.007368 0.041251 260.000000 40.491796
-0.002455 0.052148 260.000000 58.518916
-0.002780 0.003728 260.000000 12.484820
-0.009058 0.071225 260.000000 77.613122
0.007305 0.022844 260.000000 29.668163
-0.000592 0.038943 260.000000 42.924186
0.000603 0.026547 260.000000 27.904844
-0.007317 0.045507 260.000000 45.872980
0.007614 0.057998 260.000000 76.505646
-0.002422 0.078326 260.000000 93.093113
-0.001529 0.082168 260.000000 99.067727
0.002487 0.016483 260.000000 16.740251
-0.001135 0.071826 260.000000 85.752963
-0.009823 0.078192 260.000000 86.042576
0.004374 0.049394 260.000000 61.604589
0.003845 0.002799 260.000000 5.852500
-0.002124 0.079085 260.000000 94.392112
-0.004318 0.071840 260.000000 82.696693
-0.004107 0.096951 260.000000 116.110574
-0.003593 0.076602 260.000000 89.674466
0.005143 0.067929 260.000000 87.032655
-0.003230 0.038192 260.000000 39.690953
0.009019 0.099221 260.000000 132.855937
0.003568 0.075612 260.000000 95.579006
0.004425 0.096377 260.000000 124.100364
0.007384 0.097417 260.000000 128.669195
0.001398 0.072610 260.000000 89.341380
-0.008145 0.007900 260.000000 16.789616
-0.000659 0.096592 260.000000 119.090540
-0.001650 0.011585 260.000000 10.315437
-0.008728 0.084809 260.000000 95.689212
-0.009603 0.060727 260.000000 63.558610
0.003938 0.020512 260.000000 23.131959
0.001789 0.005895 260.000000 6.776783
0.009275 0.069085 260.000000 93.068842
0.002219 0.059519 260.000000 72.808056
0.004105 0.036902 260.000000 44.784478
-0.008844 0.074255 260.000000 81.753593
-0.004791 0.065462 260.000000 73.861429
0.002114 0.030661 260.000000 34.599225
-0.001421 0.038170 260.000000 41.180419
-0.005914 0.069908 260.000000 78.674681
-0.004477 0.092862 260.000000 110.331513
-0.004834 0.094643 260.000000 112.340546
-0.000353 0.014978 260.000000 13.295370
-0.008453 0.080340 260.000000 90.070830
-0.001116 0.098654 260.000000 121.364040
-0.001746 0.047187 260.000000 52.661214
-0.009005 0.091245 260.000000 103.899781
0.004917 0.054466 260.000000 68.906775
0.004917 0.062379 260.000000 79.416681
-0.007174 0.062097 260.000000 67.341057
-0.003298 0.077125 260.000000 90.650847
0.001305 0.024325 260.000000 25.653473
0.006212 0.089090 260.000000 116.320458
0.006583 0.060055 260.000000 78.115600
0.002571 0.025314 260.000000 28.060181
0.004271 0.025678 260.000000 30.179311
0.000832 0.070095 260.000000 85.427050
-0.006736 0.052675 260.000000 55.491953
0.006459 0.031317 260.000000 39.886604
0.006653 0.052944 260.000000 68.746901
-0.002388 0.043287 260.000000 46.990182
0.008084 0.066792 260.000000 88.705823
-0.002429 0.027334 260.000000 26.572127
0.002762 0.037891 260.000000 44.730987
0.009333 0.080701 260.000000 108.573153
0.004435 0.041526 260.000000 51.241011
0.009558 0.055158 260.000000 74.891462
-0.006036 0.002175 260.000000 18.289083
-0.001959 0.002980 260.000000 11.990652
-0.006238 0.055517 260.000000 59.583317
-0.005775 0.051478 260.000000 54.736061
0.001043 0.040130 260.000000 46.002594
-0.008678 0.058633 260.000000 61.601374
-0.007285 0.079538 260.000000 90.078374
-0.005794 0.019177 260.000000 16.421191
0.006677 0.036327 260.000000 46.743028
-0.002562 0.016728 260.000000 14.440648
-0.007289 0.090220 260.000000 104.144174
0.003580 0.013201 260.000000 13.606994
-0.002573 0.002294 260.000000 13.390336
0.003095 0.059307 260.000000 73.426676
0.002773 0.072558 260.000000 90.689981
-0.004126 0.024671 260.000000 22.392012
-0.000140 0.096105 260.000000 118.973296
0.004735 0.079911 260.000000 102.529088
0.001086 0.011614 260.000000 10.398476
0.008790 0.034213 260.000000 46.290216
-0.001055 0.068384 260.000000 81.272531
0.000925 0.018694 260.000000 18.282251
0.008057 0.024321 260.000000 32.441110
-0.008063 0.064708 260.000000 69.979647
0.002475 0.070744 260.000000 87.970983
-0.004870 0.017612 260.000000 15.093482
-0.005109 0.078922 260.000000 91.292866
0.004188 0.070877 260.000000 89.937195
0.005474 0.075135 260.000000 96.967014
0.005668 0.033645 260.000000 42.113441
-0.007369 0.086838 260.000000 99.610630
0.001135 0.035903 260.000000 40.538659
-0.002063 0.065598 260.000000 76.606330
0.003154 0.059868 260.000000 74.232365
0.009365 0.056868 260.000000 76.945083
0.000925 0.090154 260.000000 112.159693
0.000474 0.099999 260.000000 124.779260
0.006731 0.096518 260.000000 126.764149
0.008769 0.055514 260.000000 74.483187
0.003780 0.026379 260.000000 30.608353
0.000405 0.059336 260.000000 70.737355
0.001477 0.087483 260.000000 109.178785
0.008852 0.051340 260.000000 69.037453
-0.007606 0.099608 260.000000 116.239617
0.000144 0.074375 260.000000 90.409699
0.004325 0.023877 260.000000 27.879847
0.004951 0.007604 260.000000 8.321189
-0.005542 0.044429 260.000000 45.847381
0.006236 0.076660 260.000000 99.813216
0.003013 0.062321 260.000000 77.343230
-0.001896 0.056083 260.000000 64.212468
-0.004611 0.034227 260.000000 33.627595
0.007196 0.026358 260.000000 34.156469
0.008634 0.075358 260.000000 100.697215
0.003318 0.016486 260.000000 17.432050
0.009523 0.013218 260.000000 19.794928
-0.006495 0.027453 260.000000 24.509324
0.006798 0.042562 260.000000 55.132239
0.009204 0.091757 260.000000 123.131841
0.003722 0.003774 260.000000 5.761328
0.008811 0.077856 260.000000 104.213494
0.004501 0.098436 260.000000 126.921603
0.000461 0.005932 260.000000 7.673447
-0.003625 0.084709 260.000000 100.367984
-0.007797 0.066699 260.000000 72.801215
0.001419 0.035265 260.000000 39.970878
-0.008040 0.018284 260.000000 16.349836
-0.005504 0.054843 260.000000 59.332509
0.005173 0.032290 260.000000 39.800967
0.009323 0.079300 260.000000 106.698450
0.006762 0.014288 260.000000 17.999725
0.007828 0.082607 260.000000 109.451360
-0.005339 0.057963 260.000000 63.542173
-0.001526 0.083818 260.000000 101.258331
0.005109 0.051826 260.000000 65.605542
0.001493 0.005562 260.000000 6.934060
0.000723 0.005776 260.000000 7.481245
0.007270 0.087080 260.000000 114.792465
0.002379 0.030650 260.000000 34.835953
0.000538 0.061911 260.000000 74.279874
0.003745 0.050087 260.000000 61.867424
-0.003567 0.006731 260.000000 11.619527
0.009163 0.077713 260.000000 104.412096
-0.002049 0.079408 260.000000 94.894482
-0.006321 0.052589 260.000000 55.720298
-0.007896 0.089289 260.000000 102.349081
0.001562 0.089986 260.000000 112.593631
0.008875 0.002354 260.000000 7.046948
0.007137 0.080619 260.000000 106.053509
0.004240 0.056532 260.000000 70.936284
0.001176 0.070834 260.000000 86.756462
0.000990 0.074378 260.000000 91.271798
-0.005082 0.065972 260.000000 74.263736
-0.008582 0.084005 260.000000 94.766835
0.002948 0.084628 260.000000 106.915384
-0.001699 0.089839 260.000000 109.073463
0.009941 0.016549 260.000000 24.533694
0.005156 0.050611 260.000000 64.043958
-0.002873 0.090049 260.000000 108.181863
0.004311 0.013635 260.000000 14.753275
0.009056 0.070573 260.000000 94.802764
-0.006603 0.050928 260.000000 53.347189
-0.008260 0.041234 260.000000 39.883603
-0.001948 0.076802 260.000000 91.541072
0.002915 0.074662 260.000000 93.632509
-0.001834 0.092155 260.000000 112.010665
-0.006109 0.099795 260.000000 117.923008
-0.006564 0.024965 260.000000 21.805988
-0.001119 0.001275 260.000000 12.365985
0.003127 0.032321 260.000000 37.756963
-0.005282 0.065939 260.000000 74.039130
0.001843 0.086353 260.000000 108.055829
-0.006271 0.049419 260.000000 51.672591
0.009453 0.027794 260.000000 38.592053
0.005796 0.034951 260.000000 43.975282
0.004865 0.022469 260.000000 26.587238
0.005900 0.062732 260.000000 80.935669
-0.008546 0.020624 260.000000 17.947129
0.001258 0.032681 260.000000 36.436864
-0.001746 0.045614 260.000000 50.601255
-0.009439 0.004244 260.000000 21.259866
0.003722 0.003234 260.000000 5.818512
-0.004826 0.012822 260.000000 12.330606
-0.009082 0.064899 260.000000 69.369867
0.008170 0.026712 260.000000 35.707877
-0.007000 0.038219 260.000000 36.978824
0.002584 0.036905 260.000000 43.255038
0.000755 0.017163 260.000000 16.323281
-0.009975 0.091271 260.000000 103.046637
-0.009524 0.075522 260.000000 82.815286
-0.002140 0.008459 260.000000 9.682618
-0.002458 0.080515 260.000000 95.957937
-0.006849 0.062133 260.000000 67.667128
-0.002457 0.005553 260.000000 10.871852
0.009273 0.048109 260.000000 65.224808
0.002843 0.088614 260.000000 112.104988
-0.009488 0.002958 260.000000 22.467996
-0.003548 0.012518 260.000000 11.503795
-0.000932 0.099918 260.000000 123.230091
-0.008315 0.092121 260.000000 105.691571
-0.001984 0.055097 260.000000 62.831436
0.007717 0.043487 260.000000 57.363586
0.006994 0.080351 260.000000 105.542076
-0.005347 0.094995 260.000000 112.308375
-0.004078 0.053023 260.000000 58.201540
0.005134 0.071602 260.000000 91.905963
-0.009896 0.028150 260.000000 24.350926
-0.007477 0.017140 260.000000 15.512926
0.009360 0.049625 260.000000 67.331195
0.007765 0.091195 260.000000 120.805572
-0.006192 0.009532 260.000000 13.623537
-0.000027 0.002755 260.000000 9.702541
0.008127 0.085140 260.000000 113.146461
-0.006329 0.006113 260.000000 15.501842
0.008883 0.016202 260.000000 22.834901
0.006602 0.025429 260.000000 32.287623
-0.005114 0.085337 260.000000 99.759572
0.003360 0.077364 260.000000 97.688656
-0.008674 0.092390 260.000000 105.712073
-0.009219 0.064171 260.000000 68.314762
-0.001044 0.013281 260.000000 11.502411
0.007659 0.014757 260.000000 19.583198
0.001463 0.064654 260.000000 78.847460
-0.003670 0.034271 260.000000 34.357205
-0.004095 0.026534 260.000000 24.577071
0.005809 0.015209 260.000000 18.172315
-0.003782 0.021516 260.000000 19.014917
0.008039 0.027050 260.000000 36.004354
-0.001144 0.099184 260.000000 122.040013
0.000453 0.003155 260.000000 8.842590
0.008223 0.029575 260.000000 39.533566
-0.007474 0.081734 260.000000 92.793549
-0.008050 0.047424 260.000000 47.761784
-0.004046 0.072213 260.000000 83.447051
0.004861 0.022017 260.000000 25.992462
0.008684 0.076152 260.000000 101.806977
-0.003017 0.046192 260.000000 50.224520
-0.006334 0.067520 260.000000 75.162797
0.009020 0.011256 260.000000 16.741662
-0.006578 0.084186 260.000000 96.853659
-0.004499 0.017549 260.000000 15.024070
0.000098 0.004008 260.000000 8.722968
0.002802 0.094262 260.000000 119.572654
0.008474 0.029689 260.000000 39.966849
0.000289 0.041095 260.000000 46.554570
0.006562 0.056538 260.000000 73.420656
0.001669 0.003696 260.000000 7.236314
0.003302 0.059649 260.000000 74.095459
0.004618 0.045533 260.000000 56.741398
-0.004136 0.084533 260.000000 99.638500
-0.006585 0.064632 260.000000 71.159893
0.003151 0.045257 260.000000 54.858162
-0.000539 0.044707 260.000000 50.522568
-0.007691 0.044514 260.000000 44.350836
-0.005057 0.077143 260.000000 88.994773
0.002856 0.032075 260.000000 37.166699
-0.000619 0.005611 260.000000 8.764433
0.005177 0.005110 260.000000 6.276101
0.005896 0.050772 260.000000 65.047733
0.004440 0.079999 260.000000 102.332863
0.000590 0.072305 260.000000 88.114584
-0.003153 0.018296 260.000000 15.849939
-0.003443 0.020251 260.000000 17.778366
-0.005593 0.065514 260.000000 73.199585
-0.002335 0.053750 260.000000 60.732887
-0.005120 0.055565 260.000000 60.604377
-0.003842 0.009620 260.000000 11.155286
-0.000804 0.047345 260.000000 53.740426
0.009056 0.074550 260.000000 100.089582
-0.000303 0.078422 260.000000 95.328191
0.005936 0.063707 260.000000 82.269263
0.000782 0.029980 260.000000 32.488384
0.008744 0.025929 260.000000 35.329037
-0.007568 0.082222 260.000000 93.348621
0.007564 0.018227 260.000000 23.941627
0.003300 0.071696 260.000000 90.093963
0.008497 0.068688 260.000000 91.679586
-0.006423 0.077460 260.000000 88.137057
-0.001921 0.003866 260.000000 11.265268
-0.000335 0.067155 260.000000 80.357917
-0.009052 0.071280 260.000000 77.690100
-0.005500 0.042421 260.000000 43.316234
-0.009805 0.009280 260.000000 18.190262
0.003116 0.080597 260.000000 101.730718
0.008395 0.006665 260.000000 10.560152
0.005111 0.025019 260.000000 30.171875
0.004348 0.029355 260.000000 35.082594
0.006483 0.044222 260.000000 56.989876
0.003535 0.033710 260.000000 39.992587
-0.008015 0.016945 260.000000 15.706297
0.009751 0.002562 260.000000 8.111236
-0.005695 0.046350 260.000000 48.189072
0.009898 0.035916 260.000000 49.801222
0.003724 0.056454 260.000000 70.292485
-0.003918 0.010565 260.000000 11.235622
0.008190 0.063337 260.000000 84.231597
0.006984 0.069515 260.000000 91.122876
0.001823 0.063087 260.000000 77.135946
-0.003395 0.056868 260.000000 63.852280
0.001953 0.045167 260.000000 53.531384
-0.008547 0.004773 260.000000 19.558139
-0.000931 0.043757 260.000000 48.913182
0.005727 0.030454 260.000000 37.963850
-0.004602 0.052006 260.000000 56.417983
-0.005773 0.056216 260.000000 60.888333
0.007227 0.084107 260.000000 110.791461
0.008365 0.099035 260.000000 131.891432
-0.005692 0.053929 260.000000 57.984019
0.002619 0.056485 260.000000 69.192063
0.000234 0.089500 260.000000 110.580242
-0.002416 0.038848 260.000000 41.206799
-0.003829 0.072884 260.000000 84.537490
0.001226 0.074481 260.000000 91.648705
0.003729 0.093630 260.000000 119.708778
0.003229 0.039266 260.000000 47.014170
-0.004533 0.094076 260.000000 111.883635
-0.005253 0.012270 260.000000 12.503217
-0.005922 0.059008 260.000000 64.396288
0.006527 0.060875 260.000000 79.144131
0.005729 0.057038 260.000000 73.187261
-0.001185 0.005777 260.000000 9.302051
-0.008813 0.060662 260.000000 64.110043
0.002842 0.002885 260.000000 6.545543
-0.009460 0.007821 260.000000 18.590916
0.009575 0.009451 260.000000 15.201384
0.004284 0.075013 260.000000 95.538384
-0.008047 0.017789 260.000000 16.100687
-0.003893 0.095948 260.000000 114.992493
-0.008773 0.027575 260.000000 23.967883
0.002370 0.054353 260.000000 66.111200
0.001095 0.062958 260.000000 76.227128
0.000606 0.050580 260.000000 59.354796
0.009946 0.097774 260.000000 131.953587
-0.009231 0.095405 260.000000 109.168285
0.009604 0.003715 260.000000 8.929388
0.008668 0.004546 260.000000 8.656974
-0.009507 0.066560 260.000000 71.170222
0.009142 0.064152 260.000000 86.366902
-0.008069 0.090718 260.000000 104.071736
-0.006096 0.007908 260.000000 14.153366
0.004152 0.075972 260.000000 96.673693
0.008118 0.082381 260.000000 109.469089
0.008657 0.063297 260.000000 84.694117
0.009358 0.010092 260.000000 15.715539
0.002232 0.050366 260.000000 60.689537
0.004735 0.070275 260.000000 89.716856
0.002377 0.064738 260.000000 79.894432
0.004156 0.031626 260.000000 37.875378
-0.004963 0.059088 260.000000 65.346048
0.000116 0.077164 260.000000 94.080913
-0.007454 0.062402 260.000000 67.498837
-0.007692 0.092823 260.000000 107.200715
0.003009 0.080411 260.000000 101.371595
-0.002496 0.009208 260.000000 9.990615
0.000044 0.025418 260.000000 26.004304
-0.002150 0.043843 260.000000 47.924873
-0.002370 0.064987 260.000000 75.504551
0.008894 0.055661 260.000000 74.817896
0.004367 0.010871 260.000000 11.473542
0.005332 0.057287 260.000000 73.094289
0.003788 0.099241 260.000000 127.235763
-0.005987 0.047208 260.000000 49.058660
0.003042 0.091478 260.000000 116.122562
-0.004056 0.077693 260.000000 90.672363
-0.009070 0.047335 260.000000 46.924806
-0.007610 0.054679 260.000000 57.367738
0.009211 0.082501 260.000000 110.829985
-0.005950 0.032664 260.000000 30.847518
0.000518 0.094878 260.000000 118.018371
-0.000574 0.018791 260.000000 17.434828
-0.004121 0.061680 260.000000 69.506903
0.001395 0.079746 260.000000 98.814067
-0.000183 0.056699 260.000000 66.669755
0.007324 0.042024 260.000000 54.993656
0.001926 0.025310 260.000000 27.465062
0.009687 0.027548 260.000000 38.540492
-0.008789 0.064468 260.000000 69.055641
0.006759 0.075395 260.000000 98.696574
0.006344 0.052198 260.000000 67.422396
0.006488 0.099173 260.000000 130.034042
0.002851 0.096238 260.000000 122.251732
-0.002884 0.068790 260.000000 80.033670
0.000368 0.069121 260.000000 83.665490
0.003268 0.016417 260.000000 17.302874
-0.004385 0.032118 260.000000 31.163475
0.006119 0.085750 260.000000 111.777158
0.005820 0.057444 260.000000 73.824773
-0.002650 0.064206 260.000000 74.206586
-0.003819 0.035852 260.000000 36.246000
0.005521 0.072930 260.000000 94.084086
-0.002991 0.080707 260.000000 95.688350
0.001882 0.027622 260.000000 30.421080
0.000503 0.098416 260.000000 122.704604
-0.008034 0.030459 260.000000 27.255673
-0.005396 0.067891 260.000000 76.498359
0.009240 0.010338 260.000000 15.873613
-0.004594 0.026323 260.000000 24.070543
-0.007910 0.097580 260.000000 113.271873
-0.006655 0.061805 260.000000 67.408278
0.006037 0.087292 260.000000 113.740443
0.002716 0.075607 260.000000 94.681848
0.008160 0.048245 260.000000 64.161858
0.003067 0.027013 260.000000 30.741812
-0.007440 0.002723 260.000000 19.767858
0.000911 0.020837 260.000000 20.918364
0.004793 0.023045 260.000000 27.264833
0.001323 0.099352 260.000000 124.796773
0.009232 0.036128 260.000000 49.320266
0.003219 0.086844 260.000000 110.146018
0.001020 0.026292 260.000000 27.932301
0.004379 0.027929 260.000000 33.240271
0.004874 0.008412 260.000000 9.106571
-0.004378 0.015219 260.000000 13.274892
0.009303 0.061646 260.000000 83.219249
0.004202 0.006823 260.000000 7.164221
0.000386 0.083456 260.000000 102.709166
-0.001255 0.002456 260.000000 11.499192
-0.006980 0.020348 260.000000 17.459476
0.004549 0.089397 260.000000 114.946553
0.008093 0.005463 260.000000 8.942862
0.001809 0.051351 260.000000 61.566988
0.008613 0.039937 260.000000 53.658618
-0.004658 0.034317 260.000000 33.708032
-0.006109 0.097846 260.000000 115.344579
-0.002915 0.089574 260.000000 107.509895
0.008779 0.010224 260.000000 15.187448
0.009480 0.099917 260.000000 134.289208
0.007823 0.023324 260.000000 30.871653
0.006790 0.036088 260.000000 46.550218
0.007085 0.061512 260.000000 80.597161
-0.009524 0.081649 260.000000 90.828223
0.001876 0.040821 260.000000 47.720018
-0.002353 0.092724 260.000000 112.245320
0.003736 0.064986 260.000000 81.634977
0.006787 0.092275 260.000000 121.178731
0.000302 0.021818 260.000000 21.678778
-0.006263 0.016736 260.000000 14.788495
-0.001563 0.079644 260.000000 95.687581
-0.006165 0.057002 260.000000 61.574657
-0.003387 0.005964 260.000000 11.787843
0.003453 0.040551 260.000000 48.939159
-0.002011 0.018199 260.000000 16.091284
0.005553 0.091776 260.000000 119.184556
0.006049 0.006928 260.000000 8.482039
-0.001524 0.067563 260.000000 79.727539
-0.003774 0.034918 260.000000 35.097937
-0.005624 0.019952 260.000000 17.083438
-0.002909 0.021768 260.000000 19.656351
0.006048 0.007813 260.000000 9.427970
0.003243 0.061865 260.000000 76.976015
0.009729 0.049962 260.000000 68.194035
-0.006039 0.088579 260.000000 103.160193
-0.009268 0.023435 260.000000 20.162764
0.004126 0.081907 260.000000 104.537265
0.000000 0.100000 280.000000 123.742278
-0.006475 0.004184 280.000000 17.244368
0.000287 0.065128 280.000000 77.984702
0.008232 0.001912 280.000000 6.217336
0.005733 0.086630 280.000000 111.961663
-0.006061 0.076124 280.000000 86.474619
0.001875 0.039256 280.000000 45.500777
0.001333 0.089042 280.000000 110.601906
0.003031 0.065896 280.000000 81.736621
-0.004986 0.081492 280.000000 94.497310
0.008961 0.061646 280.000000 82.383103
0.003142 0.089140 280.000000 112.580041
-0.004135 0.048347 280.000000 51.989848
0.008785 0.057056 280.000000 76.127771
-0.001525 0.088811 280.000000 107.445828
-0.000114 0.035504 280.000000 38.792940
0.003561 0.099916 280.000000 127.271906
0.006004 0.028972 280.000000 36.135076
0.004561 0.067775 280.000000 85.794302
-0.005399 0.018951 280.000000 16.493725
0.001071 0.013086 280.000000 11.980272
0.007735 0.001946 280.000000 5.888882
0.002444 0.039206 280.000000 45.982274
-0.006134 0.006613 280.000000 15.085229
0.006580 0.092528 280.000000 120.664017
-0.001123 0.079027 280.000000 94.931411
-0.001387 0.072232 280.000000 85.720145
0.008095 0.025013 280.000000 33.209559
0.002781 0.061920 280.000000 76.232062
-0.004879 0.025300 280.000000 22.944161
-0.001830 0.048207 280.000000 53.790032
-0.006982 0.015234 280.000000 14.790671
-0.000182 0.023225 280.000000 23.105154
-0.007030 0.071497 280.000000 79.573360
-0.008068 0.090455 280.000000 103.428832
0.001634 0.087962 280.000000 109.479595
-0.003430 0.042326 280.000000 44.813191
0.005017 0.090660 280.000000 116.542215
-0.002416 0.009657 280.000000 10.196156
0.002448 0.030263 280.000000 34.295588
0.008352 0.073920 280.000000 97.944572
-0.002018 0.053445 280.000000 60.459457
-0.001335 0.089549 280.000000 108.606616
0.004370 0.050439 280.000000 62.696899
-0.005489 0.049947 280.000000 52.948504
0.003992 0.042465 280.000000 51.799455
-0.002569 0.006123 280.000000 10.870350
0.005145 0.038758 280.000000 48.098970
-0.006811 0.027153 280.000000 24.293418
0.007948 0.090855 280.000000 119.912939
-0.001056 0.068463 280.000000 81.074826
0.009706 0.029872 280.000000 41.372447
0.001637 0.031650 280.000000 35.352494
-0.002829 0.041622 280.000000 44.397732
-0.004270 0.026052 280.000000 24.066625
-0.008404 0.008333 280.000000 17.092810
0.006738 0.061429 280.000000 79.695661
0.007069 0.021336 280.000000 27.299626
-0.001593 0.044147 280.000000 48.714835
0.008965 0.027750 280.000000 37.757283
-0.003675 0.002506 280.000000 14.760374
0.001956 0.012443 280.000000 11.698137
0.002782 0.068263 280.000000 84.610946
-0.007326 0.035161 280.000000 33.213971
-0.000391 0.051533 280.000000 59.454688
0.006837 0.033650 280.000000 43.158303
0.008756 0.037020 280.000000 49.681641
0.009892 0.065800 280.000000 88.894305
0.008931 0.095252 280.000000 126.791997
-0.009883 0.052708 280.000000 53.176786
-0.002664 0.088881 280.000000 106.427353
-0.002075 0.010656 280.000000 10.250848
-0.005004 0.048572 280.000000 51.570883
-0.005193 0.056435 280.000000 61.569697
-0.008732 0.059113 280.000000 62.148331
0.002714 0.008553 280.000000 8.174882
-0.004892 0.017532 280.000000 15.301744
0.001834 0.072231 280.000000 88.892430
0.003420 0.060740 280.000000 75.323282
0.009498 0.012075 280.000000 18.220948
-0.008061 0.059553 280.000000 63.240154
-0.003461 0.082609 280.000000 97.398793
0.002103 0.067435 280.000000 82.828997
-0.001313 0.081756 280.000000 98.344556
0.004130 0.015540 280.000000 16.935864
-0.002841 0.035443 280.000000 36.486095
-0.002739 0.095711 280.000000 115.362443
0.007066 0.004992 280.000000 7.454158
0.003945 0.007441 280.000000 7.629967
-0.001724 0.074325 280.000000 88.152088
-0.006883 0.051865 280.000000 54.308647
-0.005956 0.014753 280.000000 13.987917
0.004926 0.007956 280.000000 8.677316
0.007620 0.033232 280.000000 43.455109
-0.009302 0.087799 280.000000 98.850669
0.003358 0.013156 280.000000 13.392939
0.003670 0.070978 280.000000 89.107174
-0.008840 0.048685 280.000000 48.853486
-0.001063 0.055648 280.000000 64.224517
-0.000774 0.078759 280.000000 94.919386
0.009843 0.099838 280.000000 133.847866
-0.001739 0.014230 280.000000 12.456245
0.009135 0.099226 280.000000 132.271029
0.003647 0.089602 280.000000 113.712880
0.004991 0.077005 280.000000 98.447728
-0.007613 0.019067 280.000000 17.003529
-0.004698 0.077602 280.000000 89.656758
0.000370 0.073826 280.000000 89.538306
0.001591 0.062392 280.000000 75.661491
-0.003435 0.088018 280.000000 104.546726
0.008166 0.067187 280.000000 88.841520
-0.002435 0.010488 280.000000 10.398629
0.004459 0.045744 280.000000 56.594906
-0.009594 0.051083 280.000000 51.339434
0.000632 0.036593 280.000000 40.868239
0.000300 0.090791 280.000000 111.872597
0.001872 0.047674 280.000000 56.549425
0.005826 0.066799 280.000000 85.828721
0.001506 0.037320 280.000000 42.620809
-0.009481 0.085899 280.000000 96.212146
-0.008624 0.094955 280.000000 108.820772
0.000985 0.001746 280.000000 9.306089
0.001756 0.012012 280.000000 11.145673
-0.001633 0.057074 280.000000 65.563682
-0.000641 0.061814 280.000000 72.723332
-0.004519 0.065918 280.000000 74.511499
-0.009614 0.068124 280.000000 73.029842
0.001128 0.058025 280.000000 69.447372
0.008677 0.043714 280.000000 58.408126
-0.000018 0.049501 280.000000 57.139877
0.006407 0.050265 280.000000 64.595891
0.002902 0.038121 280.000000 45.003722
0.008271 0.072143 280.000000 95.508149
0.006907 0.042031 280.000000 54.264992
0.003571 0.016776 280.000000 17.995234
-0.003346 0.095026 280.000000 113.869104
0.001627 0.010743 280.000000 9.839673
-0.007591 0.049079 280.000000 50.231267
-0.005102 0.091695 280.000000 107.801039
-0.007836 0.037448 280.000000 35.668884
0.003992 0.056328 280.000000 70.082749
0.009544 0.010680 280.000000 16.560398
-0.002318 0.019372 280.000000 17.395119
0.009924 0.004315 280.000000 9.831405
0.006476 0.056263 280.000000 72.590837
0.008143 0.068727 280.000000 90.853632
0.008049 0.075703 280.000000 99.976702
-0.006387 0.089964 280.000000 104.323892
-0.004318 0.029339 280.000000 27.917908
-0.009397 0.071220 280.000000 77.204760
-0.008241 0.015910 280.000000 15.855957
-0.004779 0.017777 280.000000 15.485961
-0.006927 0.067289 280.000000 74.185882
0.005139 0.096398 280.000000 124.263566
0.000405 0.074923 280.000000 91.019520
0.004391 0.039197 280.000000 47.902639
0.002146 0.019513 280.000000 20.240136
0.008433 0.039866 280.000000 53.070887
-0.005426 0.015549 280.000000 14.107442
0.008665 0.015095 280.000000 21.042219
0.006934 0.060061 280.000000 78.098013
0.004201 0.092712 280.000000 118.404523
0.005812 0.028364 280.000000 35.137430
0.000301 0.079413 280.000000 96.844810
-0.008590 0.013052 280.000000 15.853683
-0.008478 0.078096 280.000000 86.913334
-0.000985 0.059952 280.000000 69.948146
-0.006842 0.081072 280.000000 92.247248
0.001074 0.081733 280.000000 100.680360
0.006547 0.005708 280.000000 7.676654
-0.003736 0.004373 280.000000 13.370176
0.003671 0.018730 280.000000 20.548286
-0.009038 0.070974 280.000000 77.184825
-0.002083 0.072983 280.000000 86.042097
-0.000828 0.046301 280.000000 52.204650
0.003783 0.074605 280.000000 94.018744
0.005648 0.065250 280.000000 83.592165
0.000813 0.044676 280.000000 51.596231
0.005270 0.077233 280.000000 99.041463
0.007184 0.092234 280.000000 120.919826
0.002558 0.048804 280.000000 58.711016
0.000515 0.087868 280.000000 108.225173
-0.002320 0.059039 280.000000 67.504702
-0.007647 0.033699 280.000000 31.329820
-0.005786 0.005008 280.000000 15.673714
-0.002430 0.007905 280.000000 10.193454
-0.005626 0.085620 280.000000 99.324403
0.005053 0.086694 280.000000 111.331202
-0.009418 0.068994 280.000000 74.310140
-0.006304 0.077300 280.000000 87.795700
-0.003525 0.011179 280.000000 11.292623
-0.007420 0.079984 280.000000 90.306352
0.007512 0.099329 280.000000 130.659407
-0.008672 0.099770 280.000000 115.090806
0.007842 0.069949 280.000000 92.143815
-0.004062 0.027575 280.000000 25.956577
0.002269 0.030940 280.000000 35.010984
0.008450 0.042635 280.000000 56.736191
-0.004058 0.061910 280.000000 69.686373
0.000248 0.008244 280.000000 8.233754
0.007087 0.027987 280.000000 35.995417
-0.000583 0.045116 280.000000 50.879500
-0.000642 0.063676 280.000000 75.172027
-0.002369 0.042233 280.000000 45.567907
-0.008954 0.065298 280.000000 69.918296
0.002864 0.059655 280.000000 73.325640
0.003286 0.005065 280.000000 6.129068
-0.008985 0.083610 280.000000 93.661059
0.001796 0.037846 280.000000 43.580404
-0.003208 0.089087 280.000000 106.173779
-0.001994 0.072313 280.000000 85.245559
0.004474 0.059837 280.000000 75.213714
0.003344 0.094331 280.000000 119.657156
0.002755 0.094856 280.000000 119.743839
0.005161 0.016380 280.000000 18.950989
-0.008808 0.084882 280.000000 95.476504
-0.001508 0.008598 280.000000 9.379333
0.006867 0.045119 280.000000 58.294961
0.008628 0.082879 280.000000 110.092773
-0.002977 0.051679 280.000000 57.299851
0.003183 0.029544 280.000000 34.052915
0.006271 0.067970 280.000000 87.847312
-0.003707 0.030020 280.000000 29.109543
0.001556 0.075217 280.000000 92.557076
0.003629 0.087215 280.000000 110.536788
0.001030 0.085548 280.000000 105.677650
0.001028 0.064134 280.000000 77.402143
-0.007356 0.026640 280.000000 23.600536
0.007131 0.037616 280.000000 48.690675
-0.006191 0.012782 280.000000 13.620847
-0.007081 0.098543 280.000000 114.949486
0.001766 0.054848 280.000000 65.888599
0.001410 0.039462 280.000000 45.331262
0.003685 0.086372 280.000000 109.479572
-0.001050 0.086676 280.000000 105.095164
-0.008707 0.085716 280.000000 96.655615
-0.009086 0.094351 280.000000 107.612120
-0.009766 0.049896 280.000000 49.740455
0.008912 0.085276 280.000000 113.572747
-0.001653 0.050068 280.000000 56.378016
-0.005650 0.062340 280.000000 68.847838
-0.000279 0.075151 280.000000 90.646066
0.000530 0.067014 280.000000 80.708438
-0.009621 0.045059 280.000000 43.859458
0.006193 0.045804 280.000000 58.481321
-0.004008 0.034803 280.000000 34.826061
0.003029 0.078338 280.000000 98.178398
0.000578 0.041159 280.000000 46.774858
0.004905 0.025990 280.000000 31.106251
0.001190 0.027656 280.000000 29.794067
-0.003201 0.014920 280.000000 13.087074
-0.005861 0.042648 280.000000 43.361848
-0.001287 0.066159 280.000000 77.821763
0.007773 0.092919 280.000000 122.456345
0.006763 0.077771 280.000000 101.332540
-0.006460 0.083682 280.000000 96.014228
0.006286 0.079551 280.000000 103.180514
-0.001866 0.034965 280.000000 36.636827
-0.006434 0.031275 280.000000 29.088477
0.005354 0.052658 280.000000 66.645785
0.007555 0.053663 280.000000 70.311756
-0.000795 0.015022 280.000000 13.336719
0.000897 0.058616 280.000000 70.000005
-0.004752 0.001968 280.000000 16.725733
-0.004554 0.038043 280.000000 38.502259
0.003406 0.068436 280.000000 85.475223
-0.001770 0.076905 280.000000 91.506670
-0.004938 0.075388 280.000000 86.531649
0.004526 0.060044 280.000000 75.539746
0.005083 0.021633 280.000000 25.619936
0.005001 0.046538 280.000000 58.201685
0.007076 0.041662 280.000000 53.960172
-0.008566 0.078221 280.000000 86.999976
0.003847 0.023477 280.000000 26.803518
0.007042 0.034898 280.000000 45.018988
0.006842 0.048105 280.000000 62.208751
0.008990 0.053239 280.000000 71.314306
-0.001133 0.057014 280.000000 65.951036
-0.002869 0.079253 280.000000 93.545894
0.008215 0.012286 280.000000 16.992753
0.009875 0.073244 280.000000 98.711439
0.003999 0.016708 280.000000 18.285043
0.005816 0.073095 280.000000 94.143091
-0.002239 0.028226 280.000000 27.865656
-0.006603 0.064812 280.000000 71.243672
-0.005116 0.085524 280.000000 99.672129
-0.001740 0.095502 280.000000 116.065991
-0.002113 0.078575 280.000000 93.375782
0.003280 0.091323 280.000000 115.610356
0.007825 0.036160 280.000000 47.527486
-0.007736 0.014966 280.000000 15.244473
0.009525 0.004492 280.000000 9.533522
0.007676 0.032020 280.000000 41.923597
-0.006252 0.046977 280.000000 48.557109
-0.001900 0.021871 280.000000 20.402016
-0.006931 0.095102 280.000000 110.567176
-0.002107 0.058551 280.000000 67.061921
-0.002930 0.036024 280.000000 37.155335
0.009422 0.092608 280.000000 123.825124
-0.007391 0.057711 280.000000 61.406758
0.003232 0.036231 280.000000 42.847602
-0.007461 0.090831 280.000000 104.473464
-0.002599 0.034045 280.000000 34.896469
0.008079 0.042849 280.000000 56.611071
0.001101 0.095980 280.000000 119.540190
0.001197 0.020186 280.000000 20.344581
-0.006350 0.085972 280.000000 99.116791
-0.001209 0.016233 280.000000 14.447402
-0.007965 0.034517 280.000000 32.131743
-0.007568 0.094961 280.000000 109.793841
-0.000180 0.009031 280.000000 8.720488
-0.003364 0.094085 280.000000 112.611086
0.006656 0.015281 280.000000 19.065220
-0.002127 0.009368 280.000000 9.939139
0.003797 0.019474 280.000000 21.608720
-0.005844 0.057380 280.000000 62.245881
-0.001051 0.067591 280.000000 79.933145
-0.009483 0.078757 280.000000 86.908590
0.001513 0.082215 280.000000 101.759465
0.002180 0.069400 280.000000 85.502964
-0.007002 0.042799 280.000000 42.750285
-0.008761 0.008174 280.000000 17.647791
0.009069 0.028837 280.000000 39.295880
0.008116 0.088319 280.000000 116.738024
0.009026 0.091603 280.000000 122.065899
-0.002056 0.015922 280.000000 13.948760
-0.002967 0.093866 280.000000 112.706858
0.004283 0.067209 280.000000 84.757196
-0.007206 0.099836 280.000000 116.533456
-0.005615 0.013520 280.000000 13.345585
-0.001733 0.036271 280.000000 38.416512
0.006655 0.025409 280.000000 32.160998
0.007556 0.040448 280.000000 52.879877
-0.008779 0.025919 280.000000 22.664991
-0.002597 0.050992 280.000000 56.740015
0.009712 0.069864 280.000000 94.064727
0.006320 0.071649 280.000000 92.765177
0.009967 0.027154 280.000000 38.120412
-0.006933 0.059203 280.000000 63.701474
-0.009839 0.091754 280.000000 103.541971
-0.008554 0.091477 280.000000 104.327776
-0.008361 0.023021 280.000000 20.089385
-0.002221 0.067538 280.000000 78.749287
0.009099 0.072940 280.000000 97.461294
-0.007210 0.068894 280.000000 76.029510
-0.006145 0.040186 280.000000 40.072977
-0.000965 0.095961 280.000000 117.439847
-0.004753 0.038375 280.000000 38.776919
0.009841 0.080023 280.000000 107.637439
0.002388 0.008910 280.000000 8.397544
0.005872 0.027472 280.000000 34.033740
-0.006661 0.079334 280.000000 90.135774
0.001214 0.038726 280.000000 44.184815
0.004051 0.067620 280.000000 85.059939
0.006842 0.056617 280.000000 73.449207
-0.009527 0.061166 280.000000 64.160916
-0.006526 0.055120 280.000000 58.768226
0.006844 0.062637 280.000000 81.405266
0.008371 0.086567 280.000000 114.694541
0.000598 0.088473 280.000000 109.107612
-0.009836 0.015252 280.000000 17.054958
0.002000 0.006718 280.000000 7.017612
0.003488 0.052693 280.000000 64.769571
0.004842 0.085042 280.000000 108.924680
0.001460 0.036114 280.000000 41.002947
-0.004040 0.045744 280.000000 48.713676
-0.006606 0.077531 280.000000 87.826248
0.000071 0.024625 280.000000 25.035328
0.006900 0.052885 280.000000 68.580133
-0.002139 0.092646 280.000000 111.904153
-0.000321 0.035043 280.000000 38.016901
-0.003421 0.090983 280.000000 108.466528
-0.006628 0.063540 280.000000 69.570960
-0.003388 0.075006 280.000000 87.467481
0.005282 0.092052 280.000000 118.661789
0.003842 0.073120 280.000000 92.115810
0.004414 0.093747 280.000000 119.996295
-0.000036 0.007371 280.000000 8.188494
0.000459 0.056889 280.000000 67.300871
-0.008454 0.007683 280.000000 17.522836
-0.000237 0.010634 280.000000 9.616894
-0.000068 0.022666 280.000000 22.494573
-0.006959 0.030966 280.000000 28.486704
-0.005859 0.052440 280.000000 55.856757
0.008391 0.071554 280.000000 94.859587
0.007420 0.084339 280.000000 110.724795
-0.003292 0.041007 280.000000 43.232515
0.008592 0.021009 280.000000 28.558605
0.008264 0.009628 280.000000 13.789401
0.003967 0.085077 280.000000 108.058162
0.000349 0.096130 280.000000 118.978410
-0.009375 0.094963 280.000000 108.152451
0.005910 0.069340 280.000000 89.276281
0.008250 0.019046 280.000000 25.634054
0.003499 0.097065 280.000000 123.434372
0.004230 0.099525 280.000000 127.450247
-0.002084 0.035493 280.000000 37.137608
0.004793 0.098303 280.000000 126.421916
0.009705 0.073782 280.000000 99.235738
-0.009915 0.030813 280.000000 27.338060
-0.003728 0.033272 280.000000 33.110155
0.005566 0.026245 280.000000 32.112735
0.007185 0.001134 280.000000 5.466867
0.005744 0.063838 280.000000 81.827724
0.008449 0.097249 280.000000 128.913140
0.007837 0.026063 280.000000 34.294847
0.006446 0.044208 280.000000 56.644758
-0.003211 0.023539 280.000000 21.675682
-0.003044 0.059649 280.000000 67.643415
0.004319 0.095008 280.000000 121.565672
0.001517 0.090567 280.000000 112.803729
0.000396 0.099286 280.000000 123.196519
0.004165 0.046313 280.000000 57.044705
0.003166 0.031559 280.000000 36.666421
0.007190 0.032228 280.000000 41.668033
-0.001172 0.067057 280.000000 79.114316
-0.001517 0.053184 280.000000 60.575640
-0.005372 0.033436 280.000000 32.248887
0.003363 0.024677 280.000000 27.899461
0.001233 0.039939 280.000000 45.788389
0.001973 0.080536 280.000000 100.007360
0.003169 0.024011 280.000000 26.858736
0.000110 0.088284 280.000000 108.369097
0.008742 0.052286 280.000000 69.783818
0.003739 0.033571 280.000000 39.859419
0.001463 0.078287 280.000000 96.519292
0.007108 0.096764 280.000000 126.834085
0.004059 0.083192 280.000000 105.661609
0.001926 0.094119 280.000000 117.918372
0.002289 0.011572 280.000000 10.930644
0.005163 0.037203 280.000000 46.070414
-0.008135 0.066141 280.000000 71.678274
0.007070 0.073537 280.000000 96.060607
0.000315 0.083487 280.000000 102.236991
0.001672 0.040332 280.000000 46.716847
-0.004930 0.055661 280.000000 60.789640
0.005007 0.035881 280.000000 44.171492
0.004072 0.037125 280.000000 44.854989
0.005459 0.097359 280.000000 125.872612
0.004145 0.038736 280.000000 47.046501
-0.003340 0.068048 280.000000 78.375692
0.001754 0.023421 280.000000 24.854571
-0.002866 0.093773 280.000000 112.682175
0.007690 0.008465 280.000000 11.776291
-0.003924 0.033098 280.000000 32.759898
-0.007213 0.083989 280.000000 95.732305
0.007570 0.022998 280.000000 30.004888
0.001274 0.053058 280.000000 63.050697
0.006178 0.080744 280.000000 104.643708
0.007802 0.063549 280.000000 83.639045
0.005204 0.083618 280.000000 107.420391
0.007981 0.033548 280.000000 44.263351
0.001079 0.047564 280.000000 55.638339
-0.009371 0.040859 280.000000 38.915274
0.006351 0.087407 280.000000 113.645106
-0.006741 0.072013 280.000000 80.498903
0.004006 0.012180 280.000000 12.730189
0.009016 0.072649 280.000000 96.985170
0.003131 0.039871 280.000000 47.525894
-0.009899 0.090725 280.000000 102.145649
-0.001048 0.048872 280.000000 55.363602
-0.006799 0.004377 280.000000 17.541827
-0.004926 0.024078 280.000000 21.580441
0.008365 0.021149 280.000000 28.483541
0.002403 0.078187 280.000000 97.338863
0.006941 0.047299 280.000000 61.251029
-0.007010 0.086113 280.000000 98.699266
-0.001145 0.021727 280.000000 20.654442
0.003799 0.016613 280.000000 17.989082
0.003149 0.055243 280.000000 67.791481
0.005529 0.076756 280.000000 98.684027
0.009835 0.021517 280.000000 30.641612
-0.009022 0.002647 280.000000 22.146760
0.003766 0.061057 280.000000 76.095845
0.005206 0.020746 280.000000 24.595215
-0.005583 0.065604 280.000000 73.156433
0.001912 0.061322 280.000000 74.570245
0.004650 0.004042 280.000000 5.655670
0.000061 0.084682 280.000000 103.563275
0.000774 0.086449 280.000000 106.610256
-0.001300 0.030725 280.000000 31.683024
-0.002771 0.049148 280.000000 54.186477
0.007999 0.052120 280.000000 68.755223
0.001529 0.097943 280.000000 122.570404
0.006013 0.046044 280.000000 58.607844
-0.009843 0.015810 280.000000 17.111295
-0.003823 0.058913 280.000000 65.982934
0.006480 0.097271 280.000000 126.835969
0.004822 0.048867 280.000000 61.087665
-0.006242 0.033752 280.000000 32.123067
-0.005003 0.092503 280.000000 108.957870
-0.003972 0.062985 280.000000 71.168453
-0.008655 0.095702 280.000000 109.772058
-0.001948 0.046440 280.000000 51.385185
-0.005881 0.059796 280.000000 65.346741
0.004884 0.090476 280.000000 116.158349
-0.008802 0.051252 280.000000 52.103417
-0.006420 0.033978 280.000000 32.293946
0.001364 0.009946 280.000000 9.083562
0.006128 0.011723 280.000000 14.070357
-0.000137 0.071124 280.000000 85.474127
0.005207 0.021036 280.000000 24.971924
0.000506 0.096376 280.000000 119.461147
0.003855 0.066860 280.000000 83.853697
0.008286 0.070717 280.000000 93.638586
0.003176 0.032788 280.000000 38.282720
0.001278 0.088847 280.000000 110.289150
0.002085 0.084895 280.000000 105.883699
0.004165 0.049307 280.000000 60.992612
0.008407 0.096796 280.000000 128.268237
-0.008328 0.092876 280.000000 106.364204
-0.000006 0.045317 280.000000 51.671011
0.001148 0.033514 280.000000 37.331458
0.007695 0.018787 280.000000 24.682583
0.003860 0.009836 280.000000 9.957320
-0.007035 0.096939 280.000000 112.885359
-0.002796 0.013337 280.000000 11.909232
-0.001916 0.075300 280.000000 89.252865
0.005678 0.005698 280.000000 7.025282
0.002537 0.033055 280.000000 38.019067
0.007871 0.091869 280.000000 121.171927
0.002519 0.014169 280.000000 13.993046
0.001966 0.039494 280.000000 45.899898
-0.007931 0.031682 280.000000 28.892441
0.004590 0.006837 280.000000 7.397425
-0.009653 0.033392 280.000000 30.163688
-0.008896 0.088230 280.000000 99.773598
0.007268 0.003618 280.000000 6.501543
0.000442 0.029805 280.000000 31.918014
-0.008199 0.020106 280.000000 17.862911
0.001011 0.086641 280.000000 107.102983
-0.007765 0.019680 280.000000 17.451474
-0.004826 0.011261 280.000000 12.308322
0.009945 0.010971 280.000000 17.399388
0.004570 0.073640 280.000000 93.558123
0.008945 0.058524 280.000000 78.242877
0.004336 0.058462 280.000000 73.253821
-0.007368 0.041251 280.000000 40.585769
-0.002455 0.052148 280.000000 58.373756
-0.002780 0.003728 280.000000 12.572731
-0.009058 0.071225 280.000000 77.491972
0.007305 0.022844 280.000000 29.515361
-0.000592 0.038943 280.000000 42.834262
0.000603 0.026547 280.000000 27.884067
-0.007317 0.045507 280.000000 45.923913
0.007614 0.057998 280.000000 76.100639
-0.002422 0.078326 280.000000 92.750986
-0.001529 0.082168 280.000000 98.677572
0.002487 0.016483 280.000000 16.752217
-0.001135 0.071826 280.000000 85.428900
-0.009823 0.078192 280.000000 85.885803
0.004374 0.049394 280.000000 61.322062
0.003845 0.002799 280.000000 5.898280
-0.002124 0.079085 280.000000 94.037646
-0.004318 0.071840 280.000000 82.447540
-0.004107 0.096951 280.000000 115.671121
-0.003593 0.076602 280.000000 89.372263
0.005143 0.067929 280.000000 86.604535
-0.003230 0.038192 280.000000 39.682051
0.009019 0.099221 280.000000 132.138293
0.003568 0.075612 280.000000 95.127965
0.004425 0.096377 280.000000 123.487039
0.007384 0.097417 280.000000 127.993341
0.001398 0.072610 280.000000 88.956179
-0.008145 0.007900 280.000000 16.988543
-0.000659 0.096592 280.000000 118.578272
-0.001650 0.011585 280.000000 10.523692
-0.008728 0.084809 280.000000 95.451447
-0.009603 0.060727 280.000000 63.541710
0.003938 0.020512 280.000000 23.069186
0.001789 0.005895 280.000000 6.890646
0.009275 0.069085 280.000000 92.557065
0.002219 0.059519 280.000000 72.498717
0.004105 0.036902 280.000000 44.596578
-0.008844 0.074255 280.000000 81.602072
-0.004791 0.065462 280.000000 73.672814
0.002114 0.030661 280.000000 34.503988
-0.001421 0.038170 280.000000 41.119365
-0.005914 0.069908 280.000000 78.480369
-0.004477 0.092862 280.000000 109.930264
-0.004834 0.094643 280.000000 111.934480
-0.000353 0.014978 280.000000 13.424520
-0.008453 0.080340 280.000000 89.860772
-0.001116 0.098654 280.000000 120.846797
-0.001746 0.047187 280.000000 52.536471
-0.009005 0.091245 280.000000 103.619447
0.004917 0.054466 280.000000 68.577551
0.004917 0.062379 280.000000 79.031870
-0.007174 0.062097 280.000000 67.242689
-0.003298 0.077125 280.000000 90.337826
0.001305 0.024325 280.000000 25.631365
0.006212 0.089090 280.000000 115.724214
0.006583 0.060055 280.000000 77.715166
0.002571 0.025314 280.000000 27.994973
0.004271 0.025678 280.000000 30.069432
0.000832 0.070095 280.000000 85.071930
-0.006736 0.052675 280.000000 55.460452
0.006459 0.031317 280.000000 39.690018
0.006653 0.052944 280.000000 68.394871
-0.002388 0.043287 280.000000 46.913851
0.008084 0.066792 280.000000 88.230975
-0.002429 0.027334 280.000000 26.639998
0.002762 0.037891 280.000000 44.565891
0.009333 0.080701 280.000000 107.979233
0.004435 0.041526 280.000000 51.013042
0.009558 0.055158 280.000000 74.472258
-0.006036 0.002175 280.000000 18.338009
-0.001959 0.002980 280.000000 12.059210
-0.006238 0.055517 280.000000 59.513288
-0.005775 0.051478 280.000000 54.686873
0.001043 0.040130 280.000000 45.861655
-0.008678 0.058633 280.000000 61.575355
-0.007285 0.079538 280.000000 89.844539
-0.005794 0.019177 280.000000 16.707334
0.006677 0.036327 280.000000 46.506992
-0.002562 0.016728 280.000000 14.634388
-0.007289 0.090220 280.000000 103.829095
0.003580 0.013201 280.000000 13.614938
-0.002573 0.002294 280.000000 13.442013
0.003095 0.059307 280.000000 73.100345
0.002773 0.072558 280.000000 90.276522
-0.004126 0.024671 280.000000 22.550071
-0.000140 0.096105 280.000000 118.453555
0.004735 0.079911 280.000000 102.024966
0.001086 0.011614 280.000000 10.510857
0.008790 0.034213 280.000000 46.031011
-0.001055 0.068384 280.000000 80.971745
0.000925 0.018694 280.000000 18.323823
0.008057 0.024321 280.000000 32.264302
-0.008063 0.064708 280.000000 69.884477
0.002475 0.070744 280.000000 87.576475
-0.004870 0.017612 280.000000 15.362517
-0.005109 0.078922 280.000000 91.009682
0.004188 0.070877 280.000000 89.507103
0.005474 0.075135 280.000000 96.482114
0.005668 0.033645 280.000000 41.916070
-0.007369 0.086838 280.000000 99.323081
0.001135 0.035903 280.000000 40.427729
-0.002063 0.065598 280.000000 76.349515
0.003154 0.059868 280.000000 73.900838
0.009365 0.056868 280.000000 76.517181
0.000925 0.090154 280.000000 111.659911
0.000474 0.099999 280.000000 124.219174
0.006731 0.096518 280.000000 126.106494
0.008769 0.055514 280.000000 74.075031
0.003780 0.026379 280.000000 30.504759
0.000405 0.059336 280.000000 70.469311
0.001477 0.087483 280.000000 108.686492
0.008852 0.051340 280.000000 68.657048
-0.007606 0.099608 280.000000 115.861890
0.000144 0.074375 280.000000 90.038831
0.004325 0.023877 280.000000 27.782079
0.004951 0.007604 280.000000 8.336656
-0.005542 0.044429 280.000000 45.852826
0.006236 0.076660 280.000000 99.303288
0.003013 0.062321 280.000000 76.997231
-0.001896 0.056083 280.000000 64.022973
-0.004611 0.034227 280.000000 33.699574
0.007196 0.026358 280.000000 33.980844
0.008634 0.075358 280.000000 100.152832
0.003318 0.016486 280.000000 17.418824
0.009523 0.013218 280.000000 19.675380
-0.006495 0.027453 280.000000 24.724107
0.006798 0.042562 280.000000 54.850161
0.009204 0.091757 280.000000 122.463020
0.003722 0.003774 280.000000 5.820610
0.008811 0.077856 280.000000 103.648558
0.004501 0.098436 280.000000 126.292418
0.000461 0.005932 280.000000 7.806301
-0.003625 0.084709 280.000000 100.006803
-0.007797 0.066699 280.000000 72.682347
0.001419 0.035265 280.000000 39.857694
-0.008040 0.018284 280.000000 16.710317
-0.005504 0.054843 280.000000 59.247482
0.005173 0.032290 280.000000 39.623400
0.009323 0.079300 280.000000 106.114499
0.006762 0.014288 280.000000 17.918780
0.007828 0.082607 280.000000 108.870758
-0.005339 0.057963 280.000000 63.427186
-0.001526 0.083818 280.000000 100.856220
0.005109 0.051826 280.000000 65.291087
0.001493 0.005562 280.000000 7.048925
0.000723 0.005776 280.000000 7.608763
0.007270 0.087080 280.000000 114.190768
0.002379 0.030650 280.000000 34.734176
0.000538 0.061911 280.000000 73.990136
0.003745 0.050087 280.000000 61.593003
-0.003567 0.006731 280.000000 11.787685
0.009163 0.077713 280.000000 103.842000
-0.002049 0.079408 280.000000 94.535965
-0.006321 0.052589 280.000000 55.677424
-0.007896 0.089289 280.000000 102.055981
0.001562 0.089986 280.000000 112.081924
0.008875 0.002354 280.000000 7.027658
0.007137 0.080619 280.000000 105.499308
0.004240 0.056532 280.000000 70.606071
0.001176 0.070834 280.000000 86.388662
0.000990 0.074378 280.000000 90.882677
-0.005082 0.065972 280.000000 74.078638
-0.008582 0.084005 280.000000 94.531548
0.002948 0.084628 280.000000 106.413346
-0.001699 0.089839 280.000000 108.631823
0.009941 0.016549 280.000000 24.383194
0.005156 0.050611 280.000000 63.737105
-0.002873 0.090049 280.000000 107.764706
0.004311 0.013635 280.000000 14.735933
0.009056 0.070573 280.000000 94.284393
-0.006603 0.050928 280.000000 53.326959
-0.008260 0.041234 280.000000 40.007977
-0.001948 0.076802 280.000000 91.199233
0.002915 0.074662 280.000000 93.201317
-0.001834 0.092155 280.000000 111.555361
-0.006109 0.099795 280.000000 117.508629
-0.006564 0.024965 280.000000 22.053904
-0.001119 0.001275 280.000000 12.393380
0.003127 0.032321 280.000000 37.624505
-0.005282 0.065939 280.000000 73.859428
0.001843 0.086353 280.000000 107.564018
-0.006271 0.049419 280.000000 51.655707
0.009453 0.027794 280.000000 38.367308
0.005796 0.034951 280.000000 43.766092
0.004865 0.022469 280.000000 26.487416
0.005900 0.062732 280.000000 80.529398
-0.008546 0.020624 280.000000 18.311312
0.001258 0.032681 280.000000 36.347852
-0.001746 0.045614 280.000000 50.488903
-0.009439 0.004244 280.000000 21.359385
0.003722 0.003234 280.000000 5.871604
-0.004826 0.012822 280.000000 12.613886
-0.009082 0.064899 280.000000 69.301876
0.008170 0.026712 280.000000 35.512184
-0.007000 0.038219 280.000000 37.091127
0.002584 0.036905 280.000000 43.101319
0.000755 0.017163 280.000000 16.386464
-0.009975 0.091271 280.000000 102.790724
-0.009524 0.075522 280.000000 82.671964
-0.002140 0.008459 280.000000 9.882897
-0.002458 0.080515 280.000000 95.600650
-0.006849 0.062133 280.000000 67.559498
-0.002457 0.005553 280.000000 11.008107
0.009273 0.048109 280.000000 64.859817
0.002843 0.088614 280.000000 111.577028
-0.009488 0.002958 280.000000 22.535443
-0.003548 0.012518 280.000000 11.760192
-0.000932 0.099918 280.000000 122.699960
-0.008315 0.092121 280.000000 105.387339
-0.001984 0.055097 280.000000 62.651627
0.007717 0.043487 280.000000 57.058148
0.006994 0.080351 280.000000 104.992359
-0.005347 0.094995 280.000000 111.911576
-0.004078 0.053023 280.000000 58.092270
0.005134 0.071602 280.000000 91.452304
-0.009896 0.028150 280.000000 24.687193
-0.007477 0.017140 280.000000 15.861269
0.009360 0.049625 280.000000 66.954108
0.007765 0.091195 280.000000 120.166217
-0.006192 0.009532 280.000000 13.865485
-0.000027 0.002755 280.000000 9.764255
0.008127 0.085140 280.000000 112.542842
-0.006329 0.006113 280.000000 15.652836
0.008883 0.016202 280.000000 22.702536
0.006602 0.025429 280.000000 32.129902
-0.005114 0.085337 280.000000 99.428609
0.003360 0.077364 280.000000 97.229463
-0.008674 0.092390 280.000000 105.414718
-0.009219 0.064171 280.000000 68.256859
-0.001044 0.013281 280.000000 11.677277
0.007659 0.014757 280.000000 19.481768
0.001463 0.064654 280.000000 78.517676
-0.003670 0.034271 280.000000 34.397923
-0.004095 0.026534 280.000000 24.712470
0.005809 0.015209 280.000000 18.104941
-0.003782 0.021516 280.000000 19.197752
0.008039 0.027050 280.000000 35.808567
-0.001144 0.099184 280.000000 121.519597
0.000453 0.003155 280.000000 8.913421
0.008223 0.029575 280.000000 39.316768
-0.007474 0.081734 280.000000 92.547596
-0.008050 0.047424 280.000000 47.817996
-0.004046 0.072213 280.000000 83.188433
0.004861 0.022017 280.000000 25.896097
0.008684 0.076152 280.000000 101.256176
-0.003017 0.046192 280.000000 50.141719
-0.006334 0.067520 280.000000 74.998101
0.009020 0.011256 280.000000 16.644192
-0.006578 0.084186 280.000000 96.566685
-0.004499 0.017549 280.000000 15.280657
0.000098 0.004008 280.000000 8.815534
0.002802 0.094262 280.000000 119.005849
0.008474 0.029689 280.000000 39.744908
0.000289 0.041095 280.000000 46.425018
0.006562 0.056538 280.000000 73.045206
0.001669 0.003696 280.000000 7.315614
0.003302 0.059649 280.000000 73.762401
0.004618 0.045533 280.000000 56.481200
-0.004136 0.084533 280.000000 99.290456
-0.006585 0.064632 280.000000 71.024854
0.003151 0.045257 280.000000 54.630903
-0.000539 0.044707 280.000000 50.386123
-0.007691 0.044514 280.000000 44.423331
-0.005057 0.077143 280.000000 88.723697
0.002856 0.032075 280.000000 37.042503
-0.000619 0.005611 280.000000 8.897998
0.005177 0.005110 280.000000 6.302848
0.005896 0.050772 280.000000 64.725281
0.004440 0.079999 280.000000 101.833847
0.000590 0.072305 280.000000 87.748865
-0.003153 0.018296 280.000000 16.047699
-0.003443 0.020251 280.000000 17.963546
-0.005593 0.065514 280.000000 73.031268
-0.002335 0.053750 280.000000 60.572238
-0.005120 0.055565 280.000000 60.502863
-0.003842 0.009620 280.000000 11.389370
-0.000804 0.047345 280.000000 53.590394
0.009056 0.074550 280.000000 99.543433
-0.000303 0.078422 280.000000 94.938032
0.005936 0.063707 280.000000 81.855496
0.000782 0.029980 280.000000 32.433713
0.008744 0.025929 280.000000 35.129115
-0.007568 0.082222 280.000000 93.101296
0.007564 0.018227 280.000000 23.816929
0.003300 0.071696 280.000000 89.675862
0.008497 0.068688 280.000000 91.184178
-0.006423 0.077460 280.000000 87.897423
-0.001921 0.003866 280.000000 11.356598
-0.000335 0.067155 280.000000 80.049743
-0.009052 0.071280 280.000000 77.568336
-0.005500 0.042421 280.000000 43.338639
-0.009805 0.009280 280.000000 18.425755
0.003116 0.080597 280.000000 101.253674
0.008395 0.006665 280.000000 10.507976
0.005111 0.025019 280.000000 30.047915
0.004348 0.029355 280.000000 34.943960
0.006483 0.044222 280.000000 56.702120
0.003535 0.033710 280.000000 39.840465
-0.008015 0.016945 280.000000 16.066299
0.009751 0.002562 280.000000 8.083680
-0.005695 0.046350 280.000000 48.182013
0.009898 0.035916 280.000000 49.511713
0.003724 0.056454 280.000000 69.973358
-0.003918 0.010565 280.000000 11.484806
0.008190 0.063337 280.000000 83.778980
0.006984 0.069515 280.000000 90.648948
0.001823 0.063087 280.000000 76.809609
-0.003395 0.056868 280.000000 63.694582
0.001953 0.045167 280.000000 53.331511
-0.008547 0.004773 280.000000 19.671721
-0.000931 0.043757 280.000000 48.794143
0.005727 0.030454 280.000000 37.787923
-0.004602 0.052006 280.000000 56.331274
-0.005773 0.056216 280.000000 60.799465
0.007227 0.084107 280.000000 110.211278
0.008365 0.099035 280.000000 131.186668
-0.005692 0.053929 280.000000 57.911832
0.002619 0.056485 280.000000 68.895851
0.000234 0.089500 280.000000 110.099546
-0.002416 0.038848 280.000000 41.168253
-0.003829 0.072884 280.000000 84.268601
0.001226 0.074481 280.000000 91.253843
0.003729 0.093630 280.000000 119.128150
0.003229 0.039266 280.000000 46.828449
-0.004533 0.094076 280.000000 111.474803
-0.005253 0.012270 280.000000 12.788535
-0.005922 0.059008 280.000000 64.288708
0.006527 0.060875 280.000000 78.739015
0.005729 0.057038 280.000000 72.824127
-0.001185 0.005777 280.000000 9.441636
-0.008813 0.060662 280.000000 64.070400
0.002842 0.002885 280.000000 6.601191
-0.009460 0.007821 280.000000 18.786460
0.009575 0.009451 280.000000 15.110783
0.004284 0.075013 280.000000 95.077360
-0.008047 0.017789 280.000000 16.462022
-0.003893 0.095948 280.000000 114.555490
-0.008773 0.027575 280.000000 24.268526
0.002370 0.054353 280.000000 65.835585
0.001095 0.062958 280.000000 75.917502
0.000606 0.050580 280.000000 59.146297
0.009946 0.097774 280.000000 131.229869
-0.009231 0.095405 280.000000 108.861829
0.009604 0.003715 280.000000 8.890561
0.008668 0.004546 280.000000 8.619370
-0.009507 0.066560 280.000000 71.100349
0.009142 0.064152 280.000000 85.891904
-0.008069 0.090718 280.000000 103.772057
-0.006096 0.007908 280.000000 14.353573
0.004152 0.075972 280.000000 96.208538
0.008118 0.082381 280.000000 108.884855
0.008657 0.063297 280.000000 84.233526
0.009358 0.010092 280.000000 15.622536
0.002232 0.050366 280.000000 60.445617
0.004735 0.070275 280.000000 89.280230
0.002377 0.064738 280.000000 79.544579
0.004156 0.031626 280.000000 37.724491
-0.004963 0.059088 280.000000 65.211940
0.000116 0.077164 280.000000 93.690679
-0.007454 0.062402 280.000000 67.405731
-0.007692 0.092823 280.000000 106.875848
0.003009 0.080411 280.000000 100.898008
-0.002496 0.009208 280.000000 10.205680
0.000044 0.025418 280.000000 26.010337
-0.002150 0.043843 280.000000 47.837506
-0.002370 0.064987 280.000000 75.259609
0.008894 0.055661 280.000000 74.406540
0.004367 0.010871 280.000000 11.478335
0.005332 0.057287 280.000000 72.737084
0.003788 0.099241 280.000000 126.614691
-0.005987 0.047208 280.000000 49.052766
0.003042 0.091478 280.000000 115.570531
-0.004056 0.077693 280.000000 90.373042
-0.009070 0.047335 280.000000 47.014983
-0.007610 0.054679 280.000000 57.344577
0.009211 0.082501 280.000000 110.225637
-0.005950 0.032664 280.000000 30.981995
0.000518 0.094878 280.000000 117.493595
-0.000574 0.018791 280.000000 17.528205
-0.004121 0.061680 280.000000 69.330456
0.001395 0.079746 280.000000 98.378243
-0.000183 0.056699 280.000000 66.434539
0.007324 0.042024 280.000000 54.705592
0.001926 0.025310 280.000000 27.417181
0.009687 0.027548 280.000000 38.313785
-0.008789 0.064468 280.000000 68.982928
0.006759 0.075395 280.000000 98.185752
0.006344 0.052198 280.000000 67.081406
0.006488 0.099173 280.000000 129.362343
0.002851 0.096238 280.000000 121.670090
-0.002884 0.068790 280.000000 79.772669
0.000368 0.069121 280.000000 83.327483
0.003268 0.016417 280.000000 17.291700
-0.004385 0.032118 280.000000 31.249116
0.006119 0.085750 280.000000 111.205955
0.005820 0.057444 280.000000 73.457036
-0.002650 0.064206 280.000000 73.974241
-0.003819 0.035852 280.000000 36.276534
0.005521 0.072930 280.000000 93.613724
-0.002991 0.080707 280.000000 95.341870
0.001882 0.027622 280.000000 30.355704
0.000503 0.098416 280.000000 122.155119
-0.008034 0.030459 280.000000 27.492761
-0.005396 0.067891 280.000000 76.306418
0.009240 0.010338 280.000000 15.780233
-0.004594 0.026323 280.000000 24.226808
-0.007910 0.097580 280.000000 112.916605
-0.006655 0.061805 280.000000 67.297994
0.006037 0.087292 280.000000 113.160008
0.002716 0.075607 280.000000 94.248032
0.008160 0.048245 280.000000 63.815224
0.003067 0.027013 280.000000 30.650740
-0.007440 0.002723 280.000000 19.829896
0.000911 0.020837 280.000000 20.939593
0.004793 0.023045 280.000000 27.162415
0.001323 0.099352 280.000000 124.223889
0.009232 0.036128 280.000000 49.040154
0.003219 0.086844 280.000000 109.623004
0.001020 0.026292 280.000000 27.901657
0.004379 0.027929 280.000000 33.111355
0.004874 0.008412 280.000000 9.117556
-0.004378 0.015219 280.000000 13.546494
0.009303 0.061646 280.000000 82.758979
0.004202 0.006823 280.000000 7.209473
0.000386 0.083456 280.000000 102.268224
-0.001255 0.002456 280.000000 11.554450
-0.006980 0.020348 280.000000 17.775399
0.004549 0.089397 280.000000 114.379663
0.008093 0.005463 280.000000 8.905003
0.001809 0.051351 280.000000 61.325352
0.008613 0.039937 280.000000 53.362229
-0.004658 0.034317 280.000000 33.780660
-0.006109 0.097846 280.000000 114.944539
-0.002915 0.089574 280.000000 107.097118
0.008779 0.010224 280.000000 15.101401
0.009480 0.099917 280.000000 133.558635
0.007823 0.023324 280.000000 30.706042
0.006790 0.036088 280.000000 46.313715
0.007085 0.061512 280.000000 80.177244
-0.009524 0.081649 280.000000 90.635903
0.001876 0.040821 280.000000 47.553898
-0.002353 0.092724 280.000000 111.797309
0.003736 0.064986 280.000000 81.255356
0.006787 0.092275 280.000000 120.549643
0.000302 0.021818 280.000000 21.710332
-0.006263 0.016736 280.000000 15.106982
-0.001563 0.079644 280.000000 95.316436
-0.006165 0.057002 280.000000 61.490235
-0.003387 0.005964 280.000000 11.935577
0.003453 0.040551 280.000000 48.739193
-0.002011 0.018199 280.000000 16.246014
0.005553 0.091776 280.000000 118.581910
0.006049 0.006928 280.000000 8.472821
-0.001524 0.067563 280.000000 79.443557
-0.003774 0.034918 280.000000 35.135825
-0.005624 0.019952 280.000000 17.355322
-0.002909 0.021768 280.000000 19.802662
0.006048 0.007813 280.000000 9.411855
0.003243 0.061865 280.000000 76.628494
0.009729 0.049962 280.000000 67.808374
-0.006039 0.088579 280.000000 102.827161
-0.009268 0.023435 280.000000 20.527668
0.004126 0.081907 280.000000 104.031010
0.000000 0.100000 300.000000 122.928779
-0.006475 0.004184 300.000000 17.354435
0.000287 0.065128 300.000000 77.510420
0.008232 0.001912 300.000000 6.206049
0.005733 0.086630 300.000000 111.158045
-0.006061 0.076124 300.000000 86.048947
0.001875 0.039256 300.000000 45.249407
0.001333 0.089042 300.000000 109.866862
0.003031 0.065896 300.000000 81.192053
-0.004986 0.081492 300.000000 93.987714
0.008961 0.061646 300.000000 81.760628
0.003142 0.089140 300.000000 111.805129
-0.004135 0.048347 300.000000 51.808868
0.008785 0.057056 300.000000 75.553297
-0.001525 0.088811 300.000000 106.777713
-0.000114 0.035504 300.000000 38.635241
0.003561 0.099916 300.000000 126.382944
0.006004 0.028972 300.000000 35.889787
0.004561 0.067775 300.000000 85.198545
-0.005399 0.018951 300.000000 16.753158
0.001071 0.013086 300.000000 12.060436
0.007735 0.001946 300.000000 5.882421
0.002444 0.039206 300.000000 45.717131
-0.006134 0.006613 300.000000 15.264696
0.006580 0.092528 300.000000 119.786231
-0.001123 0.079027 300.000000 94.351477
-0.001387 0.072232 300.000000 85.214749
0.008095 0.025013 300.000000 32.961460
0.002781 0.061920 300.000000 75.732208
-0.004879 0.025300 300.000000 23.084548
-0.001830 0.048207 300.000000 53.543798
-0.006982 0.015234 300.000000 15.128064
-0.000182 0.023225 300.000000 23.093043
-0.007030 0.071497 300.000000 79.223343
-0.008068 0.090455 300.000000 102.907029
0.001634 0.087962 300.000000 108.748580
-0.003430 0.042326 300.000000 44.678839
0.005017 0.090660 300.000000 115.713711
-0.002416 0.009657 300.000000 10.422025
0.002448 0.030263 300.000000 34.122662
0.008352 0.073920 300.000000 97.213853
-0.002018 0.053445 300.000000 60.162897
-0.001335 0.089549 300.000000 107.926734
0.004370 0.050439 300.000000 62.275238
-0.005489 0.049947 300.000000 52.790878
0.003992 0.042465 300.000000 51.464960
-0.002569 0.006123 300.000000 11.033523
0.005145 0.038758 300.000000 47.775557
-0.006811 0.027153 300.000000 24.485293
0.007948 0.090855 300.000000 119.025025
-0.001056 0.068463 300.000000 80.599393
0.009706 0.029872 300.000000 41.048012
0.001637 0.031650 300.000000 35.186875
-0.002829 0.041622 300.000000 44.252848
-0.004270 0.026052 300.000000 24.170834
-0.008404 0.008333 300.000000 17.320517
0.006738 0.061429 300.000000 79.117617
0.007069 0.021336 300.000000 27.107729
-0.001593 0.044147 300.000000 48.505558
0.008965 0.027750 300.000000 37.466520
-0.003675 0.002506 300.000000 14.824309
0.001956 0.012443 300.000000 11.751760
0.002782 0.068263 300.000000 84.048532
-0.007326 0.035161 300.000000 33.306858
-0.000391 0.051533 300.000000 59.135076
0.006837 0.033650 300.000000 42.849679
0.008756 0.037020 300.000000 49.303471
0.009892 0.065800 300.000000 88.214397
0.008931 0.095252 300.000000 125.842784
-0.009883 0.052708 300.000000 53.130532
-0.002664 0.088881 300.000000 105.785410
-0.002075 0.010656 300.000000 10.473193
-0.005004 0.048572 300.000000 51.413916
-0.005193 0.056435 300.000000 61.330398
-0.008732 0.059113 300.000000 61.986844
0.002714 0.008553 300.000000 8.251505
-0.004892 0.017532 300.000000 15.560577
0.001834 0.072231 300.000000 88.311922
0.003420 0.060740 300.000000 74.820940
0.009498 0.012075 300.000000 18.079990
-0.008061 0.059553 300.000000 63.052502
-0.003461 0.082609 300.000000 96.839395
0.002103 0.067435 300.000000 82.289840
-0.001313 0.081756 300.000000 97.741845
0.004130 0.015540 300.000000 16.875010
-0.002841 0.035443 300.000000 36.413541
-0.002739 0.095711 300.000000 114.653978
0.007066 0.004992 300.000000 7.430763
0.003945 0.007441 300.000000 7.672972
-0.001724 0.074325 300.000000 87.633788
-0.006883 0.051865 300.000000 54.172785
-0.005956 0.014753 300.000000 14.302007
0.004926 0.007956 300.000000 8.679960
0.007620 0.033232 300.000000 43.135189
-0.009302 0.087799 300.000000 98.390080
0.003358 0.013156 300.000000 13.384814
0.003670 0.070978 300.000000 88.498879
-0.008840 0.048685 300.000000 48.821621
-0.001063 0.055648 300.000000 63.879807
-0.000774 0.078759 300.000000 94.333904
0.009843 0.099838 300.000000 132.837164
-0.001739 0.014230 300.000000 12.635995
0.009135 0.099226 300.000000 131.279352
0.003647 0.089602 300.000000 112.922866
0.004991 0.077005 300.000000 97.752927
-0.007613 0.019067 300.000000 17.341600
-0.004698 0.077602 300.000000 89.179764
0.000370 0.073826 300.000000 88.975274
0.001591 0.062392 300.000000 75.183956
-0.003435 0.088018 300.000000 103.932039
0.008166 0.067187 300.000000 88.179861
-0.002435 0.010488 300.000000 10.629196
0.004459 0.045744 300.000000 56.217570
-0.009594 0.051083 300.000000 51.303556
0.000632 0.036593 300.000000 40.677658
0.000300 0.090791 300.000000 111.143193
0.001872 0.047674 300.000000 56.212528
0.005826 0.066799 300.000000 85.216502
0.001506 0.037320 300.000000 42.398989
-0.009481 0.085899 300.000000 95.776706
-0.008624 0.094955 300.000000 108.266896
0.000985 0.001746 300.000000 9.347667
0.001756 0.012012 300.000000 11.213515
-0.001633 0.057074 300.000000 65.219043
-0.000641 0.061814 300.000000 72.304962
-0.004519 0.065918 300.000000 74.151389
-0.009614 0.068124 300.000000 72.792583
0.001128 0.058025 300.000000 69.024268
0.008677 0.043714 300.000000 57.965869
-0.000018 0.049501 300.000000 56.831579
0.006407 0.050265 300.000000 64.133344
0.002902 0.038121 300.000000 44.738340
0.008271 0.072143 300.000000 94.796247
0.006907 0.042031 300.000000 53.872924
0.003571 0.016776 300.000000 17.937099
-0.003346 0.095026 300.000000 113.181869
0.001627 0.010743 300.000000 9.930925
-0.007591 0.049079 300.000000 50.151799
-0.005102 0.091695 300.000000 107.190211
-0.007836 0.037448 300.000000 35.749229
0.003992 0.056328 300.000000 69.611338
0.009544 0.010680 300.000000 16.433737
-0.002318 0.019372 300.000000 17.520557
0.009924 0.004315 300.000000 9.775307
0.006476 0.056263 300.000000 72.068356
0.008143 0.068727 300.000000 90.177397
0.008049 0.075703 300.000000 99.234324
-0.006387 0.089964 300.000000 103.763268
-0.004318 0.029339 300.000000 27.976697
-0.009397 0.071220 300.000000 76.926303
-0.008241 0.015910 300.000000 16.220258
-0.004779 0.017777 300.000000 15.737240
-0.006927 0.067289 300.000000 73.878314
0.005139 0.096398 300.000000 123.376698
0.000405 0.074923 300.000000 90.444794
0.004391 0.039197 300.000000 47.591583
0.002146 0.019513 300.000000 20.194860
0.008433 0.039866 300.000000 52.670742
-0.005426 0.015549 300.000000 14.404265
0.008665 0.015095 300.000000 20.882988
0.006934 0.060061 300.000000 77.529438
0.004201 0.092712 300.000000 117.572659
0.005812 0.028364 300.000000 34.902329
0.000301 0.079413 300.000000 96.227893
-0.008590 0.013052 300.000000 16.192746
-0.008478 0.078096 300.000000 86.533261
-0.000985 0.059952 300.000000 69.557315
-0.006842 0.081072 300.000000 91.790715
0.001074 0.081733 300.000000 100.023053
0.006547 0.005708 300.000000 7.657526
-0.003736 0.004373 300.000000 13.486005
0.003671 0.018730 300.000000 20.465294
-0.009038 0.070974 300.000000 76.898418
-0.002083 0.072983 300.000000 85.546165
-0.000828 0.046301 300.000000 51.951109
0.003783 0.074605 300.000000 93.372520
0.005648 0.065250 300.000000 82.998678
0.000813 0.044676 300.000000 51.316272
0.005270 0.077233 300.000000 98.338758
0.007184 0.092234 300.000000 120.033138
0.002558 0.048804 300.000000 58.346433
0.000515 0.087868 300.000000 107.519822
-0.002320 0.059039 300.000000 67.157723
-0.007647 0.033699 300.000000 31.456492
-0.005786 0.005008 300.000000 15.807375
-0.002430 0.007905 300.000000 10.396246
-0.005626 0.085620 300.000000 98.788843
0.005053 0.086694 300.000000 110.540639
-0.009418 0.068994 300.000000 74.057170
-0.006304 0.077300 300.000000 87.364223
-0.003525 0.011179 300.000000 11.547998
-0.007420 0.079984 300.000000 89.876884
0.007512 0.099329 300.000000 129.697395
-0.008672 0.099770 300.000000 114.488298
0.007842 0.069949 300.000000 91.461394
-0.004062 0.027575 300.000000 26.030374
0.002269 0.030940 300.000000 34.835706
0.008450 0.042635 300.000000 56.308663
-0.004058 0.061910 300.000000 69.355987
0.000248 0.008244 300.000000 8.397216
0.007087 0.027987 300.000000 35.737437
-0.000583 0.045116 300.000000 50.631811
-0.000642 0.063676 300.000000 74.734825
-0.002369 0.042233 300.000000 45.402258
-0.008954 0.065298 300.000000 69.692843
0.002864 0.059655 300.000000 72.846303
0.003286 0.005065 300.000000 6.209565
-0.008985 0.083610 300.000000 93.236211
0.001796 0.037846 300.000000 43.345595
-0.003208 0.089087 300.000000 105.542825
-0.001994 0.072313 300.000000 84.754209
0.004474 0.059837 300.000000 74.697506
0.003344 0.094331 300.000000 118.827242
0.002755 0.094856 300.000000 118.921171
0.005161 0.016380 300.000000 18.852642
-0.008808 0.084882 300.000000 95.033244
-0.001508 0.008598 300.000000 9.581168
0.006867 0.045119 300.000000 57.873491
0.008628 0.082879 300.000000 109.269658
-0.002977 0.051679 300.000000 57.048537
0.003183 0.029544 300.000000 33.868230
0.006271 0.067970 300.000000 87.214756
-0.003707 0.030020 300.000000 29.135980
0.001556 0.075217 300.000000 91.953309
0.003629 0.087215 300.000000 109.770472
0.001030 0.085548 300.000000 104.983696
0.001028 0.064134 300.000000 76.920325
-0.007356 0.026640 300.000000 23.823245
0.007131 0.037616 300.000000 48.337346
-0.006191 0.012782 300.000000 13.931422
-0.007081 0.098543 300.000000 114.318668
0.001766 0.054848 300.000000 65.482211
0.001410 0.039462 300.000000 45.089716
0.003685 0.086372 300.000000 108.720325
-0.001050 0.086676 300.000000 104.437254
-0.008707 0.085716 300.000000 96.200749
-0.009086 0.094351 300.000000 107.076802
-0.009766 0.049896 300.000000 49.725707
0.008912 0.085276 300.000000 112.720985
-0.001653 0.050068 300.000000 56.107133
-0.005650 0.062340 300.000000 68.557363
-0.000279 0.075151 300.000000 90.084964
0.000530 0.067014 300.000000 80.209562
-0.009621 0.045059 300.000000 43.902795
0.006193 0.045804 300.000000 58.066715
-0.004008 0.034803 300.000000 34.801017
0.003029 0.078338 300.000000 97.511670
0.000578 0.041159 300.000000 46.537522
0.004905 0.025990 300.000000 30.915411
0.001190 0.027656 300.000000 29.684817
-0.003201 0.014920 300.000000 13.314735
-0.005861 0.042648 300.000000 43.302741
-0.001287 0.066159 300.000000 77.375320
0.007773 0.092919 300.000000 121.551683
0.006763 0.077771 300.000000 100.594814
-0.006460 0.083682 300.000000 95.520347
0.006286 0.079551 300.000000 102.434843
-0.001866 0.034965 300.000000 36.538395
-0.006434 0.031275 300.000000 29.202379
0.005354 0.052658 300.000000 66.181406
0.007555 0.053663 300.000000 69.793492
-0.000795 0.015022 300.000000 13.465508
0.000897 0.058616 300.000000 69.576476
-0.004752 0.001968 300.000000 16.775363
-0.004554 0.038043 300.000000 38.455530
0.003406 0.068436 300.000000 84.897538
-0.001770 0.076905 300.000000 90.963503
-0.004938 0.075388 300.000000 86.083801
0.004526 0.060044 300.000000 75.020428
0.005083 0.021633 300.000000 25.469090
0.005001 0.046538 300.000000 57.804772
0.007076 0.041662 300.000000 53.568370
-0.008566 0.078221 300.000000 86.621040
0.003847 0.023477 300.000000 26.664777
0.007042 0.034898 300.000000 44.694037
0.006842 0.048105 300.000000 61.758607
0.008990 0.053239 300.000000 70.773298
-0.001133 0.057014 300.000000 65.594069
-0.002869 0.079253 300.000000 93.005849
0.008215 0.012286 300.000000 16.870002
0.009875 0.073244 300.000000 97.959236
0.003999 0.016708 300.000000 18.214950
0.005816 0.073095 300.000000 93.469696
-0.002239 0.028226 300.000000 27.862248
-0.006603 0.064812 300.000000 70.953717
-0.005116 0.085524 300.000000 99.124551
-0.001740 0.095502 300.000000 115.336328
-0.002113 0.078575 300.000000 92.824111
0.003280 0.091323 300.000000 114.811192
0.007825 0.036160 300.000000 47.174978
-0.007736 0.014966 300.000000 15.595304
0.009525 0.004492 300.000000 9.478896
0.007676 0.032020 300.000000 41.614493
-0.006252 0.046977 300.000000 48.458595
-0.001900 0.021871 300.000000 20.472811
-0.006931 0.095102 300.000000 109.967769
-0.002107 0.058551 300.000000 66.714398
-0.002930 0.036024 300.000000 37.078754
0.009422 0.092608 300.000000 122.892552
-0.007391 0.057711 300.000000 61.219375
0.003232 0.036231 300.000000 42.593333
-0.007461 0.090831 300.000000 103.931757
-0.002599 0.034045 300.000000 34.832776
0.008079 0.042849 300.000000 56.188377
0.001101 0.095980 300.000000 118.742020
0.001197 0.020186 300.000000 20.322832
-0.006350 0.085972 300.000000 98.596345
-0.001209 0.016233 300.000000 14.574959
-0.007965 0.034517 300.000000 32.259070
-0.007568 0.094961 300.000000 109.212264
-0.000180 0.009031 300.000000 8.894751
-0.003364 0.094085 300.000000 111.933708
0.006656 0.015281 300.000000 18.942708
-0.002127 0.009368 300.000000 10.157846
0.003797 0.019474 300.000000 21.514010
-0.005844 0.057380 300.000000 62.015342
-0.001051 0.067591 300.000000 79.466369
-0.009483 0.078757 300.000000 86.549939
0.001513 0.082215 300.000000 101.087654
0.002180 0.069400 300.000000 84.942667
-0.007002 0.042799 300.000000 42.728684
-0.008761 0.008174 300.000000 17.870973
0.009069 0.028837 300.000000 38.992576
0.008116 0.088319 300.000000 115.871598
0.009026 0.091603 300.000000 121.150434
-0.002056 0.015922 300.000000 14.116668
-0.002967 0.093866 300.000000 112.022226
0.004283 0.067209 300.000000 84.172826
-0.007206 0.099836 300.000000 115.892584
-0.005615 0.013520 300.000000 13.650939
-0.001733 0.036271 300.000000 38.298815
0.006655 0.025409 300.000000 31.937226
0.007556 0.040448 300.000000 52.490574
-0.008779 0.025919 300.000000 22.958014
-0.002597 0.050992 300.000000 56.485376
0.009712 0.069864 300.000000 93.348434
0.006320 0.071649 300.000000 92.095792
0.009967 0.027154 300.000000 37.818659
-0.006933 0.059203 300.000000 63.483205
-0.009839 0.091754 300.000000 103.054291
-0.008554 0.091477 300.000000 103.808271
-0.008361 0.023021 300.000000 20.408028
-0.002221 0.067538 300.000000 78.312196
0.009099 0.072940 300.000000 96.726203
-0.007210 0.068894 300.000000 75.712656
-0.006145 0.040186 300.000000 40.054523
-0.000965 0.095961 300.000000 116.687864
-0.004753 0.038375 300.000000 38.732875
0.009841 0.080023 300.000000 106.819752
0.002388 0.008910 300.000000 8.482580
0.005872 0.027472 300.000000 33.806166
-0.006661 0.079334 300.000000 89.692583
0.001214 0.038726 300.000000 43.956052
0.004051 0.067620 300.000000 84.476457
0.006842 0.056617 300.000000 72.916008
-0.009527 0.061166 300.000000 64.000808
-0.006526 0.055120 300.000000 58.583645
0.006844 0.062637 300.000000 80.813365
0.008371 0.086567 300.000000 113.840353
0.000598 0.088473 300.000000 108.394437
-0.009836 0.015252 300.000000 17.437151
0.002000 0.006718 300.000000 7.133830
0.003488 0.052693 300.000000 64.345108
0.004842 0.085042 300.000000 108.154509
0.001460 0.036114 300.000000 40.794952
-0.004040 0.045744 300.000000 48.559173
-0.006606 0.077531 300.000000 87.400503
0.000071 0.024625 300.000000 24.996953
0.006900 0.052885 300.000000 68.082213
-0.002139 0.092646 300.000000 111.212181
-0.000321 0.035043 300.000000 37.870331
-0.003421 0.090983 300.000000 107.821662
-0.006628 0.063540 300.000000 69.295617
-0.003388 0.075006 300.000000 86.983589
0.005282 0.092052 300.000000 117.814391
0.003842 0.073120 300.000000 91.482888
0.004414 0.093747 300.000000 119.149966
-0.000036 0.007371 300.000000 8.354375
0.000459 0.056889 300.000000 66.905303
-0.008454 0.007683 300.000000 17.732173
-0.000237 0.010634 300.000000 9.782890
-0.000068 0.022666 300.000000 22.485591
-0.006959 0.030966 300.000000 28.626267
-0.005859 0.052440 300.000000 55.682125
0.008391 0.071554 300.000000 94.151160
0.007420 0.084339 300.000000 109.910386
-0.003292 0.041007 300.000000 43.109018
0.008592 0.021009 300.000000 28.341182
0.008264 0.009628 300.000000 13.693561
0.003967 0.085077 300.000000 107.305692
0.000349 0.096130 300.000000 118.195290
-0.009375 0.094963 300.000000 107.618479
0.005910 0.069340 300.000000 88.637606
0.008250 0.019046 300.000000 25.442304
0.003499 0.097065 300.000000 122.574533
0.004230 0.099525 300.000000 126.551342
-0.002084 0.035493 300.000000 37.039946
0.004793 0.098303 300.000000 125.523472
0.009705 0.073782 300.000000 98.481371
-0.009915 0.030813 300.000000 27.602064
-0.003728 0.033272 300.000000 33.094757
0.005566 0.026245 300.000000 31.904131
0.007185 0.001134 300.000000 5.469023
0.005744 0.063838 300.000000 81.246056
0.008449 0.097249 300.000000 127.953537
0.007837 0.026063 300.000000 34.041234
0.006446 0.044208 300.000000 56.240620
-0.003211 0.023539 300.000000 21.774502
-0.003044 0.059649 300.000000 67.309337
0.004319 0.095008 300.000000 120.708993
0.001517 0.090567 300.000000 112.049689
0.000396 0.099286 300.000000 122.381315
0.004165 0.046313 300.000000 56.668231
0.003166 0.031559 300.000000 36.461388
0.007190 0.032228 300.000000 41.366351
-0.001172 0.067057 300.000000 78.655917
-0.001517 0.053184 300.000000 60.268387
-0.005372 0.033436 300.000000 32.291142
0.003363 0.024677 300.000000 27.760936
0.001233 0.039939 300.000000 45.546517
0.001973 0.080536 300.000000 99.341935
0.003169 0.024011 300.000000 26.732556
0.000110 0.088284 300.000000 107.668727
0.008742 0.052286 300.000000 69.256666
0.003739 0.033571 300.000000 39.619800
0.001463 0.078287 300.000000 95.887300
0.007108 0.096764 300.000000 125.904794
0.004059 0.083192 300.000000 104.925618
0.001926 0.094119 300.000000 117.120605
0.002289 0.011572 300.000000 10.983345
0.005163 0.037203 300.000000 45.761970
-0.008135 0.066141 300.000000 71.418622
0.007070 0.073537 300.000000 95.358109
0.000315 0.083487 300.000000 101.579432
0.001672 0.040332 300.000000 46.459600
-0.004930 0.055661 300.000000 60.551146
0.005007 0.035881 300.000000 43.879549
0.004072 0.037125 300.000000 44.571843
0.005459 0.097359 300.000000 124.969963
0.004145 0.038736 300.000000 46.745618
-0.003340 0.068048 300.000000 77.962051
0.001754 0.023421 300.000000 24.776111
-0.002866 0.093773 300.000000 111.996076
0.007690 0.008465 300.000000 11.703061
-0.003924 0.033098 300.000000 32.753667
-0.007213 0.083989 300.000000 95.255200
0.007570 0.022998 300.000000 29.786619
0.001274 0.053058 300.000000 62.673977
0.006178 0.080744 300.000000 103.888566
0.007802 0.063549 300.000000 83.019726
0.005204 0.083618 300.000000 106.656749
0.007981 0.033548 300.000000 43.933487
0.001079 0.047564 300.000000 55.322047
-0.009371 0.040859 300.000000 39.006751
0.006351 0.087407 300.000000 112.821646
-0.006741 0.072013 300.000000 80.135275
0.004006 0.012180 300.000000 12.712268
0.009016 0.072649 300.000000 96.254455
0.003131 0.039871 300.000000 47.237336
-0.009899 0.090725 300.000000 101.670482
-0.001048 0.048872 300.000000 55.088953
-0.006799 0.004377 300.000000 17.657240
-0.004926 0.024078 300.000000 21.741648
0.008365 0.021149 300.000000 28.268770
0.002403 0.078187 300.000000 96.687148
0.006941 0.047299 300.000000 60.806801
-0.007010 0.086113 300.000000 98.194634
-0.001145 0.021727 300.000000 20.697821
0.003799 0.016613 300.000000 17.925931
0.003149 0.055243 300.000000 67.349384
0.005529 0.076756 300.000000 97.980712
0.009835 0.021517 300.000000 30.398431
-0.009022 0.002647 300.000000 22.214201
0.003766 0.061057 300.000000 75.582844
0.005206 0.020746 300.000000 24.450474
-0.005583 0.065604 300.000000 72.828964
0.001912 0.061322 300.000000 74.095949
0.004650 0.004042 300.000000 5.700425
0.000061 0.084682 300.000000 102.899634
0.000774 0.086449 300.000000 105.913115
-0.001300 0.030725 300.000000 31.616357
-0.002771 0.049148 300.000000 53.956647
0.007999 0.052120 300.000000 68.243537
0.001529 0.097943 300.000000 121.743699
0.006013 0.046044 300.000000 58.194568
-0.009843 0.015810 300.000000 17.499797
-0.003823 0.058913 300.000000 65.677879
0.006480 0.097271 300.000000 125.913978
0.004822 0.048867 300.000000 60.671714
-0.006242 0.033752 300.000000 32.193959
-0.005003 0.092503 300.000000 108.336385
-0.003972 0.062985 300.000000 70.824382
-0.008655 0.095702 300.000000 109.211235
-0.001948 0.046440 300.000000 51.161209
-0.005881 0.059796 300.000000 65.090641
0.004884 0.090476 300.000000 115.334345
-0.008802 0.051252 300.000000 52.038220
-0.006420 0.033978 300.000000 32.368532
0.001364 0.009946 300.000000 9.196198
0.006128 0.011723 300.000000 13.996829
-0.000137 0.071124 300.000000 84.949883
0.005207 0.021036 300.000000 24.824185
0.000506 0.096376 300.000000 118.672140
0.003855 0.066860 300.000000 83.281839
0.008286 0.070717 300.000000 92.940284
0.003176 0.032788 300.000000 38.064850
0.001278 0.088847 300.000000 109.557221
0.002085 0.084895 300.000000 105.172993
0.004165 0.049307 300.000000 60.586584
0.008407 0.096796 300.000000 127.313843
-0.008328 0.092876 300.000000 105.824115
-0.000006 0.045317 300.000000 51.405758
0.001148 0.033514 300.000000 37.159453
0.007695 0.018787 300.000000 24.503718
0.003860 0.009836 300.000000 9.973631
-0.007035 0.096939 300.000000 112.269767
-0.002796 0.013337 300.000000 12.139234
-0.001916 0.075300 300.000000 88.729394
0.005678 0.005698 300.000000 7.029503
0.002537 0.033055 300.000000 37.814680
0.007871 0.091869 300.000000 120.275618
0.002519 0.014169 300.000000 14.001605
0.001966 0.039494 300.000000 45.643784
-0.007931 0.031682 300.000000 29.060771
0.004590 0.006837 300.000000 7.424288
-0.009653 0.033392 300.000000 30.376602
-0.008896 0.088230 300.000000 99.297359
0.007268 0.003618 300.000000 6.487935
0.000442 0.029805 300.000000 31.807101
-0.008199 0.020106 300.000000 18.210627
0.001011 0.086641 300.000000 106.398680
-0.007765 0.019680 300.000000 17.788792
-0.004826 0.011261 300.000000 12.585083
0.009945 0.010971 300.000000 17.264195
0.004570 0.073640 300.000000 92.904855
0.008945 0.058524 300.000000 77.651127
0.004336 0.058462 300.000000 72.754045
-0.007368 0.041251 300.000000 40.597212
-0.002455 0.052148 300.000000 58.102831
-0.002780 0.003728 300.000000 12.670216
-0.009058 0.071225 300.000000 77.203398
0.007305 0.022844 300.000000 29.303799
-0.000592 0.038943 300.000000 42.652798
0.000603 0.026547 300.000000 27.805430
-0.007317 0.045507 300.000000 45.879155
0.007614 0.057998 300.000000 75.539000
-0.002422 0.078326 300.000000 92.209362
-0.001529 0.082168 300.000000 98.075838
0.002487 0.016483 300.000000 16.732439
-0.001135 0.071826 300.000000 84.921474
-0.009823 0.078192 300.000000 85.543112
0.004374 0.049394 300.000000 60.910594
0.003845 0.002799 300.000000 5.948983
-0.002124 0.079085 300.000000 93.481097
-0.004318 0.071840 300.000000 82.020213
-0.004107 0.096951 300.000000 114.982843
-0.003593 0.076602 300.000000 88.877271
0.005143 0.067929 300.000000 85.995209
-0.003230 0.038192 300.000000 39.589464
0.009019 0.099221 300.000000 131.148822
0.003568 0.075612 300.000000 94.476446
0.004425 0.096377 300.000000 122.614850
0.007384 0.097417 300.000000 127.052370
0.001398 0.072610 300.000000 88.381707
-0.008145 0.007900 300.000000 17.204148
-0.000659 0.096592 300.000000 117.813122
-0.001650 0.011585 300.000000 10.730005
-0.008728 0.084809 300.000000 95.006769
-0.009603 0.060727 300.000000 63.389175
0.003938 0.020512 300.000000 22.959371
0.001789 0.005895 300.000000 7.009750
0.009275 0.069085 300.000000 91.856309
0.002219 0.059519 300.000000 72.035291
0.004105 0.036902 300.000000 44.314881
-0.008844 0.074255 300.000000 81.273975
-0.004791 0.065462 300.000000 73.324913
0.002114 0.030661 300.000000 34.335832
-0.001421 0.038170 300.000000 40.970693
-0.005914 0.069908 300.000000 78.116229
-0.004477 0.092862 300.000000 109.292169
-0.004834 0.094643 300.000000 111.287160
-0.000353 0.014978 300.000000 13.535386
-0.008453 0.080340 300.000000 89.455987
-0.001116 0.098654 300.000000 120.071596
-0.001746 0.047187 300.000000 52.298782
-0.009005 0.091245 300.000000 103.114469
0.004917 0.054466 300.000000 68.104626
0.004917 0.062379 300.000000 78.481467
-0.007174 0.062097 300.000000 66.999355
-0.003298 0.077125 300.000000 89.830066
0.001305 0.024325 300.000000 25.556438
0.006212 0.089090 300.000000 114.887118
0.006583 0.060055 300.000000 77.153573
0.002571 0.025314 300.000000 27.871390
0.004271 0.025678 300.000000 29.897094
0.000832 0.070095 300.000000 84.535325
-0.006736 0.052675 300.000000 55.310498
0.006459 0.031317 300.000000 39.412030
0.006653 0.052944 300.000000 67.901250
-0.002388 0.043287 300.000000 46.737060
0.008084 0.066792 300.000000 87.574710
-0.002429 0.027334 300.000000 26.655210
0.002762 0.037891 300.000000 44.306275
0.009333 0.080701 300.000000 107.164226
0.004435 0.041526 300.000000 50.677912
0.009558 0.055158 300.000000 73.902252
-0.006036 0.002175 300.000000 18.393105
-0.001959 0.002980 300.000000 12.135725
-0.006238 0.055517 300.000000 59.315401
-0.005775 0.051478 300.000000 54.520602
0.001043 0.040130 300.000000 45.622749
-0.008678 0.058633 300.000000 61.417756
-0.007285 0.079538 300.000000 89.416076
-0.005794 0.019177 300.000000 16.979069
0.006677 0.036327 300.000000 46.175353
-0.002562 0.016728 300.000000 14.811182
-0.007289 0.090220 300.000000 103.289226
0.003580 0.013201 300.000000 13.598704
-0.002573 0.002294 300.000000 13.500103
0.003095 0.059307 300.000000 72.619297
0.002773 0.072558 300.000000 89.672066
-0.004126 0.024671 300.000000 22.669117
-0.000140 0.096105 300.000000 117.681563
0.004735 0.079911 300.000000 101.307045
0.001086 0.011614 300.000000 10.611997
0.008790 0.034213 300.000000 45.679749
-0.001055 0.068384 300.000000 80.497081
0.000925 0.018694 300.000000 18.330800
0.008057 0.024321 300.000000 32.023745
-0.008063 0.064708 300.000000 69.638644
0.002475 0.070744 300.000000 86.996391
-0.004870 0.017612 300.000000 15.619449
-0.005109 0.078922 300.000000 90.529745
0.004188 0.070877 300.000000 88.888839
0.005474 0.075135 300.000000 95.795714
0.005668 0.033645 300.000000 41.631824
-0.007369 0.086838 300.000000 98.820412
0.001135 0.035903 300.000000 40.230689
-0.002063 0.065598 300.000000 75.928247
0.003154 0.059868 300.000000 73.412957
0.009365 0.056868 300.000000 75.933942
0.000925 0.090154 300.000000 110.922901
0.000474 0.099999 300.000000 123.395226
0.006731 0.096518 300.000000 125.186922
0.008769 0.055514 300.000000 73.515880
0.003780 0.026379 300.000000 30.337529
0.000405 0.059336 300.000000 70.050386
0.001477 0.087483 300.000000 107.963625
0.008852 0.051340 300.000000 68.137096
-0.007606 0.099608 300.000000 115.233530
0.000144 0.074375 300.000000 89.475582
0.004325 0.023877 300.000000 27.626893
0.004951 0.007604 300.000000 8.342589
-0.005542 0.044429 300.000000 45.761460
0.006236 0.076660 300.000000 98.586764
0.003013 0.062321 300.000000 76.488267
-0.001896 0.056083 300.000000 63.695534
-0.004611 0.034227 300.000000 33.703340
0.007196 0.026358 300.000000 33.736754
0.008634 0.075358 300.000000 99.402819
0.003318 0.016486 300.000000 17.371825
0.009523 0.013218 300.000000 19.521991
-0.006495 0.027453 300.000000 24.898187
0.006798 0.042562 300.000000 54.455047
0.009204 0.091757 300.000000 121.542757
0.003722 0.003774 300.000000 5.884568
0.008811 0.077856 300.000000 102.870919
0.004501 0.098436 300.000000 125.398596
0.000461 0.005932 300.000000 7.947127
-0.003625 0.084709 300.000000 99.430195
-0.007797 0.066699 300.000000 72.406513
0.001419 0.035265 300.000000 39.659701
-0.008040 0.018284 300.000000 17.067206
-0.005504 0.054843 300.000000 59.034998
0.005173 0.032290 300.000000 39.363410
0.009323 0.079300 300.000000 105.313338
0.006762 0.014288 300.000000 17.804082
0.007828 0.082607 300.000000 108.065391
-0.005339 0.057963 300.000000 63.175399
-0.001526 0.083818 300.000000 100.237936
0.005109 0.051826 300.000000 64.839999
0.001493 0.005562 300.000000 7.170339
0.000723 0.005776 300.000000 7.743995
0.007270 0.087080 300.000000 113.352578
0.002379 0.030650 300.000000 34.559030
0.000538 0.061911 300.000000 73.542126
0.003745 0.050087 300.000000 61.188568
-0.003567 0.006731 300.000000 11.968691
0.009163 0.077713 300.000000 103.059233
-0.002049 0.079408 300.000000 93.974348
-0.006321 0.052589 300.000000 55.515422
-0.007896 0.089289 300.000000 101.541778
0.001562 0.089986 300.000000 111.332604
0.008875 0.002354 300.000000 7.005802
0.007137 0.080619 300.000000 104.726579
0.004240 0.056532 300.000000 70.127305
0.001176 0.070834 300.000000 85.836833
0.000990 0.074378 300.000000 90.299953
-0.005082 0.065972 300.000000 73.733347
-0.008582 0.084005 300.000000 94.091357
0.002948 0.084628 300.000000 105.686704
-0.001699 0.089839 300.000000 107.957524
0.009941 0.016549 300.000000 24.189007
0.005156 0.050611 300.000000 63.296923
-0.002873 0.090049 300.000000 107.116060
0.004311 0.013635 300.000000 14.691294
0.009056 0.070573 300.000000 93.573160
-0.006603 0.050928 300.000000 53.193120
-0.008260 0.041234 300.000000 40.052326
-0.001948 0.076802 300.000000 90.661408
0.002915 0.074662 300.000000 92.573121
-0.001834 0.092155 300.000000 110.861161
-0.006109 0.099795 300.000000 116.840637
-0.006564 0.024965 300.000000 22.269838
-0.001119 0.001275 300.000000 12.424479
0.003127 0.032321 300.000000 37.412642
-0.005282 0.065939 300.000000 73.520001
0.001843 0.086353 300.000000 106.844272
-0.006271 0.049419 300.000000 51.528908
0.009453 0.027794 300.000000 38.067720
0.005796 0.034951 300.000000 43.466223
0.004865 0.022469 300.000000 26.333303
0.005900 0.062732 300.000000 79.955371
-0.008546 0.020624 300.000000 18.665545
0.001258 0.032681 300.000000 36.181727
-0.001746 0.045614 300.000000 50.268105
-0.009439 0.004244 300.000000 21.470227
0.003722 0.003234 300.000000 5.929761
-0.004826 0.012822 300.000000 12.901210
-0.009082 0.064899 300.000000 69.084849
0.008170 0.026712 300.000000 35.245939
-0.007000 0.038219 300.000000 37.129324
0.002584 0.036905 300.000000 42.856142
0.000755 0.017163 300.000000 16.420475
-0.009975 0.091271 300.000000 102.311874
-0.009524 0.075522 300.000000 82.349794
-0.002140 0.008459 300.000000 10.091862
-0.002458 0.080515 300.000000 95.037809
-0.006849 0.062133 300.000000 67.306128
-0.002457 0.005553 300.000000 11.156029
0.009273 0.048109 300.000000 64.363789
0.002843 0.088614 300.000000 110.813585
-0.009488 0.002958 300.000000 22.611114
-0.003548 0.012518 300.000000 12.017641
-0.000932 0.099918 300.000000 121.908112
-0.008315 0.092121 300.000000 104.854755
-0.001984 0.055097 300.000000 62.336819
0.007717 0.043487 300.000000 56.636079
0.006994 0.080351 300.000000 104.225009
-0.005347 0.094995 300.000000 111.273357
-0.004078 0.053023 300.000000 57.857879
0.005134 0.071602 300.000000 90.807304
-0.009896 0.028150 300.000000 24.991874
-0.007477 0.017140 300.000000 16.208022
0.009360 0.049625 300.000000 66.441709
0.007765 0.091195 300.000000 119.278486
-0.006192 0.009532 300.000000 14.121925
-0.000027 0.002755 300.000000 9.833142
0.008127 0.085140 300.000000 111.707153
-0.006329 0.006113 300.000000 15.818001
0.008883 0.016202 300.000000 22.528413
0.006602 0.025429 300.000000 31.907046
-0.005114 0.085337 300.000000 98.882883
0.003360 0.077364 300.000000 96.565217
-0.008674 0.092390 300.000000 104.888891
-0.009219 0.064171 300.000000 68.052341
-0.001044 0.013281 300.000000 11.842207
0.007659 0.014757 300.000000 19.344034
0.001463 0.064654 300.000000 78.020619
-0.003670 0.034271 300.000000 34.367828
-0.004095 0.026534 300.000000 24.802608
0.005809 0.015209 300.000000 18.002633
-0.003782 0.021516 300.000000 19.351117
0.008039 0.027050 300.000000 35.541429
-0.001144 0.099184 300.000000 120.739792
0.000453 0.003155 300.000000 8.991983
0.008223 0.029575 300.000000 39.021387
-0.007474 0.081734 300.000000 92.101139
-0.008050 0.047424 300.000000 47.774566
-0.004046 0.072213 300.000000 82.750117
0.004861 0.022017 300.000000 25.746741
0.008684 0.076152 300.000000 100.497506
-0.003017 0.046192 300.000000 49.951342
-0.006334 0.067520 300.000000 74.671177
0.009020 0.011256 300.000000 16.518982
-0.006578 0.084186 300.000000 96.070680
-0.004499 0.017549 300.000000 15.524080
0.000098 0.004008 300.000000 8.917029
0.002802 0.094262 300.000000 118.188010
0.008474 0.029689 300.000000 39.443805
0.000289 0.041095 300.000000 46.196105
0.006562 0.056538 300.000000 72.518337
0.001669 0.003696 300.000000 7.402444
0.003302 0.059649 300.000000 73.273397
0.004618 0.045533 300.000000 56.102452
-0.004136 0.084533 300.000000 98.728297
-0.006585 0.064632 300.000000 70.736347
0.003151 0.045257 300.000000 54.287911
-0.000539 0.044707 300.000000 50.141549
-0.007691 0.044514 300.000000 44.404119
-0.005057 0.077143 300.000000 88.260788
0.002856 0.032075 300.000000 36.840050
-0.000619 0.005611 300.000000 9.041482
0.005177 0.005110 300.000000 6.327523
0.005896 0.050772 300.000000 64.268139
0.004440 0.079999 300.000000 101.121146
0.000590 0.072305 300.000000 87.195869
-0.003153 0.018296 300.000000 16.225024
-0.003443 0.020251 300.000000 18.122473
-0.005593 0.065514 300.000000 72.705024
-0.002335 0.053750 300.000000 60.281045
-0.005120 0.055565 300.000000 60.271015
-0.003842 0.009620 300.000000 11.633476
-0.000804 0.047345 300.000000 53.325217
0.009056 0.074550 300.000000 98.793447
-0.000303 0.078422 300.000000 94.344896
0.005936 0.063707 300.000000 81.271238
0.000782 0.029980 300.000000 32.310689
0.008744 0.025929 300.000000 34.860237
-0.007568 0.082222 300.000000 92.652257
0.007564 0.018227 300.000000 23.646168
0.003300 0.071696 300.000000 89.068457
0.008497 0.068688 300.000000 90.501687
-0.006423 0.077460 300.000000 87.467478
-0.001921 0.003866 300.000000 11.457543
-0.000335 0.067155 300.000000 79.570004
-0.009052 0.071280 300.000000 77.278977
-0.005500 0.042421 300.000000 43.270141
-0.009805 0.009280 300.000000 18.679686
0.003116 0.080597 300.000000 100.562953
0.008395 0.006665 300.000000 10.442168
0.005111 0.025019 300.000000 29.862042
0.004348 0.029355 300.000000 34.732342
0.006483 0.044222 300.000000 56.297103
0.003535 0.033710 300.000000 39.604360
-0.008015 0.016945 300.000000 16.427117
0.009751 0.002562 300.000000 8.052290
-0.005695 0.046350 300.000000 48.072791
0.009898 0.035916 300.000000 49.124355
0.003724 0.056454 300.000000 69.506576
-0.003918 0.010565 300.000000 11.741963
0.008190 0.063337 300.000000 83.154371
0.006984 0.069515 300.000000 89.987292
0.001823 0.063087 300.000000 76.319838
-0.003395 0.056868 300.000000 63.399437
0.001953 0.045167 300.000000 53.017978
-0.008547 0.004773 300.000000 19.797701
-0.000931 0.043757 300.000000 48.570412
0.005727 0.030454 300.000000 37.533948
-0.004602 0.052006 300.000000 56.123442
-0.005773 0.056216 300.000000 60.579727
0.007227 0.084107 300.000000 109.402847
0.008365 0.099035 300.000000 130.211276
-0.005692 0.053929 300.000000 57.715236
0.002619 0.056485 300.000000 68.453419
0.000234 0.089500 300.000000 109.384379
-0.002416 0.038848 300.000000 41.042244
-0.003829 0.072884 300.000000 83.817757
0.001226 0.074481 300.000000 90.664762
0.003729 0.093630 300.000000 118.297080
0.003229 0.039266 300.000000 46.543624
-0.004533 0.094076 300.000000 110.825825
-0.005253 0.012270 300.000000 13.080788
-0.005922 0.059008 300.000000 64.042500
0.006527 0.060875 300.000000 78.170539
0.005729 0.057038 300.000000 72.309176
-0.001185 0.005777 300.000000 9.591749
-0.008813 0.060662 300.000000 63.893515
0.002842 0.002885 300.000000 6.662849
-0.009460 0.007821 300.000000 18.999303
0.009575 0.009451 300.000000 14.997165
0.004284 0.075013 300.000000 94.416614
-0.008047 0.017789 300.000000 16.821465
-0.003893 0.095948 300.000000 113.872126
-0.008773 0.027575 300.000000 24.535703
0.002370 0.054353 300.000000 65.420035
0.001095 0.062958 300.000000 75.445854
0.000606 0.050580 300.000000 58.811113
0.009946 0.097774 300.000000 130.237366
-0.009231 0.095405 300.000000 108.319378
0.009604 0.003715 300.000000 8.845146
0.008668 0.004546 300.000000 8.573924
-0.009507 0.066560 300.000000 70.877523
0.009142 0.064152 300.000000 85.241679
-0.008069 0.090718 300.000000 103.247549
-0.006096 0.007908 300.000000 14.568960
0.004152 0.075972 300.000000 95.541176
0.008118 0.082381 300.000000 108.076167
0.008657 0.063297 300.000000 83.600564
0.009358 0.010092 300.000000 15.504847
0.002232 0.050366 300.000000 60.073073
0.004735 0.070275 300.000000 88.656415
0.002377 0.064738 300.000000 79.025929
0.004156 0.031626 300.000000 37.494522
-0.004963 0.059088 300.000000 64.937055
0.000116 0.077164 300.000000 93.100358
-0.007454 0.062402 300.000000 67.167361
-0.007692 0.092823 300.000000 106.319558
0.003009 0.080411 300.000000 100.211396
-0.002496 0.009208 300.000000 10.428547
0.000044 0.025418 300.000000 25.963211
-0.002150 0.043843 300.000000 47.647584
-0.002370 0.064987 300.000000 74.852445
0.008894 0.055661 300.000000 73.843654
0.004367 0.010871 300.000000 11.464404
0.005332 0.057287 300.000000 72.227856
0.003788 0.099241 300.000000 125.727621
-0.005987 0.047208 300.000000 48.942844
0.003042 0.091478 300.000000 114.774851
-0.004056 0.077693 300.000000 89.878639
-0.009070 0.047335 300.000000 47.008437
-0.007610 0.054679 300.000000 57.199045
0.009211 0.082501 300.000000 109.395364
-0.005950 0.032664 300.000000 31.056944
0.000518 0.094878 300.000000 116.719067
-0.000574 0.018791 300.000000 17.591031
-0.004121 0.061680 300.000000 69.004226
0.001395 0.079746 300.000000 97.733375
-0.000183 0.056699 300.000000 66.056751
0.007324 0.042024 300.000000 54.305380
0.001926 0.025310 300.000000 27.312233
0.009687 0.027548 300.000000 38.012707
-0.008789 0.064468 300.000000 68.761798
0.006759 0.075395 300.000000 97.471231
0.006344 0.052198 300.000000 66.601247
0.006488 0.099173 300.000000 128.421680
0.002851 0.096238 300.000000 120.831896
-0.002884 0.068790 300.000000 79.339624
0.000368 0.069121 300.000000 82.811378
0.003268 0.016417 300.000000 17.247078
-0.004385 0.032118 300.000000 31.272495
0.006119 0.085750 300.000000 110.403215
0.005820 0.057444 300.000000 72.936248
-0.002650 0.064206 300.000000 73.582347
-0.003819 0.035852 300.000000 36.231823
0.005521 0.072930 300.000000 92.947893
-0.002991 0.080707 300.000000 94.790140
0.001882 0.027622 300.000000 30.226608
0.000503 0.098416 300.000000 121.346113
-0.008034 0.030459 300.000000 27.684053
-0.005396 0.067891 300.000000 75.949414
0.009240 0.010338 300.000000 15.661561
-0.004594 0.026323 300.000000 24.340045
-0.007910 0.097580 300.000000 112.316914
-0.006655 0.061805 300.000000 67.042515
0.006037 0.087292 300.000000 112.343877
0.002716 0.075607 300.000000 93.614857
0.008160 0.048245 300.000000 63.338320
0.003067 0.027013 300.000000 30.495466
-0.007440 0.002723 300.000000 19.899540
0.000911 0.020837 300.000000 20.919535
0.004793 0.023045 300.000000 27.004180
0.001323 0.099352 300.000000 123.387811
0.009232 0.036128 300.000000 48.662233
0.003219 0.086844 300.000000 108.868919
0.001020 0.026292 300.000000 27.812986
0.004379 0.027929 300.000000 32.913429
0.004874 0.008412 300.000000 9.116531
-0.004378 0.015219 300.000000 13.812701
0.009303 0.061646 300.000000 82.130236
0.004202 0.006823 300.000000 7.250095
0.000386 0.083456 300.000000 101.609349
-0.001255 0.002456 300.000000 11.616423
-0.006980 0.020348 300.000000 18.076910
0.004549 0.089397 300.000000 113.573019
0.008093 0.005463 300.000000 8.857464
0.001809 0.051351 300.000000 60.952981
0.008613 0.039937 300.000000 52.958089
-0.004658 0.034317 300.000000 33.784920
-0.006109 0.097846 300.000000 114.296334
-0.002915 0.089574 300.000000 106.454240
0.008779 0.010224 300.000000 14.990846
0.009480 0.099917 300.000000 132.553843
0.007823 0.023324 300.000000 30.479730
0.006790 0.036088 300.000000 45.982139
0.007085 0.061512 300.000000 79.591575
-0.009524 0.081649 300.000000 90.247180
0.001876 0.040821 300.000000 47.286448
-0.002353 0.092724 300.000000 111.109588
0.003736 0.064986 300.000000 80.704430
0.006787 0.092275 300.000000 119.670274
0.000302 0.021818 300.000000 21.699131
-0.006263 0.016736 300.000000 15.421201
-0.001563 0.079644 300.000000 94.740790
-0.006165 0.057002 300.000000 61.273488
-0.003387 0.005964 300.000000 12.095838
0.003453 0.040551 300.000000 48.436191
-0.002011 0.018199 300.000000 16.376798
0.005553 0.091776 300.000000 117.731761
0.006049 0.006928 300.000000 8.453401
-0.001524 0.067563 300.000000 78.988736
-0.003774 0.034918 300.000000 35.101191
-0.005624 0.019952 300.000000 17.609477
-0.002909 0.021768 300.000000 19.915794
0.006048 0.007813 300.000000 9.382728
0.003243 0.061865 300.000000 76.118962
0.009729 0.049962 300.000000 67.286108
-0.006039 0.088579 300.000000 102.271817
-0.009268 0.023435 300.000000 20.875293
0.004126 0.081907 300.000000 103.306187
0.000000 0.100000 320.000000 121.904355
-0.006475 0.004184 320.000000 17.468703
0.000287 0.065128 320.000000 76.900536
0.008232 0.001912 320.000000 6.194779
0.005733 0.086630 320.000000 110.171926
-0.006061 0.076124 320.000000 85.465291
0.001875 0.039256 320.000000 44.918411
0.001333 0.089042 320.000000 108.944390
0.003031 0.065896 320.000000 80.509837
-0.004986 0.081492 320.000000 93.308127
0.008961 0.061646 320.000000 81.009454
0.003142 0.089140 320.000000 110.842427
-0.004135 0.048347 320.000000 51.530344
0.008785 0.057056 320.000000 74.860012
-0.001525 0.088811 320.000000 105.923033
-0.000114 0.035504 320.000000 38.406850
0.003561 0.099916 320.000000 125.282956
0.006004 0.028972 320.000000 35.586550
0.004561 0.067775 320.000000 84.460959
-0.005399 0.018951 320.000000 16.984666
0.001071 0.013086 320.000000 12.121456
0.007735 0.001946 320.000000 5.876259
0.002444 0.039206 320.000000 45.372331
-0.006134 0.006613 320.000000 15.447747
0.006580 0.092528 320.000000 118.713234
-0.001123 0.079027 320.000000 93.606080
-0.001387 0.072232 320.000000 84.558662
0.008095 0.025013 320.000000 32.663882
0.002781 0.061920 320.000000 75.103328
-0.004879 0.025300 320.000000 23.180873
-0.001830 0.048207 320.000000 53.199415
-0.006982 0.015234 320.000000 15.449637
-0.000182 0.023225 320.000000 23.038159
-0.007030 0.071497 320.000000 78.725801
-0.008068 0.090455 320.000000 102.196544
0.001634 0.087962 320.000000 107.832437
-0.003430 0.042326 320.000000 44.460052
0.005017 0.090660 320.000000 114.694050
-0.002416 0.009657 320.000000 10.641566
0.002448 0.030263 320.000000 33.889742
0.008352 0.073920 320.000000 96.327982
-0.002018 0.053445 320.000000 59.756741
-0.001335 0.089549 320.000000 107.058662
0.004370 0.050439 320.000000 61.749201
-0.005489 0.049947 320.000000 52.532770
0.003992 0.042465 320.000000 51.043421
-0.002569 0.006123 320.000000 11.198777
0.005145 0.038758 320.000000 47.372996
-0.006811 0.027153 320.000000 24.630331
0.007948 0.090855 320.000000 117.945502
-0.001056 0.068463 320.000000 79.981382
0.009706 0.029872 320.000000 40.663540
0.001637 0.031650 320.000000 34.958463
-0.002829 0.041622 320.000000 44.024818
-0.004270 0.026052 320.000000 24.228657
-0.008404 0.008333 320.000000 17.551285
0.006738 0.061429 320.000000 78.411333
0.007069 0.021336 320.000000 26.874484
-0.001593 0.044147 320.000000 48.207002
0.008965 0.027750 320.000000 37.120310
-0.003675 0.002506 320.000000 14.891325
0.001956 0.012443 320.000000 11.787096
0.002782 0.068263 320.000000 83.343385
-0.007326 0.035161 320.000000 33.334222
-0.000391 0.051533 320.000000 58.709581
0.006837 0.033650 320.000000 42.472848
0.008756 0.037020 320.000000 48.849749
0.009892 0.065800 320.000000 87.396872
0.008931 0.095252 320.000000 124.692519
-0.009883 0.052708 320.000000 52.980021
-0.002664 0.088881 320.000000 104.956941
-0.002075 0.010656 320.000000 10.685917
-0.005004 0.048572 320.000000 51.159304
-0.005193 0.056435 320.000000 60.976067
-0.008732 0.059113 320.000000 61.705999
0.002714 0.008553 320.000000 8.319271
-0.004892 0.017532 320.000000 15.794580
0.001834 0.072231 320.000000 87.580217
0.003420 0.060740 320.000000 74.192048
0.009498 0.012075 320.000000 17.917933
-0.008061 0.059553 320.000000 62.744175
-0.003461 0.082609 320.000000 96.107221
0.002103 0.067435 320.000000 81.609818
-0.001313 0.081756 320.000000 96.967797
0.004130 0.015540 320.000000 16.786737
-0.002841 0.035443 320.000000 36.271755
-0.002739 0.095711 320.000000 113.744222
0.007066 0.004992 320.000000 7.403168
0.003945 0.007441 320.000000 7.708851
-0.001724 0.074325 320.000000 86.960327
-0.006883 0.051865 320.000000 53.932849
-0.005956 0.014753 320.000000 14.600130
0.004926 0.007956 320.000000 8.673161
0.007620 0.033232 320.000000 42.747931
-0.009302 0.087799 320.000000 97.746995
0.003358 0.013156 320.000000 13.355462
0.003670 0.070978 320.000000 87.741909
-0.008840 0.048685 320.000000 48.694007
-0.001063 0.055648 320.000000 63.420406
-0.000774 0.078759 320.000000 93.583480
0.009843 0.099838 320.000000 131.615575
-0.001739 0.014230 320.000000 12.796226
0.009135 0.099226 320.000000 130.078078
0.003647 0.089602 320.000000 111.944036
0.004991 0.077005 320.000000 96.896378
-0.007613 0.019067 320.000000 17.653960
-0.004698 0.077602 320.000000 88.541174
0.000370 0.073826 320.000000 88.257793
0.001591 0.062392 320.000000 74.576535
-0.003435 0.088018 320.000000 103.132839
0.008166 0.067187 320.000000 87.377548
-0.002435 0.010488 320.000000 10.851090
0.004459 0.045744 320.000000 55.746017
-0.009594 0.051083 320.000000 51.166941
0.000632 0.036593 320.000000 40.413688
0.000300 0.090791 320.000000 110.222699
0.001872 0.047674 320.000000 55.777630
0.005826 0.066799 320.000000 84.464493
0.001506 0.037320 320.000000 42.101894
-0.009481 0.085899 320.000000 95.162995
-0.008624 0.094955 320.000000 107.514683
0.000985 0.001746 320.000000 9.391592
0.001756 0.012012 320.000000 11.264350
-0.001633 0.057074 320.000000 64.756754
-0.000641 0.061814 320.000000 71.758369
-0.004519 0.065918 320.000000 73.655142
-0.009614 0.068124 320.000000 72.416302
0.001128 0.058025 320.000000 68.480818
0.008677 0.043714 320.000000 57.433585
-0.000018 0.049501 320.000000 56.421739
0.006407 0.050265 320.000000 63.566650
0.002902 0.038121 320.000000 44.395571
0.008271 0.072143 320.000000 93.933018
0.006907 0.042031 320.000000 53.394487
0.003571 0.016776 320.000000 17.848957
-0.003346 0.095026 320.000000 112.294928
0.001627 0.010743 320.000000 10.008568
-0.007591 0.049079 320.000000 49.974924
-0.005102 0.091695 320.000000 106.387245
-0.007836 0.037448 320.000000 35.759078
0.003992 0.056328 320.000000 69.022853
0.009544 0.010680 320.000000 16.289061
-0.002318 0.019372 320.000000 17.614137
0.009924 0.004315 320.000000 9.714696
0.006476 0.056263 320.000000 71.428782
0.008143 0.068727 320.000000 89.357190
0.008049 0.075703 320.000000 98.332951
-0.006387 0.089964 320.000000 103.014573
-0.004318 0.029339 320.000000 27.981334
-0.009397 0.071220 320.000000 76.501864
-0.008241 0.015910 320.000000 16.568735
-0.004779 0.017777 320.000000 15.962943
-0.006927 0.067289 320.000000 73.432440
0.005139 0.096398 320.000000 122.286317
0.000405 0.074923 320.000000 89.713242
0.004391 0.039197 320.000000 47.200525
0.002146 0.019513 320.000000 20.114009
0.008433 0.039866 320.000000 52.188883
-0.005426 0.015549 320.000000 14.682143
0.008665 0.015095 320.000000 20.696029
0.006934 0.060061 320.000000 76.835567
0.004201 0.092712 320.000000 116.545250
0.005812 0.028364 320.000000 34.610634
0.000301 0.079413 320.000000 95.444457
-0.008590 0.013052 320.000000 16.525029
-0.008478 0.078096 320.000000 85.991685
-0.000985 0.059952 320.000000 69.042390
-0.006842 0.081072 320.000000 91.165623
0.001074 0.081733 320.000000 99.194118
0.006547 0.005708 320.000000 7.633021
-0.003736 0.004373 320.000000 13.605667
0.003671 0.018730 320.000000 20.347729
-0.009038 0.070974 320.000000 76.466419
-0.002083 0.072983 320.000000 84.898056
-0.000828 0.046301 320.000000 51.603273
0.003783 0.074605 320.000000 92.569790
0.005648 0.065250 320.000000 82.268749
0.000813 0.044676 320.000000 50.945099
0.005270 0.077233 320.000000 97.473802
0.007184 0.092234 320.000000 118.951869
0.002558 0.048804 320.000000 57.881267
0.000515 0.087868 320.000000 106.629665
-0.002320 0.059039 320.000000 66.688992
-0.007647 0.033699 320.000000 31.521357
-0.005786 0.005008 320.000000 15.945244
-0.002430 0.007905 320.000000 10.597455
-0.005626 0.085620 320.000000 98.074471
0.005053 0.086694 320.000000 109.567456
-0.009418 0.068994 320.000000 73.663160
-0.006304 0.077300 320.000000 86.772266
-0.003525 0.011179 320.000000 11.794225
-0.007420 0.079984 320.000000 89.281416
0.007512 0.099329 320.000000 128.525538
-0.008672 0.099770 320.000000 113.676977
0.007842 0.069949 320.000000 90.632367
-0.004062 0.027575 320.000000 26.053987
0.002269 0.030940 320.000000 34.598990
0.008450 0.042635 320.000000 55.793436
-0.004058 0.061910 320.000000 68.898098
0.000248 0.008244 320.000000 8.554993
0.007087 0.027987 320.000000 35.423551
-0.000583 0.045116 320.000000 50.292353
-0.000642 0.063676 320.000000 74.165353
-0.002369 0.042233 320.000000 45.151891
-0.008954 0.065298 320.000000 69.334347
0.002864 0.059655 320.000000 72.242827
0.003286 0.005065 320.000000 6.289420
-0.008985 0.083610 320.000000 92.637937
0.001796 0.037846 320.000000 43.034272
-0.003208 0.089087 320.000000 104.724997
-0.001994 0.072313 320.000000 84.112118
0.004474 0.059837 320.000000 74.056603
0.003344 0.094331 320.000000 117.798343
0.002755 0.094856 320.000000 117.898422
0.005161 0.016380 320.000000 18.724464
-0.008808 0.084882 320.000000 94.413714
-0.001508 0.008598 320.000000 9.778435
0.006867 0.045119 320.000000 57.358976
0.008628 0.082879 320.000000 108.272111
-0.002977 0.051679 320.000000 56.691833
0.003183 0.029544 320.000000 33.624915
0.006271 0.067970 320.000000 86.439873
-0.003707 0.030020 320.000000 29.106216
0.001556 0.075217 320.000000 91.191927
0.003629 0.087215 320.000000 108.820482
0.001030 0.085548 320.000000 104.109884
0.001028 0.064134 320.000000 76.304935
-0.007356 0.026640 320.000000 24.000860
0.007131 0.037616 320.000000 47.907194
-0.006191 0.012782 320.000000 14.232204
-0.007081 0.098543 320.000000 113.481299
0.001766 0.054848 320.000000 64.962257
0.001410 0.039462 320.000000 44.768217
0.003685 0.086372 320.000000 107.779217
-0.001050 0.086676 320.000000 103.597322
-0.008707 0.085716 320.000000 95.567752
-0.009086 0.094351 320.000000 106.344600
-0.009766 0.049896 320.000000 49.613044
0.008912 0.085276 320.000000 111.689637
-0.001653 0.050068 320.000000 55.733946
-0.005650 0.062340 320.000000 68.139002
-0.000279 0.075151 320.000000 89.366648
0.000530 0.067014 320.000000 79.570958
-0.009621 0.045059 320.000000 43.859248
0.006193 0.045804 320.000000 57.557613
-0.004008 0.034803 320.000000 34.708905
0.003029 0.078338 320.000000 96.680444
0.000578 0.041159 320.000000 46.216750
0.004905 0.025990 320.000000 30.673345
0.001190 0.027656 320.000000 29.521878
-0.003201 0.014920 320.000000 13.522541
-0.005861 0.042648 320.000000 43.159794
-0.001287 0.066159 320.000000 76.791352
0.007773 0.092919 320.000000 120.450970
0.006763 0.077771 320.000000 99.693641
-0.006460 0.083682 320.000000 94.852096
0.006286 0.079551 320.000000 101.521900
-0.001866 0.034965 320.000000 36.371286
-0.006434 0.031275 320.000000 29.259226
0.005354 0.052658 320.000000 65.607770
0.007555 0.053663 320.000000 69.163722
-0.000795 0.015022 320.000000 13.571907
0.000897 0.058616 320.000000 69.031360
-0.004752 0.001968 320.000000 16.827576
-0.004554 0.038043 320.000000 38.334658
0.003406 0.068436 320.000000 84.176686
-0.001770 0.076905 320.000000 90.259586
-0.004938 0.075388 320.000000 85.479247
0.004526 0.060044 320.000000 74.375964
0.005083 0.021633 320.000000 25.276619
0.005001 0.046538 320.000000 57.311865
0.007076 0.041662 320.000000 53.090990
-0.008566 0.078221 320.000000 86.080359
0.003847 0.023477 320.000000 26.480671
0.007042 0.034898 320.000000 44.298158
0.006842 0.048105 320.000000 61.208966
0.008990 0.053239 320.000000 70.121713
-0.001133 0.057014 320.000000 65.119449
-0.002869 0.079253 320.000000 92.300184
0.008215 0.012286 320.000000 16.725836
0.009875 0.073244 320.000000 97.053381
0.003999 0.016708 320.000000 18.114785
0.005816 0.073095 320.000000 92.642944
-0.002239 0.028226 320.000000 27.805793
-0.006603 0.064812 320.000000 70.530791
-0.005116 0.085524 320.000000 98.398244
-0.001740 0.095502 320.000000 114.405670
-0.002113 0.078575 320.000000 92.108138
0.003280 0.091323 320.000000 113.819527
0.007825 0.036160 320.000000 46.748780
-0.007736 0.014966 320.000000 15.932313
0.009525 0.004492 320.000000 9.419569
0.007676 0.032020 320.000000 41.240680
-0.006252 0.046977 320.000000 48.266664
-0.001900 0.021871 320.000000 20.505318
-0.006931 0.095102 320.000000 109.169254
-0.002107 0.058551 320.000000 66.246128
-0.002930 0.036024 320.000000 36.931674
0.009422 0.092608 320.000000 121.764632
-0.007391 0.057711 320.000000 60.915100
0.003232 0.036231 320.000000 42.265735
-0.007461 0.090831 320.000000 103.200378
-0.002599 0.034045 320.000000 34.702892
0.008079 0.042849 320.000000 55.677520
0.001101 0.095980 320.000000 117.741483
0.001197 0.020186 320.000000 20.264522
-0.006350 0.085972 320.000000 97.896511
-0.001209 0.016233 320.000000 14.677455
-0.007965 0.034517 320.000000 32.322911
-0.007568 0.094961 320.000000 108.432050
-0.000180 0.009031 320.000000 9.061660
-0.003364 0.094085 320.000000 111.058663
0.006656 0.015281 320.000000 18.792380
-0.002127 0.009368 320.000000 10.370650
0.003797 0.019474 320.000000 21.382974
-0.005844 0.057380 320.000000 61.667950
-0.001051 0.067591 320.000000 78.858905
-0.009483 0.078757 320.000000 86.028706
0.001513 0.082215 320.000000 100.243127
0.002180 0.069400 320.000000 84.237246
-0.007002 0.042799 320.000000 42.623610
-0.008761 0.008174 320.000000 18.097610
0.009069 0.028837 320.000000 38.631463
0.008116 0.088319 320.000000 114.819023
0.009026 0.091603 320.000000 120.041772
-0.002056 0.015922 320.000000 14.261058
-0.002967 0.093866 320.000000 111.140331
0.004283 0.067209 320.000000 83.447866
-0.007206 0.099836 320.000000 115.042381
-0.005615 0.013520 320.000000 13.943409
-0.001733 0.036271 320.000000 38.109436
0.006655 0.025409 320.000000 31.663216
0.007556 0.040448 320.000000 52.018304
-0.008779 0.025919 320.000000 23.209085
-0.002597 0.050992 320.000000 56.126723
0.009712 0.069864 320.000000 92.485763
0.006320 0.071649 320.000000 91.276151
0.009967 0.027154 320.000000 37.462784
-0.006933 0.059203 320.000000 63.144513
-0.009839 0.091754 320.000000 102.375637
-0.008554 0.091477 320.000000 103.097997
-0.008361 0.023021 320.000000 20.691545
-0.002221 0.067538 320.000000 77.734794
0.009099 0.072940 320.000000 95.838087
-0.007210 0.068894 320.000000 75.254069
-0.006145 0.040186 320.000000 39.958026
-0.000965 0.095961 320.000000 115.733788
-0.004753 0.038375 320.000000 38.614051
0.009841 0.080023 320.000000 105.833817
0.002388 0.008910 320.000000 8.558121
0.005872 0.027472 320.000000 33.523939
-0.006661 0.079334 320.000000 89.084574
0.001214 0.038726 320.000000 43.649011
0.004051 0.067620 320.000000 83.751516
0.006842 0.056617 320.000000 72.264942
-0.009527 0.061166 320.000000 63.717154
-0.006526 0.055120 320.000000 58.287535
0.006844 0.062637 320.000000 80.090619
0.008371 0.086567 320.000000 112.803789
0.000598 0.088473 320.000000 107.495142
-0.009836 0.015252 320.000000 17.808151
0.002000 0.006718 320.000000 7.246629
0.003488 0.052693 320.000000 63.811493
0.004842 0.085042 320.000000 107.205284
0.001460 0.036114 320.000000 40.514350
-0.004040 0.045744 320.000000 48.312883
-0.006606 0.077531 320.000000 86.813865
0.000071 0.024625 320.000000 24.912390
0.006900 0.052885 320.000000 67.474476
-0.002139 0.092646 320.000000 110.325449
-0.000321 0.035043 320.000000 37.654185
-0.003421 0.090983 320.000000 106.985858
-0.006628 0.063540 320.000000 68.890120
-0.003388 0.075006 320.000000 86.343422
0.005282 0.092052 320.000000 116.772830
0.003842 0.073120 320.000000 90.696659
0.004414 0.093747 320.000000 118.105856
-0.000036 0.007371 320.000000 8.517214
0.000459 0.056889 320.000000 66.391985
-0.008454 0.007683 320.000000 17.945285
-0.000237 0.010634 320.000000 9.937283
-0.000068 0.022666 320.000000 22.435068
-0.006959 0.030966 320.000000 28.709950
-0.005859 0.052440 320.000000 55.401623
0.008391 0.071554 320.000000 93.292676
0.007420 0.084339 320.000000 108.918387
-0.003292 0.041007 320.000000 42.903975
0.008592 0.021009 320.000000 28.083016
0.008264 0.009628 320.000000 13.582286
0.003967 0.085077 320.000000 106.374135
0.000349 0.096130 320.000000 117.209555
-0.009375 0.094963 320.000000 106.886375
0.005910 0.069340 320.000000 87.853662
0.008250 0.019046 320.000000 25.214135
0.003499 0.097065 320.000000 121.509813
0.004230 0.099525 320.000000 125.442224
-0.002084 0.035493 320.000000 36.872531
0.004793 0.098303 320.000000 124.417424
0.009705 0.073782 320.000000 97.572188
-0.009915 0.030813 320.000000 27.813207
-0.003728 0.033272 320.000000 33.015629
0.005566 0.026245 320.000000 31.643610
0.007185 0.001134 320.000000 5.472030
0.005744 0.063838 320.000000 80.530983
0.008449 0.097249 320.000000 126.788576
0.007837 0.026063 320.000000 33.735864
0.006446 0.044208 320.000000 55.745424
-0.003211 0.023539 320.000000 21.832093
-0.003044 0.059649 320.000000 66.852389
0.004319 0.095008 320.000000 119.651820
0.001517 0.090567 320.000000 111.104916
0.000396 0.099286 320.000000 121.356687
0.004165 0.046313 320.000000 56.196341
0.003166 0.031559 320.000000 36.193290
0.007190 0.032228 320.000000 40.999530
-0.001172 0.067057 320.000000 78.058016
-0.001517 0.053184 320.000000 59.851955
-0.005372 0.033436 320.000000 32.270429
0.003363 0.024677 320.000000 27.574528
0.001233 0.039939 320.000000 45.223696
0.001973 0.080536 320.000000 98.507368
0.003169 0.024011 320.000000 26.560055
0.000110 0.088284 320.000000 106.782702
0.008742 0.052286 320.000000 68.620987
0.003739 0.033571 320.000000 39.312561
0.001463 0.078287 320.000000 95.091076
0.007108 0.096764 320.000000 124.771174
0.004059 0.083192 320.000000 104.014596
0.001926 0.094119 320.000000 116.124409
0.002289 0.011572 320.000000 11.019692
0.005163 0.037203 320.000000 45.377755
-0.008135 0.066141 320.000000 71.023689
0.007070 0.073537 320.000000 94.501278
0.000315 0.083487 320.000000 100.746551
0.001672 0.040332 320.000000 46.120423
-0.004930 0.055661 320.000000 60.199222
0.005007 0.035881 320.000000 43.514731
0.004072 0.037125 320.000000 44.213256
0.005459 0.097359 320.000000 123.861723
0.004145 0.038736 320.000000 46.365772
-0.003340 0.068048 320.000000 77.407274
0.001754 0.023421 320.000000 24.653288
-0.002866 0.093773 320.000000 111.112899
0.007690 0.008465 320.000000 11.617243
-0.003924 0.033098 320.000000 32.684237
-0.007213 0.083989 320.000000 94.603274
0.007570 0.022998 320.000000 29.523305
0.001274 0.053058 320.000000 62.187667
0.006178 0.080744 320.000000 102.963585
0.007802 0.063549 320.000000 82.267588
0.005204 0.083618 320.000000 105.717105
0.007981 0.033548 320.000000 43.535592
0.001079 0.047564 320.000000 54.908167
-0.009371 0.040859 320.000000 39.020932
0.006351 0.087407 320.000000 111.813998
-0.006741 0.072013 320.000000 79.622886
0.004006 0.012180 320.000000 12.675038
0.009016 0.072649 320.000000 95.371340
0.003131 0.039871 320.000000 46.867524
-0.009899 0.090725 320.000000 101.006611
-0.001048 0.048872 320.000000 54.714435
-0.006799 0.004377 320.000000 17.776950
-0.004926 0.024078 320.000000 21.861795
0.008365 0.021149 320.000000 28.012957
0.002403 0.078187 320.000000 95.871317
0.006941 0.047299 320.000000 60.264814
-0.007010 0.086113 320.000000 97.510488
-0.001145 0.021727 320.000000 20.702661
0.003799 0.016613 320.000000 17.833032
0.003149 0.055243 320.000000 66.792657
0.005529 0.076756 320.000000 97.116164
0.009835 0.021517 320.000000 30.113401
-0.009022 0.002647 320.000000 22.284904
0.003766 0.061057 320.000000 74.942575
0.005206 0.020746 320.000000 24.266052
-0.005583 0.065604 320.000000 72.366404
0.001912 0.061322 320.000000 73.494034
0.004650 0.004042 320.000000 5.745393
0.000061 0.084682 320.000000 102.058122
0.000774 0.086449 320.000000 105.034202
-0.001300 0.030725 320.000000 31.490319
-0.002771 0.049148 320.000000 53.626936
0.007999 0.052120 320.000000 67.623673
0.001529 0.097943 320.000000 120.710356
0.006013 0.046044 320.000000 57.686288
-0.009843 0.015810 320.000000 17.875444
-0.003823 0.058913 320.000000 65.251819
0.006480 0.097271 320.000000 124.786569
0.004822 0.048867 320.000000 60.154747
-0.006242 0.033752 320.000000 32.201795
-0.005003 0.092503 320.000000 107.520986
-0.003972 0.062985 320.000000 70.350425
-0.008655 0.095702 320.000000 108.450456
-0.001948 0.046440 320.000000 50.843020
-0.005881 0.059796 320.000000 64.712355
0.004884 0.090476 320.000000 114.319586
-0.008802 0.051252 320.000000 51.871410
-0.006420 0.033978 320.000000 32.379670
0.001364 0.009946 320.000000 9.297549
0.006128 0.011723 320.000000 13.903814
-0.000137 0.071124 320.000000 84.277122
0.005207 0.021036 320.000000 24.636117
0.000506 0.096376 320.000000 117.679972
0.003855 0.066860 320.000000 82.570176
0.008286 0.070717 320.000000 92.093728
0.003176 0.032788 320.000000 37.781208
0.001278 0.088847 320.000000 108.638291
0.002085 0.084895 320.000000 104.283730
0.004165 0.049307 320.000000 60.078654
0.008407 0.096796 320.000000 126.155063
-0.008328 0.092876 320.000000 105.090140
-0.000006 0.045317 320.000000 51.048118
0.001148 0.033514 320.000000 36.920693
0.007695 0.018787 320.000000 24.289049
0.003860 0.009836 320.000000 9.976641
-0.007035 0.096939 320.000000 111.451098
-0.002796 0.013337 320.000000 12.353114
-0.001916 0.075300 320.000000 88.048684
0.005678 0.005698 320.000000 7.029233
0.002537 0.033055 320.000000 37.544106
0.007871 0.091869 320.000000 119.185516
0.002519 0.014169 320.000000 13.987089
0.001966 0.039494 320.000000 45.307499
-0.007931 0.031682 320.000000 29.172342
0.004590 0.006837 320.000000 7.444936
-0.009653 0.033392 320.000000 30.530174
-0.008896 0.088230 320.000000 98.637550
0.007268 0.003618 320.000000 6.472752
0.000442 0.029805 320.000000 31.638005
-0.008199 0.020106 320.000000 18.530590
0.001011 0.086641 320.000000 105.512162
-0.007765 0.019680 320.000000 18.098952
-0.004826 0.011261 320.000000 12.854398
0.009945 0.010971 320.000000 17.110313
0.004570 0.073640 320.000000 92.097110
0.008945 0.058524 320.000000 76.937405
0.004336 0.058462 320.000000 72.132554
-0.007368 0.041251 320.000000 40.528982
-0.002455 0.052148 320.000000 57.725299
-0.002780 0.003728 320.000000 12.771342
-0.009058 0.071225 320.000000 76.768687
0.007305 0.022844 320.000000 29.047551
-0.000592 0.038943 320.000000 42.393192
0.000603 0.026547 320.000000 27.675900
-0.007317 0.045507 320.000000 45.744937
0.007614 0.057998 320.000000 74.856506
-0.002422 0.078326 320.000000 91.504037
-0.001529 0.082168 320.000000 97.301912
0.002487 0.016483 320.000000 16.684009
-0.001135 0.071826 320.000000 84.264188
-0.009823 0.078192 320.000000 85.039215
0.004374 0.049394 320.000000 60.397013
0.003845 0.002799 320.000000 6.001876
-0.002124 0.079085 320.000000 92.759143
-0.004318 0.071840 320.000000 81.443748
-0.004107 0.096951 320.000000 114.090830
-0.003593 0.076602 320.000000 88.222583
0.005143 0.067929 320.000000 85.243688
-0.003230 0.038192 320.000000 39.421637
0.009019 0.099221 320.000000 129.949764
0.003568 0.075612 320.000000 93.666267
0.004425 0.096377 320.000000 121.539219
0.007384 0.097417 320.000000 125.905666
0.001398 0.072610 320.000000 87.655272
-0.008145 0.007900 320.000000 17.423150
-0.000659 0.096592 320.000000 116.844476
-0.001650 0.011585 320.000000 10.923631
-0.008728 0.084809 320.000000 94.385954
-0.009603 0.060727 320.000000 63.114117
0.003938 0.020512 320.000000 22.810816
0.001789 0.005895 320.000000 7.127632
0.009275 0.069085 320.000000 91.010837
0.002219 0.059519 320.000000 71.448104
0.004105 0.036902 320.000000 43.958220
-0.008844 0.074255 320.000000 80.792964
-0.004791 0.065462 320.000000 72.841961
0.002114 0.030661 320.000000 34.106910
-0.001421 0.038170 320.000000 40.745944
-0.005914 0.069908 320.000000 77.607665
-0.004477 0.092862 320.000000 108.459270
-0.004834 0.094643 320.000000 110.441252
-0.000353 0.014978 320.000000 13.623578
-0.008453 0.080340 320.000000 88.884764
-0.001116 0.098654 320.000000 119.088509
-0.001746 0.047187 320.000000 51.965159
-0.009005 0.091245 320.000000 102.419364
0.004917 0.054466 320.000000 67.518572
0.004917 0.062379 320.000000 77.800851
-0.007174 0.062097 320.000000 66.629285
-0.003298 0.077125 320.000000 89.161403
0.001305 0.024325 320.000000 25.435315
0.006212 0.089090 320.000000 113.862214
0.006583 0.060055 320.000000 76.466706
0.002571 0.025314 320.000000 27.698795
0.004271 0.025678 320.000000 29.674372
0.000832 0.070095 320.000000 83.852274
-0.006736 0.052675 320.000000 55.054578
0.006459 0.031317 320.000000 39.070934
0.006653 0.052944 320.000000 67.297691
-0.002388 0.043287 320.000000 46.473215
0.008084 0.066792 320.000000 86.778642
-0.002429 0.027334 320.000000 26.619586
0.002762 0.037891 320.000000 43.969804
0.009333 0.080701 320.000000 106.179493
0.004435 0.041526 320.000000 50.257716
0.009558 0.055158 320.000000 73.217550
-0.006036 0.002175 320.000000 18.450995
-0.001959 0.002980 320.000000 12.215560
-0.006238 0.055517 320.000000 59.004968
-0.005775 0.051478 320.000000 54.250568
0.001043 0.040130 320.000000 45.302529
-0.008678 0.058633 320.000000 61.141845
-0.007285 0.079538 320.000000 88.822545
-0.005794 0.019177 320.000000 17.222714
0.006677 0.036327 320.000000 45.769709
-0.002562 0.016728 320.000000 14.962899
-0.007289 0.090220 320.000000 102.560968
0.003580 0.013201 320.000000 13.560971
-0.002573 0.002294 320.000000 13.561079
0.003095 0.059307 320.000000 72.014835
0.002773 0.072558 320.000000 88.915604
-0.004126 0.024671 320.000000 22.744975
-0.000140 0.096105 320.000000 116.707065
0.004735 0.079911 320.000000 100.421125
0.001086 0.011614 320.000000 10.697756
0.008790 0.034213 320.000000 45.259013
-0.001055 0.068384 320.000000 79.880012
0.000925 0.018694 320.000000 18.304936
0.008057 0.024321 320.000000 31.735222
-0.008063 0.064708 320.000000 69.260674
0.002475 0.070744 320.000000 86.268249
-0.004870 0.017612 320.000000 15.851322
-0.005109 0.078922 320.000000 89.885444
0.004188 0.070877 320.000000 88.122081
0.005474 0.075135 320.000000 94.951573
0.005668 0.033645 320.000000 41.279483
-0.007369 0.086838 320.000000 98.136749
0.001135 0.035903 320.000000 39.961614
-0.002063 0.065598 320.000000 75.370854
0.003154 0.059868 320.000000 72.800440
0.009365 0.056868 320.000000 75.232313
0.000925 0.090154 320.000000 109.996107
0.000474 0.099999 320.000000 122.360306
0.006731 0.096518 320.000000 124.063550
0.008769 0.055514 320.000000 72.841242
0.003780 0.026379 320.000000 30.118498
0.000405 0.059336 320.000000 69.508404
0.001477 0.087483 320.000000 107.056680
0.008852 0.051340 320.000000 67.510660
-0.007606 0.099608 320.000000 114.396433
0.000144 0.074375 320.000000 88.756732
0.004325 0.023877 320.000000 27.425301
0.004951 0.007604 320.000000 8.339959
-0.005542 0.044429 320.000000 45.582034
0.006236 0.076660 320.000000 97.709193
0.003013 0.062321 320.000000 75.849381
-0.001896 0.056083 320.000000 63.252685
-0.004611 0.034227 320.000000 33.641763
0.007196 0.026358 320.000000 33.440302
0.008634 0.075358 320.000000 98.494563
0.003318 0.016486 320.000000 17.295642
0.009523 0.013218 320.000000 19.344973
-0.006495 0.027453 320.000000 25.024421
0.006798 0.042562 320.000000 53.972418
0.009204 0.091757 320.000000 120.428969
0.003722 0.003774 320.000000 5.949865
0.008811 0.077856 320.000000 101.929663
0.004501 0.098436 320.000000 124.296895
0.000461 0.005932 320.000000 8.087861
-0.003625 0.084709 320.000000 98.676290
-0.007797 0.066699 320.000000 71.994022
0.001419 0.035265 320.000000 39.390987
-0.008040 0.018284 320.000000 17.401095
-0.005504 0.054843 320.000000 58.711140
0.005173 0.032290 320.000000 39.038344
0.009323 0.079300 320.000000 104.345465
0.006762 0.014288 320.000000 17.663782
0.007828 0.082607 320.000000 107.086163
-0.005339 0.057963 320.000000 62.805262
-0.001526 0.083818 320.000000 99.443889
0.005109 0.051826 320.000000 64.281471
0.001493 0.005562 320.000000 7.291535
0.000723 0.005776 320.000000 7.879228
0.007270 0.087080 320.000000 112.330899
0.002379 0.030650 320.000000 34.323056
0.000538 0.061911 320.000000 72.965446
0.003745 0.050087 320.000000 60.680593
-0.003567 0.006731 320.000000 12.151601
0.009163 0.077713 320.000000 102.113166
-0.002049 0.079408 320.000000 93.246610
-0.006321 0.052589 320.000000 55.247442
-0.007896 0.089289 320.000000 100.841389
0.001562 0.089986 320.000000 110.393798
0.008875 0.002354 320.000000 6.983124
0.007137 0.080619 320.000000 103.784267
0.004240 0.056532 320.000000 69.531003
0.001176 0.070834 320.000000 85.136911
0.000990 0.074378 320.000000 89.561499
-0.005082 0.065972 320.000000 73.251986
-0.008582 0.084005 320.000000 93.476739
0.002948 0.084628 320.000000 104.782008
-0.001699 0.089839 320.000000 107.094464
0.009941 0.016549 320.000000 23.963850
0.005156 0.050611 320.000000 62.751923
-0.002873 0.090049 320.000000 106.278395
0.004311 0.013635 320.000000 14.623626
0.009056 0.070573 320.000000 92.713999
-0.006603 0.050928 320.000000 52.957165
-0.008260 0.041234 320.000000 40.017673
-0.001948 0.076802 320.000000 89.963094
0.002915 0.074662 320.000000 91.788366
-0.001834 0.092155 320.000000 109.973214
-0.006109 0.099795 320.000000 115.963153
-0.006564 0.024965 320.000000 22.444037
-0.001119 0.001275 320.000000 12.457411
0.003127 0.032321 320.000000 37.136046
-0.005282 0.065939 320.000000 73.044640
0.001843 0.086353 320.000000 105.942847
-0.006271 0.049419 320.000000 51.303205
0.009453 0.027794 320.000000 37.712599
0.005796 0.034951 320.000000 43.095406
0.004865 0.022469 320.000000 26.135762
0.005900 0.062732 320.000000 79.250319
-0.008546 0.020624 320.000000 18.991075
0.001258 0.032681 320.000000 35.950656
-0.001746 0.045614 320.000000 49.954843
-0.009439 0.004244 320.000000 21.585535
0.003722 0.003234 320.000000 5.989867
-0.004826 0.012822 320.000000 13.176504
-0.009082 0.064899 320.000000 68.735724
0.008170 0.026712 320.000000 34.926510
-0.007000 0.038219 320.000000 37.094604
0.002584 0.036905 320.000000 42.536311
0.000755 0.017163 320.000000 16.425466
-0.009975 0.091271 320.000000 101.643152
-0.009524 0.075522 320.000000 81.872188
-0.002140 0.008459 320.000000 10.297453
-0.002458 0.080515 320.000000 94.306526
-0.006849 0.062133 320.000000 66.925804
-0.002457 0.005553 320.000000 11.306679
0.009273 0.048109 320.000000 63.768261
0.002843 0.088614 320.000000 109.863506
-0.009488 0.002958 320.000000 22.690336
-0.003548 0.012518 320.000000 12.262130
-0.000932 0.099918 320.000000 120.905623
-0.008315 0.092121 320.000000 104.129926
-0.001984 0.055097 320.000000 61.908784
0.007717 0.043487 320.000000 56.124472
0.006994 0.080351 320.000000 103.288655
-0.005347 0.094995 320.000000 110.435893
-0.004078 0.053023 320.000000 57.515552
0.005134 0.071602 320.000000 90.012191
-0.009896 0.028150 320.000000 25.250204
-0.007477 0.017140 320.000000 16.534195
0.009360 0.049625 320.000000 65.826541
0.007765 0.091195 320.000000 118.198412
-0.006192 0.009532 320.000000 14.377399
-0.000027 0.002755 320.000000 9.905083
0.008127 0.085140 320.000000 110.692157
-0.006329 0.006113 320.000000 15.987175
0.008883 0.016202 320.000000 22.324101
0.006602 0.025429 320.000000 31.633915
-0.005114 0.085337 320.000000 98.158835
0.003360 0.077364 320.000000 95.738549
-0.008674 0.092390 320.000000 104.170337
-0.009219 0.064171 320.000000 67.717409
-0.001044 0.013281 320.000000 11.989398
0.007659 0.014757 320.000000 19.179446
0.001463 0.064654 320.000000 77.388797
-0.003670 0.034271 320.000000 34.271670
-0.004095 0.026534 320.000000 24.845067
0.005809 0.015209 320.000000 17.872926
-0.003782 0.021516 320.000000 19.468657
0.008039 0.027050 320.000000 35.220374
-0.001144 0.099184 320.000000 119.750959
0.000453 0.003155 320.000000 9.073605
0.008223 0.029575 320.000000 38.666594
-0.007474 0.081734 320.000000 91.484867
-0.008050 0.047424 320.000000 47.637765
-0.004046 0.072213 320.000000 82.161772
0.004861 0.022017 320.000000 25.554965
0.008684 0.076152 320.000000 99.578885
-0.003017 0.046192 320.000000 49.667723
-0.006334 0.067520 320.000000 74.205217
0.009020 0.011256 320.000000 16.374538
-0.006578 0.084186 320.000000 95.399241
-0.004499 0.017549 320.000000 15.742222
0.000098 0.004008 320.000000 9.021417
0.002802 0.094262 320.000000 117.171368
0.008474 0.029689 320.000000 39.083038
0.000289 0.041095 320.000000 45.883988
0.006562 0.056538 320.000000 71.873779
0.001669 0.003696 320.000000 7.491772
0.003302 0.059649 320.000000 72.660214
0.004618 0.045533 320.000000 55.629924
-0.004136 0.084533 320.000000 97.989335
-0.006585 0.064632 320.000000 70.315259
0.003151 0.045257 320.000000 53.851939
-0.000539 0.044707 320.000000 49.806090
-0.007691 0.044514 320.000000 44.297954
-0.005057 0.077143 320.000000 87.637378
0.002856 0.032075 320.000000 36.573480
-0.000619 0.005611 320.000000 9.186410
0.005177 0.005110 320.000000 6.349654
0.005896 0.050772 320.000000 63.705781
0.004440 0.079999 320.000000 100.240273
0.000590 0.072305 320.000000 86.491681
-0.003153 0.018296 320.000000 16.373897
-0.003443 0.020251 320.000000 18.248376
-0.005593 0.065514 320.000000 72.243888
-0.002335 0.053750 320.000000 59.879687
-0.005120 0.055565 320.000000 59.926030
-0.003842 0.009620 320.000000 11.873352
-0.000804 0.047345 320.000000 52.963446
0.009056 0.074550 320.000000 97.886968
-0.000303 0.078422 320.000000 93.587472
0.005936 0.063707 320.000000 80.553853
0.000782 0.029980 320.000000 32.128933
0.008744 0.025929 320.000000 34.539872
-0.007568 0.082222 320.000000 92.032366
0.007564 0.018227 320.000000 23.440856
0.003300 0.071696 320.000000 88.310858
0.008497 0.068688 320.000000 89.675315
-0.006423 0.077460 320.000000 86.876739
-0.001921 0.003866 320.000000 11.561988
-0.000335 0.067155 320.000000 78.950383
-0.009052 0.071280 320.000000 76.843356
-0.005500 0.042421 320.000000 43.118104
-0.009805 0.009280 320.000000 18.936398
0.003116 0.080597 320.000000 99.702857
0.008395 0.006665 320.000000 10.367560
0.005111 0.025019 320.000000 29.627039
0.004348 0.029355 320.000000 34.462216
0.006483 0.044222 320.000000 55.800996
0.003535 0.033710 320.000000 39.300377
-0.008015 0.016945 320.000000 16.768707
0.009751 0.002562 320.000000 8.019379
-0.005695 0.046350 320.000000 47.871260
0.009898 0.035916 320.000000 48.663871
0.003724 0.056454 320.000000 68.922477
-0.003918 0.010565 320.000000 11.992330
0.008190 0.063337 320.000000 82.397401
0.006984 0.069515 320.000000 89.179968
0.001823 0.063087 320.000000 75.698641
-0.003395 0.056868 320.000000 62.987634
0.001953 0.045167 320.000000 52.611889
-0.008547 0.004773 320.000000 19.928291
-0.000931 0.043757 320.000000 48.258021
0.005727 0.030454 320.000000 37.218825
-0.004602 0.052006 320.000000 55.810140
-0.005773 0.056216 320.000000 60.245684
0.007227 0.084107 320.000000 108.417325
0.008365 0.099035 320.000000 129.026680
-0.005692 0.053929 320.000000 57.409379
0.002619 0.056485 320.000000 67.893739
0.000234 0.089500 320.000000 108.480918
-0.002416 0.038848 320.000000 40.839102
-0.003829 0.072884 320.000000 83.215366
0.001226 0.074481 320.000000 89.919698
0.003729 0.093630 320.000000 117.268513
0.003229 0.039266 320.000000 46.178844
-0.004533 0.094076 320.000000 109.979425
-0.005253 0.012270 320.000000 13.363289
-0.005922 0.059008 320.000000 63.675869
0.006527 0.060875 320.000000 77.475022
0.005729 0.057038 320.000000 71.675489
-0.001185 0.005777 320.000000 9.743461
-0.008813 0.060662 320.000000 63.593848
0.002842 0.002885 320.000000 6.727025
-0.009460 0.007821 320.000000 19.216284
0.009575 0.009451 320.000000 14.868248
0.004284 0.075013 320.000000 93.598447
-0.008047 0.017789 320.000000 17.159307
-0.003893 0.095948 320.000000 112.987160
-0.008773 0.027575 320.000000 24.756841
0.002370 0.054353 320.000000 64.891892
0.001095 0.062958 320.000000 74.843169
0.000606 0.050580 320.000000 58.371877
0.009946 0.097774 320.000000 129.038419
-0.009231 0.095405 320.000000 107.577786
0.009604 0.003715 320.000000 8.796443
0.008668 0.004546 320.000000 8.524078
-0.009507 0.066560 320.000000 70.519102
0.009142 0.064152 320.000000 84.457359
-0.008069 0.090718 320.000000 102.533786
-0.006096 0.007908 320.000000 14.786380
0.004152 0.075972 320.000000 94.714334
0.008118 0.082381 320.000000 107.094107
0.008657 0.063297 320.000000 82.835336
0.009358 0.010092 320.000000 15.370467
0.002232 0.050366 320.000000 59.596610
0.004735 0.070275 320.000000 87.885369
0.002377 0.064738 320.000000 78.372208
0.004156 0.031626 320.000000 37.201107
-0.004963 0.059088 320.000000 64.541187
0.000116 0.077164 320.000000 92.348408
-0.007454 0.062402 320.000000 66.801699
-0.007692 0.092823 320.000000 105.569317
0.003009 0.080411 320.000000 99.355818
-0.002496 0.009208 320.000000 10.646462
0.000044 0.025418 320.000000 25.868085
-0.002150 0.043843 320.000000 47.369275
-0.002370 0.064987 320.000000 74.310563
0.008894 0.055661 320.000000 73.164965
0.004367 0.010871 320.000000 11.434127
0.005332 0.057287 320.000000 71.599377
0.003788 0.099241 320.000000 124.630968
-0.005987 0.047208 320.000000 48.738838
0.003042 0.091478 320.000000 113.786351
-0.004056 0.077693 320.000000 89.222278
-0.009070 0.047335 320.000000 46.909382
-0.007610 0.054679 320.000000 56.943506
0.009211 0.082501 320.000000 108.391488
-0.005950 0.032664 320.000000 31.071170
0.000518 0.094878 320.000000 115.744607
-0.000574 0.018791 320.000000 17.621943
-0.004121 0.061680 320.000000 68.551017
0.001395 0.079746 320.000000 96.921132
-0.000183 0.056699 320.000000 65.561765
0.007324 0.042024 320.000000 53.818798
0.001926 0.025310 320.000000 27.158554
0.009687 0.027548 320.000000 37.656638
-0.008789 0.064468 320.000000 68.409391
0.006759 0.075395 320.000000 96.598379
0.006344 0.052198 320.000000 66.012771
0.006488 0.099173 320.000000 127.271507
0.002851 0.096238 320.000000 119.790640
-0.002884 0.068790 320.000000 78.763708
0.000368 0.069121 320.000000 82.151008
0.003268 0.016417 320.000000 17.173465
-0.004385 0.032118 320.000000 31.235266
0.006119 0.085750 320.000000 109.419859
0.005820 0.057444 320.000000 72.295844
-0.002650 0.064206 320.000000 73.057511
-0.003819 0.035852 320.000000 36.117523
0.005521 0.072930 320.000000 92.129073
-0.002991 0.080707 320.000000 94.069663
0.001882 0.027622 320.000000 30.043603
0.000503 0.098416 320.000000 120.329546
-0.008034 0.030459 320.000000 27.821612
-0.005396 0.067891 320.000000 75.452235
0.009240 0.010338 320.000000 15.525670
-0.004594 0.026323 320.000000 24.406517
-0.007910 0.097580 320.000000 111.512975
-0.006655 0.061805 320.000000 66.660727
0.006037 0.087292 320.000000 111.343811
0.002716 0.075607 320.000000 92.823103
0.008160 0.048245 320.000000 62.761600
0.003067 0.027013 320.000000 30.287205
-0.007440 0.002723 320.000000 19.972504
0.000911 0.020837 320.000000 20.861574
0.004793 0.023045 320.000000 26.801258
0.001323 0.099352 320.000000 122.342076
0.009232 0.036128 320.000000 48.210700
0.003219 0.086844 320.000000 107.931986
0.001020 0.026292 320.000000 27.673791
0.004379 0.027929 320.000000 32.660124
0.004874 0.008412 320.000000 9.104945
-0.004378 0.015219 320.000000 14.059564
0.009303 0.061646 320.000000 81.372803
0.004202 0.006823 320.000000 7.284942
0.000386 0.083456 320.000000 100.775209
-0.001255 0.002456 320.000000 11.681374
-0.006980 0.020348 320.000000 18.348607
0.004549 0.089397 320.000000 112.577955
0.008093 0.005463 320.000000 8.803934
0.001809 0.051351 320.000000 60.474629
0.008613 0.039937 320.000000 52.472085
-0.004658 0.034317 320.000000 33.723658
-0.006109 0.097846 320.000000 113.442866
-0.002915 0.089574 320.000000 105.623382
0.008779 0.010224 320.000000 14.863398
0.009480 0.099917 320.000000 131.337979
0.007823 0.023324 320.000000 30.207644
0.006790 0.036088 320.000000 45.577068
0.007085 0.061512 320.000000 78.877480
-0.009524 0.081649 320.000000 89.689528
0.001876 0.040821 320.000000 46.935945
-0.002353 0.092724 320.000000 110.226972
0.003736 0.064986 320.000000 80.017754
0.006787 0.092275 320.000000 118.596238
0.000302 0.021818 320.000000 21.648130
-0.006263 0.016736 320.000000 15.714302
-0.001563 0.079644 320.000000 93.998423
-0.006165 0.057002 320.000000 60.940864
-0.003387 0.005964 320.000000 12.258898
0.003453 0.040551 320.000000 48.050393
-0.002011 0.018199 320.000000 16.478346
0.005553 0.091776 320.000000 116.688037
0.006049 0.006928 320.000000 8.426097
-0.001524 0.067563 320.000000 78.393389
-0.003774 0.034918 320.000000 34.999075
-0.005624 0.019952 320.000000 17.833407
-0.002909 0.021768 320.000000 19.991724
0.006048 0.007813 320.000000 9.343537
0.003243 0.061865 320.000000 75.480468
0.009729 0.049962 320.000000 66.660361
-0.006039 0.088579 320.000000 101.531329
-0.009268 0.023435 320.000000 21.187737
0.004126 0.081907 320.000000 102.409098
0.000000 0.100000 340.000000 120.853313
-0.006475 0.004184 340.000000 17.580084
0.000287 0.065128 340.000000 76.273280
0.008232 0.001912 340.000000 6.185024
0.005733 0.086630 340.000000 109.165947
-0.006061 0.076124 340.000000 84.857335
0.001875 0.039256 340.000000 44.577786
0.001333 0.089042 340.000000 107.998936
0.003031 0.065896 340.000000 79.811670
-0.004986 0.081492 340.000000 92.603605
0.008961 0.061646 340.000000 80.246658
0.003142 0.089140 340.000000 109.857761
-0.004135 0.048347 340.000000 51.235735
0.008785 0.057056 340.000000 74.156210
-0.001525 0.088811 340.000000 105.043724
-0.000114 0.035504 340.000000 38.168492
0.003561 0.099916 340.000000 124.158430
0.006004 0.028972 340.000000 35.278781
0.004561 0.067775 340.000000 83.707793
-0.005399 0.018951 340.000000 17.201061
0.001071 0.013086 340.000000 12.178088
0.007735 0.001946 340.000000 5.871582
0.002444 0.039206 340.000000 45.018262
-0.006134 0.006613 340.000000 15.624773
0.006580 0.092528 340.000000 117.619304
-0.001123 0.079027 340.000000 92.838837
-0.001387 0.072232 340.000000 83.882328
0.008095 0.025013 340.000000 32.363837
0.002781 0.061920 340.000000 74.459393
-0.004879 0.025300 340.000000 23.264135
-0.001830 0.048207 340.000000 52.840659
-0.006982 0.015234 340.000000 15.753410
-0.000182 0.023225 340.000000 22.976147
-0.007030 0.071497 340.000000 78.204427
-0.008068 0.090455 340.000000 101.456794
0.001634 0.087962 340.000000 106.893768
-0.003430 0.042326 340.000000 44.227147
0.005017 0.090660 340.000000 113.653081
-0.002416 0.009657 340.000000 10.851026
0.002448 0.030263 340.000000 33.649930
0.008352 0.073920 340.000000 95.426978
-0.002018 0.053445 340.000000 59.334758
-0.001335 0.089549 340.000000 106.165888
0.004370 0.050439 340.000000 61.212033
-0.005489 0.049947 340.000000 52.257140
0.003992 0.042465 340.000000 50.612649
-0.002569 0.006123 340.000000 11.358504
0.005145 0.038758 340.000000 46.962827
-0.006811 0.027153 340.000000 24.759404
0.007948 0.090855 340.000000 116.846222
-0.001056 0.068463 340.000000 79.344305
0.009706 0.029872 340.000000 40.276057
0.001637 0.031650 340.000000 34.722272
-0.002829 0.041622 340.000000 43.783306
-0.004270 0.026052 340.000000 24.274289
-0.008404 0.008333 340.000000 17.773622
0.006738 0.061429 340.000000 77.692320
0.007069 0.021336 340.000000 26.639292
-0.001593 0.044147 340.000000 47.895260
0.008965 0.027750 340.000000 36.771306
-0.003675 0.002506 340.000000 14.957017
0.001956 0.012443 340.000000 11.819316
0.002782 0.068263 340.000000 82.621523
-0.007326 0.035161 340.000000 33.344888
-0.000391 0.051533 340.000000 58.269822
0.006837 0.033650 340.000000 42.090653
0.008756 0.037020 340.000000 48.390720
0.009892 0.065800 340.000000 86.567123
0.008931 0.095252 340.000000 123.521877
-0.009883 0.052708 340.000000 52.807544
-0.002664 0.088881 340.000000 104.103125
-0.002075 0.010656 340.000000 10.888402
-0.005004 0.048572 340.000000 50.887874
-0.005193 0.056435 340.000000 60.602914
-0.008732 0.059113 340.000000 61.402917
0.002714 0.008553 340.000000 8.385055
-0.004892 0.017532 340.000000 16.014057
0.001834 0.072231 340.000000 86.830209
0.003420 0.060740 340.000000 73.548779
0.009498 0.012075 340.000000 17.757223
-0.008061 0.059553 340.000000 62.414067
-0.003461 0.082609 340.000000 95.350815
0.002103 0.067435 340.000000 80.912904
-0.001313 0.081756 340.000000 96.171079
0.004130 0.015540 340.000000 16.696638
-0.002841 0.035443 340.000000 36.117889
-0.002739 0.095711 340.000000 112.807307
0.007066 0.004992 340.000000 7.377698
0.003945 0.007441 340.000000 7.744511
-0.001724 0.074325 340.000000 86.265865
-0.006883 0.051865 340.000000 53.673815
-0.005956 0.014753 340.000000 14.881792
0.004926 0.007956 340.000000 8.667043
0.007620 0.033232 340.000000 42.355810
-0.009302 0.087799 340.000000 97.074449
0.003358 0.013156 340.000000 13.324360
0.003670 0.070978 340.000000 86.968020
-0.008840 0.048685 340.000000 48.546164
-0.001063 0.055648 340.000000 62.945245
-0.000774 0.078759 340.000000 92.811494
0.009843 0.099838 340.000000 130.372901
-0.001739 0.014230 340.000000 12.947215
0.009135 0.099226 340.000000 128.855503
0.003647 0.089602 340.000000 110.943407
0.004991 0.077005 340.000000 96.022074
-0.007613 0.019067 340.000000 17.947132
-0.004698 0.077602 340.000000 87.878829
0.000370 0.073826 340.000000 87.520726
0.001591 0.062392 340.000000 73.953239
-0.003435 0.088018 340.000000 102.308032
0.008166 0.067187 340.000000 86.561758
-0.002435 0.010488 340.000000 11.062356
0.004459 0.045744 340.000000 55.264623
-0.009594 0.051083 340.000000 51.008933
0.000632 0.036593 340.000000 40.139986
0.000300 0.090791 340.000000 109.278160
0.001872 0.047674 340.000000 55.330884
0.005826 0.066799 340.000000 83.697858
0.001506 0.037320 340.000000 41.795448
-0.009481 0.085899 340.000000 94.520162
-0.008624 0.094955 340.000000 106.731697
0.000985 0.001746 340.000000 9.435002
0.001756 0.012012 340.000000 11.311815
-0.001633 0.057074 340.000000 64.277968
-0.000641 0.061814 340.000000 71.194692
-0.004519 0.065918 340.000000 73.138214
-0.009614 0.068124 340.000000 72.015042
0.001128 0.058025 340.000000 67.922359
0.008677 0.043714 340.000000 56.894207
-0.000018 0.049501 340.000000 55.998401
0.006407 0.050265 340.000000 62.989980
0.002902 0.038121 340.000000 44.044094
0.008271 0.072143 340.000000 93.055075
0.006907 0.042031 340.000000 52.908504
0.003571 0.016776 340.000000 17.758286
-0.003346 0.095026 340.000000 111.380630
0.001627 0.010743 340.000000 10.082597
-0.007591 0.049079 340.000000 49.778922
-0.005102 0.091695 340.000000 105.556666
-0.007836 0.037448 340.000000 35.751402
0.003992 0.056328 340.000000 68.421474
0.009544 0.010680 340.000000 16.146045
-0.002318 0.019372 340.000000 17.698314
0.009924 0.004315 340.000000 9.656411
0.006476 0.056263 340.000000 70.777692
0.008143 0.068727 340.000000 88.523092
0.008049 0.075703 340.000000 97.415820
-0.006387 0.089964 340.000000 102.237867
-0.004318 0.029339 340.000000 27.973474
-0.009397 0.071220 340.000000 76.051898
-0.008241 0.015910 340.000000 16.897872
-0.004779 0.017777 340.000000 16.174408
-0.006927 0.067289 340.000000 72.963836
0.005139 0.096398 340.000000 121.173200
0.000405 0.074923 340.000000 88.961839
0.004391 0.039197 340.000000 46.801327
0.002146 0.019513 340.000000 20.028879
0.008433 0.039866 340.000000 51.700816
-0.005426 0.015549 340.000000 14.944190
0.008665 0.015095 340.000000 20.509427
0.006934 0.060061 340.000000 76.129429
0.004201 0.092712 340.000000 115.495544
0.005812 0.028364 340.000000 34.314472
0.000301 0.079413 340.000000 94.639938
-0.008590 0.013052 340.000000 16.840933
-0.008478 0.078096 340.000000 85.423619
-0.000985 0.059952 340.000000 68.510646
-0.006842 0.081072 340.000000 90.514455
0.001074 0.081733 340.000000 98.343954
0.006547 0.005708 340.000000 7.610445
-0.003736 0.004373 340.000000 13.722206
0.003671 0.018730 340.000000 20.227163
-0.009038 0.070974 340.000000 76.009226
-0.002083 0.072983 340.000000 84.229066
-0.000828 0.046301 340.000000 51.242232
0.003783 0.074605 340.000000 91.749255
0.005648 0.065250 340.000000 81.524501
0.000813 0.044676 340.000000 50.562211
0.005270 0.077233 340.000000 96.591185
0.007184 0.092234 340.000000 117.850072
0.002558 0.048804 340.000000 57.404364
0.000515 0.087868 340.000000 105.716351
-0.002320 0.059039 340.000000 66.202808
-0.007647 0.033699 340.000000 31.569195
-0.005786 0.005008 340.000000 16.079272
-0.002430 0.007905 340.000000 10.790509
-0.005626 0.085620 340.000000 97.333694
0.005053 0.086694 340.000000 108.574021
-0.009418 0.068994 340.000000 73.244124
-0.006304 0.077300 340.000000 86.155546
-0.003525 0.011179 340.000000 12.028301
-0.007420 0.079984 340.000000 88.659744
0.007512 0.099329 340.000000 127.331482
-0.008672 0.099770 340.000000 112.833639
0.007842 0.069949 340.000000 89.788972
-0.004062 0.027575 340.000000 26.065587
0.002269 0.030940 340.000000 34.355091
0.008450 0.042635 340.000000 55.271286
-0.004058 0.061910 340.000000 68.420852
0.000248 0.008244 340.000000 8.706489
0.007087 0.027987 340.000000 35.105935
-0.000583 0.045116 340.000000 49.940158
-0.000642 0.063676 340.000000 73.578313
-0.002369 0.042233 340.000000 44.888246
-0.008954 0.065298 340.000000 68.952043
0.002864 0.059655 340.000000 71.624940
0.003286 0.005065 340.000000 6.368116
-0.008985 0.083610 340.000000 92.011458
0.001796 0.037846 340.000000 42.713641
-0.003208 0.089087 340.000000 103.881429
-0.001994 0.072313 340.000000 83.449377
0.004474 0.059837 340.000000 73.402154
0.003344 0.094331 340.000000 116.746239
0.002755 0.094856 340.000000 116.851997
0.005161 0.016380 340.000000 18.594808
-0.008808 0.084882 340.000000 93.765792
-0.001508 0.008598 340.000000 9.967230
0.006867 0.045119 340.000000 56.836081
0.008628 0.082879 340.000000 107.257244
-0.002977 0.051679 340.000000 56.319084
0.003183 0.029544 340.000000 33.375354
0.006271 0.067970 340.000000 85.650298
-0.003707 0.030020 340.000000 29.064558
0.001556 0.075217 340.000000 90.411299
0.003629 0.087215 340.000000 107.849305
0.001030 0.085548 340.000000 103.213822
0.001028 0.064134 340.000000 75.672880
-0.007356 0.026640 340.000000 24.161532
0.007131 0.037616 340.000000 47.470777
-0.006191 0.012782 340.000000 14.517584
-0.007081 0.098543 340.000000 112.613282
0.001766 0.054848 340.000000 64.428508
0.001410 0.039462 340.000000 44.436743
0.003685 0.086372 340.000000 106.817174
-0.001050 0.086676 340.000000 102.733604
-0.008707 0.085716 340.000000 94.906228
-0.009086 0.094351 340.000000 105.581459
-0.009766 0.049896 340.000000 49.479024
0.008912 0.085276 340.000000 110.640496
-0.001653 0.050068 340.000000 55.346037
-0.005650 0.062340 340.000000 67.700048
-0.000279 0.075151 340.000000 88.628008
0.000530 0.067014 340.000000 78.914638
-0.009621 0.045059 340.000000 43.795236
0.006193 0.045804 340.000000 57.039596
-0.004008 0.034803 340.000000 34.603782
0.003029 0.078338 340.000000 95.830009
0.000578 0.041159 340.000000 45.885027
0.004905 0.025990 340.000000 30.426980
0.001190 0.027656 340.000000 29.351891
-0.003201 0.014920 340.000000 13.718408
-0.005861 0.042648 340.000000 43.000580
-0.001287 0.066159 340.000000 76.188768
0.007773 0.092919 340.000000 119.329867
0.006763 0.077771 340.000000 98.775483
-0.006460 0.083682 340.000000 94.157374
0.006286 0.079551 340.000000 100.591246
-0.001866 0.034965 340.000000 36.193018
-0.006434 0.031275 340.000000 29.300765
0.005354 0.052658 340.000000 65.022962
0.007555 0.053663 340.000000 68.523687
-0.000795 0.015022 340.000000 13.671004
0.000897 0.058616 340.000000 68.470941
-0.004752 0.001968 340.000000 16.878811
-0.004554 0.038043 340.000000 38.199636
0.003406 0.068436 340.000000 83.439431
-0.001770 0.076905 340.000000 89.533974
-0.004938 0.075388 340.000000 84.851339
0.004526 0.060044 340.000000 73.717929
0.005083 0.021633 340.000000 25.081147
0.005001 0.046538 340.000000 56.809207
0.007076 0.041662 340.000000 52.606248
-0.008566 0.078221 340.000000 85.513093
0.003847 0.023477 340.000000 26.292361
0.007042 0.034898 340.000000 43.896688
0.006842 0.048105 340.000000 60.650146
0.008990 0.053239 340.000000 69.460710
-0.001133 0.057014 340.000000 64.628672
-0.002869 0.079253 340.000000 91.571525
0.008215 0.012286 340.000000 16.582590
0.009875 0.073244 340.000000 96.133363
0.003999 0.016708 340.000000 18.012386
0.005816 0.073095 340.000000 91.799914
-0.002239 0.028226 340.000000 27.739265
-0.006603 0.064812 340.000000 70.085974
-0.005116 0.085524 340.000000 97.645890
-0.001740 0.095502 340.000000 113.448519
-0.002113 0.078575 340.000000 91.369824
0.003280 0.091323 340.000000 112.805405
0.007825 0.036160 340.000000 46.317047
-0.007736 0.014966 340.000000 16.251042
0.009525 0.004492 340.000000 9.362580
0.007676 0.032020 340.000000 40.862351
-0.006252 0.046977 340.000000 48.057227
-0.001900 0.021871 340.000000 20.528996
-0.006931 0.095102 340.000000 108.341065
-0.002107 0.058551 340.000000 65.760670
-0.002930 0.036024 340.000000 36.772310
0.009422 0.092608 340.000000 120.617282
-0.007391 0.057711 340.000000 60.590001
0.003232 0.036231 340.000000 41.930127
-0.007461 0.090831 340.000000 102.440050
-0.002599 0.034045 340.000000 34.561439
0.008079 0.042849 340.000000 55.159499
0.001101 0.095980 340.000000 116.716021
0.001197 0.020186 340.000000 20.200985
-0.006350 0.085972 340.000000 97.169700
-0.001209 0.016233 340.000000 14.772090
-0.007965 0.034517 340.000000 32.369270
-0.007568 0.094961 340.000000 107.621773
-0.000180 0.009031 340.000000 9.221475
-0.003364 0.094085 340.000000 110.156492
0.006656 0.015281 340.000000 18.641591
-0.002127 0.009368 340.000000 10.573842
0.003797 0.019474 340.000000 21.248810
-0.005844 0.057380 340.000000 61.301021
-0.001051 0.067591 340.000000 78.232605
-0.009483 0.078757 340.000000 85.480088
0.001513 0.082215 340.000000 99.377503
0.002180 0.069400 340.000000 83.514465
-0.007002 0.042799 340.000000 42.501155
-0.008761 0.008174 340.000000 18.316136
0.009069 0.028837 340.000000 38.267320
0.008116 0.088319 340.000000 113.747440
0.009026 0.091603 340.000000 118.913733
-0.002056 0.015922 340.000000 14.396008
-0.002967 0.093866 340.000000 110.231613
0.004283 0.067209 340.000000 82.707319
-0.007206 0.099836 340.000000 114.161119
-0.005615 0.013520 340.000000 14.220330
-0.001733 0.036271 340.000000 37.908696
0.006655 0.025409 340.000000 31.385962
0.007556 0.040448 340.000000 51.539237
-0.008779 0.025919 340.000000 23.440493
-0.002597 0.050992 340.000000 55.752465
0.009712 0.069864 340.000000 91.609721
0.006320 0.071649 340.000000 90.440883
0.009967 0.027154 340.000000 37.104708
-0.006933 0.059203 340.000000 62.785016
-0.009839 0.091754 340.000000 101.666165
-0.008554 0.091477 340.000000 102.357869
-0.008361 0.023021 340.000000 20.955404
-0.002221 0.067538 340.000000 77.137828
0.009099 0.072940 340.000000 94.935483
-0.007210 0.068894 340.000000 74.772154
-0.006145 0.040186 340.000000 39.845457
-0.000965 0.095961 340.000000 114.753567
-0.004753 0.038375 340.000000 38.480828
0.009841 0.080023 340.000000 104.831941
0.002388 0.008910 340.000000 8.631169
0.005872 0.027472 340.000000 33.237518
-0.006661 0.079334 340.000000 88.451049
0.001214 0.038726 340.000000 43.332063
0.004051 0.067620 340.000000 83.010751
0.006842 0.056617 340.000000 71.602463
-0.009527 0.061166 340.000000 63.410147
-0.006526 0.055120 340.000000 57.971887
0.006844 0.062637 340.000000 79.354884
0.008371 0.086567 340.000000 111.748810
0.000598 0.088473 340.000000 106.572581
-0.009836 0.015252 340.000000 18.159606
0.002000 0.006718 340.000000 7.356142
0.003488 0.052693 340.000000 63.265656
0.004842 0.085042 340.000000 106.236121
0.001460 0.036114 340.000000 40.224683
-0.004040 0.045744 340.000000 48.051194
-0.006606 0.077531 340.000000 86.202199
0.000071 0.024625 340.000000 24.820633
0.006900 0.052885 340.000000 66.856334
-0.002139 0.092646 340.000000 109.412721
-0.000321 0.035043 340.000000 37.428039
-0.003421 0.090983 340.000000 106.123692
-0.006628 0.063540 340.000000 68.463019
-0.003388 0.075006 340.000000 85.681020
0.005282 0.092052 340.000000 115.709746
0.003842 0.073120 340.000000 89.893046
0.004414 0.093747 340.000000 117.039297
-0.000036 0.007371 340.000000 8.673848
0.000459 0.056889 340.000000 65.863546
-0.008454 0.007683 340.000000 18.151023
-0.000237 0.010634 340.000000 10.084541
-0.000068 0.022666 340.000000 22.377636
-0.006959 0.030966 340.000000 28.777613
-0.005859 0.052440 340.000000 55.102731
0.008391 0.071554 340.000000 92.419694
0.007420 0.084339 340.000000 107.908043
-0.003292 0.041007 340.000000 42.685228
0.008592 0.021009 340.000000 27.823650
0.008264 0.009628 340.000000 13.472589
0.003967 0.085077 340.000000 105.422141
0.000349 0.096130 340.000000 116.198414
-0.009375 0.094963 340.000000 106.122980
0.005910 0.069340 340.000000 87.054472
0.008250 0.019046 340.000000 24.985140
0.003499 0.097065 340.000000 120.421262
0.004230 0.099525 340.000000 124.309046
-0.002084 0.035493 340.000000 36.693657
0.004793 0.098303 340.000000 123.287949
0.009705 0.073782 340.000000 96.648614
-0.009915 0.030813 340.000000 28.003668
-0.003728 0.033272 340.000000 32.924046
0.005566 0.026245 340.000000 31.379071
0.007185 0.001134 340.000000 5.475896
0.005744 0.063838 340.000000 79.802015
0.008449 0.097249 340.000000 125.602463
0.007837 0.026063 340.000000 33.427632
0.006446 0.044208 340.000000 55.241868
-0.003211 0.023539 340.000000 21.879023
-0.003044 0.059649 340.000000 66.377346
0.004319 0.095008 340.000000 118.571817
0.001517 0.090567 340.000000 110.136870
0.000396 0.099286 340.000000 120.305858
0.004165 0.046313 340.000000 55.714296
0.003166 0.031559 340.000000 35.918394
0.007190 0.032228 340.000000 40.627900
-0.001172 0.067057 340.000000 77.441339
-0.001517 0.053184 340.000000 59.420097
-0.005372 0.033436 340.000000 32.235511
0.003363 0.024677 340.000000 27.383300
0.001233 0.039939 340.000000 44.890663
0.001973 0.080536 340.000000 97.652409
0.003169 0.024011 340.000000 26.382794
0.000110 0.088284 340.000000 105.873171
0.008742 0.052286 340.000000 67.976011
0.003739 0.033571 340.000000 38.998319
0.001463 0.078287 340.000000 94.274749
0.007108 0.096764 340.000000 123.615803
0.004059 0.083192 340.000000 103.083681
0.001926 0.094119 340.000000 115.104252
0.002289 0.011572 340.000000 11.053424
0.005163 0.037203 340.000000 44.986357
-0.008135 0.066141 340.000000 70.605394
0.007070 0.073537 340.000000 93.628730
0.000315 0.083487 340.000000 99.891535
0.001672 0.040332 340.000000 45.771208
-0.004930 0.055661 340.000000 59.828859
0.005007 0.035881 340.000000 43.142996
0.004072 0.037125 340.000000 43.846902
0.005459 0.097359 340.000000 122.730673
0.004145 0.038736 340.000000 45.977772
-0.003340 0.068048 340.000000 76.832072
0.001754 0.023421 340.000000 24.524905
-0.002866 0.093773 340.000000 110.202985
0.007690 0.008465 340.000000 11.533129
-0.003924 0.033098 340.000000 32.602190
-0.007213 0.083989 340.000000 93.924288
0.007570 0.022998 340.000000 29.257823
0.001274 0.053058 340.000000 61.687736
0.006178 0.080744 340.000000 102.020525
0.007802 0.063549 340.000000 81.502731
0.005204 0.083618 340.000000 104.758095
0.007981 0.033548 340.000000 43.132926
0.001079 0.047564 340.000000 54.481985
-0.009371 0.040859 340.000000 39.015416
0.006351 0.087407 340.000000 110.786626
-0.006741 0.072013 340.000000 79.086745
0.004006 0.012180 340.000000 12.636811
0.009016 0.072649 340.000000 94.473770
0.003131 0.039871 340.000000 46.488674
-0.009899 0.090725 340.000000 100.312134
-0.001048 0.048872 340.000000 54.325906
-0.006799 0.004377 340.000000 17.893572
-0.004926 0.024078 340.000000 21.968736
0.008365 0.021149 340.000000 27.755814
0.002403 0.078187 340.000000 95.035957
0.006941 0.047299 340.000000 59.713911
-0.007010 0.086113 340.000000 96.798886
-0.001145 0.021727 340.000000 20.699611
0.003799 0.016613 340.000000 17.737798
0.003149 0.055243 340.000000 66.222841
0.005529 0.076756 340.000000 96.234221
0.009835 0.021517 340.000000 29.827544
-0.009022 0.002647 340.000000 22.354074
0.003766 0.061057 340.000000 74.288042
0.005206 0.020746 340.000000 24.078940
-0.005583 0.065604 340.000000 71.882497
0.001912 0.061322 340.000000 72.876716
0.004650 0.004042 340.000000 5.790886
0.000061 0.084682 340.000000 101.194013
0.000774 0.086449 340.000000 104.132654
-0.001300 0.030725 340.000000 31.354554
-0.002771 0.049148 340.000000 53.281955
0.007999 0.052120 340.000000 66.994176
0.001529 0.097943 340.000000 119.651826
0.006013 0.046044 340.000000 57.168935
-0.009843 0.015810 340.000000 18.230898
-0.003823 0.058913 340.000000 64.807314
0.006480 0.097271 340.000000 123.636936
0.004822 0.048867 340.000000 59.627314
-0.006242 0.033752 340.000000 32.194383
-0.005003 0.092503 340.000000 106.677831
-0.003972 0.062985 340.000000 69.856900
-0.008655 0.095702 340.000000 107.658694
-0.001948 0.046440 340.000000 50.510822
-0.005881 0.059796 340.000000 64.313925
0.004884 0.090476 340.000000 113.283493
-0.008802 0.051252 340.000000 51.683931
-0.006420 0.033978 340.000000 32.375323
0.001364 0.009946 340.000000 9.394718
0.006128 0.011723 340.000000 13.811124
-0.000137 0.071124 340.000000 83.585170
0.005207 0.021036 340.000000 24.445279
0.000506 0.096376 340.000000 116.662426
0.003855 0.066860 340.000000 81.842778
0.008286 0.070717 340.000000 91.232837
0.003176 0.032788 340.000000 37.490445
0.001278 0.088847 340.000000 107.696397
0.002085 0.084895 340.000000 103.373003
0.004165 0.049307 340.000000 59.559777
0.008407 0.096796 340.000000 124.975227
-0.008328 0.092876 340.000000 104.326114
-0.000006 0.045317 340.000000 50.678070
0.001148 0.033514 340.000000 36.673344
0.007695 0.018787 340.000000 24.073396
0.003860 0.009836 340.000000 9.979058
-0.007035 0.096939 340.000000 110.602219
-0.002796 0.013337 340.000000 12.555488
-0.001916 0.075300 340.000000 87.346601
0.005678 0.005698 340.000000 7.030485
0.002537 0.033055 340.000000 37.265952
0.007871 0.091869 340.000000 118.075352
0.002519 0.014169 340.000000 13.969844
0.001966 0.039494 340.000000 44.961577
-0.007931 0.031682 340.000000 29.266498
0.004590 0.006837 340.000000 7.466127
-0.009653 0.033392 340.000000 30.663799
-0.008896 0.088230 340.000000 97.948458
0.007268 0.003618 340.000000 6.459632
0.000442 0.029805 340.000000 31.460776
-0.008199 0.020106 340.000000 18.830504
0.001011 0.086641 340.000000 104.603099
-0.007765 0.019680 340.000000 18.389751
-0.004826 0.011261 340.000000 13.110567
0.009945 0.010971 340.000000 16.958127
0.004570 0.073640 340.000000 91.272255
0.008945 0.058524 340.000000 76.212865
0.004336 0.058462 340.000000 71.497803
-0.007368 0.041251 340.000000 40.443258
-0.002455 0.052148 340.000000 57.331969
-0.002780 0.003728 340.000000 12.870073
-0.009058 0.071225 340.000000 76.308708
0.007305 0.022844 340.000000 28.789056
-0.000592 0.038943 340.000000 42.122415
0.000603 0.026547 340.000000 27.539162
-0.007317 0.045507 340.000000 45.592540
0.007614 0.057998 340.000000 74.162644
-0.002422 0.078326 340.000000 90.776241
-0.001529 0.082168 340.000000 96.505077
0.002487 0.016483 340.000000 16.632311
-0.001135 0.071826 340.000000 83.586916
-0.009823 0.078192 340.000000 84.507815
0.004374 0.049394 340.000000 59.872579
0.003845 0.002799 340.000000 6.054656
-0.002124 0.079085 340.000000 92.014709
-0.004318 0.071840 340.000000 80.845243
-0.004107 0.096951 340.000000 113.170487
-0.003593 0.076602 340.000000 87.545117
0.005143 0.067929 340.000000 84.476870
-0.003230 0.038192 340.000000 39.240795
0.009019 0.099221 340.000000 128.729345
0.003568 0.075612 340.000000 92.837897
0.004425 0.096377 340.000000 120.440459
0.007384 0.097417 340.000000 124.737191
0.001398 0.072610 340.000000 86.910180
-0.008145 0.007900 340.000000 17.634383
-0.000659 0.096592 340.000000 115.849706
-0.001650 0.011585 340.000000 11.107616
-0.008728 0.084809 340.000000 93.736821
-0.009603 0.060727 340.000000 62.815735
0.003938 0.020512 340.000000 22.658931
0.001789 0.005895 340.000000 7.242181
0.009275 0.069085 340.000000 90.151970
0.002219 0.059519 340.000000 70.846166
0.004105 0.036902 340.000000 43.593873
-0.008844 0.074255 340.000000 80.286125
-0.004791 0.065462 340.000000 72.338255
0.002114 0.030661 340.000000 33.870780
-0.001421 0.038170 340.000000 40.509615
-0.005914 0.069908 340.000000 77.076454
-0.004477 0.092862 340.000000 107.598858
-0.004834 0.094643 340.000000 109.567146
-0.000353 0.014978 340.000000 13.705219
-0.008453 0.080340 340.000000 88.286519
-0.001116 0.098654 340.000000 118.078487
-0.001746 0.047187 340.000000 51.617480
-0.009005 0.091245 340.000000 101.694151
0.004917 0.054466 340.000000 66.920630
0.004917 0.062379 340.000000 77.106268
-0.007174 0.062097 340.000000 66.237543
-0.003298 0.077125 340.000000 88.470020
0.001305 0.024325 340.000000 25.308071
0.006212 0.089090 340.000000 112.817072
0.006583 0.060055 340.000000 75.767386
0.002571 0.025314 340.000000 27.520708
0.004271 0.025678 340.000000 29.447087
0.000832 0.070095 340.000000 83.150884
-0.006736 0.052675 340.000000 54.779503
0.006459 0.031317 340.000000 38.724906
0.006653 0.052944 340.000000 66.683583
-0.002388 0.043287 340.000000 46.195823
0.008084 0.066792 340.000000 85.969155
-0.002429 0.027334 340.000000 26.573847
0.002762 0.037891 340.000000 43.624603
0.009333 0.080701 340.000000 105.178377
0.004435 0.041526 340.000000 49.828784
0.009558 0.055158 340.000000 72.523218
-0.006036 0.002175 340.000000 18.507737
-0.001959 0.002980 340.000000 12.293755
-0.006238 0.055517 340.000000 58.675133
-0.005775 0.051478 340.000000 53.962432
0.001043 0.040130 340.000000 44.971927
-0.008678 0.058633 340.000000 60.843847
-0.007285 0.079538 340.000000 88.203014
-0.005794 0.019177 340.000000 17.450544
0.006677 0.036327 340.000000 45.357910
-0.002562 0.016728 340.000000 15.104400
-0.007289 0.090220 340.000000 101.804031
0.003580 0.013201 340.000000 13.521657
-0.002573 0.002294 340.000000 13.620931
0.003095 0.059307 340.000000 71.396185
0.002773 0.072558 340.000000 88.141297
-0.004126 0.024671 340.000000 22.808866
-0.000140 0.096105 340.000000 115.706878
0.004735 0.079911 340.000000 99.516549
0.001086 0.011614 340.000000 10.779064
0.008790 0.034213 340.000000 44.833719
-0.001055 0.068384 340.000000 79.243898
0.000925 0.018694 340.000000 18.273897
0.008057 0.024321 340.000000 31.444399
-0.008063 0.064708 340.000000 68.859734
0.002475 0.070744 340.000000 85.522566
-0.004870 0.017612 340.000000 16.068734
-0.005109 0.078922 340.000000 89.216780
0.004188 0.070877 340.000000 87.338723
0.005474 0.075135 340.000000 94.090432
0.005668 0.033645 340.000000 40.921179
-0.007369 0.086838 340.000000 97.425205
0.001135 0.035903 340.000000 39.683319
-0.002063 0.065598 340.000000 74.794496
0.003154 0.059868 340.000000 72.173622
0.009365 0.056868 340.000000 74.520512
0.000925 0.090154 340.000000 109.045801
0.000474 0.099999 340.000000 121.299047
0.006731 0.096518 340.000000 122.918288
0.008769 0.055514 340.000000 72.156480
0.003780 0.026379 340.000000 29.894431
0.000405 0.059336 340.000000 68.950630
0.001477 0.087483 340.000000 106.127242
0.008852 0.051340 340.000000 66.875230
-0.007606 0.099608 340.000000 113.528071
0.000144 0.074375 340.000000 88.018016
0.004325 0.023877 340.000000 27.219672
0.004951 0.007604 340.000000 8.338092
-0.005542 0.044429 340.000000 45.386261
0.006236 0.076660 340.000000 96.814640
0.003013 0.062321 340.000000 75.195469
-0.001896 0.056083 340.000000 62.793419
-0.004611 0.034227 340.000000 33.566678
0.007196 0.026358 340.000000 33.140609
0.008634 0.075358 340.000000 97.570947
0.003318 0.016486 340.000000 17.216834
0.009523 0.013218 340.000000 19.169048
-0.006495 0.027453 340.000000 25.135220
0.006798 0.042562 340.000000 53.482046
0.009204 0.091757 340.000000 119.295857
0.003722 0.003774 340.000000 6.014737
0.008811 0.077856 340.000000 100.972489
0.004501 0.098436 340.000000 123.171571
0.000461 0.005932 340.000000 8.224046
-0.003625 0.084709 340.000000 97.897508
-0.007797 0.066699 340.000000 71.558294
0.001419 0.035265 340.000000 39.113406
-0.008040 0.018284 340.000000 17.715084
-0.005504 0.054843 340.000000 58.368606
0.005173 0.032290 340.000000 38.707416
0.009323 0.079300 340.000000 103.361569
0.006762 0.014288 340.000000 17.523342
0.007828 0.082607 340.000000 106.089262
-0.005339 0.057963 340.000000 62.415825
-0.001526 0.083818 340.000000 98.626506
0.005109 0.051826 340.000000 63.711856
0.001493 0.005562 340.000000 7.409286
0.000723 0.005776 340.000000 8.010234
0.007270 0.087080 340.000000 111.290080
0.002379 0.030650 340.000000 34.080045
0.000538 0.061911 340.000000 72.372385
0.003745 0.050087 340.000000 60.161228
-0.003567 0.006731 340.000000 12.328068
0.009163 0.077713 340.000000 101.151405
-0.002049 0.079408 340.000000 92.496355
-0.006321 0.052589 340.000000 54.960666
-0.007896 0.089289 340.000000 100.112143
0.001562 0.089986 340.000000 109.431896
0.008875 0.002354 340.000000 6.962223
0.007137 0.080619 340.000000 102.824429
0.004240 0.056532 340.000000 68.921892
0.001176 0.070834 340.000000 84.418663
0.000990 0.074378 340.000000 88.803684
-0.005082 0.065972 340.000000 72.749540
-0.008582 0.084005 340.000000 92.834105
0.002948 0.084628 340.000000 103.856414
-0.001699 0.089839 340.000000 106.206404
0.009941 0.016549 340.000000 23.739131
0.005156 0.050611 340.000000 62.196181
-0.002873 0.090049 340.000000 105.414952
0.004311 0.013635 340.000000 14.554779
0.009056 0.070573 340.000000 91.840945
-0.006603 0.050928 340.000000 52.702553
-0.008260 0.041234 340.000000 39.964568
-0.001948 0.076802 340.000000 89.242999
0.002915 0.074662 340.000000 90.985298
-0.001834 0.092155 340.000000 109.059584
-0.006109 0.099795 340.000000 115.055334
-0.006564 0.024965 340.000000 22.602391
-0.001119 0.001275 340.000000 12.489897
0.003127 0.032321 340.000000 36.852425
-0.005282 0.065939 340.000000 72.548063
0.001843 0.086353 340.000000 105.019438
-0.006271 0.049419 340.000000 51.059455
0.009453 0.027794 340.000000 37.354889
0.005796 0.034951 340.000000 42.718345
0.004865 0.022469 340.000000 25.934872
0.005900 0.062732 340.000000 78.531745
-0.008546 0.020624 340.000000 19.296037
0.001258 0.032681 340.000000 35.711286
-0.001746 0.045614 340.000000 49.627919
-0.009439 0.004244 340.000000 21.697932
0.003722 0.003234 340.000000 6.049674
-0.004826 0.012822 340.000000 13.437411
-0.009082 0.064899 340.000000 68.362783
0.008170 0.026712 340.000000 34.604199
-0.007000 0.038219 340.000000 37.043230
0.002584 0.036905 340.000000 42.207905
0.000755 0.017163 340.000000 16.425355
-0.009975 0.091271 340.000000 100.943635
-0.009524 0.075522 340.000000 81.367941
-0.002140 0.008459 340.000000 10.494300
-0.002458 0.080515 340.000000 93.552184
-0.006849 0.062133 340.000000 66.524048
-0.002457 0.005553 340.000000 11.452642
0.009273 0.048109 340.000000 63.164790
0.002843 0.088614 340.000000 108.891428
-0.009488 0.002958 340.000000 22.767782
-0.003548 0.012518 340.000000 12.493886
-0.000932 0.099918 340.000000 119.875983
-0.008315 0.092121 340.000000 103.375246
-0.001984 0.055097 340.000000 61.464526
0.007717 0.043487 340.000000 55.605350
0.006994 0.080351 340.000000 102.334767
-0.005347 0.094995 340.000000 109.569814
-0.004078 0.053023 340.000000 57.156054
0.005134 0.071602 340.000000 89.200814
-0.009896 0.028150 340.000000 25.487346
-0.007477 0.017140 340.000000 16.841387
0.009360 0.049625 340.000000 65.203081
0.007765 0.091195 340.000000 117.098394
-0.006192 0.009532 340.000000 14.622029
-0.000027 0.002755 340.000000 9.975732
0.008127 0.085140 340.000000 109.658986
-0.006329 0.006113 340.000000 16.151075
0.008883 0.016202 340.000000 22.119942
0.006602 0.025429 340.000000 31.357507
-0.005114 0.085337 340.000000 97.408788
0.003360 0.077364 340.000000 94.893115
-0.008674 0.092390 340.000000 103.421618
-0.009219 0.064171 340.000000 67.358715
-0.001044 0.013281 340.000000 12.128473
0.007659 0.014757 340.000000 19.014939
0.001463 0.064654 340.000000 76.740434
-0.003670 0.034271 340.000000 34.162925
-0.004095 0.026534 340.000000 24.875545
0.005809 0.015209 340.000000 17.742400
-0.003782 0.021516 340.000000 19.574609
0.008039 0.027050 340.000000 34.896289
-0.001144 0.099184 340.000000 118.735037
0.000453 0.003155 340.000000 9.153660
0.008223 0.029575 340.000000 38.308190
-0.007474 0.081734 340.000000 90.841918
-0.008050 0.047424 340.000000 47.481728
-0.004046 0.072213 340.000000 81.551475
0.004861 0.022017 340.000000 25.359964
0.008684 0.076152 340.000000 98.644724
-0.003017 0.046192 340.000000 49.369382
-0.006334 0.067520 340.000000 73.716902
0.009020 0.011256 340.000000 16.231495
-0.006578 0.084186 340.000000 94.701124
-0.004499 0.017549 340.000000 15.946609
0.000098 0.004008 340.000000 9.123325
0.002802 0.094262 340.000000 116.131231
0.008474 0.029689 340.000000 38.718747
0.000289 0.041095 340.000000 45.560748
0.006562 0.056538 340.000000 71.217678
0.001669 0.003696 340.000000 7.579353
0.003302 0.059649 340.000000 72.032873
0.004618 0.045533 340.000000 55.147701
-0.004136 0.084533 340.000000 97.225215
-0.006585 0.064632 340.000000 69.872336
0.003151 0.045257 340.000000 53.405513
-0.000539 0.044707 340.000000 49.458028
-0.007691 0.044514 340.000000 44.173426
-0.005057 0.077143 340.000000 86.990090
0.002856 0.032075 340.000000 36.299786
-0.000619 0.005611 340.000000 9.326739
0.005177 0.005110 340.000000 6.372936
0.005896 0.050772 340.000000 63.133040
0.004440 0.079999 340.000000 99.340554
0.000590 0.072305 340.000000 85.768434
-0.003153 0.018296 340.000000 16.511792
-0.003443 0.020251 340.000000 18.363111
-0.005593 0.065514 340.000000 71.761422
-0.002335 0.053750 340.000000 59.462210
-0.005120 0.055565 340.000000 59.562487
-0.003842 0.009620 340.000000 12.102399
-0.000804 0.047345 340.000000 52.588218
0.009056 0.074550 340.000000 96.965560
-0.000303 0.078422 340.000000 92.808860
0.005936 0.063707 340.000000 79.822710
0.000782 0.029980 340.000000 31.939246
0.008744 0.025929 340.000000 34.217089
-0.007568 0.082222 340.000000 91.385612
0.007564 0.018227 340.000000 23.234654
0.003300 0.071696 340.000000 87.535943
0.008497 0.068688 340.000000 88.835247
-0.006423 0.077460 340.000000 86.261116
-0.001921 0.003866 340.000000 11.663920
-0.000335 0.067155 340.000000 78.312481
-0.009052 0.071280 340.000000 76.382459
-0.005500 0.042421 340.000000 42.950173
-0.009805 0.009280 340.000000 19.183356
0.003116 0.080597 340.000000 98.823013
0.008395 0.006665 340.000000 10.295125
0.005111 0.025019 340.000000 29.388113
0.004348 0.029355 340.000000 34.186570
0.006483 0.044222 340.000000 55.296544
0.003535 0.033710 340.000000 38.989235
-0.008015 0.016945 340.000000 17.090678
0.009751 0.002562 340.000000 7.988333
-0.005695 0.046350 340.000000 47.652838
0.009898 0.035916 340.000000 48.198904
0.003724 0.056454 340.000000 68.325299
-0.003918 0.010565 340.000000 12.230753
0.008190 0.063337 340.000000 81.627970
0.006984 0.069515 340.000000 88.357932
0.001823 0.063087 340.000000 75.061525
-0.003395 0.056868 340.000000 62.558196
0.001953 0.045167 340.000000 52.194660
-0.008547 0.004773 340.000000 20.055404
-0.000931 0.043757 340.000000 47.933004
0.005727 0.030454 340.000000 36.898628
-0.004602 0.052006 340.000000 55.479524
-0.005773 0.056216 340.000000 59.892435
0.007227 0.084107 340.000000 107.413415
0.008365 0.099035 340.000000 127.820421
-0.005692 0.053929 340.000000 57.084917
0.002619 0.056485 340.000000 67.320338
0.000234 0.089500 340.000000 107.553708
-0.002416 0.038848 340.000000 40.623456
-0.003829 0.072884 340.000000 82.590995
0.001226 0.074481 340.000000 89.155386
0.003729 0.093630 340.000000 116.217141
0.003229 0.039266 340.000000 45.805244
-0.004533 0.094076 340.000000 109.105165
-0.005253 0.012270 340.000000 13.631427
-0.005922 0.059008 340.000000 63.289251
0.006527 0.060875 340.000000 76.766809
0.005729 0.057038 340.000000 71.029682
-0.001185 0.005777 340.000000 9.890245
-0.008813 0.060662 340.000000 63.271535
0.002842 0.002885 340.000000 6.790515
-0.009460 0.007821 340.000000 19.425822
0.009575 0.009451 340.000000 14.741240
0.004284 0.075013 340.000000 92.762652
-0.008047 0.017789 340.000000 17.477291
-0.003893 0.095948 340.000000 112.074257
-0.008773 0.027575 340.000000 24.958707
0.002370 0.054353 340.000000 64.350444
0.001095 0.062958 340.000000 74.224166
0.000606 0.050580 340.000000 57.919256
0.009946 0.097774 340.000000 127.818979
-0.009231 0.095405 340.000000 106.804891
0.009604 0.003715 340.000000 8.749964
0.008668 0.004546 340.000000 8.476542
-0.009507 0.066560 340.000000 70.136144
0.009142 0.064152 340.000000 83.660859
-0.008069 0.090718 340.000000 101.790691
-0.006096 0.007908 340.000000 14.995699
0.004152 0.075972 340.000000 93.869539
0.008118 0.082381 340.000000 106.094588
0.008657 0.063297 340.000000 82.057901
0.009358 0.010092 340.000000 15.237823
0.002232 0.050366 340.000000 59.107806
0.004735 0.070275 340.000000 87.098186
0.002377 0.064738 340.000000 77.702460
0.004156 0.031626 340.000000 36.901450
-0.004963 0.059088 340.000000 64.126022
0.000116 0.077164 340.000000 91.575849
-0.007454 0.062402 340.000000 66.414080
-0.007692 0.092823 340.000000 104.789471
0.003009 0.080411 340.000000 98.480479
-0.002496 0.009208 340.000000 10.854638
0.000044 0.025418 340.000000 25.765564
-0.002150 0.043843 340.000000 47.077456
-0.002370 0.064987 340.000000 73.749673
0.008894 0.055661 340.000000 72.476178
0.004367 0.010871 340.000000 11.403451
0.005332 0.057287 340.000000 70.958496
0.003788 0.099241 340.000000 123.510081
-0.005987 0.047208 340.000000 48.517506
0.003042 0.091478 340.000000 112.775219
-0.004056 0.077693 340.000000 88.542560
-0.009070 0.047335 340.000000 46.790102
-0.007610 0.054679 340.000000 56.667643
0.009211 0.082501 340.000000 107.370697
-0.005950 0.032664 340.000000 31.070605
0.000518 0.094878 340.000000 114.745166
-0.000574 0.018791 340.000000 17.645963
-0.004121 0.061680 340.000000 68.078465
0.001395 0.079746 340.000000 96.088366
-0.000183 0.056699 340.000000 65.051308
0.007324 0.042024 340.000000 53.324886
0.001926 0.025310 340.000000 26.998951
0.009687 0.027548 340.000000 37.298146
-0.008789 0.064468 340.000000 68.033499
0.006759 0.075395 340.000000 95.709160
0.006344 0.052198 340.000000 65.413776
0.006488 0.099173 340.000000 126.098618
0.002851 0.096238 340.000000 118.725402
-0.002884 0.068790 340.000000 78.167475
0.000368 0.069121 340.000000 81.472276
0.003268 0.016417 340.000000 17.097209
-0.004385 0.032118 340.000000 31.185100
0.006119 0.085750 340.000000 108.417085
0.005820 0.057444 340.000000 71.643264
-0.002650 0.064206 340.000000 72.513685
-0.003819 0.035852 340.000000 35.990185
0.005521 0.072930 340.000000 91.293854
-0.002991 0.080707 340.000000 93.325742
0.001882 0.027622 340.000000 29.854039
0.000503 0.098416 340.000000 119.287068
-0.008034 0.030459 340.000000 27.941543
-0.005396 0.067891 340.000000 74.933274
0.009240 0.010338 340.000000 15.391436
-0.004594 0.026323 340.000000 24.460343
-0.007910 0.097580 340.000000 110.678082
-0.006655 0.061805 340.000000 66.257731
0.006037 0.087292 340.000000 110.323880
0.002716 0.075607 340.000000 92.012674
0.008160 0.048245 340.000000 62.176343
0.003067 0.027013 340.000000 30.073310
-0.007440 0.002723 340.000000 20.043896
0.000911 0.020837 340.000000 20.797990
0.004793 0.023045 340.000000 26.594788
0.001323 0.099352 340.000000 121.270667
0.009232 0.036128 340.000000 47.754318
0.003219 0.086844 340.000000 106.973732
0.001020 0.026292 340.000000 27.527767
0.004379 0.027929 340.000000 32.401703
0.004874 0.008412 340.000000 9.093908
-0.004378 0.015219 340.000000 14.292342
0.009303 0.061646 340.000000 80.603924
0.004202 0.006823 340.000000 7.319904
0.000386 0.083456 340.000000 99.918983
-0.001255 0.002456 340.000000 11.745155
-0.006980 0.020348 340.000000 18.602540
0.004549 0.089397 340.000000 111.561652
0.008093 0.005463 340.000000 8.752665
0.001809 0.051351 340.000000 59.983424
0.008613 0.039937 340.000000 51.979941
-0.004658 0.034317 340.000000 33.648828
-0.006109 0.097846 340.000000 112.559561
-0.002915 0.089574 340.000000 104.766841
0.008779 0.010224 340.000000 14.737520
0.009480 0.099917 340.000000 130.100818
0.007823 0.023324 340.000000 29.933416
0.006790 0.036088 340.000000 45.165962
0.007085 0.061512 340.000000 78.150819
-0.009524 0.081649 340.000000 89.103762
0.001876 0.040821 340.000000 46.575401
-0.002353 0.092724 340.000000 109.318208
0.003736 0.064986 340.000000 79.315765
0.006787 0.092275 340.000000 117.501446
0.000302 0.021818 340.000000 21.590740
-0.006263 0.016736 340.000000 15.990257
-0.001563 0.079644 340.000000 93.233780
-0.006165 0.057002 340.000000 60.588545
-0.003387 0.005964 340.000000 12.416686
0.003453 0.040551 340.000000 47.655564
-0.002011 0.018199 340.000000 16.570895
0.005553 0.091776 340.000000 115.623011
0.006049 0.006928 340.000000 8.400339
-0.001524 0.067563 340.000000 77.778914
-0.003774 0.034918 340.000000 34.884149
-0.005624 0.019952 340.000000 18.042073
-0.002909 0.021768 340.000000 20.057439
0.006048 0.007813 340.000000 9.305699
0.003243 0.061865 340.000000 74.827201
0.009729 0.049962 340.000000 66.026415
-0.006039 0.088579 340.000000 100.763410
-0.009268 0.023435 340.000000 21.478923
0.004126 0.081907 340.000000 101.492489
0.000000 0.100000 360.000000 119.888627
-0.006475 0.004184 360.000000 17.680754
0.000287 0.065128 360.000000 75.698135
0.008232 0.001912 360.000000 6.176898
0.005733 0.086630 360.000000 108.243155
-0.006061 0.076124 360.000000 84.299266
0.001875 0.039256 360.000000 44.266266
0.001333 0.089042 360.000000 107.131412
0.003031 0.065896 360.000000 79.171579
-0.004986 0.081492 360.000000 91.956923
0.008961 0.061646 360.000000 79.547615
0.003142 0.089140 360.000000 108.954348
-0.004135 0.048347 360.000000 50.965758
0.008785 0.057056 360.000000 73.511372
-0.001525 0.088811 360.000000 104.236744
-0.000114 0.035504 360.000000 37.950743
0.003561 0.099916 360.000000 123.126508
0.006004 0.028972 360.000000 34.997784
0.004561 0.067775 360.000000 83.017271
-0.005399 0.018951 360.000000 17.395311
0.001071 0.013086 360.000000 12.230451
0.007735 0.001946 360.000000 5.868112
0.002444 0.039206 360.000000 44.694434
-0.006134 0.006613 360.000000 15.784020
0.006580 0.092528 360.000000 116.615746
-0.001123 0.079027 360.000000 92.134896
-0.001387 0.072232 360.000000 83.261916
0.008095 0.025013 360.000000 32.090046
0.002781 0.061920 360.000000 73.869132
-0.004879 0.025300 360.000000 23.339337
-0.001830 0.048207 360.000000 52.512072
-0.006982 0.015234 360.000000 16.024311
-0.000182 0.023225 360.000000 22.920205
-0.007030 0.071497 360.000000 77.725786
-0.008068 0.090455 360.000000 100.777395
0.001634 0.087962 360.000000 106.032507
-0.003430 0.042326 360.000000 44.013922
0.005017 0.090660 360.000000 112.698074
-0.002416 0.009657 360.000000 11.038506
0.002448 0.030263 360.000000 33.431145
0.008352 0.073920 360.000000 94.600869
-0.002018 0.053445 360.000000 58.948048
-0.001335 0.089549 360.000000 105.346548
0.004370 0.050439 360.000000 60.720038
-0.005489 0.049947 360.000000 52.004375
0.003992 0.042465 360.000000 50.218433
-0.002569 0.006123 360.000000 11.502133
0.005145 0.038758 360.000000 46.587634
-0.006811 0.027153 360.000000 24.875547
0.007948 0.090855 360.000000 115.837856
-0.001056 0.068463 360.000000 78.760008
0.009706 0.029872 360.000000 39.921981
0.001637 0.031650 360.000000 34.506729
-0.002829 0.041622 360.000000 43.562274
-0.004270 0.026052 360.000000 24.315548
-0.008404 0.008333 360.000000 17.973216
0.006738 0.061429 360.000000 77.033353
0.007069 0.021336 360.000000 26.425077
-0.001593 0.044147 360.000000 47.609898
0.008965 0.027750 360.000000 36.452555
-0.003675 0.002506 360.000000 15.016585
0.001956 0.012443 360.000000 11.849781
0.002782 0.068263 360.000000 81.959632
-0.007326 0.035161 360.000000 33.353679
-0.000391 0.051533 360.000000 57.866952
0.006837 0.033650 360.000000 41.741284
0.008756 0.037020 360.000000 47.970840
0.009892 0.065800 360.000000 85.806616
0.008931 0.095252 360.000000 122.448007
-0.009883 0.052708 360.000000 52.648536
-0.002664 0.088881 360.000000 103.319468
-0.002075 0.010656 360.000000 11.069853
-0.005004 0.048572 360.000000 50.639042
-0.005193 0.056435 360.000000 60.260660
-0.008732 0.059113 360.000000 61.124431
0.002714 0.008553 360.000000 8.445843
-0.004892 0.017532 360.000000 16.210993
0.001834 0.072231 360.000000 86.142370
0.003420 0.060740 360.000000 72.959181
0.009498 0.012075 360.000000 17.611476
-0.008061 0.059553 360.000000 62.110895
-0.003461 0.082609 360.000000 94.656608
0.002103 0.067435 360.000000 80.273888
-0.001313 0.081756 360.000000 95.440029
0.004130 0.015540 360.000000 16.615658
-0.002841 0.035443 360.000000 35.977277
-0.002739 0.095711 360.000000 111.947268
0.007066 0.004992 360.000000 7.355947
0.003945 0.007441 360.000000 7.778347
-0.001724 0.074325 360.000000 85.628761
-0.006883 0.051865 360.000000 53.436046
-0.005956 0.014753 360.000000 15.133201
0.004926 0.007956 360.000000 8.663103
0.007620 0.033232 360.000000 41.997360
-0.009302 0.087799 360.000000 96.456646
0.003358 0.013156 360.000000 13.297397
0.003670 0.070978 360.000000 86.258381
-0.008840 0.048685 360.000000 48.409912
-0.001063 0.055648 360.000000 62.509768
-0.000774 0.078759 360.000000 92.103224
0.009843 0.099838 360.000000 129.232905
-0.001739 0.014230 360.000000 13.083584
0.009135 0.099226 360.000000 127.733921
0.003647 0.089602 360.000000 110.025364
0.004991 0.077005 360.000000 95.220245
-0.007613 0.019067 360.000000 18.209060
-0.004698 0.077602 360.000000 87.270937
0.000370 0.073826 360.000000 86.844654
0.001591 0.062392 360.000000 73.381850
-0.003435 0.088018 360.000000 101.550962
0.008166 0.067187 360.000000 85.813951
-0.002435 0.010488 360.000000 11.251495
0.004459 0.045744 360.000000 54.823905
-0.009594 0.051083 360.000000 50.863226
0.000632 0.036593 360.000000 39.889852
0.000300 0.090791 360.000000 108.411388
0.001872 0.047674 360.000000 54.921808
0.005826 0.066799 360.000000 82.995054
0.001506 0.037320 360.000000 41.515311
-0.009481 0.085899 360.000000 93.929632
-0.008624 0.094955 360.000000 106.012506
0.000985 0.001746 360.000000 9.474538
0.001756 0.012012 360.000000 11.356030
-0.001633 0.057074 360.000000 63.839099
-0.000641 0.061814 360.000000 70.677899
-0.004519 0.065918 360.000000 72.663968
-0.009614 0.068124 360.000000 71.646328
0.001128 0.058025 360.000000 67.410527
0.008677 0.043714 360.000000 56.400477
-0.000018 0.049501 360.000000 55.610662
0.006407 0.050265 360.000000 62.461821
0.002902 0.038121 360.000000 43.722689
0.008271 0.072143 360.000000 92.250155
0.006907 0.042031 360.000000 52.463736
0.003571 0.016776 360.000000 17.676712
-0.003346 0.095026 360.000000 110.541320
0.001627 0.010743 360.000000 10.150680
-0.007591 0.049079 360.000000 49.598813
-0.005102 0.091695 360.000000 104.794123
-0.007836 0.037448 360.000000 35.743380
0.003992 0.056328 360.000000 67.870427
0.009544 0.010680 360.000000 16.016532
-0.002318 0.019372 360.000000 17.774864
0.009924 0.004315 360.000000 9.604305
0.006476 0.056263 360.000000 70.181137
0.008143 0.068727 360.000000 87.758458
0.008049 0.075703 360.000000 96.574867
-0.006387 0.089964 360.000000 101.524697
-0.004318 0.029339 360.000000 27.966082
-0.009397 0.071220 360.000000 75.638506
-0.008241 0.015910 360.000000 17.191169
-0.004779 0.017777 360.000000 16.364279
-0.006927 0.067289 360.000000 72.533678
0.005139 0.096398 360.000000 120.151892
0.000405 0.074923 360.000000 88.272593
0.004391 0.039197 360.000000 46.436167
0.002146 0.019513 360.000000 19.952181
0.008433 0.039866 360.000000 51.254229
-0.005426 0.015549 360.000000 15.178448
0.008665 0.015095 360.000000 20.339908
0.006934 0.060061 360.000000 75.482312
0.004201 0.092712 360.000000 114.532439
0.005812 0.028364 360.000000 34.044137
0.000301 0.079413 360.000000 93.901862
-0.008590 0.013052 360.000000 17.122707
-0.008478 0.078096 360.000000 84.901898
-0.000985 0.059952 360.000000 68.023170
-0.006842 0.081072 360.000000 89.916591
0.001074 0.081733 360.000000 97.563992
0.006547 0.005708 360.000000 7.591428
-0.003736 0.004373 360.000000 13.827462
0.003671 0.018730 360.000000 20.118132
-0.009038 0.070974 360.000000 75.589253
-0.002083 0.072983 360.000000 83.615339
-0.000828 0.046301 360.000000 50.911664
0.003783 0.074605 360.000000 90.996751
0.005648 0.065250 360.000000 80.842260
0.000813 0.044676 360.000000 50.211738
0.005270 0.077233 360.000000 95.781737
0.007184 0.092234 360.000000 116.839332
0.002558 0.048804 360.000000 56.967625
0.000515 0.087868 360.000000 104.878297
-0.002320 0.059039 360.000000 65.757065
-0.007647 0.033699 360.000000 31.611697
-0.005786 0.005008 360.000000 16.200210
-0.002430 0.007905 360.000000 10.963516
-0.005626 0.085620 360.000000 96.653625
0.005053 0.086694 360.000000 107.662704
-0.009418 0.068994 360.000000 72.859124
-0.006304 0.077300 360.000000 85.589397
-0.003525 0.011179 360.000000 12.237552
-0.007420 0.079984 360.000000 88.088911
0.007512 0.099329 360.000000 126.235979
-0.008672 0.099770 360.000000 112.058988
0.007842 0.069949 360.000000 89.015771
-0.004062 0.027575 360.000000 26.075972
0.002269 0.030940 360.000000 34.132530
0.008450 0.042635 360.000000 54.793374
-0.004058 0.061910 360.000000 67.983122
0.000248 0.008244 360.000000 8.842926
0.007087 0.027987 360.000000 34.815946
-0.000583 0.045116 360.000000 49.617746
-0.000642 0.063676 360.000000 73.040047
-0.002369 0.042233 360.000000 44.646960
-0.008954 0.065298 360.000000 68.600830
0.002864 0.059655 360.000000 71.058628
0.003286 0.005065 360.000000 6.440074
-0.008985 0.083610 360.000000 91.436014
0.001796 0.037846 360.000000 42.420494
-0.003208 0.089087 360.000000 103.107139
-0.001994 0.072313 360.000000 82.841400
0.004474 0.059837 360.000000 72.802362
0.003344 0.094331 360.000000 115.780860
0.002755 0.094856 360.000000 115.891790
0.005161 0.016380 360.000000 18.477554
-0.008808 0.084882 360.000000 93.170671
-0.001508 0.008598 360.000000 10.136449
0.006867 0.045119 360.000000 56.357383
0.008628 0.082879 360.000000 106.326511
-0.002977 0.051679 360.000000 55.977497
0.003183 0.029544 360.000000 33.147676
0.006271 0.067970 360.000000 84.926444
-0.003707 0.030020 360.000000 29.026473
0.001556 0.075217 360.000000 89.695291
0.003629 0.087215 360.000000 106.958331
0.001030 0.085548 360.000000 102.391670
0.001028 0.064134 360.000000 75.093390
-0.007356 0.026640 360.000000 24.305980
0.007131 0.037616 360.000000 47.071584
-0.006191 0.012782 360.000000 14.772164
-0.007081 0.098543 360.000000 111.816128
0.001766 0.054848 360.000000 63.939446
0.001410 0.039462 360.000000 44.133591
0.003685 0.086372 360.000000 105.934599
-0.001050 0.086676 360.000000 101.940997
-0.008707 0.085716 360.000000 94.298625
-0.009086 0.094351 360.000000 104.880449
-0.009766 0.049896 360.000000 49.355229
0.008912 0.085276 360.000000 109.678286
-0.001653 0.050068 360.000000 54.990682
-0.005650 0.062340 360.000000 67.297296
-0.000279 0.075151 360.000000 87.950433
0.000530 0.067014 360.000000 78.312800
-0.009621 0.045059 360.000000 43.735442
0.006193 0.045804 360.000000 56.565336
-0.004008 0.034803 360.000000 34.507605
0.003029 0.078338 360.000000 95.049962
0.000578 0.041159 360.000000 45.581560
0.004905 0.025990 360.000000 30.202377
0.001190 0.027656 360.000000 29.197130
-0.003201 0.014920 360.000000 13.894419
-0.005861 0.042648 360.000000 42.854504
-0.001287 0.066159 360.000000 75.636152
0.007773 0.092919 360.000000 118.301433
0.006763 0.077771 360.000000 97.933486
-0.006460 0.083682 360.000000 93.519534
0.006286 0.079551 360.000000 99.737729
-0.001866 0.034965 360.000000 36.030189
-0.006434 0.031275 360.000000 29.337823
0.005354 0.052658 360.000000 64.487248
0.007555 0.053663 360.000000 67.937369
-0.000795 0.015022 360.000000 13.761230
0.000897 0.058616 360.000000 67.957287
-0.004752 0.001968 360.000000 16.925304
-0.004554 0.038043 360.000000 38.075972
0.003406 0.068436 360.000000 82.763443
-0.001770 0.076905 360.000000 88.868234
-0.004938 0.075388 360.000000 84.275067
0.004526 0.060044 360.000000 73.114844
0.005083 0.021633 360.000000 24.903358
0.005001 0.046538 360.000000 56.348981
0.007076 0.041662 360.000000 52.162632
-0.008566 0.078221 360.000000 84.992096
0.003847 0.023477 360.000000 26.121064
0.007042 0.034898 360.000000 43.529612
0.006842 0.048105 360.000000 60.138425
0.008990 0.053239 360.000000 68.855221
-0.001133 0.057014 360.000000 64.178834
-0.002869 0.079253 360.000000 90.902879
0.008215 0.012286 360.000000 16.452902
0.009875 0.073244 360.000000 95.289895
0.003999 0.016708 360.000000 17.920088
0.005816 0.073095 360.000000 91.026892
-0.002239 0.028226 360.000000 27.678767
-0.006603 0.064812 360.000000 69.677708
-0.005116 0.085524 360.000000 96.955236
-0.001740 0.095502 360.000000 112.569973
-0.002113 0.078575 360.000000 90.692378
0.003280 0.091323 360.000000 111.874931
0.007825 0.036160 360.000000 45.922200
-0.007736 0.014966 360.000000 16.535119
0.009525 0.004492 360.000000 9.311712
0.007676 0.032020 360.000000 40.516582
-0.006252 0.046977 360.000000 47.865051
-0.001900 0.021871 360.000000 20.550861
-0.006931 0.095102 360.000000 107.580526
-0.002107 0.058551 360.000000 65.315618
-0.002930 0.036024 360.000000 36.626640
0.009422 0.092608 360.000000 119.564856
-0.007391 0.057711 360.000000 60.291536
0.003232 0.036231 360.000000 41.623339
-0.007461 0.090831 360.000000 101.741812
-0.002599 0.034045 360.000000 34.432251
0.008079 0.042849 360.000000 54.685358
0.001101 0.095980 360.000000 115.774940
0.001197 0.020186 360.000000 20.143918
-0.006350 0.085972 360.000000 96.502386
-0.001209 0.016233 360.000000 14.858250
-0.007965 0.034517 360.000000 32.410357
-0.007568 0.094961 360.000000 106.877625
-0.000180 0.009031 360.000000 9.365309
-0.003364 0.094085 360.000000 109.328326
0.006656 0.015281 360.000000 18.504967
-0.002127 0.009368 360.000000 10.755786
0.003797 0.019474 360.000000 21.127292
-0.005844 0.057380 360.000000 60.964389
-0.001051 0.067591 360.000000 77.658214
-0.009483 0.078757 360.000000 84.976096
0.001513 0.082215 360.000000 98.583368
0.002180 0.069400 360.000000 82.851679
-0.007002 0.042799 360.000000 42.388509
-0.008761 0.008174 360.000000 18.512398
0.009069 0.028837 360.000000 37.934662
0.008116 0.088319 360.000000 112.764543
0.009026 0.091603 360.000000 117.879023
-0.002056 0.015922 360.000000 14.518121
-0.002967 0.093866 360.000000 109.397467
0.004283 0.067209 360.000000 82.028374
-0.007206 0.099836 360.000000 113.351779
-0.005615 0.013520 360.000000 14.467463
-0.001733 0.036271 360.000000 37.725264
0.006655 0.025409 360.000000 31.133056
0.007556 0.040448 360.000000 51.100867
-0.008779 0.025919 360.000000 23.647983
-0.002597 0.050992 360.000000 55.409540
0.009712 0.069864 360.000000 90.806657
0.006320 0.071649 360.000000 89.675036
0.009967 0.027154 360.000000 36.777668
-0.006933 0.059203 360.000000 62.455047
-0.009839 0.091754 360.000000 101.014371
-0.008554 0.091477 360.000000 101.678065
-0.008361 0.023021 360.000000 21.191671
-0.002221 0.067538 360.000000 76.590281
0.009099 0.072940 360.000000 94.107961
-0.007210 0.068894 360.000000 74.329734
-0.006145 0.040186 360.000000 39.742031
-0.000965 0.095961 360.000000 113.853889
-0.004753 0.038375 360.000000 38.358773
0.009841 0.080023 360.000000 103.913242
0.002388 0.008910 360.000000 8.698427
0.005872 0.027472 360.000000 32.976142
-0.006661 0.079334 360.000000 87.869417
0.001214 0.038726 360.000000 43.042243
0.004051 0.067620 360.000000 82.331587
0.006842 0.056617 360.000000 70.995465
-0.009527 0.061166 360.000000 63.127926
-0.006526 0.055120 360.000000 57.682232
0.006844 0.062637 360.000000 78.680556
0.008371 0.086567 360.000000 110.781192
0.000598 0.088473 360.000000 105.726035
-0.009836 0.015252 360.000000 18.472717
0.002000 0.006718 360.000000 7.455518
0.003488 0.052693 360.000000 62.765623
0.004842 0.085042 360.000000 105.347096
0.001460 0.036114 360.000000 39.959967
-0.004040 0.045744 360.000000 47.811455
-0.006606 0.077531 360.000000 85.640658
0.000071 0.024625 360.000000 24.737493
0.006900 0.052885 360.000000 66.290092
-0.002139 0.092646 360.000000 108.574967
-0.000321 0.035043 360.000000 37.221483
-0.003421 0.090983 360.000000 105.332287
-0.006628 0.063540 360.000000 68.071020
-0.003388 0.075006 360.000000 85.073215
0.005282 0.092052 360.000000 114.734434
0.003842 0.073120 360.000000 89.156100
0.004414 0.093747 360.000000 116.060721
-0.000036 0.007371 360.000000 8.814675
0.000459 0.056889 360.000000 65.379248
-0.008454 0.007683 360.000000 18.335927
-0.000237 0.010634 360.000000 10.217504
-0.000068 0.022666 360.000000 22.325911
-0.006959 0.030966 360.000000 28.838250
-0.005859 0.052440 360.000000 54.828558
0.008391 0.071554 360.000000 91.619343
0.007420 0.084339 360.000000 106.981373
-0.003292 0.041007 360.000000 42.485020
0.008592 0.021009 360.000000 27.587266
0.008264 0.009628 360.000000 13.373700
0.003967 0.085077 360.000000 104.548825
0.000349 0.096130 360.000000 115.270431
-0.009375 0.094963 360.000000 105.421702
0.005910 0.069340 360.000000 86.321753
0.008250 0.019046 360.000000 24.776659
0.003499 0.097065 360.000000 119.422399
0.004230 0.099525 360.000000 123.269227
-0.002084 0.035493 360.000000 36.530236
0.004793 0.098303 360.000000 122.251580
0.009705 0.073782 360.000000 95.801865
-0.009915 0.030813 360.000000 28.174447
-0.003728 0.033272 360.000000 32.840317
0.005566 0.026245 360.000000 31.137797
0.007185 0.001134 360.000000 5.479884
0.005744 0.063838 360.000000 79.133824
0.008449 0.097249 360.000000 124.514334
0.007837 0.026063 360.000000 33.146303
0.006446 0.044208 360.000000 54.780916
-0.003211 0.023539 360.000000 21.921698
-0.003044 0.059649 360.000000 65.941761
0.004319 0.095008 360.000000 117.580877
0.001517 0.090567 360.000000 109.248597
0.000396 0.099286 360.000000 119.341403
0.004165 0.046313 360.000000 55.272957
0.003166 0.031559 360.000000 35.667420
0.007190 0.032228 360.000000 40.288262
-0.001172 0.067057 360.000000 76.875782
-0.001517 0.053184 360.000000 59.024370
-0.005372 0.033436 360.000000 32.203209
0.003363 0.024677 360.000000 27.209272
0.001233 0.039939 360.000000 44.586060
0.001973 0.080536 360.000000 96.868117
0.003169 0.024011 360.000000 26.221589
0.000110 0.088284 360.000000 105.038558
0.008742 0.052286 360.000000 67.385234
0.003739 0.033571 360.000000 38.711217
0.001463 0.078287 360.000000 93.525921
0.007108 0.096764 360.000000 122.555821
0.004059 0.083192 360.000000 102.229746
0.001926 0.094119 360.000000 114.168118
0.002289 0.011572 360.000000 11.085320
0.005163 0.037203 360.000000 44.628421
-0.008135 0.066141 360.000000 70.221266
0.007070 0.073537 360.000000 92.828678
0.000315 0.083487 360.000000 99.107047
0.001672 0.040332 360.000000 45.451772
-0.004930 0.055661 360.000000 59.489204
0.005007 0.035881 360.000000 42.803128
0.004072 0.037125 360.000000 43.511915
0.005459 0.097359 360.000000 121.692910
0.004145 0.038736 360.000000 45.622888
-0.003340 0.068048 360.000000 76.304410
0.001754 0.023421 360.000000 24.408439
-0.002866 0.093773 360.000000 109.367750
0.007690 0.008465 360.000000 11.457741
-0.003924 0.033098 360.000000 32.527146
-0.007213 0.083989 360.000000 93.300820
0.007570 0.022998 360.000000 29.015780
0.001274 0.053058 360.000000 61.229716
0.006178 0.080744 360.000000 101.155595
0.007802 0.063549 360.000000 80.801709
0.005204 0.083618 360.000000 103.878430
0.007981 0.033548 360.000000 42.764804
0.001079 0.047564 360.000000 54.091739
-0.009371 0.040859 360.000000 39.009014
0.006351 0.087407 360.000000 109.844222
-0.006741 0.072013 360.000000 78.594574
0.004006 0.012180 360.000000 12.603423
0.009016 0.072649 360.000000 93.650868
0.003131 0.039871 360.000000 46.142124
-0.009899 0.090725 360.000000 99.674109
-0.001048 0.048872 360.000000 53.970051
-0.006799 0.004377 360.000000 17.998948
-0.004926 0.024078 360.000000 22.065299
0.008365 0.021149 360.000000 27.521464
0.002403 0.078187 360.000000 94.269713
0.006941 0.047299 360.000000 59.209473
-0.007010 0.086113 360.000000 96.145473
-0.001145 0.021727 360.000000 20.697323
0.003799 0.016613 360.000000 17.652062
0.003149 0.055243 360.000000 65.700740
0.005529 0.076756 360.000000 95.425414
0.009835 0.021517 360.000000 29.566858
-0.009022 0.002647 360.000000 22.416740
0.003766 0.061057 360.000000 73.688118
0.005206 0.020746 360.000000 23.908847
-0.005583 0.065604 360.000000 71.438459
0.001912 0.061322 360.000000 72.310848
0.004650 0.004042 360.000000 5.833206
0.000061 0.084682 360.000000 100.401145
0.000774 0.086449 360.000000 103.305436
-0.001300 0.030725 360.000000 31.230816
-0.002771 0.049148 360.000000 52.965905
0.007999 0.052120 360.000000 66.417574
0.001529 0.097943 360.000000 118.680388
0.006013 0.046044 360.000000 56.695271
-0.009843 0.015810 360.000000 18.547501
-0.003823 0.058913 360.000000 64.399695
0.006480 0.097271 360.000000 122.582176
0.004822 0.048867 360.000000 59.144302
-0.006242 0.033752 360.000000 32.186962
-0.005003 0.092503 360.000000 105.903741
-0.003972 0.062985 360.000000 69.404223
-0.008655 0.095702 360.000000 106.931436
-0.001948 0.046440 360.000000 50.206621
-0.005881 0.059796 360.000000 63.948360
0.004884 0.090476 360.000000 112.332956
-0.008802 0.051252 360.000000 51.511399
-0.006420 0.033978 360.000000 32.370654
0.001364 0.009946 360.000000 9.483410
0.006128 0.011723 360.000000 13.727903
-0.000137 0.071124 360.000000 82.950521
0.005207 0.021036 360.000000 24.271760
0.000506 0.096376 360.000000 115.728572
0.003855 0.066860 360.000000 81.175885
0.008286 0.070717 360.000000 90.443590
0.003176 0.032788 360.000000 37.224883
0.001278 0.088847 360.000000 106.832140
0.002085 0.084895 360.000000 102.537461
0.004165 0.049307 360.000000 59.084581
0.008407 0.096796 360.000000 123.892863
-0.008328 0.092876 360.000000 103.624380
-0.000006 0.045317 360.000000 50.339313
0.001148 0.033514 360.000000 36.447489
0.007695 0.018787 360.000000 23.877163
0.003860 0.009836 360.000000 9.982788
-0.007035 0.096939 360.000000 109.822656
-0.002796 0.013337 360.000000 12.737122
-0.001916 0.075300 360.000000 86.702474
0.005678 0.005698 360.000000 7.033201
0.002537 0.033055 360.000000 37.011926
0.007871 0.091869 360.000000 117.056977
0.002519 0.014169 360.000000 13.955399
0.001966 0.039494 360.000000 44.645195
-0.007931 0.031682 360.000000 29.350908
0.004590 0.006837 360.000000 7.486936
-0.009653 0.033392 360.000000 30.783504
-0.008896 0.088230 360.000000 97.315504
0.007268 0.003618 360.000000 6.448944
0.000442 0.029805 360.000000 31.299259
-0.008199 0.020106 360.000000 19.098443
0.001011 0.086641 360.000000 103.768995
-0.007765 0.019680 360.000000 18.649637
-0.004826 0.011261 360.000000 13.339320
0.009945 0.010971 360.000000 16.820193
0.004570 0.073640 360.000000 90.515843
0.008945 0.058524 360.000000 75.548979
0.004336 0.058462 360.000000 70.916105
-0.007368 0.041251 360.000000 40.364124
-0.002455 0.052148 360.000000 56.971538
-0.002780 0.003728 360.000000 12.959373
-0.009058 0.071225 360.000000 75.886172
0.007305 0.022844 360.000000 28.553426
-0.000592 0.038943 360.000000 41.874819
0.000603 0.026547 360.000000 27.414849
-0.007317 0.045507 360.000000 45.452423
0.007614 0.057998 360.000000 73.526858
-0.002422 0.078326 360.000000 90.108431
-0.001529 0.082168 360.000000 95.773899
0.002487 0.016483 360.000000 16.586331
-0.001135 0.071826 360.000000 82.965667
-0.009823 0.078192 360.000000 84.019589
0.004374 0.049394 360.000000 59.392290
0.003845 0.002799 360.000000 6.103039
-0.002124 0.079085 360.000000 91.331636
-0.004318 0.071840 360.000000 80.296060
-0.004107 0.096951 360.000000 112.325548
-0.003593 0.076602 360.000000 86.923447
0.005143 0.067929 360.000000 83.773846
-0.003230 0.038192 360.000000 39.075374
0.009019 0.099221 360.000000 127.609735
0.003568 0.075612 360.000000 92.078175
0.004425 0.096377 360.000000 119.432288
0.007384 0.097417 360.000000 123.665188
0.001398 0.072610 360.000000 86.226821
-0.008145 0.007900 360.000000 17.824126
-0.000659 0.096592 360.000000 114.936682
-0.001650 0.011585 360.000000 11.272939
-0.008728 0.084809 360.000000 93.140598
-0.009603 0.060727 360.000000 62.541412
0.003938 0.020512 360.000000 22.521134
0.001789 0.005895 360.000000 7.345839
0.009275 0.069085 360.000000 89.364657
0.002219 0.059519 360.000000 70.294462
0.004105 0.036902 360.000000 43.260731
-0.008844 0.074255 360.000000 79.820591
-0.004791 0.065462 360.000000 71.876126
0.002114 0.030661 360.000000 33.655345
-0.001421 0.038170 360.000000 40.293552
-0.005914 0.069908 360.000000 76.588917
-0.004477 0.092862 360.000000 106.808963
-0.004834 0.094643 360.000000 108.764629
-0.000353 0.014978 360.000000 13.779848
-0.008453 0.080340 360.000000 87.737080
-0.001116 0.098654 360.000000 117.151404
-0.001746 0.047187 360.000000 51.299080
-0.009005 0.091245 360.000000 101.027997
0.004917 0.054466 360.000000 66.372812
0.004917 0.062379 360.000000 76.469621
-0.007174 0.062097 360.000000 65.877935
-0.003298 0.077125 360.000000 87.835589
0.001305 0.024325 360.000000 25.192583
0.006212 0.089090 360.000000 111.858325
0.006583 0.060055 360.000000 75.126509
0.002571 0.025314 360.000000 27.358678
0.004271 0.025678 360.000000 29.239984
0.000832 0.070095 360.000000 82.507647
-0.006736 0.052675 360.000000 54.527044
0.006459 0.031317 360.000000 38.408763
0.006653 0.052944 360.000000 66.121031
-0.002388 0.043287 360.000000 45.941908
0.008084 0.066792 360.000000 85.227136
-0.002429 0.027334 360.000000 26.532314
0.002762 0.037891 360.000000 43.308957
0.009333 0.080701 360.000000 104.260338
0.004435 0.041526 360.000000 49.436292
0.009558 0.055158 360.000000 71.887137
-0.006036 0.002175 360.000000 18.559196
-0.001959 0.002980 360.000000 12.364614
-0.006238 0.055517 360.000000 58.372500
-0.005775 0.051478 360.000000 53.698145
0.001043 0.040130 360.000000 44.669538
-0.008678 0.058633 360.000000 60.570033
-0.007285 0.079538 360.000000 87.634165
-0.005794 0.019177 360.000000 17.654902
0.006677 0.036327 360.000000 44.981317
-0.002562 0.016728 360.000000 15.232308
-0.007289 0.090220 360.000000 101.108928
0.003580 0.013201 360.000000 13.487209
-0.002573 0.002294 360.000000 13.675241
0.003095 0.059307 360.000000 70.829191
0.002773 0.072558 360.000000 87.431201
-0.004126 0.024671 360.000000 22.866708
-0.000140 0.096105 360.000000 114.788921
0.004735 0.079911 360.000000 98.686876
0.001086 0.011614 360.000000 10.853604
0.008790 0.034213 360.000000 44.444846
-0.001055 0.068384 360.000000 78.660486
0.000925 0.018694 360.000000 18.246520
0.008057 0.024321 360.000000 31.179081
-0.008063 0.064708 360.000000 68.491549
0.002475 0.070744 360.000000 84.838755
-0.004870 0.017612 360.000000 16.263851
-0.005109 0.078922 360.000000 88.603036
0.004188 0.070877 360.000000 86.620421
0.005474 0.075135 360.000000 93.300739
0.005668 0.033645 360.000000 40.593702
-0.007369 0.086838 360.000000 96.771804
0.001135 0.035903 360.000000 39.429019
-0.002063 0.065598 360.000000 74.265906
0.003154 0.059868 360.000000 71.599124
0.009365 0.056868 360.000000 73.868363
0.000925 0.090154 360.000000 108.173782
0.000474 0.099999 360.000000 120.325011
0.006731 0.096518 360.000000 121.867565
0.008769 0.055514 360.000000 71.529139
0.003780 0.026379 360.000000 29.690248
0.000405 0.059336 360.000000 68.439363
0.001477 0.087483 360.000000 105.274451
0.008852 0.051340 360.000000 66.293234
-0.007606 0.099608 360.000000 112.730543
0.000144 0.074375 360.000000 87.340409
0.004325 0.023877 360.000000 27.032487
0.004951 0.007604 360.000000 8.338022
-0.005542 0.044429 360.000000 45.206740
0.006236 0.076660 360.000000 95.994298
0.003013 0.062321 360.000000 74.596057
-0.001896 0.056083 360.000000 62.372462
-0.004611 0.034227 360.000000 33.497856
0.007196 0.026358 360.000000 32.867101
0.008634 0.075358 360.000000 96.724078
0.003318 0.016486 360.000000 17.146120
0.009523 0.013218 360.000000 19.009335
-0.006495 0.027453 360.000000 25.234957
0.006798 0.042562 360.000000 53.033237
0.009204 0.091757 360.000000 118.256500
0.003722 0.003774 360.000000 6.074163
0.008811 0.077856 360.000000 100.094794
0.004501 0.098436 360.000000 122.138991
0.000461 0.005932 360.000000 8.346726
-0.003625 0.084709 360.000000 97.182720
-0.007797 0.066699 360.000000 71.158209
0.001419 0.035265 360.000000 38.859794
-0.008040 0.018284 360.000000 17.995249
-0.005504 0.054843 360.000000 58.054425
0.005173 0.032290 360.000000 38.405076
0.009323 0.079300 360.000000 102.459355
0.006762 0.014288 360.000000 17.396235
0.007828 0.082607 360.000000 105.174978
-0.005339 0.057963 360.000000 62.058595
-0.001526 0.083818 360.000000 97.876443
0.005109 0.051826 360.000000 63.190089
0.001493 0.005562 360.000000 7.515694
0.000723 0.005776 360.000000 8.128334
0.007270 0.087080 360.000000 110.335390
0.002379 0.030650 360.000000 33.858311
0.000538 0.061911 360.000000 71.828694
0.003745 0.050087 360.000000 59.685550
-0.003567 0.006731 360.000000 12.486588
0.009163 0.077713 360.000000 100.269521
-0.002049 0.079408 360.000000 91.807940
-0.006321 0.052589 360.000000 54.697539
-0.007896 0.089289 360.000000 99.442416
0.001562 0.089986 360.000000 108.549274
0.008875 0.002354 360.000000 6.944026
0.007137 0.080619 360.000000 101.944154
0.004240 0.056532 360.000000 68.363757
0.001176 0.070834 360.000000 83.759960
0.000990 0.074378 360.000000 88.108597
-0.005082 0.065972 360.000000 72.288533
-0.008582 0.084005 360.000000 92.243871
0.002948 0.084628 360.000000 103.007279
-0.001699 0.089839 360.000000 105.391364
0.009941 0.016549 360.000000 23.534611
0.005156 0.050611 360.000000 61.687171
-0.002873 0.090049 360.000000 104.622426
0.004311 0.013635 360.000000 14.493341
0.009056 0.070573 360.000000 91.040576
-0.006603 0.050928 360.000000 52.468888
-0.008260 0.041234 360.000000 39.915030
-0.001948 0.076802 360.000000 88.582314
0.002915 0.074662 360.000000 90.248778
-0.001834 0.092155 360.000000 108.221030
-0.006109 0.099795 360.000000 114.221704
-0.006564 0.024965 360.000000 22.744880
-0.001119 0.001275 360.000000 12.519460
0.003127 0.032321 360.000000 36.593425
-0.005282 0.065939 360.000000 72.092423
0.001843 0.086353 360.000000 104.172220
-0.006271 0.049419 360.000000 50.835810
0.009453 0.027794 360.000000 37.028162
0.005796 0.034951 360.000000 42.373631
0.004865 0.022469 360.000000 25.752085
0.005900 0.062732 360.000000 77.873121
-0.008546 0.020624 360.000000 19.568456
0.001258 0.032681 360.000000 35.492778
-0.001746 0.045614 360.000000 49.328591
-0.009439 0.004244 360.000000 21.799538
0.003722 0.003234 360.000000 6.104441
-0.004826 0.012822 360.000000 13.670396
-0.009082 0.064899 360.000000 68.020141
0.008170 0.026712 360.000000 34.309946
-0.007000 0.038219 360.000000 36.995550
0.002584 0.036905 360.000000 41.907683
0.000755 0.017163 360.000000 16.426171
-0.009975 0.091271 360.000000 100.300971
-0.009524 0.075522 360.000000 80.904691
-0.002140 0.008459 360.000000 10.670624
-0.002458 0.080515 360.000000 92.859973
-0.006849 0.062133 360.000000 66.155292
-0.002457 0.005553 360.000000 11.584070
0.009273 0.048109 360.000000 62.612194
0.002843 0.088614 360.000000 107.999561
-0.009488 0.002958 360.000000 22.837917
-0.003548 0.012518 360.000000 12.701231
-0.000932 0.099918 360.000000 118.930884
-0.008315 0.092121 360.000000 102.682099
-0.001984 0.055097 360.000000 61.057350
0.007717 0.043487 360.000000 55.130174
0.006994 0.080351 360.000000 101.459949
-0.005347 0.094995 360.000000 108.774621
-0.004078 0.053023 360.000000 56.826496
0.005134 0.071602 360.000000 88.456833
-0.009896 0.028150 360.000000 25.699859
-0.007477 0.017140 360.000000 17.115467
0.009360 0.049625 360.000000 64.632120
0.007765 0.091195 360.000000 116.089336
-0.006192 0.009532 360.000000 14.840922
-0.000027 0.002755 360.000000 10.039839
0.008127 0.085140 360.000000 108.711393
-0.006329 0.006113 360.000000 16.298672
0.008883 0.016202 360.000000 21.934295
0.006602 0.025429 360.000000 31.105377
-0.005114 0.085337 360.000000 96.720255
0.003360 0.077364 360.000000 94.117691
-0.008674 0.092390 360.000000 102.733907
-0.009219 0.064171 360.000000 67.029126
-0.001044 0.013281 360.000000 12.254296
0.007659 0.014757 360.000000 18.865719
0.001463 0.064654 360.000000 76.145992
-0.003670 0.034271 360.000000 34.063500
-0.004095 0.026534 360.000000 24.903087
0.005809 0.015209 360.000000 17.624380
-0.003782 0.021516 360.000000 19.670496
0.008039 0.027050 360.000000 34.600398
-0.001144 0.099184 360.000000 117.802528
0.000453 0.003155 360.000000 9.226245
0.008223 0.029575 360.000000 37.980764
-0.007474 0.081734 360.000000 90.251530
-0.008050 0.047424 360.000000 47.338135
-0.004046 0.072213 360.000000 80.991484
0.004861 0.022017 360.000000 25.182592
0.008684 0.076152 360.000000 97.788169
-0.003017 0.046192 360.000000 49.096140
-0.006334 0.067520 360.000000 73.268718
0.009020 0.011256 360.000000 16.101974
-0.006578 0.084186 360.000000 94.060151
-0.004499 0.017549 360.000000 16.130224
0.000098 0.004008 360.000000 9.215480
0.002802 0.094262 360.000000 115.176806
0.008474 0.029689 360.000000 38.385923
0.000289 0.041095 360.000000 45.265045
0.006562 0.056538 360.000000 70.616523
0.001669 0.003696 360.000000 7.658768
0.003302 0.059649 360.000000 71.457906
0.004618 0.045533 360.000000 54.706231
-0.004136 0.084533 360.000000 96.523849
-0.006585 0.064632 360.000000 69.465812
0.003151 0.045257 360.000000 52.996840
-0.000539 0.044707 360.000000 49.139420
-0.007691 0.044514 360.000000 44.058742
-0.005057 0.077143 360.000000 86.395997
0.002856 0.032075 360.000000 36.049891
-0.000619 0.005611 360.000000 9.453081
0.005177 0.005110 360.000000 6.395533
0.005896 0.050772 360.000000 62.608457
0.004440 0.079999 360.000000 98.515322
0.000590 0.072305 360.000000 85.105086
-0.003153 0.018296 360.000000 16.636424
-0.003443 0.020251 360.000000 18.466955
-0.005593 0.065514 360.000000 71.318706
-0.002335 0.053750 360.000000 59.079605
-0.005120 0.055565 360.000000 59.229068
-0.003842 0.009620 360.000000 12.307210
-0.000804 0.047345 360.000000 52.244614
0.009056 0.074550 360.000000 96.120754
-0.000303 0.078422 360.000000 92.094542
0.005936 0.063707 360.000000 79.152536
0.000782 0.029980 360.000000 31.766333
0.008744 0.025929 360.000000 33.922427
-0.007568 0.082222 360.000000 90.791717
0.007564 0.018227 360.000000 23.047106
0.003300 0.071696 360.000000 86.825330
0.008497 0.068688 360.000000 88.065154
-0.006423 0.077460 360.000000 85.695961
-0.001921 0.003866 360.000000 11.756086
-0.000335 0.067155 360.000000 77.727494
-0.009052 0.071280 360.000000 75.959082
-0.005500 0.042421 360.000000 42.796180
-0.009805 0.009280 360.000000 19.404871
0.003116 0.080597 360.000000 98.015941
0.008395 0.006665 360.000000 10.230356
0.005111 0.025019 360.000000 29.170365
0.004348 0.029355 360.000000 33.935002
0.006483 0.044222 360.000000 54.834772
0.003535 0.033710 360.000000 38.704968
-0.008015 0.016945 360.000000 17.377736
0.009751 0.002562 360.000000 7.960862
-0.005695 0.046350 360.000000 47.452522
0.009898 0.035916 360.000000 47.773635
0.003724 0.056454 360.000000 67.778093
-0.003918 0.010565 360.000000 12.443815
0.008190 0.063337 360.000000 80.922772
0.006984 0.069515 360.000000 87.604296
0.001823 0.063087 360.000000 74.477452
-0.003395 0.056868 360.000000 62.164473
0.001953 0.045167 360.000000 51.812726
-0.008547 0.004773 360.000000 20.170210
-0.000931 0.043757 360.000000 47.635527
0.005727 0.030454 360.000000 36.606189
-0.004602 0.052006 360.000000 55.176418
-0.005773 0.056216 360.000000 59.568376
0.007227 0.084107 360.000000 106.492643
0.008365 0.099035 360.000000 126.713772
-0.005692 0.053929 360.000000 56.787299
0.002619 0.056485 360.000000 66.794899
0.000234 0.089500 360.000000 106.702857
-0.002416 0.038848 360.000000 40.426233
-0.003829 0.072884 360.000000 82.018095
0.001226 0.074481 360.000000 88.454347
0.003729 0.093630 360.000000 115.252467
0.003229 0.039266 360.000000 45.463529
-0.004533 0.094076 360.000000 108.302536
-0.005253 0.012270 360.000000 13.870757
-0.005922 0.059008 360.000000 62.934529
0.006527 0.060875 360.000000 76.117753
0.005729 0.057038 360.000000 70.437927
-0.001185 0.005777 360.000000 10.022326
-0.008813 0.060662 360.000000 62.975394
0.002842 0.002885 360.000000 6.848388
-0.009460 0.007821 360.000000 19.614185
0.009575 0.009451 360.000000 14.626406
0.004284 0.075013 360.000000 91.996161
-0.008047 0.017789 360.000000 17.760921
-0.003893 0.095948 360.000000 111.236176
-0.008773 0.027575 360.000000 25.139852
0.002370 0.054353 360.000000 63.854355
0.001095 0.062958 360.000000 73.656679
0.000606 0.050580 360.000000 57.504663
0.009946 0.097774 360.000000 126.700343
-0.009231 0.095405 360.000000 106.094902
0.009604 0.003715 360.000000 8.708609
0.008668 0.004546 360.000000 8.434412
-0.009507 0.066560 360.000000 69.784245
0.009142 0.064152 360.000000 82.930853
-0.008069 0.090718 360.000000 101.108219
-0.006096 0.007908 360.000000 15.183515
0.004152 0.075972 360.000000 93.094766
0.008118 0.082381 360.000000 105.177920
0.008657 0.063297 360.000000 81.345381
0.009358 0.010092 360.000000 15.117832
0.002232 0.050366 360.000000 58.660099
0.004735 0.070275 360.000000 86.376412
0.002377 0.064738 360.000000 77.088438
0.004156 0.031626 360.000000 36.627791
-0.004963 0.059088 360.000000 63.745211
0.000116 0.077164 360.000000 90.867133
-0.007454 0.062402 360.000000 66.058215
-0.007692 0.092823 360.000000 104.073271
0.003009 0.080411 360.000000 97.677539
-0.002496 0.009208 360.000000 11.040970
0.000044 0.025418 360.000000 25.672551
-0.002150 0.043843 360.000000 46.810324
-0.002370 0.064987 360.000000 73.235268
0.008894 0.055661 360.000000 71.845148
0.004367 0.010871 360.000000 11.377027
0.005332 0.057287 360.000000 70.371240
0.003788 0.099241 360.000000 122.481521
-0.005987 0.047208 360.000000 48.314471
0.003042 0.091478 360.000000 111.847472
-0.004056 0.077693 360.000000 87.918771
-0.009070 0.047335 360.000000 46.679932
-0.007610 0.054679 360.000000 56.414313
0.009211 0.082501 360.000000 106.434567
-0.005950 0.032664 360.000000 31.069487
0.000518 0.094878 360.000000 113.827951
-0.000574 0.018791 360.000000 17.668440
-0.004121 0.061680 360.000000 67.645041
0.001395 0.079746 360.000000 95.324423
-0.000183 0.056699 360.000000 64.583478
0.007324 0.042024 360.000000 52.872857
0.001926 0.025310 360.000000 26.853830
0.009687 0.027548 360.000000 36.970711
-0.008789 0.064468 360.000000 67.688196
0.006759 0.075395 360.000000 94.893760
0.006344 0.052198 360.000000 64.865094
0.006488 0.099173 360.000000 125.022485
0.002851 0.096238 360.000000 117.747910
-0.002884 0.068790 360.000000 77.620535
0.000368 0.069121 360.000000 80.849823
0.003268 0.016417 360.000000 17.028830
-0.004385 0.032118 360.000000 31.139097
0.006119 0.085750 360.000000 107.497270
0.005820 0.057444 360.000000 71.045289
-0.002650 0.064206 360.000000 72.014932
-0.003819 0.035852 360.000000 35.873703
0.005521 0.072930 360.000000 90.527990
-0.002991 0.080707 360.000000 92.643056
0.001882 0.027622 360.000000 29.681379
0.000503 0.098416 360.000000 118.330297
-0.008034 0.030459 360.000000 28.049212
-0.005396 0.067891 360.000000 74.457054
0.009240 0.010338 360.000000 15.269992
-0.004594 0.026323 360.000000 24.508963
-0.007910 0.097580 360.000000 109.911276
-0.006655 0.061805 360.000000 65.887865
0.006037 0.087292 360.000000 109.388289
0.002716 0.075607 360.000000 91.269371
0.008160 0.048245 360.000000 61.640412
0.003067 0.027013 360.000000 29.878414
-0.007440 0.002723 360.000000 20.108576
0.000911 0.020837 360.000000 20.740826
0.004793 0.023045 360.000000 26.406864
0.001323 0.099352 360.000000 120.287376
0.009232 0.036128 360.000000 47.336900
0.003219 0.086844 360.000000 106.094600
0.001020 0.026292 360.000000 27.394993
0.004379 0.027929 360.000000 32.165976
0.004874 0.008412 360.000000 9.085483
-0.004378 0.015219 360.000000 14.500854
0.009303 0.061646 360.000000 79.899315
0.004202 0.006823 360.000000 7.353109
0.000386 0.083456 360.000000 99.133389
-0.001255 0.002456 360.000000 11.803038
-0.006980 0.020348 360.000000 18.829975
0.004549 0.089397 360.000000 110.629278
0.008093 0.005463 360.000000 8.707257
0.001809 0.051351 360.000000 59.533475
0.008613 0.039937 360.000000 51.529618
-0.004658 0.034317 360.000000 33.580227
-0.006109 0.097846 360.000000 111.748459
-0.002915 0.089574 360.000000 103.980656
0.008779 0.010224 360.000000 14.623761
0.009480 0.099917 360.000000 128.965858
0.007823 0.023324 360.000000 29.683343
0.006790 0.036088 360.000000 44.790014
0.007085 0.061512 360.000000 77.484849
-0.009524 0.081649 360.000000 88.565645
0.001876 0.040821 360.000000 46.245569
-0.002353 0.092724 360.000000 108.484079
0.003736 0.064986 360.000000 78.672218
0.006787 0.092275 360.000000 116.497113
0.000302 0.021818 360.000000 21.539128
-0.006263 0.016736 360.000000 16.236848
-0.001563 0.079644 360.000000 92.532186
-0.006165 0.057002 360.000000 60.265283
-0.003387 0.005964 360.000000 12.558662
0.003453 0.040551 360.000000 47.294349
-0.002011 0.018199 360.000000 16.655044
0.005553 0.091776 360.000000 114.645937
0.006049 0.006928 360.000000 8.378485
-0.001524 0.067563 360.000000 77.215346
-0.003774 0.034918 360.000000 34.779044
-0.005624 0.019952 360.000000 18.229491
-0.002909 0.021768 360.000000 20.117195
0.006048 0.007813 360.000000 9.272809
0.003243 0.061865 360.000000 74.228398
0.009729 0.049962 360.000000 65.445843
-0.006039 0.088579 360.000000 100.058354
-0.009268 0.023435 360.000000 21.739342
0.004126 0.081907 360.000000 100.651708
0.000000 0.100000 380.000000 118.994173
-0.006475 0.004184 380.000000 17.775301
0.000287 0.065128 380.000000 75.166410
0.008232 0.001912 380.000000 6.168787
0.005733 0.086630 380.000000 107.383774
-0.006061 0.076124 380.000000 83.788304
0.001875 0.039256 380.000000 43.979029
0.001333 0.089042 380.000000 106.326524
0.003031 0.065896 380.000000 78.577359
-0.004986 0.081492 380.000000 91.362512
0.008961 0.061646 380.000000 78.894581
0.003142 0.089140 380.000000 108.114764
-0.004135 0.048347 380.000000 50.721929
0.008785 0.057056 380.000000 72.908933
-0.001525 0.088811 380.000000 103.490330
-0.000114 0.035504 380.000000 37.752454
0.003561 0.099916 380.000000 122.166938
0.006004 0.028972 380.000000 34.735999
0.004561 0.067775 380.000000 82.375013
-0.005399 0.018951 380.000000 17.581482
0.001071 0.013086 380.000000 12.282144
0.007735 0.001946 380.000000 5.864387
0.002444 0.039206 380.000000 44.395299
-0.006134 0.006613 380.000000 15.933243
0.006580 0.092528 380.000000 115.680589
-0.001123 0.079027 380.000000 91.484197
-0.001387 0.072232 380.000000 82.689257
0.008095 0.025013 380.000000 31.833655
0.002781 0.061920 380.000000 73.321508
-0.004879 0.025300 380.000000 23.416862
-0.001830 0.048207 380.000000 52.211782
-0.006982 0.015234 380.000000 16.279116
-0.000182 0.023225 380.000000 22.872714
-0.007030 0.071497 380.000000 77.289644
-0.008068 0.090455 380.000000 100.154863
0.001634 0.087962 380.000000 105.233240
-0.003430 0.042326 380.000000 43.822454
0.005017 0.090660 380.000000 111.809164
-0.002416 0.009657 380.000000 11.213923
0.002448 0.030263 380.000000 33.229903
0.008352 0.073920 380.000000 93.829858
-0.002018 0.053445 380.000000 58.593713
-0.001335 0.089549 380.000000 104.588477
0.004370 0.050439 380.000000 60.262834
-0.005489 0.049947 380.000000 51.777661
0.003992 0.042465 380.000000 49.852580
-0.002569 0.006123 380.000000 11.636354
0.005145 0.038758 380.000000 46.238693
-0.006811 0.027153 380.000000 24.992200
0.007948 0.090855 380.000000 114.897347
-0.001056 0.068463 380.000000 78.220757
0.009706 0.029872 380.000000 39.589888
0.001637 0.031650 380.000000 34.309132
-0.002829 0.041622 380.000000 43.363056
-0.004270 0.026052 380.000000 24.361316
-0.008404 0.008333 380.000000 18.160307
0.006738 0.061429 380.000000 76.419039
0.007069 0.021336 380.000000 26.224805
-0.001593 0.044147 380.000000 47.349728
0.008965 0.027750 380.000000 36.153783
-0.003675 0.002506 380.000000 15.072518
0.001956 0.012443 380.000000 11.880639
0.002782 0.068263 380.000000 81.345279
-0.007326 0.035161 380.000000 33.371761
-0.000391 0.051533 380.000000 57.496297
0.006837 0.033650 380.000000 41.415265
0.008756 0.037020 380.000000 47.577965
0.009892 0.065800 380.000000 85.095773
0.008931 0.095252 380.000000 121.445872
-0.009883 0.052708 380.000000 52.512625
-0.002664 0.088881 380.000000 102.595631
-0.002075 0.010656 380.000000 11.240156
-0.005004 0.048572 380.000000 50.415613
-0.005193 0.056435 380.000000 59.950265
-0.008732 0.059113 380.000000 60.876282
0.002714 0.008553 380.000000 8.503722
-0.004892 0.017532 380.000000 16.398982
0.001834 0.072231 380.000000 85.504518
0.003420 0.060740 380.000000 72.411722
0.009498 0.012075 380.000000 17.473819
-0.008061 0.059553 380.000000 61.839203
-0.003461 0.082609 380.000000 94.016734
0.002103 0.067435 380.000000 79.681329
-0.001313 0.081756 380.000000 94.764211
0.004130 0.015540 380.000000 16.541525
-0.002841 0.035443 380.000000 35.853027
-0.002739 0.095711 380.000000 111.152308
0.007066 0.004992 380.000000 7.335071
0.003945 0.007441 380.000000 7.810620
-0.001724 0.074325 380.000000 85.040798
-0.006883 0.051865 380.000000 53.224408
-0.005956 0.014753 380.000000 15.369856
0.004926 0.007956 380.000000 8.659914
0.007620 0.033232 380.000000 41.662390
-0.009302 0.087799 380.000000 95.892512
0.003358 0.013156 380.000000 13.274071
0.003670 0.070978 380.000000 85.598928
-0.008840 0.048685 380.000000 48.294384
-0.001063 0.055648 380.000000 62.109232
-0.000774 0.078759 380.000000 91.448235
0.009843 0.099838 380.000000 128.168620
-0.001739 0.014230 380.000000 13.214061
0.009135 0.099226 380.000000 126.687222
0.003647 0.089602 380.000000 109.171808
0.004991 0.077005 380.000000 94.474022
-0.007613 0.019067 380.000000 18.457653
-0.004698 0.077602 380.000000 86.712467
0.000370 0.073826 380.000000 86.218825
0.001591 0.062392 380.000000 72.852666
-0.003435 0.088018 380.000000 100.852480
0.008166 0.067187 380.000000 85.115986
-0.002435 0.010488 380.000000 11.428791
0.004459 0.045744 380.000000 54.414404
-0.009594 0.051083 380.000000 50.739477
0.000632 0.036593 380.000000 39.660788
0.000300 0.090791 380.000000 107.607939
0.001872 0.047674 380.000000 54.543659
0.005826 0.066799 380.000000 82.340505
0.001506 0.037320 380.000000 41.257606
-0.009481 0.085899 380.000000 93.391071
-0.008624 0.094955 380.000000 105.353306
0.000985 0.001746 380.000000 9.511525
0.001756 0.012012 380.000000 11.399676
-0.001633 0.057074 380.000000 63.435839
-0.000641 0.061814 380.000000 70.201249
-0.004519 0.065918 380.000000 72.229962
-0.009614 0.068124 380.000000 71.314736
0.001128 0.058025 380.000000 66.937177
0.008677 0.043714 380.000000 55.938855
-0.000018 0.049501 380.000000 55.253826
0.006407 0.050265 380.000000 61.969555
0.002902 0.038121 380.000000 43.425471
0.008271 0.072143 380.000000 91.498928
0.006907 0.042031 380.000000 52.048815
0.003571 0.016776 380.000000 17.602452
-0.003346 0.095026 380.000000 109.766128
0.001627 0.010743 380.000000 10.216212
-0.007591 0.049079 380.000000 49.441469
-0.005102 0.091695 380.000000 104.091802
-0.007836 0.037448 380.000000 35.746270
0.003992 0.056328 380.000000 67.358478
0.009544 0.010680 380.000000 15.894042
-0.002318 0.019372 380.000000 17.851560
0.009924 0.004315 380.000000 9.554501
0.006476 0.056263 380.000000 69.625120
0.008143 0.068727 380.000000 87.044833
0.008049 0.075703 380.000000 95.790218
-0.006387 0.089964 380.000000 100.869382
-0.004318 0.029339 380.000000 27.966865
-0.009397 0.071220 380.000000 75.265078
-0.008241 0.015910 380.000000 17.466898
-0.004779 0.017777 380.000000 16.545862
-0.006927 0.067289 380.000000 72.142671
0.005139 0.096398 380.000000 119.201149
0.000405 0.074923 380.000000 87.634465
0.004391 0.039197 380.000000 46.097100
0.002146 0.019513 380.000000 19.883562
0.008433 0.039866 380.000000 50.836666
-0.005426 0.015549 380.000000 15.399781
0.008665 0.015095 380.000000 20.180404
0.006934 0.060061 380.000000 74.878906
0.004201 0.092712 380.000000 113.636535
0.005812 0.028364 380.000000 33.792413
0.000301 0.079413 380.000000 93.218313
-0.008590 0.013052 380.000000 17.386681
-0.008478 0.078096 380.000000 84.426719
-0.000985 0.059952 380.000000 67.574105
-0.006842 0.081072 380.000000 89.369131
0.001074 0.081733 380.000000 96.840861
0.006547 0.005708 380.000000 7.573300
-0.003736 0.004373 380.000000 13.926111
0.003671 0.018730 380.000000 20.018227
-0.009038 0.070974 380.000000 75.209403
-0.002083 0.072983 380.000000 83.049433
-0.000828 0.046301 380.000000 50.608747
0.003783 0.074605 380.000000 90.297293
0.005648 0.065250 380.000000 80.206983
0.000813 0.044676 380.000000 49.889002
0.005270 0.077233 380.000000 95.028232
0.007184 0.092234 380.000000 115.897097
0.002558 0.048804 380.000000 56.563192
0.000515 0.087868 380.000000 104.101447
-0.002320 0.059039 380.000000 65.347928
-0.007647 0.033699 380.000000 31.661217
-0.005786 0.005008 380.000000 16.313665
-0.002430 0.007905 380.000000 11.125083
-0.005626 0.085620 380.000000 96.028581
0.005053 0.086694 380.000000 106.814462
-0.009418 0.068994 380.000000 72.512191
-0.006304 0.077300 380.000000 85.071090
-0.003525 0.011179 380.000000 12.433683
-0.007420 0.079984 380.000000 87.567106
0.007512 0.099329 380.000000 125.214588
-0.008672 0.099770 380.000000 111.348117
0.007842 0.069949 380.000000 88.294355
-0.004062 0.027575 380.000000 26.093030
0.002269 0.030940 380.000000 33.927906
0.008450 0.042635 380.000000 54.346622
-0.004058 0.061910 380.000000 67.582805
0.000248 0.008244 380.000000 8.970690
0.007087 0.027987 380.000000 34.545077
-0.000583 0.045116 380.000000 49.322244
-0.000642 0.063676 380.000000 72.543384
-0.002369 0.042233 380.000000 44.428494
-0.008954 0.065298 380.000000 68.285040
0.002864 0.059655 380.000000 70.533256
0.003286 0.005065 380.000000 6.507143
-0.008985 0.083610 380.000000 90.911133
0.001796 0.037846 380.000000 42.150442
-0.003208 0.089087 380.000000 102.392438
-0.001994 0.072313 380.000000 82.280787
0.004474 0.059837 380.000000 72.244674
0.003344 0.094331 380.000000 114.883421
0.002755 0.094856 380.000000 114.999571
0.005161 0.016380 380.000000 18.368882
-0.008808 0.084882 380.000000 92.627302
-0.001508 0.008598 380.000000 10.294606
0.006867 0.045119 380.000000 55.910884
0.008628 0.082879 380.000000 105.457883
-0.002977 0.051679 380.000000 55.665983
0.003183 0.029544 380.000000 32.937588
0.006271 0.067970 380.000000 84.251997
-0.003707 0.030020 380.000000 28.998305
0.001556 0.075217 380.000000 89.031397
0.003629 0.087215 380.000000 106.130000
0.001030 0.085548 380.000000 101.629266
0.001028 0.064134 380.000000 74.557070
-0.007356 0.026640 380.000000 24.448959
0.007131 0.037616 380.000000 46.698968
-0.006191 0.012782 380.000000 15.010795
-0.007081 0.098543 380.000000 111.083054
0.001766 0.054848 380.000000 63.486843
0.001410 0.039462 380.000000 43.854506
0.003685 0.086372 380.000000 105.114053
-0.001050 0.086676 380.000000 101.207626
-0.008707 0.085716 380.000000 93.743536
-0.009086 0.094351 380.000000 104.238559
-0.009766 0.049896 380.000000 49.252010
0.008912 0.085276 380.000000 108.780164
-0.001653 0.050068 380.000000 54.665297
-0.005650 0.062340 380.000000 66.930843
-0.000279 0.075151 380.000000 87.323680
0.000530 0.067014 380.000000 77.756022
-0.009621 0.045059 380.000000 43.691632
0.006193 0.045804 380.000000 56.123411
-0.004008 0.034803 380.000000 34.425647
0.003029 0.078338 380.000000 94.325370
0.000578 0.041159 380.000000 45.302820
0.004905 0.025990 380.000000 29.993887
0.001190 0.027656 380.000000 29.056537
-0.003201 0.014920 380.000000 14.061852
-0.005861 0.042648 380.000000 42.727521
-0.001287 0.066159 380.000000 75.126603
0.007773 0.092919 380.000000 117.342341
0.006763 0.077771 380.000000 97.148684
-0.006460 0.083682 380.000000 92.934504
0.006286 0.079551 380.000000 98.942507
-0.001866 0.034965 380.000000 35.884471
-0.006434 0.031275 380.000000 29.381379
0.005354 0.052658 380.000000 63.988645
0.007555 0.053663 380.000000 67.390196
-0.000795 0.015022 380.000000 13.849113
0.000897 0.058616 380.000000 67.482410
-0.004752 0.001968 380.000000 16.969007
-0.004554 0.038043 380.000000 37.968847
0.003406 0.068436 380.000000 82.135519
-0.001770 0.076905 380.000000 88.253618
-0.004938 0.075388 380.000000 83.746260
0.004526 0.060044 380.000000 72.554054
0.005083 0.021633 380.000000 24.738354
0.005001 0.046538 380.000000 55.920933
0.007076 0.041662 380.000000 51.748676
-0.008566 0.078221 380.000000 84.517661
0.003847 0.023477 380.000000 25.963014
0.007042 0.034898 380.000000 43.186970
0.006842 0.048105 380.000000 59.661186
0.008990 0.053239 380.000000 68.289310
-0.001133 0.057014 380.000000 63.764966
-0.002869 0.079253 380.000000 90.286382
0.008215 0.012286 380.000000 16.330772
0.009875 0.073244 380.000000 94.501788
0.003999 0.016708 380.000000 17.835518
0.005816 0.073095 380.000000 90.306952
-0.002239 0.028226 380.000000 27.628635
-0.006603 0.064812 380.000000 69.306861
-0.005116 0.085524 380.000000 96.319936
-0.001740 0.095502 380.000000 111.757034
-0.002113 0.078575 380.000000 90.067109
0.003280 0.091323 380.000000 111.010047
0.007825 0.036160 380.000000 45.553200
-0.007736 0.014966 380.000000 16.801907
0.009525 0.004492 380.000000 9.263090
0.007676 0.032020 380.000000 40.193390
-0.006252 0.046977 380.000000 47.695418
-0.001900 0.021871 380.000000 20.576866
-0.006931 0.095102 380.000000 106.881470
-0.002107 0.058551 380.000000 64.906959
-0.002930 0.036024 380.000000 36.497748
0.009422 0.092608 380.000000 118.582393
-0.007391 0.057711 380.000000 60.023704
0.003232 0.036231 380.000000 41.339496
-0.007461 0.090831 380.000000 101.101247
-0.002599 0.034045 380.000000 34.318457
0.008079 0.042849 380.000000 54.242344
0.001101 0.095980 380.000000 114.901694
0.001197 0.020186 380.000000 20.094305
-0.006350 0.085972 380.000000 95.889793
-0.001209 0.016233 380.000000 14.942796
-0.007965 0.034517 380.000000 32.458813
-0.007568 0.094961 380.000000 106.194340
-0.000180 0.009031 380.000000 9.500234
-0.003364 0.094085 380.000000 108.563534
0.006656 0.015281 380.000000 18.377240
-0.002127 0.009368 380.000000 10.925979
0.003797 0.019474 380.000000 21.015659
-0.005844 0.057380 380.000000 60.659749
-0.001051 0.067591 380.000000 77.128191
-0.009483 0.078757 380.000000 84.518241
0.001513 0.082215 380.000000 97.846720
0.002180 0.069400 380.000000 82.236921
-0.007002 0.042799 380.000000 42.293537
-0.008761 0.008174 380.000000 18.696422
0.009069 0.028837 380.000000 37.622872
0.008116 0.088319 380.000000 111.847649
0.009026 0.091603 380.000000 116.913303
-0.002056 0.015922 380.000000 14.636089
-0.002967 0.093866 380.000000 108.626807
0.004283 0.067209 380.000000 81.397090
-0.007206 0.099836 380.000000 112.607442
-0.005615 0.013520 380.000000 14.699562
-0.001733 0.036271 380.000000 37.560238
0.006655 0.025409 380.000000 30.897006
0.007556 0.040448 380.000000 50.691494
-0.008779 0.025919 380.000000 23.849444
-0.002597 0.050992 380.000000 55.096481
0.009712 0.069864 380.000000 90.056280
0.006320 0.071649 380.000000 88.961446
0.009967 0.027154 380.000000 36.470641
-0.006933 0.059203 380.000000 62.157478
-0.009839 0.091754 380.000000 100.418961
-0.008554 0.091477 380.000000 101.055535
-0.008361 0.023021 380.000000 21.418543
-0.002221 0.067538 380.000000 76.086166
0.009099 0.072940 380.000000 93.335174
-0.007210 0.068894 380.000000 73.927513
-0.006145 0.040186 380.000000 39.654979
-0.000965 0.095961 380.000000 113.020694
-0.004753 0.038375 380.000000 38.253301
0.009841 0.080023 380.000000 103.055080
0.002388 0.008910 380.000000 8.762475
0.005872 0.027472 380.000000 32.732723
-0.006661 0.079334 380.000000 87.336951
0.001214 0.038726 380.000000 42.775736
0.004051 0.067620 380.000000 81.700259
0.006842 0.056617 380.000000 70.429486
-0.009527 0.061166 380.000000 62.876918
-0.006526 0.055120 380.000000 57.421934
0.006844 0.062637 380.000000 78.051866
0.008371 0.086567 380.000000 109.878369
0.000598 0.088473 380.000000 104.941215
-0.009836 0.015252 380.000000 18.766433
0.002000 0.006718 380.000000 7.548479
0.003488 0.052693 380.000000 62.301553
0.004842 0.085042 380.000000 104.519758
0.001460 0.036114 380.000000 39.716670
-0.004040 0.045744 380.000000 47.595745
-0.006606 0.077531 380.000000 85.126883
0.000071 0.024625 380.000000 24.664497
0.006900 0.052885 380.000000 65.762036
-0.002139 0.092646 380.000000 107.800330
-0.000321 0.035043 380.000000 37.033790
-0.003421 0.090983 380.000000 104.601796
-0.006628 0.063540 380.000000 67.715364
-0.003388 0.075006 380.000000 84.513821
0.005282 0.092052 380.000000 113.826436
0.003842 0.073120 380.000000 88.471094
0.004414 0.093747 380.000000 115.150262
-0.000036 0.007371 380.000000 8.946167
0.000459 0.056889 380.000000 64.932054
-0.008454 0.007683 380.000000 18.509326
-0.000237 0.010634 380.000000 10.343176
-0.000068 0.022666 380.000000 22.282251
-0.006959 0.030966 380.000000 28.903985
-0.005859 0.052440 380.000000 54.582174
0.008391 0.071554 380.000000 90.872298
0.007420 0.084339 380.000000 106.117288
-0.003292 0.041007 380.000000 42.305578
0.008592 0.021009 380.000000 27.365455
0.008264 0.009628 380.000000 13.280301
0.003967 0.085077 380.000000 103.736710
0.000349 0.096130 380.000000 114.409921
-0.009375 0.094963 380.000000 104.779788
0.005910 0.069340 380.000000 85.639287
0.008250 0.019046 380.000000 24.581039
0.003499 0.097065 380.000000 118.493665
0.004230 0.099525 380.000000 122.301850
-0.002084 0.035493 380.000000 36.384138
0.004793 0.098303 380.000000 121.287039
0.009705 0.073782 380.000000 95.010803
-0.009915 0.030813 380.000000 28.343601
-0.003728 0.033272 380.000000 32.769728
0.005566 0.026245 380.000000 30.913314
0.007185 0.001134 380.000000 5.483325
0.005744 0.063838 380.000000 78.511570
0.008449 0.097249 380.000000 123.499220
0.007837 0.026063 380.000000 32.883043
0.006446 0.044208 380.000000 54.351221
-0.003211 0.023539 380.000000 21.967946
-0.003044 0.059649 380.000000 65.542654
0.004319 0.095008 380.000000 116.658966
0.001517 0.090567 380.000000 108.424251
0.000396 0.099286 380.000000 118.446882
0.004165 0.046313 380.000000 54.863084
0.003166 0.031559 380.000000 35.435635
0.007190 0.032228 380.000000 39.971083
-0.001172 0.067057 380.000000 76.354083
-0.001517 0.053184 380.000000 58.661240
-0.005372 0.033436 380.000000 32.181688
0.003363 0.024677 380.000000 27.049045
0.001233 0.039939 380.000000 44.305759
0.001973 0.080536 380.000000 96.140311
0.003169 0.024011 380.000000 26.073458
0.000110 0.088284 380.000000 104.265207
0.008742 0.052286 380.000000 66.833177
0.003739 0.033571 380.000000 38.445343
0.001463 0.078287 380.000000 92.831517
0.007108 0.096764 380.000000 121.567772
0.004059 0.083192 380.000000 101.435620
0.001926 0.094119 380.000000 113.298900
0.002289 0.011572 380.000000 11.117218
0.005163 0.037203 380.000000 44.295543
-0.008135 0.066141 380.000000 69.874135
0.007070 0.073537 380.000000 92.082744
0.000315 0.083487 380.000000 98.380247
0.001672 0.040332 380.000000 45.157311
-0.004930 0.055661 380.000000 59.181026
0.005007 0.035881 380.000000 42.487189
0.004072 0.037125 380.000000 43.201185
0.005459 0.097359 380.000000 120.726629
0.004145 0.038736 380.000000 45.293570
-0.003340 0.068048 380.000000 75.819688
0.001754 0.023421 380.000000 24.303091
-0.002866 0.093773 380.000000 108.595999
0.007690 0.008465 380.000000 11.386535
-0.003924 0.033098 380.000000 32.464787
-0.007213 0.083989 380.000000 92.729775
0.007570 0.022998 380.000000 28.789278
0.001274 0.053058 380.000000 60.806402
0.006178 0.080744 380.000000 100.349815
0.007802 0.063549 380.000000 80.147545
0.005204 0.083618 380.000000 103.059568
0.007981 0.033548 380.000000 42.420605
0.001079 0.047564 380.000000 53.731733
-0.009371 0.040859 380.000000 39.014573
0.006351 0.087407 380.000000 108.966171
-0.006741 0.072013 380.000000 78.145591
0.004006 0.012180 380.000000 12.573637
0.009016 0.072649 380.000000 92.882434
0.003131 0.039871 380.000000 45.821305
-0.009899 0.090725 380.000000 99.091585
-0.001048 0.048872 380.000000 53.643730
-0.006799 0.004377 380.000000 18.097917
-0.004926 0.024078 380.000000 22.162474
0.008365 0.021149 380.000000 27.301673
0.002403 0.078187 380.000000 93.558419
0.006941 0.047299 380.000000 58.738954
-0.007010 0.086113 380.000000 95.546350
-0.001145 0.021727 380.000000 20.700388
0.003799 0.016613 380.000000 17.573751
0.003149 0.055243 380.000000 65.216352
0.005529 0.076756 380.000000 94.672333
0.009835 0.021517 380.000000 29.321765
-0.009022 0.002647 380.000000 22.475721
0.003766 0.061057 380.000000 73.130797
0.005206 0.020746 380.000000 23.750925
-0.005583 0.065604 380.000000 71.033452
0.001912 0.061322 380.000000 71.786574
0.004650 0.004042 380.000000 5.872497
0.000061 0.084682 380.000000 99.666720
0.000774 0.086449 380.000000 102.538497
-0.001300 0.030725 380.000000 31.121082
-0.002771 0.049148 380.000000 52.678042
0.007999 0.052120 380.000000 65.879174
0.001529 0.097943 380.000000 117.778563
0.006013 0.046044 380.000000 56.254022
-0.009843 0.015810 380.000000 18.844660
-0.003823 0.058913 380.000000 64.027272
0.006480 0.097271 380.000000 121.599395
0.004822 0.048867 380.000000 58.695152
-0.006242 0.033752 380.000000 32.189192
-0.005003 0.092503 380.000000 105.190581
-0.003972 0.062985 380.000000 68.989901
-0.008655 0.095702 380.000000 106.264739
-0.001948 0.046440 380.000000 49.929162
-0.005881 0.059796 380.000000 63.616767
0.004884 0.090476 380.000000 111.448298
-0.008802 0.051252 380.000000 51.362055
-0.006420 0.033978 380.000000 32.375571
0.001364 0.009946 380.000000 9.567813
0.006128 0.011723 380.000000 13.650260
-0.000137 0.071124 380.000000 82.363663
0.005207 0.021036 380.000000 24.110644
0.000506 0.096376 380.000000 114.862479
0.003855 0.066860 380.000000 80.556121
0.008286 0.070717 380.000000 89.706952
0.003176 0.032788 380.000000 36.979497
0.001278 0.088847 380.000000 106.030335
0.002085 0.084895 380.000000 101.761836
0.004165 0.049307 380.000000 58.643168
0.008407 0.096796 380.000000 122.883145
-0.008328 0.092876 380.000000 102.981225
-0.000006 0.045317 380.000000 50.028128
0.001148 0.033514 380.000000 36.240659
0.007695 0.018787 380.000000 23.693269
0.003860 0.009836 380.000000 9.987484
-0.007035 0.096939 380.000000 109.105946
-0.002796 0.013337 380.000000 12.908949
-0.001916 0.075300 380.000000 86.108109
0.005678 0.005698 380.000000 7.035662
0.002537 0.033055 380.000000 36.777772
0.007871 0.091869 380.000000 116.107194
0.002519 0.014169 380.000000 13.944334
0.001966 0.039494 380.000000 44.353359
-0.007931 0.031682 380.000000 29.439306
0.004590 0.006837 380.000000 7.506775
-0.009653 0.033392 380.000000 30.905706
-0.008896 0.088230 380.000000 96.736925
0.007268 0.003618 380.000000 6.438371
0.000442 0.029805 380.000000 31.152952
-0.008199 0.020106 380.000000 19.353096
0.001011 0.086641 380.000000 102.995470
-0.007765 0.019680 380.000000 18.896669
-0.004826 0.011261 380.000000 13.553497
0.009945 0.010971 380.000000 16.689699
0.004570 0.073640 380.000000 89.812206
0.008945 0.058524 380.000000 74.928701
0.004336 0.058462 380.000000 70.375367
-0.007368 0.041251 380.000000 40.300613
-0.002455 0.052148 380.000000 56.642044
-0.002780 0.003728 380.000000 13.043057
-0.009058 0.071225 380.000000 75.503950
0.007305 0.022844 380.000000 28.333059
-0.000592 0.038943 380.000000 41.649075
0.000603 0.026547 380.000000 27.303089
-0.007317 0.045507 380.000000 45.332120
0.007614 0.057998 380.000000 72.933574
-0.002422 0.078326 380.000000 89.492376
-0.001529 0.082168 380.000000 95.098122
0.002487 0.016483 380.000000 16.546020
-0.001135 0.071826 380.000000 82.392038
-0.009823 0.078192 380.000000 83.576705
0.004374 0.049394 380.000000 58.945988
0.003845 0.002799 380.000000 6.147969
-0.002124 0.079085 380.000000 90.701131
-0.004318 0.071840 380.000000 79.792029
-0.004107 0.096951 380.000000 111.545680
-0.003593 0.076602 380.000000 86.351286
0.005143 0.067929 380.000000 83.119548
-0.003230 0.038192 380.000000 38.928311
0.009019 0.099221 380.000000 126.564944
0.003568 0.075612 380.000000 91.372142
0.004425 0.096377 380.000000 118.494257
0.007384 0.097417 380.000000 122.665766
0.001398 0.072610 380.000000 85.593457
-0.008145 0.007900 380.000000 18.002003
-0.000659 0.096592 380.000000 114.090832
-0.001650 0.011585 380.000000 11.428878
-0.008728 0.084809 380.000000 92.596139
-0.009603 0.060727 380.000000 62.297827
0.003938 0.020512 380.000000 22.394229
0.001789 0.005895 380.000000 7.442499
0.009275 0.069085 380.000000 88.629215
0.002219 0.059519 380.000000 69.783162
0.004105 0.036902 380.000000 42.951697
-0.008844 0.074255 380.000000 79.398098
-0.004791 0.065462 380.000000 71.453629
0.002114 0.030661 380.000000 33.457481
-0.001421 0.038170 380.000000 40.097859
-0.005914 0.069908 380.000000 76.143606
-0.004477 0.092862 380.000000 106.080673
-0.004834 0.094643 380.000000 108.024845
-0.000353 0.014978 380.000000 13.853125
-0.008453 0.080340 380.000000 87.236033
-0.001116 0.098654 380.000000 116.292787
-0.001746 0.047187 380.000000 51.008224
-0.009005 0.091245 380.000000 100.418546
0.004917 0.054466 380.000000 65.863232
0.004917 0.062379 380.000000 75.877301
-0.007174 0.062097 380.000000 65.552916
-0.003298 0.077125 380.000000 87.251307
0.001305 0.024325 380.000000 25.088496
0.006212 0.089090 380.000000 110.965142
0.006583 0.060055 380.000000 74.529142
0.002571 0.025314 380.000000 27.210236
0.004271 0.025678 380.000000 29.048258
0.000832 0.070095 380.000000 81.912073
-0.006736 0.052675 380.000000 54.301595
0.006459 0.031317 380.000000 38.113939
0.006653 0.052944 380.000000 65.596570
-0.002388 0.043287 380.000000 45.711683
0.008084 0.066792 380.000000 84.534612
-0.002429 0.027334 380.000000 26.499957
0.002762 0.037891 380.000000 43.017208
0.009333 0.080701 380.000000 103.403098
0.004435 0.041526 380.000000 49.071733
0.009558 0.055158 380.000000 71.292394
-0.006036 0.002175 380.000000 18.607590
-0.001959 0.002980 380.000000 12.431023
-0.006238 0.055517 380.000000 58.099874
-0.005775 0.051478 380.000000 53.460912
0.001043 0.040130 380.000000 44.391446
-0.008678 0.058633 380.000000 60.326199
-0.007285 0.079538 380.000000 87.114105
-0.005794 0.019177 380.000000 17.850518
0.006677 0.036327 380.000000 44.630045
-0.002562 0.016728 380.000000 15.355998
-0.007289 0.090220 380.000000 100.471153
0.003580 0.013201 380.000000 13.456766
-0.002573 0.002294 380.000000 13.726208
0.003095 0.059307 380.000000 70.303019
0.002773 0.072558 380.000000 86.771950
-0.004126 0.024671 380.000000 22.927657
-0.000140 0.096105 380.000000 113.938101
0.004735 0.079911 380.000000 97.914891
0.001086 0.011614 380.000000 10.925505
0.008790 0.034213 380.000000 44.080837
-0.001055 0.068384 380.000000 78.122060
0.000925 0.018694 380.000000 18.224707
0.008057 0.024321 380.000000 30.930608
-0.008063 0.064708 380.000000 68.159231
0.002475 0.070744 380.000000 84.204199
-0.004870 0.017612 380.000000 16.450200
-0.005109 0.078922 380.000000 88.039427
0.004188 0.070877 380.000000 85.952542
0.005474 0.075135 380.000000 92.565497
0.005668 0.033645 380.000000 40.288849
-0.007369 0.086838 380.000000 96.172970
0.001135 0.035903 380.000000 39.195684
-0.002063 0.065598 380.000000 73.779340
0.003154 0.059868 380.000000 71.065921
0.009365 0.056868 380.000000 73.258766
0.000925 0.090154 380.000000 107.364998
0.000474 0.099999 380.000000 119.421510
0.006731 0.096518 380.000000 120.888382
0.008769 0.055514 380.000000 70.943008
0.003780 0.026379 380.000000 29.501605
0.000405 0.059336 380.000000 67.967077
0.001477 0.087483 380.000000 104.483187
0.008852 0.051340 380.000000 65.749289
-0.007606 0.099608 380.000000 111.997522
0.000144 0.074375 380.000000 86.713315
0.004325 0.023877 380.000000 26.859280
0.004951 0.007604 380.000000 8.338389
-0.005542 0.044429 380.000000 45.048345
0.006236 0.076660 380.000000 95.230007
0.003013 0.062321 380.000000 74.039742
-0.001896 0.056083 380.000000 61.986102
-0.004611 0.034227 380.000000 33.441815
0.007196 0.026358 380.000000 32.611517
0.008634 0.075358 380.000000 95.933556
0.003318 0.016486 380.000000 17.082161
0.009523 0.013218 380.000000 18.858615
-0.006495 0.027453 380.000000 25.336312
0.006798 0.042562 380.000000 52.614623
0.009204 0.091757 380.000000 117.286342
0.003722 0.003774 380.000000 6.129380
0.008811 0.077856 380.000000 99.275451
0.004501 0.098436 380.000000 121.178175
0.000461 0.005932 380.000000 8.461084
-0.003625 0.084709 380.000000 96.523788
-0.007797 0.066699 380.000000 70.795930
0.001419 0.035265 380.000000 38.626880
-0.008040 0.018284 380.000000 18.260173
-0.005504 0.054843 380.000000 57.770452
0.005173 0.032290 380.000000 38.123979
0.009323 0.079300 380.000000 101.616860
0.006762 0.014288 380.000000 17.277310
0.007828 0.082607 380.000000 104.322170
-0.005339 0.057963 380.000000 61.734349
-0.001526 0.083818 380.000000 97.183065
0.005109 0.051826 380.000000 62.704644
0.001493 0.005562 380.000000 7.614843
0.000723 0.005776 380.000000 8.238403
0.007270 0.087080 380.000000 109.445303
0.002379 0.030650 380.000000 33.654374
0.000538 0.061911 380.000000 71.326094
0.003745 0.050087 380.000000 59.243986
-0.003567 0.006731 380.000000 12.634798
0.009163 0.077713 380.000000 99.446060
-0.002049 0.079408 380.000000 91.172401
-0.006321 0.052589 380.000000 54.461817
-0.007896 0.089289 380.000000 98.828769
0.001562 0.089986 380.000000 107.730161
0.008875 0.002354 380.000000 6.926362
0.007137 0.080619 380.000000 101.123461
0.004240 0.056532 380.000000 67.845033
0.001176 0.070834 380.000000 83.149727
0.000990 0.074378 380.000000 87.464600
-0.005082 0.065972 380.000000 71.867310
-0.008582 0.084005 380.000000 91.704883
0.002948 0.084628 380.000000 102.218389
-0.001699 0.089839 380.000000 104.637567
0.009941 0.016549 380.000000 23.341880
0.005156 0.050611 380.000000 61.213575
-0.002873 0.090049 380.000000 103.890480
0.004311 0.013635 380.000000 14.437256
0.009056 0.070573 380.000000 90.293106
-0.006603 0.050928 380.000000 52.260856
-0.008260 0.041234 380.000000 39.879709
-0.001948 0.076802 380.000000 87.972542
0.002915 0.074662 380.000000 89.564812
-0.001834 0.092155 380.000000 107.445423
-0.006109 0.099795 380.000000 113.453887
-0.006564 0.024965 380.000000 22.885400
-0.001119 0.001275 380.000000 12.547200
0.003127 0.032321 380.000000 36.354191
-0.005282 0.065939 380.000000 71.676362
0.001843 0.086353 380.000000 103.385888
-0.006271 0.049419 380.000000 50.636858
0.009453 0.027794 380.000000 36.721692
0.005796 0.034951 380.000000 42.052636
0.004865 0.022469 380.000000 25.582581
0.005900 0.062732 380.000000 77.259674
-0.008546 0.020624 380.000000 19.827495
0.001258 0.032681 380.000000 35.292711
-0.001746 0.045614 380.000000 49.055517
-0.009439 0.004244 380.000000 21.895090
0.003722 0.003234 380.000000 6.155310
-0.004826 0.012822 380.000000 13.889143
-0.009082 0.064899 380.000000 67.712446
0.008170 0.026712 380.000000 34.034447
-0.007000 0.038219 380.000000 36.960993
0.002584 0.036905 380.000000 41.630442
0.000755 0.017163 380.000000 16.430627
-0.009975 0.091271 380.000000 99.714181
-0.009524 0.075522 380.000000 80.484865
-0.002140 0.008459 380.000000 10.835342
-0.002458 0.080515 380.000000 92.221204
-0.006849 0.062133 380.000000 65.821486
-0.002457 0.005553 380.000000 11.706936
0.009273 0.048109 380.000000 62.095385
0.002843 0.088614 380.000000 107.170940
-0.009488 0.002958 380.000000 22.903925
-0.003548 0.012518 380.000000 12.896264
-0.000932 0.099918 380.000000 118.055349
-0.008315 0.092121 380.000000 102.046942
-0.001984 0.055097 380.000000 60.683908
0.007717 0.043487 380.000000 54.686420
0.006994 0.080351 380.000000 100.644431
-0.005347 0.094995 380.000000 108.042053
-0.004078 0.053023 380.000000 56.527063
0.005134 0.071602 380.000000 87.764395
-0.009896 0.028150 380.000000 25.906902
-0.007477 0.017140 380.000000 17.374196
0.009360 0.049625 380.000000 64.098152
0.007765 0.091195 380.000000 115.148297
-0.006192 0.009532 380.000000 15.045720
-0.000027 0.002755 380.000000 10.099807
0.008127 0.085140 380.000000 107.827373
-0.006329 0.006113 380.000000 16.437055
0.008883 0.016202 380.000000 21.759642
0.006602 0.025429 380.000000 30.870085
-0.005114 0.085337 380.000000 96.086930
0.003360 0.077364 380.000000 93.397176
-0.008674 0.092390 380.000000 102.104098
-0.009219 0.064171 380.000000 66.733710
-0.001044 0.013281 380.000000 12.374581
0.007659 0.014757 380.000000 18.725660
0.001463 0.064654 380.000000 75.595423
-0.003670 0.034271 380.000000 33.978257
-0.004095 0.026534 380.000000 24.936046
0.005809 0.015209 380.000000 17.514542
-0.003782 0.021516 380.000000 19.766113
0.008039 0.027050 380.000000 34.323451
-0.001144 0.099184 380.000000 116.938876
0.000453 0.003155 380.000000 9.294056
0.008223 0.029575 380.000000 37.674331
-0.007474 0.081734 380.000000 89.711533
-0.008050 0.047424 380.000000 47.215161
-0.004046 0.072213 380.000000 80.477168
0.004861 0.022017 380.000000 25.018136
0.008684 0.076152 380.000000 96.988593
-0.003017 0.046192 380.000000 48.848386
-0.006334 0.067520 380.000000 72.860434
0.009020 0.011256 380.000000 15.979658
-0.006578 0.084186 380.000000 93.472291
-0.004499 0.017549 380.000000 16.305920
0.000098 0.004008 380.000000 9.301514
0.002802 0.094262 380.000000 114.289943
0.008474 0.029689 380.000000 38.074315
0.000289 0.041095 380.000000 44.993766
0.006562 0.056538 380.000000 70.056168
0.001669 0.003696 380.000000 7.732763
0.003302 0.059649 380.000000 70.924161
0.004618 0.045533 380.000000 54.295919
-0.004136 0.084533 380.000000 95.877816
-0.006585 0.064632 380.000000 69.096576
0.003151 0.045257 380.000000 52.618125
-0.000539 0.044707 380.000000 48.847429
-0.007691 0.044514 380.000000 43.962404
-0.005057 0.077143 380.000000 85.850667
0.002856 0.032075 380.000000 35.819345
-0.000619 0.005611 380.000000 9.570950
0.005177 0.005110 380.000000 6.416579
0.005896 0.050772 380.000000 62.119858
0.004440 0.079999 380.000000 97.747673
0.000590 0.072305 380.000000 84.490951
-0.003153 0.018296 380.000000 16.757699
-0.003443 0.020251 380.000000 18.569561
-0.005593 0.065514 380.000000 70.914940
-0.002335 0.053750 380.000000 58.729343
-0.005120 0.055565 380.000000 58.926855
-0.003842 0.009620 380.000000 12.498701
-0.000804 0.047345 380.000000 51.929525
0.009056 0.074550 380.000000 95.331893
-0.000303 0.078422 380.000000 91.433571
0.005936 0.063707 380.000000 78.528306
0.000782 0.029980 380.000000 31.609138
0.008744 0.025929 380.000000 33.646222
-0.007568 0.082222 380.000000 90.248522
0.007564 0.018227 380.000000 22.871381
0.003300 0.071696 380.000000 86.165228
0.008497 0.068688 380.000000 87.346225
-0.006423 0.077460 380.000000 85.178673
-0.001921 0.003866 380.000000 11.842367
-0.000335 0.067155 380.000000 77.187061
-0.009052 0.071280 380.000000 75.576070
-0.005500 0.042421 380.000000 42.661539
-0.009805 0.009280 380.000000 19.612565
0.003116 0.080597 380.000000 97.266116
0.008395 0.006665 380.000000 10.168831
0.005111 0.025019 380.000000 28.968115
0.004348 0.029355 380.000000 33.701792
0.006483 0.044222 380.000000 54.404289
0.003535 0.033710 380.000000 38.441885
-0.008015 0.016945 380.000000 17.648270
0.009751 0.002562 380.000000 7.934425
-0.005695 0.046350 380.000000 47.274866
0.009898 0.035916 380.000000 47.375096
0.003724 0.056454 380.000000 67.269910
-0.003918 0.010565 380.000000 12.643221
0.008190 0.063337 380.000000 80.264477
0.006984 0.069515 380.000000 86.901649
0.001823 0.063087 380.000000 73.936282
-0.003395 0.056868 380.000000 61.804672
0.001953 0.045167 380.000000 51.459809
-0.008547 0.004773 380.000000 20.278099
-0.000931 0.043757 380.000000 47.363543
0.005727 0.030454 380.000000 36.333933
-0.004602 0.052006 380.000000 54.902063
-0.005773 0.056216 380.000000 59.275403
0.007227 0.084107 380.000000 105.634173
0.008365 0.099035 380.000000 125.681460
-0.005692 0.053929 380.000000 56.518921
0.002619 0.056485 380.000000 66.307780
0.000234 0.089500 380.000000 105.914288
-0.002416 0.038848 380.000000 40.248887
-0.003829 0.072884 380.000000 81.491577
0.001226 0.074481 380.000000 87.804635
0.003729 0.093630 380.000000 114.355421
0.003229 0.039266 380.000000 45.147143
-0.004533 0.094076 380.000000 107.562421
-0.005253 0.012270 380.000000 14.095096
-0.005922 0.059008 380.000000 62.613080
0.006527 0.060875 380.000000 75.512806
0.005729 0.057038 380.000000 69.886876
-0.001185 0.005777 380.000000 10.145611
-0.008813 0.060662 380.000000 62.710848
0.002842 0.002885 380.000000 6.902250
-0.009460 0.007821 380.000000 19.790912
0.009575 0.009451 380.000000 14.517649
0.004284 0.075013 380.000000 91.283332
-0.008047 0.017789 380.000000 18.028760
-0.003893 0.095948 380.000000 110.462539
-0.008773 0.027575 380.000000 25.317454
0.002370 0.054353 380.000000 63.394763
0.001095 0.062958 380.000000 73.131495
0.000606 0.050580 380.000000 57.122322
0.009946 0.097774 380.000000 125.655890
-0.009231 0.095405 380.000000 105.444753
0.009604 0.003715 380.000000 8.668984
0.008668 0.004546 380.000000 8.394097
-0.009507 0.066560 380.000000 69.468250
0.009142 0.064152 380.000000 82.248870
-0.008069 0.090718 380.000000 100.482822
-0.006096 0.007908 380.000000 15.359341
0.004152 0.075972 380.000000 92.374312
0.008118 0.082381 380.000000 104.322709
0.008657 0.063297 380.000000 80.679979
0.009358 0.010092 380.000000 15.004310
0.002232 0.050366 380.000000 58.245686
0.004735 0.070275 380.000000 85.704926
0.002377 0.064738 380.000000 76.518968
0.004156 0.031626 380.000000 36.374137
-0.004963 0.059088 380.000000 63.398680
0.000116 0.077164 380.000000 90.211074
-0.007454 0.062402 380.000000 65.736907
-0.007692 0.092823 380.000000 103.416138
0.003009 0.080411 380.000000 96.931637
-0.002496 0.009208 380.000000 11.215172
0.000044 0.025418 380.000000 25.590385
-0.002150 0.043843 380.000000 46.567587
-0.002370 0.064987 380.000000 72.762159
0.008894 0.055661 380.000000 71.255504
0.004367 0.010871 380.000000 11.353430
0.005332 0.057287 380.000000 69.824645
0.003788 0.099241 380.000000 121.524930
-0.005987 0.047208 380.000000 48.134509
0.003042 0.091478 380.000000 110.985292
-0.004056 0.077693 380.000000 87.344989
-0.009070 0.047335 380.000000 46.588857
-0.007610 0.054679 380.000000 56.188739
0.009211 0.082501 380.000000 105.560551
-0.005950 0.032664 380.000000 31.077337
0.000518 0.094878 380.000000 112.977353
-0.000574 0.018791 380.000000 17.693970
-0.004121 0.061680 380.000000 67.248787
0.001395 0.079746 380.000000 94.615986
-0.000183 0.056699 380.000000 64.152115
0.007324 0.042024 380.000000 52.450908
0.001926 0.025310 380.000000 26.721646
0.009687 0.027548 380.000000 36.663458
-0.008789 0.064468 380.000000 67.377788
0.006759 0.075395 380.000000 94.133732
0.006344 0.052198 380.000000 64.353753
0.006488 0.099173 380.000000 124.019793
0.002851 0.096238 380.000000 116.839527
-0.002884 0.068790 380.000000 77.117492
0.000368 0.069121 380.000000 80.273957
0.003268 0.016417 380.000000 16.967084
-0.004385 0.032118 380.000000 31.104094
0.006119 0.085750 380.000000 106.640408
0.005820 0.057444 380.000000 70.488384
-0.002650 0.064206 380.000000 71.556630
-0.003819 0.035852 380.000000 35.772695
0.005521 0.072930 380.000000 89.814912
-0.002991 0.080707 380.000000 92.013565
0.001882 0.027622 380.000000 29.523563
0.000503 0.098416 380.000000 117.442859
-0.008034 0.030459 380.000000 28.159078
-0.005396 0.067891 380.000000 74.021892
0.009240 0.010338 380.000000 15.155148
-0.004594 0.026323 380.000000 24.561774
-0.007910 0.097580 380.000000 109.207132
-0.006655 0.061805 380.000000 65.552870
0.006037 0.087292 380.000000 108.516788
0.002716 0.075607 380.000000 90.579226
0.008160 0.048245 380.000000 61.139794
0.003067 0.027013 380.000000 29.698963
-0.007440 0.002723 380.000000 20.169416
0.000911 0.020837 380.000000 20.691345
0.004793 0.023045 380.000000 26.232626
0.001323 0.099352 380.000000 119.374653
0.009232 0.036128 380.000000 46.946045
0.003219 0.086844 380.000000 105.277581
0.001020 0.026292 380.000000 27.275023
0.004379 0.027929 380.000000 31.947503
0.004874 0.008412 380.000000 9.078187
-0.004378 0.015219 380.000000 14.698361
0.009303 0.061646 380.000000 79.240890
0.004202 0.006823 380.000000 7.384588
0.000386 0.083456 380.000000 98.405507
-0.001255 0.002456 380.000000 11.857284
-0.006980 0.020348 380.000000 19.047447
0.004549 0.089397 380.000000 109.761761
0.008093 0.005463 380.000000 8.663957
0.001809 0.051351 380.000000 59.117284
0.008613 0.039937 380.000000 51.108468
-0.004658 0.034317 380.000000 33.524429
-0.006109 0.097846 380.000000 111.001642
-0.002915 0.089574 380.000000 103.254651
0.008779 0.010224 380.000000 14.516265
0.009480 0.099917 380.000000 127.906487
0.007823 0.023324 380.000000 29.449211
0.006790 0.036088 380.000000 44.439269
0.007085 0.061512 380.000000 76.863788
-0.009524 0.081649 380.000000 88.075997
0.001876 0.040821 380.000000 45.941265
-0.002353 0.092724 380.000000 107.712977
0.003736 0.064986 380.000000 78.074285
0.006787 0.092275 380.000000 115.561101
0.000302 0.021818 380.000000 21.495284
-0.006263 0.016736 380.000000 16.470131
-0.001563 0.079644 380.000000 91.884002
-0.006165 0.057002 380.000000 59.973362
-0.003387 0.005964 380.000000 12.691465
0.003453 0.040551 380.000000 46.959631
-0.002011 0.018199 380.000000 16.738441
0.005553 0.091776 380.000000 113.736117
0.006049 0.006928 380.000000 8.357977
-0.001524 0.067563 380.000000 76.695768
-0.003774 0.034918 380.000000 34.688592
-0.005624 0.019952 380.000000 18.409790
-0.002909 0.021768 380.000000 20.178943
0.006048 0.007813 380.000000 9.242051
0.003243 0.061865 380.000000 73.672490
0.009729 0.049962 380.000000 64.902708
-0.006039 0.088579 380.000000 99.410336
-0.009268 0.023435 380.000000 21.988711
0.004126 0.081907 380.000000 99.869790
0.000000 0.100000 400.000000 118.120984
-0.006475 0.004184 400.000000 17.865636
0.000287 0.065128 400.000000 74.646221
0.008232 0.001912 400.000000 6.159341
0.005733 0.086630 400.000000 106.543464
-0.006061 0.076124 400.000000 83.289834
0.001875 0.039256 400.000000 43.696373
0.001333 0.089042 400.000000 105.540215
0.003031 0.065896 400.000000 77.995732
-0.004986 0.081492 400.000000 90.782569
0.008961 0.061646 400.000000 78.254551
0.003142 0.089140 400.000000 107.294277
-0.004135 0.048347 400.000000 50.482825
0.008785 0.057056 400.000000 72.318197
-0.001525 0.088811 400.000000 102.761603
-0.000114 0.035504 400.000000 37.556705
0.003561 0.099916 400.000000 121.229557
0.006004 0.028972 400.000000 34.477339
0.004561 0.067775 400.000000 81.746305
-0.005399 0.018951 400.000000 17.756908
0.001071 0.013086 400.000000 12.327945
0.007735 0.001946 400.000000 5.859106
0.002444 0.039206 400.000000 44.100951
-0.006134 0.006613 400.000000 16.075133
0.006580 0.092528 400.000000 114.766335
-0.001123 0.079027 400.000000 90.848542
-0.001387 0.072232 400.000000 82.129618
0.008095 0.025013 400.000000 31.580002
0.002781 0.061920 400.000000 72.785288
-0.004879 0.025300 400.000000 23.488833
-0.001830 0.048207 400.000000 51.917256
-0.006982 0.015234 400.000000 16.519591
-0.000182 0.023225 400.000000 22.823263
-0.007030 0.071497 400.000000 76.864208
-0.008068 0.090455 400.000000 99.548311
0.001634 0.087962 400.000000 104.452334
-0.003430 0.042326 400.000000 43.634064
0.005017 0.090660 400.000000 110.940254
-0.002416 0.009657 400.000000 11.378244
0.002448 0.030263 400.000000 33.030749
0.008352 0.073920 400.000000 93.075067
-0.002018 0.053445 400.000000 58.246664
-0.001335 0.089549 400.000000 103.848359
0.004370 0.050439 400.000000 59.814286
-0.005489 0.049947 400.000000 51.555498
0.003992 0.042465 400.000000 49.493008
-0.002569 0.006123 400.000000 11.762995
0.005145 0.038758 400.000000 45.895359
-0.006811 0.027153 400.000000 25.102107
0.007948 0.090855 400.000000 113.977609
-0.001056 0.068463 400.000000 77.693555
0.009706 0.029872 400.000000 39.262343
0.001637 0.031650 400.000000 34.113684
-0.002829 0.041622 400.000000 43.167002
-0.004270 0.026052 400.000000 24.402668
-0.008404 0.008333 400.000000 18.338388
0.006738 0.061429 400.000000 75.817102
0.007069 0.021336 400.000000 26.025893
-0.001593 0.044147 400.000000 47.094158
0.008965 0.027750 400.000000 35.858766
-0.003675 0.002506 400.000000 15.125890
0.001956 0.012443 400.000000 11.906319
0.002782 0.068263 400.000000 80.744111
-0.007326 0.035161 400.000000 33.387149
-0.000391 0.051533 400.000000 57.132996
0.006837 0.033650 400.000000 41.093963
0.008756 0.037020 400.000000 47.191305
0.009892 0.065800 400.000000 84.399298
0.008931 0.095252 400.000000 120.465946
-0.009883 0.052708 400.000000 52.379589
-0.002664 0.088881 400.000000 101.889152
-0.002075 0.010656 400.000000 11.399369
-0.005004 0.048572 400.000000 50.196530
-0.005193 0.056435 400.000000 59.646694
-0.008732 0.059113 400.000000 60.634036
0.002714 0.008553 400.000000 8.555221
-0.004892 0.017532 400.000000 16.575906
0.001834 0.072231 400.000000 84.880686
0.003420 0.060740 400.000000 71.875527
0.009498 0.012075 400.000000 17.336060
-0.008061 0.059553 400.000000 61.573925
-0.003461 0.082609 400.000000 93.392173
0.002103 0.067435 400.000000 79.101523
-0.001313 0.081756 400.000000 94.104150
0.004130 0.015540 400.000000 16.465538
-0.002841 0.035443 400.000000 35.729760
-0.002739 0.095711 400.000000 110.376618
0.007066 0.004992 400.000000 7.311492
0.003945 0.007441 400.000000 7.837597
-0.001724 0.074325 400.000000 84.466344
-0.006883 0.051865 400.000000 53.017208
-0.005956 0.014753 400.000000 15.592875
0.004926 0.007956 400.000000 8.652713
0.007620 0.033232 400.000000 41.332264
-0.009302 0.087799 400.000000 95.343097
0.003358 0.013156 400.000000 13.247373
0.003670 0.070978 400.000000 84.953669
-0.008840 0.048685 400.000000 48.180883
-0.001063 0.055648 400.000000 61.717014
-0.000774 0.078759 400.000000 90.808321
0.009843 0.099838 400.000000 127.128009
-0.001739 0.014230 400.000000 13.335539
0.009135 0.099226 400.000000 125.663868
0.003647 0.089602 400.000000 108.337608
0.004991 0.077005 400.000000 93.744021
-0.007613 0.019067 400.000000 18.692654
-0.004698 0.077602 400.000000 86.167433
0.000370 0.073826 400.000000 85.607027
0.001591 0.062392 400.000000 72.334655
-0.003435 0.088018 400.000000 100.170867
0.008166 0.067187 400.000000 84.432348
-0.002435 0.010488 400.000000 11.594758
0.004459 0.045744 400.000000 54.012265
-0.009594 0.051083 400.000000 50.618170
0.000632 0.036593 400.000000 39.434967
0.000300 0.090791 400.000000 106.823266
0.001872 0.047674 400.000000 54.172562
0.005826 0.066799 400.000000 81.699577
0.001506 0.037320 400.000000 41.003749
-0.009481 0.085899 400.000000 92.866585
-0.008624 0.094955 400.000000 104.711204
0.000985 0.001746 400.000000 9.546437
0.001756 0.012012 400.000000 11.437647
-0.001633 0.057074 400.000000 63.041103
-0.000641 0.061814 400.000000 69.734871
-0.004519 0.065918 400.000000 71.805997
-0.009614 0.068124 400.000000 70.991599
0.001128 0.058025 400.000000 66.473606
0.008677 0.043714 400.000000 55.485256
-0.000018 0.049501 400.000000 54.903884
0.006407 0.050265 400.000000 61.486492
0.002902 0.038121 400.000000 43.132893
0.008271 0.072143 400.000000 90.763416
0.006907 0.042031 400.000000 51.640959
0.003571 0.016776 400.000000 17.526412
-0.003346 0.095026 400.000000 109.009826
0.001627 0.010743 400.000000 10.275126
-0.007591 0.049079 400.000000 49.287137
-0.005102 0.091695 400.000000 103.406858
-0.007836 0.037448 400.000000 35.747114
0.003992 0.056328 400.000000 66.856724
0.009544 0.010680 400.000000 15.771165
-0.002318 0.019372 400.000000 17.922083
0.009924 0.004315 400.000000 9.503652
0.006476 0.056263 400.000000 69.079986
0.008143 0.068727 400.000000 86.345953
0.008049 0.075703 400.000000 95.022206
-0.006387 0.089964 400.000000 100.230508
-0.004318 0.029339 400.000000 27.964914
-0.009397 0.071220 400.000000 74.901211
-0.008241 0.015910 400.000000 17.727523
-0.004779 0.017777 400.000000 16.716711
-0.006927 0.067289 400.000000 71.761114
0.005139 0.096398 400.000000 118.272019
0.000405 0.074923 400.000000 87.010687
0.004391 0.039197 400.000000 45.763515
0.002146 0.019513 400.000000 19.813216
0.008433 0.039866 400.000000 50.426005
-0.005426 0.015549 400.000000 15.608211
0.008665 0.015095 400.000000 20.021195
0.006934 0.060061 400.000000 74.287553
0.004201 0.092712 400.000000 112.760991
0.005812 0.028364 400.000000 33.543571
0.000301 0.079413 400.000000 92.550350
-0.008590 0.013052 400.000000 17.636606
-0.008478 0.078096 400.000000 83.963656
-0.000985 0.059952 400.000000 67.134650
-0.006842 0.081072 400.000000 88.835335
0.001074 0.081733 400.000000 96.134193
0.006547 0.005708 400.000000 7.552111
-0.003736 0.004373 400.000000 14.019881
0.003671 0.018730 400.000000 19.917294
-0.009038 0.070974 400.000000 74.839206
-0.002083 0.072983 400.000000 82.496532
-0.000828 0.046301 400.000000 50.311436
0.003783 0.074605 400.000000 89.613069
0.005648 0.065250 400.000000 79.584850
0.000813 0.044676 400.000000 49.572046
0.005270 0.077233 400.000000 94.291086
0.007184 0.092234 400.000000 114.975829
0.002558 0.048804 400.000000 56.166373
0.000515 0.087868 400.000000 103.342618
-0.002320 0.059039 400.000000 64.947635
-0.007647 0.033699 400.000000 31.706953
-0.005786 0.005008 400.000000 16.421795
-0.002430 0.007905 400.000000 11.276840
-0.005626 0.085620 400.000000 95.418982
0.005053 0.086694 400.000000 105.985136
-0.009418 0.068994 400.000000 72.174092
-0.006304 0.077300 400.000000 84.565531
-0.003525 0.011179 400.000000 12.617773
-0.007420 0.079984 400.000000 87.058416
0.007512 0.099329 400.000000 124.216192
-0.008672 0.099770 400.000000 110.655736
0.007842 0.069949 400.000000 87.587945
-0.004062 0.027575 400.000000 26.106712
0.002269 0.030940 400.000000 33.725499
0.008450 0.042635 400.000000 53.907536
-0.004058 0.061910 400.000000 67.191506
0.000248 0.008244 400.000000 9.089181
0.007087 0.027987 400.000000 34.277430
-0.000583 0.045116 400.000000 49.032089
-0.000642 0.063676 400.000000 72.057532
-0.002369 0.042233 400.000000 44.213638
-0.008954 0.065298 400.000000 67.977110
0.002864 0.059655 400.000000 70.018676
0.003286 0.005065 400.000000 6.568069
-0.008985 0.083610 400.000000 90.399836
0.001796 0.037846 400.000000 41.884516
-0.003208 0.089087 400.000000 101.694983
-0.001994 0.072313 400.000000 81.733016
0.004474 0.059837 400.000000 71.698302
0.003344 0.094331 400.000000 114.006568
0.002755 0.094856 400.000000 114.127931
0.005161 0.016380 400.000000 18.259254
-0.008808 0.084882 400.000000 92.097971
-0.001508 0.008598 400.000000 10.442474
0.006867 0.045119 400.000000 55.472293
0.008628 0.082879 400.000000 104.607999
-0.002977 0.051679 400.000000 55.360807
0.003183 0.029544 400.000000 32.729692
0.006271 0.067970 400.000000 83.591611
-0.003707 0.030020 400.000000 28.968270
0.001556 0.075217 400.000000 88.382279
0.003629 0.087215 400.000000 105.320360
0.001030 0.085548 400.000000 100.884380
0.001028 0.064134 400.000000 74.032239
-0.007356 0.026640 400.000000 24.584133
0.007131 0.037616 400.000000 46.332261
-0.006191 0.012782 400.000000 15.235865
-0.007081 0.098543 400.000000 110.368665
0.001766 0.054848 400.000000 63.043320
0.001410 0.039462 400.000000 43.579878
0.003685 0.086372 400.000000 104.311980
-0.001050 0.086676 400.000000 100.491483
-0.008707 0.085716 400.000000 93.202776
-0.009086 0.094351 400.000000 103.613419
-0.009766 0.049896 400.000000 49.150639
0.008912 0.085276 400.000000 107.901511
-0.001653 0.050068 400.000000 54.346323
-0.005650 0.062340 400.000000 66.572863
-0.000279 0.075151 400.000000 86.711133
0.000530 0.067014 400.000000 77.211395
-0.009621 0.045059 400.000000 43.647742
0.006193 0.045804 400.000000 55.689390
-0.004008 0.034803 400.000000 34.343630
0.003029 0.078338 400.000000 93.616844
0.000578 0.041159 400.000000 45.028708
0.004905 0.025990 400.000000 29.787245
0.001190 0.027656 400.000000 28.916557
-0.003201 0.014920 400.000000 14.218732
-0.005861 0.042648 400.000000 42.602260
-0.001287 0.066159 400.000000 74.628360
0.007773 0.092919 400.000000 116.404547
0.006763 0.077771 400.000000 96.380770
-0.006460 0.083682 400.000000 92.364052
0.006286 0.079551 400.000000 98.164543
-0.001866 0.034965 400.000000 35.740162
-0.006434 0.031275 400.000000 29.421103
0.005354 0.052658 400.000000 63.499611
0.007555 0.053663 400.000000 66.853477
-0.000795 0.015022 400.000000 13.929895
0.000897 0.058616 400.000000 67.017405
-0.004752 0.001968 400.000000 17.010820
-0.004554 0.038043 400.000000 37.862559
0.003406 0.068436 400.000000 81.521007
-0.001770 0.076905 400.000000 87.653235
-0.004938 0.075388 400.000000 83.230152
0.004526 0.060044 400.000000 72.004652
0.005083 0.021633 400.000000 24.573973
0.005001 0.046538 400.000000 55.500637
0.007076 0.041662 400.000000 51.341731
-0.008566 0.078221 400.000000 84.055343
0.003847 0.023477 400.000000 25.805582
0.007042 0.034898 400.000000 42.849455
0.006842 0.048105 400.000000 59.192673
0.008990 0.053239 400.000000 67.734109
-0.001133 0.057014 400.000000 63.359792
-0.002869 0.079253 400.000000 89.684430
0.008215 0.012286 400.000000 16.208039
0.009875 0.073244 400.000000 93.730080
0.003999 0.016708 400.000000 17.749420
0.005816 0.073095 400.000000 89.602369
-0.002239 0.028226 400.000000 27.577054
-0.006603 0.064812 400.000000 68.944836
-0.005116 0.085524 400.000000 95.700229
-0.001740 0.095502 400.000000 110.963602
-0.002113 0.078575 400.000000 89.456439
0.003280 0.091323 400.000000 110.164900
0.007825 0.036160 400.000000 45.189913
-0.007736 0.014966 400.000000 17.053951
0.009525 0.004492 400.000000 9.213243
0.007676 0.032020 400.000000 39.874725
-0.006252 0.046977 400.000000 47.528862
-0.001900 0.021871 400.000000 20.598680
-0.006931 0.095102 400.000000 106.200156
-0.002107 0.058551 400.000000 64.507083
-0.002930 0.036024 400.000000 36.369997
0.009422 0.092608 400.000000 117.621527
-0.007391 0.057711 400.000000 59.762023
0.003232 0.036231 400.000000 41.059864
-0.007461 0.090831 400.000000 100.476992
-0.002599 0.034045 400.000000 34.205279
0.008079 0.042849 400.000000 53.806952
0.001101 0.095980 400.000000 114.048896
0.001197 0.020186 400.000000 20.042532
-0.006350 0.085972 400.000000 95.292489
-0.001209 0.016233 400.000000 15.020515
-0.007965 0.034517 400.000000 32.503598
-0.007568 0.094961 400.000000 105.528534
-0.000180 0.009031 400.000000 9.625525
-0.003364 0.094085 400.000000 107.817358
0.006656 0.015281 400.000000 18.248987
-0.002127 0.009368 400.000000 11.085302
0.003797 0.019474 400.000000 20.903324
-0.005844 0.057380 400.000000 60.361927
-0.001051 0.067591 400.000000 76.609968
-0.009483 0.078757 400.000000 84.072276
0.001513 0.082215 400.000000 97.126795
0.002180 0.069400 400.000000 81.635490
-0.007002 0.042799 400.000000 42.199557
-0.008761 0.008174 400.000000 18.871720
0.009069 0.028837 400.000000 37.315164
0.008116 0.088319 400.000000 110.950870
0.009026 0.091603 400.000000 115.968814
-0.002056 0.015922 400.000000 14.745832
-0.002967 0.093866 400.000000 107.874824
0.004283 0.067209 400.000000 80.779121
-0.007206 0.099836 400.000000 111.882121
-0.005615 0.013520 400.000000 14.918189
-0.001733 0.036271 400.000000 37.397153
0.006655 0.025409 400.000000 30.663306
0.007556 0.040448 400.000000 50.288936
-0.008779 0.025919 400.000000 24.040611
-0.002597 0.050992 400.000000 54.789712
0.009712 0.069864 400.000000 89.321340
0.006320 0.071649 400.000000 88.262944
0.009967 0.027154 400.000000 36.167510
-0.006933 0.059203 400.000000 61.866786
-0.009839 0.091754 400.000000 99.839244
-0.008554 0.091477 400.000000 100.449104
-0.008361 0.023021 400.000000 21.633528
-0.002221 0.067538 400.000000 75.593432
0.009099 0.072940 400.000000 92.578519
-0.007210 0.068894 400.000000 73.535117
-0.006145 0.040186 400.000000 39.568487
-0.000965 0.095961 400.000000 112.207362
-0.004753 0.038375 400.000000 38.148657
0.009841 0.080023 400.000000 102.215166
0.002388 0.008910 400.000000 8.819888
0.005872 0.027472 400.000000 32.491954
-0.006661 0.079334 400.000000 86.817701
0.001214 0.038726 400.000000 42.513382
0.004051 0.067620 400.000000 81.082295
0.006842 0.056617 400.000000 69.874585
-0.009527 0.061166 400.000000 62.632078
-0.006526 0.055120 400.000000 57.167376
0.006844 0.062637 400.000000 77.435915
0.008371 0.086567 400.000000 108.995241
0.000598 0.088473 400.000000 104.174608
-0.009836 0.015252 400.000000 19.044635
0.002000 0.006718 400.000000 7.633768
0.003488 0.052693 400.000000 61.846502
0.004842 0.085042 400.000000 103.710825
0.001460 0.036114 400.000000 39.476833
-0.004040 0.045744 400.000000 47.383944
-0.006606 0.077531 400.000000 84.625807
0.000071 0.024625 400.000000 24.590306
0.006900 0.052885 400.000000 65.244043
-0.002139 0.092646 400.000000 107.044278
-0.000321 0.035043 400.000000 36.848381
-0.003421 0.090983 400.000000 103.889023
-0.006628 0.063540 400.000000 67.368119
-0.003388 0.075006 400.000000 83.967569
0.005282 0.092052 400.000000 112.938889
0.003842 0.073120 400.000000 87.800925
0.004414 0.093747 400.000000 114.260504
-0.000036 0.007371 400.000000 9.068532
0.000459 0.056889 400.000000 64.494087
-0.008454 0.007683 400.000000 18.674546
-0.000237 0.010634 400.000000 10.459635
-0.000068 0.022666 400.000000 22.236482
-0.006959 0.030966 400.000000 28.965148
-0.005859 0.052440 400.000000 54.340982
0.008391 0.071554 400.000000 90.140833
0.007420 0.084339 400.000000 105.272058
-0.003292 0.041007 400.000000 42.128839
0.008592 0.021009 400.000000 27.145466
0.008264 0.009628 400.000000 13.185699
0.003967 0.085077 400.000000 102.942783
0.000349 0.096130 400.000000 113.569694
-0.009375 0.094963 400.000000 104.154697
0.005910 0.069340 400.000000 84.971166
0.008250 0.019046 400.000000 24.386594
0.003499 0.097065 400.000000 117.586314
0.004230 0.099525 400.000000 121.356723
-0.002084 0.035493 400.000000 36.239507
0.004793 0.098303 400.000000 120.344551
0.009705 0.073782 400.000000 94.236248
-0.009915 0.030813 400.000000 28.504465
-0.003728 0.033272 400.000000 32.698662
0.005566 0.026245 400.000000 30.691012
0.007185 0.001134 400.000000 5.485623
0.005744 0.063838 400.000000 77.902095
0.008449 0.097249 400.000000 122.506750
0.007837 0.026063 400.000000 32.622721
0.006446 0.044208 400.000000 53.929060
-0.003211 0.023539 400.000000 22.009514
-0.003044 0.059649 400.000000 65.152291
0.004319 0.095008 400.000000 115.758080
0.001517 0.090567 400.000000 107.618959
0.000396 0.099286 400.000000 117.573536
0.004165 0.046313 400.000000 54.460640
0.003166 0.031559 400.000000 35.206646
0.007190 0.032228 400.000000 39.658336
-0.001172 0.067057 400.000000 75.843990
-0.001517 0.053184 400.000000 58.305519
-0.005372 0.033436 400.000000 32.158433
0.003363 0.024677 400.000000 26.889580
0.001233 0.039939 400.000000 44.029986
0.001973 0.080536 400.000000 95.428890
0.003169 0.024011 400.000000 25.925779
0.000110 0.088284 400.000000 103.509876
0.008742 0.052286 400.000000 66.291506
0.003739 0.033571 400.000000 38.183090
0.001463 0.078287 400.000000 92.152723
0.007108 0.096764 400.000000 120.601917
0.004059 0.083192 400.000000 100.659185
0.001926 0.094119 400.000000 112.449835
0.002289 0.011572 400.000000 11.143846
0.005163 0.037203 400.000000 43.967838
-0.008135 0.066141 400.000000 69.535539
0.007070 0.073537 400.000000 91.352609
0.000315 0.083487 400.000000 97.670181
0.001672 0.040332 400.000000 44.867672
-0.004930 0.055661 400.000000 58.879549
0.005007 0.035881 400.000000 42.175994
0.004072 0.037125 400.000000 42.895231
0.005459 0.097359 400.000000 119.782306
0.004145 0.038736 400.000000 44.969518
-0.003340 0.068048 400.000000 75.346094
0.001754 0.023421 400.000000 24.197208
-0.002866 0.093773 400.000000 107.842930
0.007690 0.008465 400.000000 11.313563
-0.003924 0.033098 400.000000 32.401731
-0.007213 0.083989 400.000000 92.173118
0.007570 0.022998 400.000000 28.564781
0.001274 0.053058 400.000000 60.391490
0.006178 0.080744 400.000000 99.561594
0.007802 0.063549 400.000000 79.506618
0.005204 0.083618 400.000000 102.258812
0.007981 0.033548 400.000000 42.081445
0.001079 0.047564 400.000000 53.378460
-0.009371 0.040859 400.000000 39.018327
0.006351 0.087407 400.000000 108.107557
-0.006741 0.072013 400.000000 77.707590
0.004006 0.012180 400.000000 12.540634
0.009016 0.072649 400.000000 92.130033
0.003131 0.039871 400.000000 45.505721
-0.009899 0.090725 400.000000 98.524422
-0.001048 0.048872 400.000000 53.323706
-0.006799 0.004377 400.000000 18.192488
-0.004926 0.024078 400.000000 22.253263
0.008365 0.021149 400.000000 27.083662
0.002403 0.078187 400.000000 92.862973
0.006941 0.047299 400.000000 58.276967
-0.007010 0.086113 400.000000 94.962317
-0.001145 0.021727 400.000000 20.699954
0.003799 0.016613 400.000000 17.493753
0.003149 0.055243 400.000000 64.741598
0.005529 0.076756 400.000000 93.935546
0.009835 0.021517 400.000000 29.079040
-0.009022 0.002647 400.000000 22.532346
0.003766 0.061057 400.000000 72.584930
0.005206 0.020746 400.000000 23.593414
-0.005583 0.065604 400.000000 70.637956
0.001912 0.061322 400.000000 71.273270
0.004650 0.004042 400.000000 5.907167
0.000061 0.084682 400.000000 98.949292
0.000774 0.086449 400.000000 101.789255
-0.001300 0.030725 400.000000 31.011564
-0.002771 0.049148 400.000000 52.395817
0.007999 0.052120 400.000000 65.350921
0.001529 0.097943 400.000000 116.897847
0.006013 0.046044 400.000000 55.820690
-0.009843 0.015810 400.000000 19.126067
-0.003823 0.058913 400.000000 63.663052
0.006480 0.097271 400.000000 120.638798
0.004822 0.048867 400.000000 58.254353
-0.006242 0.033752 400.000000 32.189054
-0.005003 0.092503 400.000000 104.495064
-0.003972 0.062985 400.000000 68.584957
-0.008655 0.095702 400.000000 105.615348
-0.001948 0.046440 400.000000 49.656863
-0.005881 0.059796 400.000000 63.292747
0.004884 0.090476 400.000000 110.583557
-0.008802 0.051252 400.000000 51.215753
-0.006420 0.033978 400.000000 32.378065
0.001364 0.009946 400.000000 9.644759
0.006128 0.011723 400.000000 13.570769
-0.000137 0.071124 400.000000 81.789911
0.005207 0.021036 400.000000 23.950029
0.000506 0.096376 400.000000 114.016780
0.003855 0.066860 400.000000 79.949457
0.008286 0.070717 400.000000 88.985639
0.003176 0.032788 400.000000 36.737280
0.001278 0.088847 400.000000 105.247039
0.002085 0.084895 400.000000 101.003841
0.004165 0.049307 400.000000 58.210030
0.008407 0.096796 400.000000 121.895937
-0.008328 0.092876 400.000000 102.354667
-0.000006 0.045317 400.000000 49.722589
0.001148 0.033514 400.000000 36.036339
0.007695 0.018787 400.000000 23.510270
0.003860 0.009836 400.000000 9.987818
-0.007035 0.096939 400.000000 108.407473
-0.002796 0.013337 400.000000 13.069795
-0.001916 0.075300 400.000000 85.527471
0.005678 0.005698 400.000000 7.034281
0.002537 0.033055 400.000000 36.546603
0.007871 0.091869 400.000000 115.178443
0.002519 0.014169 400.000000 13.929584
0.001966 0.039494 400.000000 44.066211
-0.007931 0.031682 400.000000 29.522454
0.004590 0.006837 400.000000 7.521873
-0.009653 0.033392 400.000000 31.021671
-0.008896 0.088230 400.000000 96.173352
0.007268 0.003618 400.000000 6.425348
0.000442 0.029805 400.000000 31.007579
-0.008199 0.020106 400.000000 19.594060
0.001011 0.086641 400.000000 102.239764
-0.007765 0.019680 400.000000 19.130289
-0.004826 0.011261 400.000000 13.755147
0.009945 0.010971 400.000000 16.559043
0.004570 0.073640 400.000000 89.123749
0.008945 0.058524 400.000000 74.320569
0.004336 0.058462 400.000000 69.845522
-0.007368 0.041251 400.000000 40.237179
-0.002455 0.052148 400.000000 56.319260
-0.002780 0.003728 400.000000 13.122545
-0.009058 0.071225 400.000000 75.131450
0.007305 0.022844 400.000000 28.114560
-0.000592 0.038943 400.000000 41.426748
0.000603 0.026547 400.000000 27.191213
-0.007317 0.045507 400.000000 45.213656
0.007614 0.057998 400.000000 72.351951
-0.002422 0.078326 400.000000 88.890748
-0.001529 0.082168 400.000000 94.438152
0.002487 0.016483 400.000000 16.503021
-0.001135 0.071826 400.000000 81.831396
-0.009823 0.078192 400.000000 83.145386
0.004374 0.049394 400.000000 58.508048
0.003845 0.002799 400.000000 6.189125
-0.002124 0.079085 400.000000 90.085368
-0.004318 0.071840 400.000000 79.299881
-0.004107 0.096951 400.000000 110.785011
-0.003593 0.076602 400.000000 85.792659
0.005143 0.067929 400.000000 82.479002
-0.003230 0.038192 400.000000 38.782993
0.009019 0.099221 400.000000 125.543470
0.003568 0.075612 400.000000 90.681564
0.004425 0.096377 400.000000 117.577656
0.007384 0.097417 400.000000 121.688783
0.001398 0.072610 400.000000 84.974090
-0.008145 0.007900 400.000000 18.171356
-0.000659 0.096592 400.000000 113.265109
-0.001650 0.011585 400.000000 11.574351
-0.008728 0.084809 400.000000 92.065728
-0.009603 0.060727 400.000000 62.060215
0.003938 0.020512 400.000000 22.267041
0.001789 0.005895 400.000000 7.531669
0.009275 0.069085 400.000000 87.908891
0.002219 0.059519 400.000000 69.282417
0.004105 0.036902 400.000000 42.647388
-0.008844 0.074255 400.000000 78.986378
-0.004791 0.065462 400.000000 71.040927
0.002114 0.030661 400.000000 33.261677
-0.001421 0.038170 400.000000 39.904917
-0.005914 0.069908 400.000000 75.708979
-0.004477 0.092862 400.000000 105.370300
-0.004834 0.094643 400.000000 107.303372
-0.000353 0.014978 400.000000 13.919871
-0.008453 0.080340 400.000000 86.747795
-0.001116 0.098654 400.000000 115.454743
-0.001746 0.047187 400.000000 50.722852
-0.009005 0.091245 400.000000 99.824957
0.004917 0.054466 400.000000 65.363597
0.004917 0.062379 400.000000 75.297130
-0.007174 0.062097 400.000000 65.235592
-0.003298 0.077125 400.000000 86.680814
0.001305 0.024325 400.000000 24.983923
0.006212 0.089090 400.000000 110.091826
0.006583 0.060055 400.000000 73.943734
0.002571 0.025314 400.000000 27.062365
0.004271 0.025678 400.000000 28.858020
0.000832 0.070095 400.000000 81.329618
-0.006736 0.052675 400.000000 54.080945
0.006459 0.031317 400.000000 37.823056
0.006653 0.052944 400.000000 65.082121
-0.002388 0.043287 400.000000 45.485402
0.008084 0.066792 400.000000 83.856287
-0.002429 0.027334 400.000000 26.465603
0.002762 0.037891 400.000000 42.729979
0.009333 0.080701 400.000000 102.564172
0.004435 0.041526 400.000000 48.713332
0.009558 0.055158 400.000000 70.709029
-0.006036 0.002175 400.000000 18.653949
-0.001959 0.002980 400.000000 12.494091
-0.006238 0.055517 400.000000 57.833267
-0.005775 0.051478 400.000000 53.228594
0.001043 0.040130 400.000000 44.117862
-0.008678 0.058633 400.000000 60.088133
-0.007285 0.079538 400.000000 86.607080
-0.005794 0.019177 400.000000 18.035000
0.006677 0.036327 400.000000 44.284184
-0.002562 0.016728 400.000000 15.471334
-0.007289 0.090220 400.000000 99.849572
0.003580 0.013201 400.000000 13.423162
-0.002573 0.002294 400.000000 13.774761
0.003095 0.059307 400.000000 69.787611
0.002773 0.072558 400.000000 86.127081
-0.004126 0.024671 400.000000 22.983552
-0.000140 0.096105 400.000000 113.107419
0.004735 0.079911 400.000000 97.159865
0.001086 0.011614 400.000000 10.990595
0.008790 0.034213 400.000000 43.722287
-0.001055 0.068384 400.000000 77.595659
0.000925 0.018694 400.000000 18.199856
0.008057 0.024321 400.000000 30.684671
-0.008063 0.064708 400.000000 67.835021
0.002475 0.070744 400.000000 83.583433
-0.004870 0.017612 400.000000 16.625571
-0.005109 0.078922 400.000000 87.489491
0.004188 0.070877 400.000000 85.298973
0.005474 0.075135 400.000000 91.846088
0.005668 0.033645 400.000000 39.988329
-0.007369 0.086838 400.000000 95.589308
0.001135 0.035903 400.000000 38.965601
-0.002063 0.065598 400.000000 73.303646
0.003154 0.059868 400.000000 70.543657
0.009365 0.056868 400.000000 72.660967
0.000925 0.090154 400.000000 106.574989
0.000474 0.099999 400.000000 118.539403
0.006731 0.096518 400.000000 119.931236
0.008769 0.055514 400.000000 70.368154
0.003780 0.026379 400.000000 29.314449
0.000405 0.059336 400.000000 67.504705
0.001477 0.087483 400.000000 103.710106
0.008852 0.051340 400.000000 65.215500
-0.007606 0.099608 400.000000 111.283317
0.000144 0.074375 400.000000 86.100338
0.004325 0.023877 400.000000 26.687036
0.004951 0.007604 400.000000 8.334649
-0.005542 0.044429 400.000000 44.892539
0.006236 0.076660 400.000000 94.482165
0.003013 0.062321 400.000000 73.495014
-0.001896 0.056083 400.000000 61.607870
-0.004611 0.034227 400.000000 33.385020
0.007196 0.026358 400.000000 32.358737
0.008634 0.075358 400.000000 95.159718
0.003318 0.016486 400.000000 17.016142
0.009523 0.013218 400.000000 18.708069
-0.006495 0.027453 400.000000 25.431510
0.006798 0.042562 400.000000 52.203188
0.009204 0.091757 400.000000 116.337498
0.003722 0.003774 400.000000 6.179652
0.008811 0.077856 400.000000 98.473519
0.004501 0.098436 400.000000 120.239376
0.000461 0.005932 400.000000 8.567610
-0.003625 0.084709 400.000000 95.880718
-0.007797 0.066699 400.000000 70.442524
0.001419 0.035265 400.000000 38.397146
-0.008040 0.018284 400.000000 18.510634
-0.005504 0.054843 400.000000 57.492644
0.005173 0.032290 400.000000 37.846660
0.009323 0.079300 400.000000 100.792294
0.006762 0.014288 400.000000 17.157627
0.007828 0.082607 400.000000 103.487840
-0.005339 0.057963 400.000000 61.417344
-0.001526 0.083818 400.000000 96.505963
0.005109 0.051826 400.000000 62.228464
0.001493 0.005562 400.000000 7.706660
0.000723 0.005776 400.000000 8.340820
0.007270 0.087080 400.000000 108.574789
0.002379 0.030650 400.000000 33.452614
0.000538 0.061911 400.000000 70.834191
0.003745 0.050087 400.000000 58.810785
-0.003567 0.006731 400.000000 12.774860
0.009163 0.077713 400.000000 98.640055
-0.002049 0.079408 400.000000 90.551719
-0.006321 0.052589 400.000000 54.231093
-0.007896 0.089289 400.000000 98.230821
0.001562 0.089986 400.000000 106.929952
0.008875 0.002354 400.000000 6.907456
0.007137 0.080619 400.000000 100.320531
0.004240 0.056532 400.000000 67.336634
0.001176 0.070834 400.000000 82.552925
0.000990 0.074378 400.000000 86.834977
-0.005082 0.065972 400.000000 71.455918
-0.008582 0.084005 400.000000 91.179759
0.002948 0.084628 400.000000 101.447291
-0.001699 0.089839 400.000000 103.901696
0.009941 0.016549 400.000000 23.150285
0.005156 0.050611 400.000000 60.748919
-0.002873 0.090049 400.000000 103.176160
0.004311 0.013635 400.000000 14.378754
0.009056 0.070573 400.000000 89.561109
-0.006603 0.050928 400.000000 52.057094
-0.008260 0.041234 400.000000 39.843737
-0.001948 0.076802 400.000000 87.376915
0.002915 0.074662 400.000000 88.895856
-0.001834 0.092155 400.000000 106.688354
-0.006109 0.099795 400.000000 112.705440
-0.006564 0.024965 400.000000 23.017996
-0.001119 0.001275 400.000000 12.573604
0.003127 0.032321 400.000000 36.117966
-0.005282 0.065939 400.000000 71.270038
0.001843 0.086353 400.000000 102.617526
-0.006271 0.049419 400.000000 50.441841
0.009453 0.027794 400.000000 36.419137
0.005796 0.034951 400.000000 41.736386
0.004865 0.022469 400.000000 25.413855
0.005900 0.062732 400.000000 76.658741
-0.008546 0.020624 400.000000 20.072732
0.001258 0.032681 400.000000 35.094941
-0.001746 0.045614 400.000000 48.787435
-0.009439 0.004244 400.000000 21.986682
0.003722 0.003234 400.000000 6.201833
-0.004826 0.012822 400.000000 14.094926
-0.009082 0.064899 400.000000 67.412413
0.008170 0.026712 400.000000 33.762175
-0.007000 0.038219 400.000000 36.925488
0.002584 0.036905 400.000000 41.357359
0.000755 0.017163 400.000000 16.431143
-0.009975 0.091271 400.000000 99.142884
-0.009524 0.075522 400.000000 80.075903
-0.002140 0.008459 400.000000 10.989745
-0.002458 0.080515 400.000000 91.597476
-0.006849 0.062133 400.000000 65.495542
-0.002457 0.005553 400.000000 11.822992
0.009273 0.048109 400.000000 61.587957
0.002843 0.088614 400.000000 106.361188
-0.009488 0.002958 400.000000 22.967297
-0.003548 0.012518 400.000000 13.079236
-0.000932 0.099918 400.000000 117.200794
-0.008315 0.092121 400.000000 101.428164
-0.001984 0.055097 400.000000 60.318263
0.007717 0.043487 400.000000 54.250362
0.006994 0.080351 400.000000 99.846567
-0.005347 0.094995 400.000000 107.327729
-0.004078 0.053023 400.000000 56.233891
0.005134 0.071602 400.000000 87.086723
-0.009896 0.028150 400.000000 26.103751
-0.007477 0.017140 400.000000 17.618581
0.009360 0.049625 400.000000 63.574002
0.007765 0.091195 400.000000 114.228080
-0.006192 0.009532 400.000000 15.239520
-0.000027 0.002755 400.000000 10.156446
0.008127 0.085140 400.000000 106.962599
-0.006329 0.006113 400.000000 16.568803
0.008883 0.016202 400.000000 21.585652
0.006602 0.025429 400.000000 30.637128
-0.005114 0.085337 400.000000 95.469145
0.003360 0.077364 400.000000 92.692546
-0.008674 0.092390 400.000000 101.490613
-0.009219 0.064171 400.000000 66.445645
-0.001044 0.013281 400.000000 12.486186
0.007659 0.014757 400.000000 18.585390
0.001463 0.064654 400.000000 75.056627
-0.003670 0.034271 400.000000 33.892984
-0.004095 0.026534 400.000000 24.965042
0.005809 0.015209 400.000000 17.403730
-0.003782 0.021516 400.000000 19.855102
0.008039 0.027050 400.000000 34.049780
-0.001144 0.099184 400.000000 116.095938
0.000453 0.003155 400.000000 9.357878
0.008223 0.029575 400.000000 37.371922
-0.007474 0.081734 400.000000 89.185155
-0.008050 0.047424 400.000000 47.094268
-0.004046 0.072213 400.000000 79.974944
0.004861 0.022017 400.000000 24.854319
0.008684 0.076152 400.000000 96.205931
-0.003017 0.046192 400.000000 48.605212
-0.006334 0.067520 400.000000 72.461929
0.009020 0.011256 400.000000 15.856854
-0.006578 0.084186 400.000000 92.899115
-0.004499 0.017549 400.000000 16.471110
0.000098 0.004008 400.000000 9.382363
0.002802 0.094262 400.000000 113.423505
0.008474 0.029689 400.000000 37.766839
0.000289 0.041095 400.000000 44.726974
0.006562 0.056538 400.000000 69.506793
0.001669 0.003696 400.000000 7.801751
0.003302 0.059649 400.000000 70.401337
0.004618 0.045533 400.000000 53.892959
-0.004136 0.084533 400.000000 95.247423
-0.006585 0.064632 400.000000 68.736114
0.003151 0.045257 400.000000 52.246206
-0.000539 0.044707 400.000000 48.560679
-0.007691 0.044514 400.000000 43.867251
-0.005057 0.077143 400.000000 85.318508
0.002856 0.032075 400.000000 35.591620
-0.000619 0.005611 400.000000 9.681485
0.005177 0.005110 400.000000 6.433237
0.005896 0.050772 400.000000 61.640458
0.004440 0.079999 400.000000 96.996931
0.000590 0.072305 400.000000 83.890484
-0.003153 0.018296 400.000000 16.870934
-0.003443 0.020251 400.000000 18.665123
-0.005593 0.065514 400.000000 70.520652
-0.002335 0.053750 400.000000 58.386330
-0.005120 0.055565 400.000000 58.631223
-0.003842 0.009620 400.000000 12.678858
-0.000804 0.047345 400.000000 51.620371
0.009056 0.074550 400.000000 94.559596
-0.000303 0.078422 400.000000 90.787725
0.005936 0.063707 400.000000 77.916872
0.000782 0.029980 400.000000 31.453121
0.008744 0.025929 400.000000 33.373214
-0.007568 0.082222 400.000000 89.719055
0.007564 0.018227 400.000000 22.696347
0.003300 0.071696 400.000000 85.519417
0.008497 0.068688 400.000000 86.642116
-0.006423 0.077460 400.000000 84.674135
-0.001921 0.003866 400.000000 11.924104
-0.000335 0.067155 400.000000 76.658539
-0.009052 0.071280 400.000000 75.202800
-0.005500 0.042421 400.000000 42.528773
-0.009805 0.009280 400.000000 19.810399
0.003116 0.080597 400.000000 96.533008
0.008395 0.006665 400.000000 10.105631
0.005111 0.025019 400.000000 28.767509
0.004348 0.029355 400.000000 33.471199
0.006483 0.044222 400.000000 53.981354
0.003535 0.033710 400.000000 38.182386
-0.008015 0.016945 400.000000 17.903938
0.009751 0.002562 400.000000 7.907035
-0.005695 0.046350 400.000000 47.100398
0.009898 0.035916 400.000000 46.982787
0.003724 0.056454 400.000000 66.771878
-0.003918 0.010565 400.000000 12.830665
0.008190 0.063337 400.000000 79.619459
0.006984 0.069515 400.000000 86.213673
0.001823 0.063087 400.000000 73.406553
-0.003395 0.056868 400.000000 61.452629
0.001953 0.045167 400.000000 51.113244
-0.008547 0.004773 400.000000 20.381351
-0.000931 0.043757 400.000000 47.096336
0.005727 0.030454 400.000000 36.065125
-0.004602 0.052006 400.000000 54.633395
-0.005773 0.056216 400.000000 58.988909
0.007227 0.084107 400.000000 104.794449
0.008365 0.099035 400.000000 124.672264
-0.005692 0.053929 400.000000 56.256314
0.002619 0.056485 400.000000 65.830483
0.000234 0.089500 400.000000 105.144116
-0.002416 0.038848 400.000000 40.073988
-0.003829 0.072884 400.000000 80.977426
0.001226 0.074481 400.000000 87.169396
0.003729 0.093630 400.000000 113.478868
0.003229 0.039266 400.000000 44.835852
-0.004533 0.094076 400.000000 106.840551
-0.005253 0.012270 400.000000 14.306366
-0.005922 0.059008 400.000000 62.298933
0.006527 0.060875 400.000000 74.920029
0.005729 0.057038 400.000000 69.346716
-0.001185 0.005777 400.000000 10.261451
-0.008813 0.060662 400.000000 62.452689
0.002842 0.002885 400.000000 6.952189
-0.009460 0.007821 400.000000 19.959505
0.009575 0.009451 400.000000 14.408270
0.004284 0.075013 400.000000 90.585985
-0.008047 0.017789 400.000000 18.281938
-0.003893 0.095948 400.000000 109.707883
-0.008773 0.027575 400.000000 25.486000
0.002370 0.054353 400.000000 62.944306
0.001095 0.062958 400.000000 72.617486
0.000606 0.050580 400.000000 56.747426
0.009946 0.097774 400.000000 124.634570
-0.009231 0.095405 400.000000 104.811611
0.009604 0.003715 400.000000 8.628199
0.008668 0.004546 400.000000 8.352120
-0.009507 0.066560 400.000000 69.160249
0.009142 0.064152 400.000000 81.580622
-0.008069 0.090718 400.000000 99.873483
-0.006096 0.007908 400.000000 15.526128
0.004152 0.075972 400.000000 91.669572
0.008118 0.082381 400.000000 103.485984
0.008657 0.063297 400.000000 80.027959
0.009358 0.010092 400.000000 14.890198
0.002232 0.050366 400.000000 57.839226
0.004735 0.070275 400.000000 85.047731
0.002377 0.064738 400.000000 75.961574
0.004156 0.031626 400.000000 36.123694
-0.004963 0.059088 400.000000 63.059914
0.000116 0.077164 400.000000 89.569911
-0.007454 0.062402 400.000000 65.423257
-0.007692 0.092823 400.000000 102.775815
0.003009 0.080411 400.000000 96.202371
-0.002496 0.009208 400.000000 11.378486
0.000044 0.025418 400.000000 25.507315
-0.002150 0.043843 400.000000 46.329091
-0.002370 0.064987 400.000000 72.299634
0.008894 0.055661 400.000000 70.677209
0.004367 0.010871 400.000000 11.326403
0.005332 0.057287 400.000000 69.288899
0.003788 0.099241 400.000000 120.590398
-0.005987 0.047208 400.000000 47.957866
0.003042 0.091478 400.000000 110.142831
-0.004056 0.077693 400.000000 86.784896
-0.009070 0.047335 400.000000 46.499100
-0.007610 0.054679 400.000000 55.968166
0.009211 0.082501 400.000000 104.705314
-0.005950 0.032664 400.000000 31.082557
0.000518 0.094878 400.000000 112.146734
-0.000574 0.018791 400.000000 17.715036
-0.004121 0.061680 400.000000 66.861456
0.001395 0.079746 400.000000 93.923548
-0.000183 0.056699 400.000000 63.729700
0.007324 0.042024 400.000000 52.036141
0.001926 0.025310 400.000000 26.589685
0.009687 0.027548 400.000000 36.360124
-0.008789 0.064468 400.000000 67.075050
0.006759 0.075395 400.000000 93.389937
0.006344 0.052198 400.000000 63.852133
0.006488 0.099173 400.000000 123.039810
0.002851 0.096238 400.000000 115.952129
-0.002884 0.068790 400.000000 76.625959
0.000368 0.069121 400.000000 79.710788
0.003268 0.016417 400.000000 16.903215
-0.004385 0.032118 400.000000 31.067598
0.006119 0.085750 400.000000 105.802471
0.005820 0.057444 400.000000 69.942508
-0.002650 0.064206 400.000000 71.108578
-0.003819 0.035852 400.000000 35.672176
0.005521 0.072930 400.000000 89.117068
-0.002991 0.080707 400.000000 91.398996
0.001882 0.027622 400.000000 29.366720
0.000503 0.098416 400.000000 116.576382
-0.008034 0.030459 400.000000 28.262818
-0.005396 0.067891 400.000000 73.597014
0.009240 0.010338 400.000000 15.039714
-0.004594 0.026323 400.000000 24.609969
-0.007910 0.097580 400.000000 108.521107
-0.006655 0.061805 400.000000 65.225724
0.006037 0.087292 400.000000 107.664616
0.002716 0.075607 400.000000 89.904299
0.008160 0.048245 400.000000 60.648302
0.003067 0.027013 400.000000 29.520869
-0.007440 0.002723 400.000000 20.227738
0.000911 0.020837 400.000000 20.639754
0.004793 0.023045 400.000000 26.059310
0.001323 0.099352 400.000000 118.483375
0.009232 0.036128 400.000000 46.561294
0.003219 0.086844 400.000000 104.479043
0.001020 0.026292 400.000000 27.155096
0.004379 0.027929 400.000000 31.731237
0.004874 0.008412 400.000000 9.066987
-0.004378 0.015219 400.000000 14.883991
0.009303 0.061646 400.000000 78.595554
0.004202 0.006823 400.000000 7.410872
0.000386 0.083456 400.000000 97.694373
-0.001255 0.002456 400.000000 11.908775
-0.006980 0.020348 400.000000 19.252992
0.004549 0.089397 400.000000 108.913777
0.008093 0.005463 400.000000 8.618679
0.001809 0.051351 400.000000 58.709185
0.008613 0.039937 400.000000 50.694290
-0.004658 0.034317 400.000000 33.467878
-0.006109 0.097846 400.000000 110.273635
-0.002915 0.089574 400.000000 102.546122
0.008779 0.010224 400.000000 14.407946
0.009480 0.099917 400.000000 126.870729
0.007823 0.023324 400.000000 29.217261
0.006790 0.036088 400.000000 44.093905
0.007085 0.061512 400.000000 76.255218
-0.009524 0.081649 400.000000 87.599112
0.001876 0.040821 400.000000 45.642007
-0.002353 0.092724 400.000000 106.960418
0.003736 0.064986 400.000000 77.488894
0.006787 0.092275 400.000000 114.645972
0.000302 0.021818 400.000000 21.449265
-0.006263 0.016736 400.000000 16.690145
-0.001563 0.079644 400.000000 91.250898
-0.006165 0.057002 400.000000 59.687982
-0.003387 0.005964 400.000000 12.817124
0.003453 0.040551 400.000000 46.630460
-0.002011 0.018199 400.000000 16.815282
0.005553 0.091776 400.000000 112.846741
0.006049 0.006928 400.000000 8.334205
-0.001524 0.067563 400.000000 76.187821
-0.003774 0.034918 400.000000 34.598296
-0.005624 0.019952 400.000000 18.579772
-0.002909 0.021768 400.000000 20.235309
0.006048 0.007813 400.000000 9.208250
0.003243 0.061865 400.000000 73.128108
0.009729 0.049962 400.000000 64.369577
-0.006039 0.088579 400.000000 98.778476
-0.009268 0.023435 400.000000 22.225237
0.004126 0.081907 400.000000 99.105223
